REGIONE,PROVINCIA,QUESITO,Campo calcolato 1,SUM of NUM_REFERENDUM,SUM of ELETTORI,SUM of ELETTORI_M,SUM of ELETTORI_F,SUM of VOTANTI,SUM of VOTANTI_M,SUM of VOTANTI_F,SUM of NUMVOTISI,SUM of NUMVOTINO,SUM of SCHEDE_BIANCHE
 Total,,,#DIV/0!,0,0.00,0.00,0.00,0.00,0.00,0.00,0.00,0.00,0.00
ABRUZZI,Chieti,Casse Risparmio e Monti Pieta',70.93%,4,"348,453.00","169,957.00","178,496.00","247,152.00","124,487.00","122,665.00","193,484.00","30,042.00","14,983.00"
,,Competenze USL,70.93%,1,"348,453.00","169,957.00","178,496.00","247,162.00","124,487.00","122,675.00","184,316.00","40,163.00","13,267.00"
,,Elezione Senato della Repubblica,71.04%,6,"348,453.00","169,957.00","178,496.00","247,537.00","124,718.00","122,819.00","179,130.00","48,184.00","12,234.00"
,,Finanziamento pubblico dei partiti,70.97%,3,"348,453.00","169,957.00","178,496.00","247,304.00","124,593.00","122,711.00","198,158.00","27,791.00","13,320.00"
,,Ministero agricoltura e foreste,70.94%,7,"348,453.00","169,957.00","178,496.00","247,188.00","124,502.00","122,686.00","144,005.00","81,652.00","13,491.00"
,,Ministero delle partecipazioni statali,70.92%,5,"348,453.00","169,957.00","178,496.00","247,127.00","124,473.00","122,654.00","195,375.00","29,218.00","14,365.00"
,,Ministero turismo e spettacolo,70.92%,8,"348,453.00","169,957.00","178,496.00","247,126.00","124,468.00","122,658.00","174,595.00","50,754.00","13,590.00"
,,Stupefacenti e sostanze  psicotrope,70.98%,2,"348,453.00","169,957.00","178,496.00","247,346.00","124,687.00","122,659.00","132,780.00","92,444.00","13,603.00"
,Chieti Total,,70.95%,36,"2,787,624.00","1,359,656.00","1,427,968.00","1,977,942.00","996,415.00","981,527.00","1,401,843.00","400,248.00","108,853.00"
,L'Aquila,Casse Risparmio e Monti Pieta',68.03%,4,"275,438.00","133,215.00","142,223.00","187,368.00","93,374.00","93,994.00","148,004.00","23,597.00","10,513.00"
,,Competenze USL,68.07%,1,"275,438.00","133,215.00","142,223.00","187,485.00","93,456.00","94,029.00","139,109.00","33,024.00","9,746.00"
,,Elezione Senato della Repubblica,68.14%,6,"275,438.00","133,215.00","142,223.00","187,695.00","93,579.00","94,116.00","139,594.00","34,542.00","8,462.00"
,,Finanziamento pubblico dei partiti,68.04%,3,"275,438.00","133,215.00","142,223.00","187,405.00","93,409.00","93,996.00","152,188.00","21,273.00","8,960.00"
,,Ministero agricoltura e foreste,68.03%,7,"275,438.00","133,215.00","142,223.00","187,386.00","93,385.00","94,001.00","109,413.00","63,593.00","9,441.00"
,,Ministero delle partecipazioni statali,68.03%,5,"275,438.00","133,215.00","142,223.00","187,367.00","93,370.00","93,997.00","148,674.00","23,550.00","10,052.00"
,,Ministero turismo e spettacolo,68.02%,8,"275,438.00","133,215.00","142,223.00","187,349.00","93,335.00","94,014.00","105,529.00","40,628.00","9,446.00"
,,Stupefacenti e sostanze  psicotrope,68.19%,2,"275,438.00","133,215.00","142,223.00","187,821.00","93,616.00","94,205.00","99,080.00","73,965.00","9,187.00"
,L'Aquila Total,,68.07%,36,"2,203,504.00","1,065,720.00","1,137,784.00","1,499,876.00","747,524.00","752,352.00","1,041,591.00","314,172.00","75,807.00"
,Pescara,Casse Risparmio e Monti Pieta',71.73%,4,"263,791.00","128,397.00","135,394.00","189,214.00","94,781.00","94,433.00","152,363.00","21,373.00","9,413.00"
,,Competenze USL,71.75%,1,"263,791.00","128,397.00","135,394.00","189,269.00","94,875.00","94,394.00","145,135.00","29,618.00","8,629.00"
,,Elezione Senato della Repubblica,71.86%,6,"263,791.00","128,397.00","135,394.00","189,562.00","95,047.00","94,515.00","141,329.00","35,333.00","7,269.00"
,,Finanziamento pubblico dei partiti,71.81%,3,"263,791.00","128,397.00","135,394.00","189,420.00","94,983.00","94,437.00","155,904.00","19,916.00","8,001.00"
,,Ministero agricoltura e foreste,71.74%,7,"263,791.00","128,397.00","135,394.00","189,244.00","94,882.00","94,362.00","115,674.00","58,980.00","8,708.00"
,,Ministero delle partecipazioni statali,71.73%,5,"263,791.00","128,397.00","135,394.00","189,222.00","94,858.00","94,364.00","153,797.00","20,493.00","9,007.00"
,,Ministero turismo e spettacolo,71.73%,8,"263,791.00","128,397.00","135,394.00","189,228.00","94,865.00","94,363.00","135,748.00","38,990.00","8,665.00"
,,Stupefacenti e sostanze  psicotrope,71.84%,2,"263,791.00","128,397.00","135,394.00","189,501.00","95,034.00","94,467.00","96,412.00","78,991.00","8,105.00"
,Pescara Total,,71.77%,36,"2,110,328.00","1,027,176.00","1,083,152.00","1,514,660.00","759,325.00","755,335.00","1,096,362.00","303,694.00","67,797.00"
,Teramo,Casse Risparmio e Monti Pieta',73.76%,4,"244,771.00","120,421.00","124,350.00","180,536.00","91,371.00","89,165.00","144,517.00","19,305.00","10,720.00"
,,Competenze USL,73.82%,1,"244,771.00","120,421.00","124,350.00","180,688.00","91,548.00","89,140.00","138,781.00","25,964.00","10,021.00"
,,Elezione Senato della Repubblica,73.83%,6,"244,771.00","120,421.00","124,350.00","180,721.00","91,428.00","89,293.00","137,059.00","29,163.00","8,869.00"
,,Finanziamento pubblico dei partiti,73.83%,3,"244,771.00","120,421.00","124,350.00","180,710.00","91,512.00","89,198.00","147,500.00","17,710.00","9,663.00"
,,Ministero agricoltura e foreste,73.76%,7,"244,771.00","120,421.00","124,350.00","180,537.00","91,461.00","89,076.00","115,768.00","48,699.00","10,509.00"
,,Ministero delle partecipazioni statali,73.76%,5,"244,771.00","120,421.00","124,350.00","180,537.00","91,449.00","89,088.00","146,206.00","18,366.00","10,748.00"
,,Ministero turismo e spettacolo,73.90%,8,"244,771.00","120,421.00","124,350.00","180,882.00","91,450.00","89,432.00","132,748.00","32,056.00","10,347.00"
,,Stupefacenti e sostanze  psicotrope,73.88%,2,"244,771.00","120,421.00","124,350.00","180,837.00","91,718.00","89,119.00","100,654.00","64,508.00","9,538.00"
,Teramo Total,,73.82%,36,"1,958,168.00","963,368.00","994,800.00","1,445,448.00","731,937.00","713,511.00","1,063,233.00","255,771.00","80,415.00"
ABRUZZI Total,,,71.06%,144,"9,059,624.00","4,415,920.00","4,643,704.00","6,437,926.00","3,235,201.00","3,202,725.00","4,603,029.00","1,273,885.00","332,872.00"
BASILICATA,Matera,Casse Risparmio e Monti Pieta',68.91%,4,"164,822.00","81,107.00","83,715.00","113,583.00","58,072.00","55,511.00","86,679.00","14,306.00","7,160.00"
,,Competenze USL,68.93%,1,"164,822.00","81,107.00","83,715.00","113,605.00","58,080.00","55,525.00","82,893.00","18,644.00","6,785.00"
,,Elezione Senato della Repubblica,69.02%,6,"164,822.00","81,107.00","83,715.00","113,763.00","58,189.00","55,574.00","81,918.00","20,879.00","5,790.00"
,,Finanziamento pubblico dei partiti,68.96%,3,"164,822.00","81,107.00","83,715.00","113,656.00","58,125.00","55,531.00","89,150.00","12,915.00","6,461.00"
,,Ministero agricoltura e foreste,68.94%,7,"164,822.00","81,107.00","83,715.00","113,628.00","58,106.00","55,522.00","60,929.00","41,353.00","6,275.00"
,,Ministero delle partecipazioni statali,68.91%,5,"164,822.00","81,107.00","83,715.00","113,571.00","58,065.00","55,506.00","87,297.00","14,150.00","6,959.00"
,,Ministero turismo e spettacolo,68.97%,8,"164,822.00","81,107.00","83,715.00","113,684.00","58,172.00","55,512.00","77,143.00","24,862.00","6,414.00"
,,Stupefacenti e sostanze  psicotrope,69.00%,2,"164,822.00","81,107.00","83,715.00","113,734.00","58,180.00","55,554.00","56,730.00","45,414.00","6,186.00"
,Matera Total,,68.95%,36,"1,318,576.00","648,856.00","669,720.00","909,224.00","464,989.00","444,235.00","622,739.00","192,523.00","52,030.00"
,Potenza,Casse Risparmio e Monti Pieta',62.27%,4,"345,283.00","169,887.00","175,396.00","215,017.00","110,737.00","104,280.00","158,778.00","28,868.00","19,217.00"
,,Competenze USL,62.28%,1,"345,283.00","169,887.00","175,396.00","215,027.00","110,729.00","104,298.00","153,308.00","35,443.00","17,640.00"
,,Elezione Senato della Repubblica,62.32%,6,"345,283.00","169,887.00","175,396.00","215,181.00","110,829.00","104,352.00","151,686.00","37,695.00","16,635.00"
,,Finanziamento pubblico dei partiti,62.32%,3,"345,283.00","169,887.00","175,396.00","215,195.00","110,759.00","104,436.00","162,452.00","26,422.00","18,042.00"
,,Ministero agricoltura e foreste,62.35%,7,"345,283.00","169,887.00","175,396.00","215,282.00","110,759.00","104,523.00","115,084.00","74,003.00","17,802.00"
,,Ministero delle partecipazioni statali,62.25%,5,"345,283.00","169,887.00","175,396.00","214,935.00","110,648.00","104,287.00","159,739.00","27,840.00","18,734.00"
,,Ministero turismo e spettacolo,62.15%,8,"345,283.00","169,887.00","175,396.00","214,591.00","110,284.00","104,307.00","144,295.00","44,884.00","17,720.00"
,,Stupefacenti e sostanze  psicotrope,62.33%,2,"345,283.00","169,887.00","175,396.00","215,218.00","110,700.00","104,518.00","111,134.00","77,852.00","17,476.00"
,Potenza Total,,62.28%,36,"2,762,264.00","1,359,096.00","1,403,168.00","1,720,446.00","885,445.00","835,001.00","1,156,476.00","353,007.00","143,266.00"
BASILICATA Total,,,64.44%,72,"4,080,840.00","2,007,952.00","2,072,888.00","2,629,670.00","1,350,434.00","1,279,236.00","1,779,215.00","545,530.00","195,296.00"
CALABRIA,Catanzaro,Casse Risparmio e Monti Pieta',54.00%,4,"613,377.00","300,703.00","312,674.00","331,230.00","174,170.00","157,060.00","244,034.00","45,765.00","27,747.00"
,,Competenze USL,54.00%,1,"613,377.00","300,703.00","312,674.00","331,246.00","174,182.00","157,064.00","235,775.00","56,798.00","25,450.00"
,,Elezione Senato della Repubblica,54.08%,6,"613,377.00","300,703.00","312,674.00","331,695.00","174,456.00","157,239.00","223,922.00","72,038.00","23,077.00"
,,Finanziamento pubblico dei partiti,54.03%,3,"613,377.00","300,703.00","312,674.00","331,421.00","174,300.00","157,121.00","251,691.00","41,661.00","25,255.00"
,,Ministero agricoltura e foreste,54.00%,7,"613,377.00","300,703.00","312,674.00","331,251.00","174,161.00","157,090.00","186,939.00","105,683.00","25,790.00"
,,Ministero delle partecipazioni statali,53.99%,5,"613,377.00","300,703.00","312,674.00","331,192.00","174,130.00","157,062.00","244,983.00","45,782.00","27,145.00"
,,Ministero turismo e spettacolo,53.99%,8,"613,377.00","300,703.00","312,674.00","331,192.00","174,140.00","157,052.00","218,569.00","74,315.00","25,185.00"
,,Stupefacenti e sostanze  psicotrope,54.05%,2,"613,377.00","300,703.00","312,674.00","331,537.00","174,370.00","157,167.00","171,892.00","121,537.00","24,510.00"
,Catanzaro Total,,54.02%,36,"4,907,016.00","2,405,624.00","2,501,392.00","2,650,764.00","1,393,909.00","1,256,855.00","1,777,805.00","563,579.00","204,159.00"
,Cosenza,Casse Risparmio e Monti Pieta',58.44%,4,"620,004.00","304,451.00","315,553.00","362,309.00","188,839.00","173,470.00","267,602.00","48,178.00","30,904.00"
,,Competenze USL,58.45%,1,"620,004.00","304,451.00","315,553.00","362,416.00","188,874.00","173,542.00","259,182.00","58,462.00","29,116.00"
,,Elezione Senato della Repubblica,58.53%,6,"620,004.00","304,451.00","315,553.00","362,881.00","189,210.00","173,671.00","246,777.00","74,632.00","25,989.00"
,,Finanziamento pubblico dei partiti,58.50%,3,"620,004.00","304,451.00","315,553.00","362,682.00","189,032.00","173,650.00","275,503.00","43,159.00","28,727.00"
,,Ministero agricoltura e foreste,58.44%,7,"620,004.00","304,451.00","315,553.00","362,350.00","188,901.00","173,449.00","206,272.00","111,623.00","29,061.00"
,,Ministero delle partecipazioni statali,58.44%,5,"620,004.00","304,451.00","315,553.00","362,326.00","188,823.00","173,503.00","269,189.00","47,177.00","30,723.00"
,,Ministero turismo e spettacolo,58.44%,8,"620,004.00","304,451.00","315,553.00","362,349.00","188,826.00","173,523.00","240,797.00","77,620.00","28,576.00"
,,Stupefacenti e sostanze  psicotrope,58.50%,2,"620,004.00","304,451.00","315,553.00","362,733.00","189,092.00","173,641.00","190,922.00","127,767.00","27,988.00"
,Cosenza Total,,58.47%,36,"4,960,032.00","2,435,608.00","2,524,424.00","2,900,046.00","1,511,597.00","1,388,449.00","1,956,244.00","588,618.00","231,084.00"
,Reggio Calabria,Casse Risparmio e Monti Pieta',51.31%,4,"500,836.00","242,413.00","258,423.00","257,001.00","135,025.00","121,976.00","174,093.00","45,550.00","23,501.00"
,,Competenze USL,51.32%,1,"500,836.00","242,413.00","258,423.00","257,030.00","135,067.00","121,963.00","167,437.00","53,329.00","22,306.00"
,,Elezione Senato della Repubblica,51.34%,6,"500,836.00","242,413.00","258,423.00","257,133.00","135,226.00","121,907.00","152,708.00","66,073.00","19,055.00"
,,Finanziamento pubblico dei partiti,51.36%,3,"500,836.00","242,413.00","258,423.00","257,216.00","135,179.00","122,037.00","181,525.00","40,860.00","21,183.00"
,,Ministero agricoltura e foreste,51.30%,7,"500,836.00","242,413.00","258,423.00","256,911.00","135,014.00","121,897.00","125,951.00","96,284.00","21,327.00"
,,Ministero delle partecipazioni statali,51.23%,5,"500,836.00","242,413.00","258,423.00","256,585.00","134,820.00","121,765.00","174,641.00","45,923.00","22,656.00"
,,Ministero turismo e spettacolo,51.23%,8,"500,836.00","242,413.00","258,423.00","256,571.00","134,703.00","121,868.00","149,450.00","72,881.00","21,315.00"
,,Stupefacenti e sostanze  psicotrope,51.36%,2,"500,836.00","242,413.00","258,423.00","257,209.00","135,241.00","121,968.00","123,043.00","99,661.00","20,874.00"
,Reggio Calabria Total,,51.31%,36,"4,006,688.00","1,939,304.00","2,067,384.00","2,055,656.00","1,080,275.00","975,381.00","1,248,848.00","520,561.00","172,217.00"
CALABRIA Total,,,54.83%,108,"13,873,736.00","6,780,536.00","7,093,200.00","7,606,466.00","3,985,781.00","3,620,685.00","4,982,897.00","1,672,758.00","607,460.00"
CAMPANIA,Avellino,Casse Risparmio e Monti Pieta',55.90%,4,"389,888.00","191,388.00","198,500.00","217,966.00","113,822.00","104,144.00","160,074.00","33,973.00","17,079.00"
,,Competenze USL,56.01%,1,"389,888.00","191,388.00","198,500.00","218,367.00","114,001.00","104,366.00","156,031.00","39,347.00","16,040.00"
,,Elezione Senato della Repubblica,56.00%,6,"389,888.00","191,388.00","198,500.00","218,348.00","114,128.00","104,220.00","151,430.00","45,926.00","14,482.00"
,,Finanziamento pubblico dei partiti,56.00%,3,"389,888.00","191,388.00","198,500.00","218,333.00","114,025.00","104,308.00","165,471.00","30,642.00","15,533.00"
,,Ministero agricoltura e foreste,55.94%,7,"389,888.00","191,388.00","198,500.00","218,104.00","113,957.00","104,147.00","111,208.00","84,890.00","15,338.00"
,,Ministero delle partecipazioni statali,55.90%,5,"389,888.00","191,388.00","198,500.00","217,931.00","113,798.00","104,133.00","161,837.00","32,550.00","17,011.00"
,,Ministero turismo e spettacolo,55.88%,8,"389,888.00","191,388.00","198,500.00","217,851.00","113,270.00","104,581.00","141,036.00","54,401.00","15,839.00"
,,Stupefacenti e sostanze  psicotrope,55.93%,2,"389,888.00","191,388.00","198,500.00","218,067.00","113,879.00","104,188.00","106,366.00","89,727.00","15,097.00"
,Avellino Total,,55.94%,36,"3,119,104.00","1,531,104.00","1,588,000.00","1,744,967.00","910,880.00","834,087.00","1,153,453.00","411,456.00","126,419.00"
,Benevento,Casse Risparmio e Monti Pieta',61.40%,4,"257,255.00","125,538.00","131,717.00","157,942.00","81,524.00","76,418.00","112,408.00","24,619.00","13,704.00"
,,Competenze USL,61.38%,1,"257,255.00","125,538.00","131,717.00","157,906.00","81,529.00","76,377.00","109,465.00","28,775.00","12,804.00"
,,Elezione Senato della Repubblica,61.42%,6,"257,255.00","125,538.00","131,717.00","158,005.00","81,614.00","76,391.00","107,824.00","31,500.00","12,089.00"
,,Finanziamento pubblico dei partiti,61.37%,3,"257,255.00","125,538.00","131,717.00","157,871.00","81,576.00","76,295.00","117,168.00","21,529.00","12,748.00"
,,Ministero agricoltura e foreste,61.35%,7,"257,255.00","125,538.00","131,717.00","157,831.00","81,441.00","76,390.00","78,936.00","59,801.00","12,466.00"
,,Ministero delle partecipazioni statali,61.35%,5,"257,255.00","125,538.00","131,717.00","157,824.00","81,501.00","76,323.00","113,809.00","23,735.00","13,490.00"
,,Ministero turismo e spettacolo,61.33%,8,"257,255.00","125,538.00","131,717.00","157,765.00","81,500.00","76,265.00","109,126.00","39,101.00","12,806.00"
,,Stupefacenti e sostanze  psicotrope,61.38%,2,"257,255.00","125,538.00","131,717.00","157,891.00","81,580.00","76,311.00","76,949.00","61,671.00","12,584.00"
,Benevento Total,,61.37%,36,"2,058,040.00","1,004,304.00","1,053,736.00","1,263,035.00","652,265.00","610,770.00","825,685.00","290,731.00","102,691.00"
,Caserta,Casse Risparmio e Monti Pieta',62.79%,4,"643,404.00","310,794.00","332,610.00","403,996.00","208,063.00","195,933.00","291,766.00","64,573.00","33,948.00"
,,Competenze USL,62.74%,1,"643,404.00","310,794.00","332,610.00","403,687.00","207,935.00","195,752.00","283,360.00","75,354.00","31,821.00"
,,Elezione Senato della Repubblica,62.84%,6,"643,404.00","310,794.00","332,610.00","404,294.00","208,337.00","195,957.00","269,109.00","92,954.00","28,816.00"
,,Finanziamento pubblico dei partiti,62.78%,3,"643,404.00","310,794.00","332,610.00","403,913.00","208,082.00","195,831.00","301,794.00","57,588.00","31,705.00"
,,Ministero agricoltura e foreste,62.79%,7,"643,404.00","310,794.00","332,610.00","404,018.00","208,091.00","195,927.00","222,739.00","135,734.00","32,337.00"
,,Ministero delle partecipazioni statali,62.79%,5,"643,404.00","310,794.00","332,610.00","404,006.00","208,213.00","195,793.00","292,970.00","64,204.00","33,413.00"
,,Ministero turismo e spettacolo,62.75%,8,"643,404.00","310,794.00","332,610.00","403,750.00","207,974.00","195,776.00","254,694.00","104,840.00","31,665.00"
,,Stupefacenti e sostanze  psicotrope,62.78%,2,"643,404.00","310,794.00","332,610.00","403,959.00","208,122.00","195,837.00","194,618.00","165,063.00","30,422.00"
,Caserta Total,,62.78%,36,"5,147,232.00","2,486,352.00","2,660,880.00","3,231,623.00","1,664,817.00","1,566,806.00","2,111,050.00","760,310.00","254,127.00"
,Napoli,Casse Risparmio e Monti Pieta',63.80%,4,"2,350,369.00","1,135,541.00","1,214,828.00","1,499,651.00","774,238.00","725,413.00","1,179,338.00","220,567.00","59,490.00"
,,Competenze USL,63.82%,1,"2,350,369.00","1,135,541.00","1,214,828.00","1,499,911.00","774,403.00","725,508.00","1,133,259.00","271,684.00","55,131.00"
,,Elezione Senato della Repubblica,63.88%,6,"2,350,369.00","1,135,541.00","1,214,828.00","1,501,417.00","775,356.00","726,061.00","1,042,304.00","371,687.00","48,597.00"
,,Finanziamento pubblico dei partiti,63.84%,3,"2,350,369.00","1,135,541.00","1,214,828.00","1,500,367.00","774,753.00","725,614.00","1,204,992.00","204,668.00","52,454.00"
,,Ministero agricoltura e foreste,63.81%,7,"2,350,369.00","1,135,541.00","1,214,828.00","1,499,768.00","774,174.00","725,594.00","896,849.00","507,127.00","56,421.00"
,,Ministero delle partecipazioni statali,63.80%,5,"2,350,369.00","1,135,541.00","1,214,828.00","1,499,473.00","774,112.00","725,361.00","1,178,531.00","224,227.00","58,428.00"
,,Ministero turismo e spettacolo,63.82%,8,"2,350,369.00","1,135,541.00","1,214,828.00","1,499,922.00","774,334.00","725,588.00","1,004,081.00","402,487.00","55,253.00"
,,Stupefacenti e sostanze  psicotrope,63.85%,2,"2,350,369.00","1,135,541.00","1,214,828.00","1,500,807.00","775,058.00","725,749.00","709,114.00","700,151.00","50,246.00"
,Napoli Total,,63.83%,36,"18,802,952.00","9,084,328.00","9,718,624.00","12,001,316.00","6,196,428.00","5,804,888.00","8,348,468.00","2,902,598.00","436,020.00"
,Salerno,Casse Risparmio e Monti Pieta',68.75%,4,"863,705.00","420,286.00","443,419.00","593,791.00","301,650.00","292,141.00","442,062.00","89,473.00","44,378.00"
,,Competenze USL,66.51%,1,"863,705.00","420,286.00","443,419.00","574,460.00","291,643.00","282,817.00","427,556.00","107,443.00","46,378.00"
,,Elezione Senato della Repubblica,63.04%,6,"863,705.00","420,286.00","443,419.00","544,517.00","302,987.00","241,530.00","410,792.00","128,101.00","37,607.00"
,,Finanziamento pubblico dei partiti,68.77%,3,"863,705.00","420,286.00","443,419.00","593,966.00","301,777.00","292,189.00","455,139.00","81,234.00","40,527.00"
,,Ministero agricoltura e foreste,68.75%,7,"863,705.00","420,286.00","443,419.00","593,769.00","301,750.00","292,019.00","325,037.00","210,565.00","40,173.00"
,,Ministero delle partecipazioni statali,68.76%,5,"863,705.00","420,286.00","443,419.00","593,852.00","301,677.00","292,175.00","445,694.00","88,337.00","42,825.00"
,,Ministero turismo e spettacolo,68.75%,8,"863,705.00","420,286.00","443,419.00","593,785.00","301,693.00","292,092.00","380,133.00","156,306.00","40,343.00"
,,Stupefacenti e sostanze  psicotrope,68.78%,2,"863,705.00","420,286.00","443,419.00","594,072.00","301,866.00","292,206.00","289,470.00","246,686.00","38,509.00"
,Salerno Total,,67.76%,36,"6,909,640.00","3,362,288.00","3,547,352.00","4,682,212.00","2,405,043.00","2,277,169.00","3,175,883.00","1,108,145.00","330,740.00"
CAMPANIA Total,,,63.61%,180,"36,036,968.00","17,468,376.00","18,568,592.00","22,923,153.00","11,829,433.00","11,093,720.00","15,614,539.00","5,473,240.00","1,249,997.00"
EMILIA ROM.,Bologna,Casse Risparmio e Monti Pieta',88.28%,4,"794,402.00","377,825.00","416,577.00","701,300.00","339,940.00","361,360.00","637,134.00","39,793.00","17,923.00"
,,Competenze USL,88.29%,1,"794,402.00","377,825.00","416,577.00","701,344.00","339,916.00","361,428.00","529,504.00","147,687.00","17,232.00"
,,Elezione Senato della Repubblica,88.47%,6,"794,402.00","377,825.00","416,577.00","702,802.00","340,789.00","362,013.00","600,630.00","82,523.00","13,537.00"
,,Finanziamento pubblico dei partiti,88.37%,3,"794,402.00","377,825.00","416,577.00","702,019.00","340,348.00","361,671.00","637,793.00","44,719.00","13,731.00"
,,Ministero agricoltura e foreste,88.23%,7,"794,402.00","377,825.00","416,577.00","700,888.00","339,671.00","361,217.00","503,986.00","173,358.00","17,502.00"
,,Ministero delle partecipazioni statali,88.27%,5,"794,402.00","377,825.00","416,577.00","701,212.00","339,870.00","361,342.00","636,785.00","41,232.00","16,821.00"
,,Ministero turismo e spettacolo,88.24%,8,"794,402.00","377,825.00","416,577.00","700,992.00","339,756.00","361,236.00","593,649.00","82,953.00","18,029.00"
,,Stupefacenti e sostanze  psicotrope,85.17%,2,"794,402.00","377,825.00","416,577.00","676,602.00","315,355.00","361,247.00","431,157.00","248,388.00","15,353.00"
,Bologna Total,,87.91%,36,"6,355,216.00","3,022,600.00","3,332,616.00","5,587,159.00","2,695,645.00","2,891,514.00","4,570,638.00","860,653.00","130,128.00"
,Ferrara,Casse Risparmio e Monti Pieta',88.72%,4,"315,635.00","149,233.00","166,402.00","280,020.00","134,871.00","145,149.00","248,750.00","18,683.00","9,313.00"
,,Competenze USL,88.68%,1,"315,635.00","149,233.00","166,402.00","279,901.00","135,041.00","144,860.00","217,772.00","50,185.00","8,707.00"
,,Elezione Senato della Repubblica,88.83%,6,"315,635.00","149,233.00","166,402.00","280,364.00","135,068.00","145,296.00","239,598.00","29,942.00","7,687.00"
,,Finanziamento pubblico dei partiti,88.64%,3,"315,635.00","149,233.00","166,402.00","279,792.00","134,831.00","144,961.00","250,179.00","19,041.00","7,773.00"
,,Ministero agricoltura e foreste,88.70%,7,"315,635.00","149,233.00","166,402.00","279,969.00","134,840.00","145,129.00","201,673.00","66,470.00","8,660.00"
,,Ministero delle partecipazioni statali,88.69%,5,"315,635.00","149,233.00","166,402.00","279,944.00","134,801.00","145,143.00","250,311.00","17,715.00","8,777.00"
,,Ministero turismo e spettacolo,88.68%,8,"315,635.00","149,233.00","166,402.00","279,909.00","134,793.00","145,116.00","235,124.00","32,669.00","8,911.00"
,,Stupefacenti e sostanze  psicotrope,88.77%,2,"315,635.00","149,233.00","166,402.00","280,178.00","135,074.00","145,104.00","168,492.00","99,785.00","8,234.00"
,Ferrara Total,,88.71%,36,"2,525,080.00","1,193,864.00","1,331,216.00","2,240,077.00","1,079,319.00","1,160,758.00","1,811,899.00","334,490.00","68,062.00"
,Forlì-Cesena,Casse Risparmio e Monti Pieta',86.74%,4,"520,940.00","251,302.00","269,638.00","451,856.00","223,252.00","228,604.00","402,738.00","30,377.00","12,355.00"
,,Competenze USL,86.74%,1,"520,940.00","251,302.00","269,638.00","451,856.00","223,224.00","228,632.00","355,860.00","77,755.00","11,698.00"
,,Elezione Senato della Repubblica,86.90%,6,"520,940.00","251,302.00","269,638.00","452,709.00","223,724.00","228,985.00","381,863.00","55,416.00","9,262.00"
,,Finanziamento pubblico dei partiti,86.79%,3,"520,940.00","251,302.00","269,638.00","452,130.00","223,450.00","228,680.00","404,589.00","31,333.00","10,050.00"
,,Ministero agricoltura e foreste,86.75%,7,"520,940.00","251,302.00","269,638.00","451,920.00","223,294.00","228,626.00","325,988.00","107,972.00","11,689.00"
,,Ministero delle partecipazioni statali,86.75%,5,"520,940.00","251,302.00","269,638.00","451,902.00","223,319.00","228,583.00","405,103.00","28,641.00","11,839.00"
,,Ministero turismo e spettacolo,86.73%,8,"520,940.00","251,302.00","269,638.00","451,806.00","223,218.00","228,588.00","378,508.00","54,706.00","12,467.00"
,,Stupefacenti e sostanze  psicotrope,86.83%,2,"520,940.00","251,302.00","269,638.00","452,307.00","223,531.00","228,776.00","261,364.00","172,896.00","10,630.00"
,Forlì-Cesena Total,,86.78%,36,"4,167,520.00","2,010,416.00","2,157,104.00","3,616,486.00","1,787,012.00","1,829,474.00","2,916,013.00","559,096.00","89,990.00"
,Modena,Casse Risparmio e Monti Pieta',88.35%,4,"516,584.00","248,914.00","267,670.00","456,395.00","223,334.00","233,061.00","411,177.00","27,234.00","13,849.00"
,,Competenze USL,88.35%,1,"516,584.00","248,914.00","267,670.00","456,395.00","223,315.00","233,080.00","330,659.00","107,644.00","13,398.00"
,,Elezione Senato della Repubblica,88.46%,6,"516,584.00","248,914.00","267,670.00","456,990.00","223,706.00","233,284.00","393,729.00","47,842.00","11,186.00"
,,Finanziamento pubblico dei partiti,88.40%,3,"516,584.00","248,914.00","267,670.00","456,656.00","223,499.00","233,157.00","411,908.00","29,389.00","11,278.00"
,,Ministero agricoltura e foreste,88.34%,7,"516,584.00","248,914.00","267,670.00","456,362.00","223,320.00","233,042.00","336,268.00","102,917.00","13,243.00"
,,Ministero delle partecipazioni statali,88.34%,5,"516,584.00","248,914.00","267,670.00","456,370.00","223,310.00","233,060.00","411,851.00","27,469.00","13,161.00"
,,Ministero turismo e spettacolo,88.35%,8,"516,584.00","248,914.00","267,670.00","456,401.00","223,534.00","232,867.00","390,961.00","47,840.00","13,462.00"
,,Stupefacenti e sostanze  psicotrope,88.42%,2,"516,584.00","248,914.00","267,670.00","456,778.00","223,576.00","233,202.00","267,990.00","171,353.00","11,909.00"
,Modena Total,,88.38%,36,"4,132,672.00","1,991,312.00","2,141,360.00","3,652,347.00","1,787,594.00","1,864,753.00","2,954,543.00","561,688.00","101,486.00"
,Parma,Casse Risparmio e Monti Pieta',84.31%,4,"346,477.00","165,441.00","181,036.00","292,117.00","142,844.00","149,273.00","256,517.00","21,410.00","10,139.00"
,,Competenze USL,84.32%,1,"346,477.00","165,441.00","181,036.00","292,166.00","142,918.00","149,248.00","229,683.00","48,507.00","9,844.00"
,,Elezione Senato della Repubblica,84.42%,6,"346,477.00","165,441.00","181,036.00","292,496.00","143,078.00","149,418.00","239,905.00","41,561.00","7,153.00"
,,Finanziamento pubblico dei partiti,84.35%,3,"346,477.00","165,441.00","181,036.00","292,246.00","142,932.00","149,314.00","257,410.00","22,274.00","8,675.00"
,,Ministero agricoltura e foreste,84.30%,7,"346,477.00","165,441.00","181,036.00","292,079.00","142,833.00","149,246.00","186,005.00","91,826.00","10,173.00"
,,Ministero delle partecipazioni statali,84.39%,5,"346,477.00","165,441.00","181,036.00","292,385.00","143,119.00","149,266.00","257,675.00","19,908.00","10,486.00"
,,Ministero turismo e spettacolo,84.28%,8,"346,477.00","165,441.00","181,036.00","292,008.00","142,784.00","149,224.00","236,533.00","40,388.00","11,023.00"
,,Stupefacenti e sostanze  psicotrope,84.36%,2,"346,477.00","165,441.00","181,036.00","292,300.00","142,982.00","149,318.00","156,456.00","122,179.00","9,015.00"
,Parma Total,,84.34%,36,"2,771,816.00","1,323,528.00","1,448,288.00","2,337,797.00","1,143,490.00","1,194,307.00","1,820,184.00","408,053.00","76,508.00"
,Piacenza,Casse Risparmio e Monti Pieta',85.10%,4,"236,940.00","113,749.00","123,191.00","201,647.00","98,771.00","102,876.00","172,319.00","16,508.00","8,571.00"
,,Competenze USL,85.10%,1,"236,940.00","113,749.00","123,191.00","201,635.00","98,747.00","102,888.00","158,314.00","31,146.00","8,243.00"
,,Elezione Senato della Repubblica,85.21%,6,"236,940.00","113,749.00","123,191.00","201,902.00","98,902.00","103,000.00","164,795.00","25,997.00","7,242.00"
,,Finanziamento pubblico dei partiti,85.20%,3,"236,940.00","113,749.00","123,191.00","201,878.00","98,840.00","103,038.00","173,536.00","16,433.00","7,640.00"
,,Ministero agricoltura e foreste,85.09%,7,"236,940.00","113,749.00","123,191.00","201,623.00","98,826.00","102,797.00","132,595.00","56,724.00","8,488.00"
,,Ministero delle partecipazioni statali,85.14%,5,"236,940.00","113,749.00","123,191.00","201,740.00","98,772.00","102,968.00","174,133.00","14,983.00","8,677.00"
,,Ministero turismo e spettacolo,85.09%,8,"236,940.00","113,749.00","123,191.00","201,608.00","98,747.00","102,861.00","161,975.00","26,885.00","8,763.00"
,,Stupefacenti e sostanze  psicotrope,85.16%,2,"236,940.00","113,749.00","123,191.00","201,784.00","98,827.00","102,957.00","96,889.00","92,160.00","7,928.00"
,Piacenza Total,,85.14%,36,"1,895,520.00","909,992.00","985,528.00","1,613,817.00","790,432.00","823,385.00","1,234,556.00","280,836.00","65,552.00"
,Ravenna,Casse Risparmio e Monti Pieta',87.86%,4,"304,691.00","145,969.00","158,722.00","267,691.00","130,935.00","136,756.00","238,592.00","17,170.00","8,594.00"
,,Competenze USL,87.86%,1,"304,691.00","145,969.00","158,722.00","267,708.00","130,943.00","136,765.00","202,704.00","53,662.00","8,015.00"
,,Elezione Senato della Repubblica,88.05%,6,"304,691.00","145,969.00","158,722.00","268,269.00","131,284.00","136,985.00","228,498.00","30,627.00","6,140.00"
,,Finanziamento pubblico dei partiti,87.93%,3,"304,691.00","145,969.00","158,722.00","267,924.00","131,090.00","136,834.00","238,953.00","18,974.00","6,980.00"
,,Ministero agricoltura e foreste,87.96%,7,"304,691.00","145,969.00","158,722.00","268,001.00","131,259.00","136,742.00","190,233.00","66,481.00","7,832.00"
,,Ministero delle partecipazioni statali,87.85%,5,"304,691.00","145,969.00","158,722.00","267,666.00","130,932.00","136,734.00","239,021.00","17,270.00","8,157.00"
,,Ministero turismo e spettacolo,87.81%,8,"304,691.00","145,969.00","158,722.00","267,534.00","130,806.00","136,728.00","226,397.00","29,557.00","8,465.00"
,,Stupefacenti e sostanze  psicotrope,87.98%,2,"304,691.00","145,969.00","158,722.00","268,070.00","131,171.00","136,899.00","159,744.00","97,492.00","7,238.00"
,Ravenna Total,,87.91%,36,"2,437,528.00","1,167,752.00","1,269,776.00","2,142,863.00","1,048,420.00","1,094,443.00","1,724,142.00","331,233.00","61,421.00"
,Reggio Emilia,Casse Risparmio e Monti Pieta',88.32%,4,"357,125.00","171,797.00","185,328.00","315,421.00","154,447.00","160,974.00","281,003.00","20,727.00","10,393.00"
,,Competenze USL,88.39%,1,"357,125.00","171,797.00","185,328.00","315,655.00","154,557.00","161,098.00","218,387.00","84,003.00","9,828.00"
,,Elezione Senato della Repubblica,88.50%,6,"357,125.00","171,797.00","185,328.00","316,073.00","154,850.00","161,223.00","266,934.00","38,300.00","7,859.00"
,,Finanziamento pubblico dei partiti,88.39%,3,"357,125.00","171,797.00","185,328.00","315,666.00","154,499.00","161,167.00","281,978.00","22,144.00","8,502.00"
,,Ministero agricoltura e foreste,88.35%,7,"357,125.00","171,797.00","185,328.00","315,507.00","154,509.00","160,998.00","220,535.00","82,289.00","9,551.00"
,,Ministero delle partecipazioni statali,88.33%,5,"357,125.00","171,797.00","185,328.00","315,431.00","154,439.00","160,992.00","282,926.00","19,550.00","9,900.00"
,,Ministero turismo e spettacolo,88.31%,8,"357,125.00","171,797.00","185,328.00","315,365.00","154,421.00","160,944.00","267,868.00","34,150.00","10,093.00"
,,Stupefacenti e sostanze  psicotrope,88.40%,2,"357,125.00","171,797.00","185,328.00","315,686.00","154,530.00","161,156.00","181,056.00","122,248.00","8,930.00"
,Reggio Emilia Total,,88.37%,36,"2,857,000.00","1,374,376.00","1,482,624.00","2,524,804.00","1,236,252.00","1,288,552.00","2,000,687.00","423,411.00","75,056.00"
EMILIA ROM. Total,,,87.37%,288,"27,142,352.00","12,993,840.00","14,148,512.00","23,715,350.00","11,568,164.00","12,147,186.00","19,032,662.00","3,759,460.00","668,203.00"
FRIULI V. G.,Gorizia,Casse Risparmio e Monti Pieta',84.58%,4,"122,904.00","57,972.00","64,932.00","103,950.00","49,909.00","54,041.00","91,621.00","8,056.00","3,022.00"
,,Competenze USL,84.59%,1,"122,904.00","57,972.00","64,932.00","103,966.00","49,926.00","54,040.00","83,163.00","16,577.00","2,489.00"
,,Elezione Senato della Repubblica,84.78%,6,"122,904.00","57,972.00","64,932.00","104,201.00","50,066.00","54,135.00","85,306.00","15,306.00","2,365.00"
,,Finanziamento pubblico dei partiti,84.67%,3,"122,904.00","57,972.00","64,932.00","104,059.00","49,981.00","54,078.00","92,388.00","7,956.00","2,555.00"
,,Ministero agricoltura e foreste,84.58%,7,"122,904.00","57,972.00","64,932.00","103,951.00","49,919.00","54,032.00","74,512.00","25,201.00","3,024.00"
,,Ministero delle partecipazioni statali,84.56%,5,"122,904.00","57,972.00","64,932.00","103,925.00","49,898.00","54,027.00","91,665.00","8,034.00","2,997.00"
,,Ministero turismo e spettacolo,84.32%,8,"122,904.00","57,972.00","64,932.00","103,629.00","49,611.00","54,018.00","85,858.00","13,876.00","3,001.00"
,,Stupefacenti e sostanze  psicotrope,84.72%,2,"122,904.00","57,972.00","64,932.00","104,122.00","50,029.00","54,093.00","60,224.00","39,718.00","2,732.00"
,Gorizia Total,,84.60%,36,"983,232.00","463,776.00","519,456.00","831,803.00","399,339.00","432,464.00","664,737.00","134,724.00","22,185.00"
,Pordenone,Casse Risparmio e Monti Pieta',81.02%,4,"245,479.00","118,492.00","126,987.00","198,884.00","98,600.00","100,284.00","180,286.00","11,963.00","4,497.00"
,,Competenze USL,81.02%,1,"245,479.00","118,492.00","126,987.00","198,875.00","98,584.00","100,291.00","167,678.00","24,889.00","4,181.00"
,,Elezione Senato della Repubblica,81.12%,6,"245,479.00","118,492.00","126,987.00","199,125.00","98,764.00","100,361.00","172,541.00","20,802.00","3,621.00"
,,Finanziamento pubblico dei partiti,81.06%,3,"245,479.00","118,492.00","126,987.00","198,996.00","98,671.00","100,325.00","181,254.00","12,148.00","3,623.00"
,,Ministero agricoltura e foreste,81.01%,7,"245,479.00","118,492.00","126,987.00","198,865.00","98,594.00","100,271.00","144,205.00","48,334.00","4,244.00"
,,Ministero delle partecipazioni statali,81.15%,5,"245,479.00","118,492.00","126,987.00","199,206.00","98,737.00","100,469.00","181,994.00","10,762.00","4,121.00"
,,Ministero turismo e spettacolo,81.15%,8,"245,479.00","118,492.00","126,987.00","199,210.00","98,737.00","100,473.00","171,357.00","21,291.00","4,155.00"
,,Stupefacenti e sostanze  psicotrope,81.07%,2,"245,479.00","118,492.00","126,987.00","199,013.00","98,667.00","100,346.00","111,267.00","80,966.00","4,117.00"
,Pordenone Total,,81.07%,36,"1,963,832.00","947,936.00","1,015,896.00","1,592,174.00","789,354.00","802,820.00","1,310,582.00","231,155.00","32,559.00"
,Trieste,Casse Risparmio e Monti Pieta',79.05%,4,"229,255.00","105,569.00","123,686.00","181,220.00","85,878.00","95,342.00","157,608.00","16,492.00","4,989.00"
,,Competenze USL,79.02%,1,"229,255.00","105,569.00","123,686.00","181,167.00","85,834.00","95,333.00","140,072.00","34,045.00","4,661.00"
,,Elezione Senato della Repubblica,79.25%,6,"229,255.00","105,569.00","123,686.00","181,696.00","86,140.00","95,556.00","139,425.00","36,815.00","3,313.00"
,,Finanziamento pubblico dei partiti,79.17%,3,"229,255.00","105,569.00","123,686.00","181,495.00","86,060.00","95,435.00","160,361.00","15,660.00","3,607.00"
,,Ministero agricoltura e foreste,78.99%,7,"229,255.00","105,569.00","123,686.00","181,093.00","85,806.00","95,287.00","124,031.00","49,727.00","5,189.00"
,,Ministero delle partecipazioni statali,79.01%,5,"229,255.00","105,569.00","123,686.00","181,130.00","85,826.00","95,304.00","157,271.00","16,798.00","4,962.00"
,,Ministero turismo e spettacolo,78.99%,8,"229,255.00","105,569.00","123,686.00","181,080.00","85,799.00","95,281.00","140,034.00","33,626.00","5,042.00"
,,Stupefacenti e sostanze  psicotrope,79.13%,2,"229,255.00","105,569.00","123,686.00","181,416.00","86,048.00","95,368.00","96,187.00","79,014.00","3,936.00"
,Trieste Total,,79.08%,36,"1,834,040.00","844,552.00","989,488.00","1,450,297.00","687,391.00","762,906.00","1,114,989.00","282,177.00","35,699.00"
,Udine,Casse Risparmio e Monti Pieta',79.11%,4,"468,965.00","226,461.00","242,504.00","370,982.00","182,853.00","188,129.00","332,854.00","24,664.00","9,198.00"
,,Competenze USL,79.06%,1,"468,965.00","226,461.00","242,504.00","370,748.00","182,650.00","188,098.00","305,563.00","52,362.00","8,785.00"
,,Elezione Senato della Repubblica,79.28%,6,"468,965.00","226,461.00","242,504.00","371,786.00","183,284.00","188,502.00","319,851.00","40,272.00","7,415.00"
,,Finanziamento pubblico dei partiti,79.24%,3,"468,965.00","226,461.00","242,504.00","371,599.00","183,272.00","188,327.00","335,674.00","23,944.00","7,572.00"
,,Ministero agricoltura e foreste,79.13%,7,"468,965.00","226,461.00","242,504.00","371,089.00","182,850.00","188,239.00","264,812.00","93,787.00","8,275.00"
,,Ministero delle partecipazioni statali,79.12%,5,"468,965.00","226,461.00","242,504.00","371,030.00","182,816.00","188,214.00","336,576.00","21,715.00","8,678.00"
,,Ministero turismo e spettacolo,79.11%,8,"468,965.00","226,461.00","242,504.00","371,000.00","182,793.00","188,207.00","318,073.00","40,077.00","8,775.00"
,,Stupefacenti e sostanze  psicotrope,79.21%,2,"468,965.00","226,461.00","242,504.00","371,451.00","183,107.00","188,344.00","201,892.00","156,250.00","8,362.00"
,Udine Total,,79.16%,36,"3,751,720.00","1,811,688.00","1,940,032.00","2,969,685.00","1,463,625.00","1,506,060.00","2,415,295.00","453,071.00","67,060.00"
FRIULI V. G. Total,,,80.21%,144,"8,532,824.00","4,067,952.00","4,464,872.00","6,843,959.00","3,339,709.00","3,504,250.00","5,505,603.00","1,101,127.00","157,503.00"
LAZIO,Frosinone,Casse Risparmio e Monti Pieta',72.39%,4,"421,123.00","206,272.00","214,851.00","304,844.00","154,835.00","150,009.00","225,853.00","45,355.00","21,739.00"
,,Competenze USL,72.39%,1,"421,123.00","206,272.00","214,851.00","304,842.00","154,823.00","150,019.00","217,015.00","56,270.00","19,996.00"
,,Elezione Senato della Repubblica,72.48%,6,"421,123.00","206,272.00","214,851.00","305,233.00","155,098.00","150,135.00","212,041.00","64,558.00","20,881.00"
,,Finanziamento pubblico dei partiti,72.43%,3,"421,123.00","206,272.00","214,851.00","305,027.00","154,976.00","150,051.00","232,475.00","41,922.00","19,852.00"
,,Ministero agricoltura e foreste,72.40%,7,"421,123.00","206,272.00","214,851.00","304,873.00","154,854.00","150,019.00","171,633.00","101,870.00","20,401.00"
,,Ministero delle partecipazioni statali,72.39%,5,"421,123.00","206,272.00","214,851.00","304,831.00","154,829.00","150,002.00","227,355.00","45,414.00","20,951.00"
,,Ministero turismo e spettacolo,72.38%,8,"421,123.00","206,272.00","214,851.00","304,825.00","154,820.00","150,005.00","200,646.00","73,192.00","20,067.00"
,,Stupefacenti e sostanze  psicotrope,72.45%,2,"421,123.00","206,272.00","214,851.00","305,104.00","155,022.00","150,082.00","152,306.00","121,766.00","19,452.00"
,Frosinone Total,,72.41%,36,"3,368,984.00","1,650,176.00","1,718,808.00","2,439,579.00","1,239,257.00","1,200,322.00","1,639,324.00","550,347.00","163,339.00"
,Latina,Casse Risparmio e Monti Pieta',76.05%,4,"400,467.00","196,059.00","204,408.00","304,543.00","152,815.00","151,728.00","242,534.00","39,902.00","19,173.00"
,,Competenze USL,76.04%,1,"400,467.00","196,059.00","204,408.00","304,531.00","152,880.00","151,651.00","232,983.00","50,800.00","12,378.00"
,,Elezione Senato della Repubblica,76.08%,6,"400,467.00","196,059.00","204,408.00","304,694.00","153,021.00","151,673.00","227,132.00","58,692.00","11,107.00"
,,Finanziamento pubblico dei partiti,76.09%,3,"400,467.00","196,059.00","204,408.00","304,708.00","152,906.00","151,802.00","248,966.00","35,853.00","11,850.00"
,,Ministero agricoltura e foreste,76.00%,7,"400,467.00","196,059.00","204,408.00","304,344.00","152,726.00","151,618.00","184,470.00","99,634.00","12,582.00"
,,Ministero delle partecipazioni statali,76.05%,5,"400,467.00","196,059.00","204,408.00","304,555.00","152,819.00","151,736.00","245,511.00","37,765.00","13,150.00"
,,Ministero turismo e spettacolo,75.96%,8,"400,467.00","196,059.00","204,408.00","304,212.00","152,658.00","151,554.00","215,494.00","68,638.00","12,522.00"
,,Stupefacenti e sostanze  psicotrope,76.07%,2,"400,467.00","196,059.00","204,408.00","304,621.00","152,957.00","151,664.00","158,297.00","125,787.00","11,666.00"
,Latina Total,,76.04%,36,"3,203,736.00","1,568,472.00","1,635,264.00","2,436,208.00","1,222,782.00","1,213,426.00","1,755,387.00","517,071.00","104,428.00"
,Rieti,Casse Risparmio e Monti Pieta',79.46%,4,"122,684.00","59,323.00","63,361.00","97,485.00","48,862.00","48,623.00","74,705.00","13,986.00","5,513.00"
,,Competenze USL,79.47%,1,"122,684.00","59,323.00","63,361.00","97,497.00","48,874.00","48,623.00","69,789.00","19,157.00","5,297.00"
,,Elezione Senato della Repubblica,79.62%,6,"122,684.00","59,323.00","63,361.00","97,684.00","48,993.00","48,691.00","68,915.00","21,144.00","4,530.00"
,,Finanziamento pubblico dei partiti,79.53%,3,"122,684.00","59,323.00","63,361.00","97,574.00","48,924.00","48,650.00","76,960.00","12,715.00","4,796.00"
,,Ministero agricoltura e foreste,79.47%,7,"122,684.00","59,323.00","63,361.00","97,503.00","48,894.00","48,609.00","53,211.00","36,071.00","4,994.00"
,,Ministero delle partecipazioni statali,79.46%,5,"122,684.00","59,323.00","63,361.00","97,480.00","48,859.00","48,621.00","75,028.00","13,906.00","5,416.00"
,,Ministero turismo e spettacolo,79.45%,8,"122,684.00","59,323.00","63,361.00","97,471.00","48,860.00","48,611.00","65,309.00","24,040.00","5,077.00"
,,Stupefacenti e sostanze  psicotrope,79.56%,2,"122,684.00","59,323.00","63,361.00","97,602.00","48,942.00","48,660.00","49,100.00","40,385.00","4,851.00"
,Rieti Total,,79.50%,36,"981,472.00","474,584.00","506,888.00","780,296.00","391,208.00","389,088.00","533,017.00","181,404.00","40,474.00"
,Roma,Casse Risparmio e Monti Pieta',80.10%,4,"3,168,404.00","1,518,521.00","1,649,883.00","2,537,984.00","1,248,314.00","1,289,670.00","2,198,683.00","243,504.00","53,707.00"
,,Competenze USL,80.62%,1,"3,168,404.00","1,518,521.00","1,649,883.00","2,554,240.00","1,257,229.00","1,297,011.00","2,026,613.00","402,917.00","50,367.00"
,,Elezione Senato della Repubblica,80.91%,6,"3,168,404.00","1,518,521.00","1,649,883.00","2,563,642.00","1,261,540.00","1,302,102.00","1,999,028.00","476,893.00","38,214.00"
,,Finanziamento pubblico dei partiti,80.62%,3,"3,168,404.00","1,518,521.00","1,649,883.00","2,554,524.00","1,257,394.00","1,297,130.00","2,228,034.00","241,077.00","40,021.00"
,,Ministero agricoltura e foreste,80.59%,7,"3,168,404.00","1,518,521.00","1,649,883.00","2,553,526.00","1,255,577.00","1,297,949.00","1,549,187.00","915,778.00","49,348.00"
,,Ministero delle partecipazioni statali,79.98%,5,"3,168,404.00","1,518,521.00","1,649,883.00","2,533,939.00","1,246,948.00","1,286,991.00","2,211,140.00","251,797.00","49,048.00"
,,Ministero turismo e spettacolo,80.63%,8,"3,168,404.00","1,518,521.00","1,649,883.00","2,554,738.00","1,256,345.00","1,298,393.00","1,867,303.00","598,021.00","49,788.00"
,,Stupefacenti e sostanze  psicotrope,80.69%,2,"3,168,404.00","1,518,521.00","1,649,883.00","2,556,597.00","1,258,461.00","1,298,136.00","1,357,423.00","1,132,477.00","42,434.00"
,Roma Total,,80.52%,36,"25,347,232.00","12,148,168.00","13,199,064.00","20,409,190.00","10,041,808.00","10,367,382.00","15,437,411.00","4,262,464.00","372,927.00"
,Viterbo,Casse Risparmio e Monti Pieta',83.18%,4,"233,396.00","113,667.00","119,729.00","194,139.00","97,362.00","96,777.00","156,706.00","22,122.00","10,419.00"
,,Competenze USL,83.19%,1,"233,396.00","113,667.00","119,729.00","194,156.00","97,353.00","96,803.00","148,062.00","31,610.00","9,748.00"
,,Elezione Senato della Repubblica,83.33%,6,"233,396.00","113,667.00","119,729.00","194,488.00","97,570.00","96,918.00","145,078.00","36,882.00","7,967.00"
,,Finanziamento pubblico dei partiti,83.28%,3,"233,396.00","113,667.00","119,729.00","194,378.00","97,446.00","96,932.00","160,501.00","20,352.00","8,738.00"
,,Ministero agricoltura e foreste,83.21%,7,"233,396.00","113,667.00","119,729.00","194,215.00","97,391.00","96,824.00","108,284.00","72,385.00","8,981.00"
,,Ministero delle partecipazioni statali,83.17%,5,"233,396.00","113,667.00","119,729.00","194,118.00","97,324.00","96,794.00","158,385.00","20,890.00","9,577.00"
,,Ministero turismo e spettacolo,83.17%,8,"233,396.00","113,667.00","119,729.00","194,125.00","97,331.00","96,794.00","139,573.00","40,232.00","9,789.00"
,,Stupefacenti e sostanze  psicotrope,83.27%,2,"233,396.00","113,667.00","119,729.00","194,349.00","87,483.00","106,866.00","97,026.00","83,666.00","8,435.00"
,Viterbo Total,,83.23%,36,"1,867,168.00","909,336.00","957,832.00","1,553,968.00","769,260.00","784,708.00","1,113,615.00","328,139.00","73,654.00"
LAZIO Total,,,79.44%,180,"34,768,592.00","16,750,736.00","18,017,856.00","27,619,241.00","13,664,315.00","13,954,926.00","20,478,754.00","5,839,425.00","754,822.00"
LIGURIA,Genova,Casse Risparmio e Monti Pieta',79.03%,4,"840,190.00","393,704.00","446,486.00","664,018.00","322,508.00","341,510.00","584,680.00","50,272.00","19,026.00"
,,Competenze USL,79.00%,1,"840,190.00","393,704.00","446,486.00","663,789.00","322,379.00","341,410.00","526,501.00","110,472.00","18,218.00"
,,Elezione Senato della Repubblica,79.19%,6,"840,190.00","393,704.00","446,486.00","665,387.00","323,311.00","342,076.00","543,815.00","98,424.00","13,986.00"
,,Finanziamento pubblico dei partiti,79.15%,3,"840,190.00","393,704.00","446,486.00","664,970.00","322,871.00","342,099.00","578,263.00","63,326.00","14,674.00"
,,Ministero agricoltura e foreste,79.04%,7,"840,190.00","393,704.00","446,486.00","664,052.00","322,379.00","341,673.00","467,179.00","168,386.00","18,773.00"
,,Ministero delle partecipazioni statali,79.03%,5,"840,190.00","393,704.00","446,486.00","663,986.00","322,511.00","341,475.00","585,631.00","51,055.00","17,945.00"
,,Ministero turismo e spettacolo,79.04%,8,"840,190.00","393,704.00","446,486.00","664,077.00","322,858.00","341,219.00","548,041.00","87,695.00","18,617.00"
,,Stupefacenti e sostanze  psicotrope,79.18%,2,"840,190.00","393,704.00","446,486.00","665,260.00","323,052.00","342,208.00","327,191.00","311,236.00","16,160.00"
,Genova Total,,79.08%,36,"6,721,520.00","3,149,632.00","3,571,888.00","5,315,539.00","2,581,869.00","2,733,670.00","4,161,301.00","940,866.00","137,399.00"
,Imperia,Casse Risparmio e Monti Pieta',76.09%,4,"192,701.00","91,316.00","101,385.00","146,631.00","70,969.00","75,662.00","126,988.00","11,192.00","5,383.00"
,,Competenze USL,76.09%,1,"192,701.00","91,316.00","101,385.00","146,618.00","70,956.00","75,662.00","119,646.00","18,817.00","5,179.00"
,,Elezione Senato della Repubblica,76.24%,6,"192,701.00","91,316.00","101,385.00","146,906.00","71,124.00","75,782.00","119,414.00","20,981.00","3,892.00"
,,Finanziamento pubblico dei partiti,76.15%,3,"192,701.00","91,316.00","101,385.00","146,740.00","71,033.00","75,707.00","128,581.00","11,118.00","4,250.00"
,,Ministero agricoltura e foreste,76.09%,7,"192,701.00","91,316.00","101,385.00","146,630.00","70,967.00","75,663.00","102,708.00","36,181.00","4,933.00"
,,Ministero delle partecipazioni statali,76.13%,5,"192,701.00","91,316.00","101,385.00","146,712.00","70,952.00","75,760.00","128,240.00","10,303.00","5,201.00"
,,Ministero turismo e spettacolo,76.08%,8,"192,701.00","91,316.00","101,385.00","146,606.00","70,949.00","75,657.00","118,608.00","19,836.00","5,296.00"
,,Stupefacenti e sostanze  psicotrope,76.15%,2,"192,701.00","91,316.00","101,385.00","146,745.00","71,048.00","75,697.00","74,696.00","64,002.00","4,710.00"
,Imperia Total,,76.13%,36,"1,541,608.00","730,528.00","811,080.00","1,173,588.00","567,998.00","605,590.00","918,881.00","192,430.00","38,844.00"
,La Spezia,Casse Risparmio e Monti Pieta',80.55%,4,"202,061.00","96,222.00","105,839.00","162,755.00","81,036.00","81,719.00","140,014.00","14,038.00","5,362.00"
,,Competenze USL,80.46%,1,"202,061.00","96,222.00","105,839.00","162,570.00","80,851.00","81,719.00","121,913.00","33,298.00","4,975.00"
,,Elezione Senato della Repubblica,80.75%,6,"202,061.00","96,222.00","105,839.00","163,166.00","81,236.00","81,930.00","129,458.00","27,531.00","3,627.00"
,,Finanziamento pubblico dei partiti,80.70%,3,"202,061.00","96,222.00","105,839.00","163,055.00","81,209.00","81,846.00","142,180.00","14,204.00","4,126.00"
,,Ministero agricoltura e foreste,80.57%,7,"202,061.00","96,222.00","105,839.00","162,810.00","81,013.00","81,797.00","108,800.00","46,300.00","5,141.00"
,,Ministero delle partecipazioni statali,80.61%,5,"202,061.00","96,222.00","105,839.00","162,885.00","81,096.00","81,789.00","140,344.00","14,620.00","5,121.00"
,,Ministero turismo e spettacolo,80.55%,8,"202,061.00","96,222.00","105,839.00","162,767.00","80,990.00","81,777.00","129,825.00","25,254.00","5,162.00"
,,Stupefacenti e sostanze  psicotrope,80.69%,2,"202,061.00","96,222.00","105,839.00","163,049.00","81,156.00","81,893.00","81,346.00","74,250.00","4,516.00"
,La Spezia Total,,80.61%,36,"1,616,488.00","769,776.00","846,712.00","1,303,057.00","648,587.00","654,470.00","993,880.00","249,495.00","38,030.00"
,Savona ,Casse Risparmio e Monti Pieta',82.90%,4,"253,855.00","119,926.00","133,929.00","210,440.00","102,162.00","108,278.00","183,189.00","15,219.00","8,096.00"
,,Competenze USL,82.90%,1,"253,855.00","119,926.00","133,929.00","210,455.00","102,160.00","108,295.00","163,557.00","35,529.00","7,443.00"
,,Elezione Senato della Repubblica,83.01%,6,"253,855.00","119,926.00","133,929.00","210,725.00","102,329.00","108,396.00","172,287.00","28,252.00","6,460.00"
,,Finanziamento pubblico dei partiti,82.95%,3,"253,855.00","119,926.00","133,929.00","210,584.00","102,241.00","108,343.00","185,525.00","14,922.00","6,307.00"
,,Ministero agricoltura e foreste,82.88%,7,"253,855.00","119,926.00","133,929.00","210,403.00","102,138.00","108,265.00","150,201.00","48,987.00","7,478.00"
,,Ministero delle partecipazioni statali,82.88%,5,"253,855.00","119,926.00","133,929.00","210,406.00","102,146.00","108,260.00","184,446.00","14,608.00","7,478.00"
,,Ministero turismo e spettacolo,82.88%,8,"253,855.00","119,926.00","133,929.00","210,388.00","102,119.00","108,269.00","173,357.00","25,186.00","8,114.00"
,,Stupefacenti e sostanze  psicotrope,82.97%,2,"253,855.00","119,926.00","133,929.00","210,625.00","102,261.00","108,364.00","107,958.00","91,422.00","6,870.00"
,Savona  Total,,82.92%,36,"2,030,840.00","959,408.00","1,071,432.00","1,684,026.00","817,556.00","866,470.00","1,320,520.00","274,125.00","58,246.00"
LIGURIA Total,,,79.56%,144,"11,910,456.00","5,609,344.00","6,301,112.00","9,476,210.00","4,616,010.00","4,860,200.00","7,394,582.00","1,656,916.00","272,519.00"
LOMBARDIA,Bergamo,Casse Risparmio e Monti Pieta',88.10%,4,"769,799.00","372,610.00","397,189.00","678,190.00","330,289.00","347,901.00","608,958.00","42,057.00","19,737.00"
,,Competenze USL,88.13%,1,"769,799.00","372,610.00","397,189.00","678,413.00","330,516.00","347,897.00","567,631.00","84,621.00","18,536.00"
,,Elezione Senato della Repubblica,88.21%,6,"769,799.00","372,610.00","397,189.00","679,069.00","330,853.00","348,216.00","589,130.00","65,411.00","17,507.00"
,,Finanziamento pubblico dei partiti,88.18%,3,"769,799.00","372,610.00","397,189.00","678,778.00","330,554.00","348,224.00","610,437.00","43,222.00","17,384.00"
,,Ministero agricoltura e foreste,88.10%,7,"769,799.00","372,610.00","397,189.00","678,169.00","330,269.00","347,900.00","495,326.00","156,523.00","19,227.00"
,,Ministero delle partecipazioni statali,88.09%,5,"769,799.00","372,610.00","397,189.00","678,120.00","330,244.00","347,876.00","614,910.00","37,295.00","18,799.00"
,,Ministero turismo e spettacolo,88.09%,8,"769,799.00","372,610.00","397,189.00","678,088.00","330,225.00","347,863.00","587,091.00","63,951.00","20,279.00"
,,Stupefacenti e sostanze  psicotrope,88.21%,2,"769,799.00","372,610.00","397,189.00","679,021.00","330,750.00","348,271.00","341,173.00","310,193.00","17,996.00"
,Bergamo Total,,88.14%,36,"6,158,392.00","2,980,880.00","3,177,512.00","5,427,848.00","2,643,700.00","2,784,148.00","4,414,656.00","803,273.00","149,465.00"
,Brescia,Casse Risparmio e Monti Pieta',86.66%,4,"862,796.00","414,755.00","448,041.00","747,677.00","362,938.00","384,739.00","669,054.00","48,080.00","22,328.00"
,,Competenze USL,86.67%,1,"862,796.00","414,755.00","448,041.00","747,784.00","362,969.00","384,815.00","617,515.00","101,402.00","20,867.00"
,,Elezione Senato della Repubblica,86.80%,6,"862,796.00","414,755.00","448,041.00","748,871.00","364,073.00","384,798.00","645,973.00","75,584.00","19,019.00"
,,Finanziamento pubblico dei partiti,86.71%,3,"862,796.00","414,755.00","448,041.00","748,088.00","363,183.00","384,905.00","672,144.00","48,556.00","19,369.00"
,,Ministero agricoltura e foreste,86.66%,7,"862,796.00","414,755.00","448,041.00","747,680.00","362,939.00","384,741.00","575,414.00","142,484.00","21,562.00"
,,Ministero delle partecipazioni statali,86.66%,5,"862,796.00","414,755.00","448,041.00","747,736.00","362,917.00","384,819.00","675,330.00","43,262.00","21,458.00"
,,Ministero turismo e spettacolo,86.64%,8,"862,796.00","414,755.00","448,041.00","747,543.00","362,851.00","384,692.00","671,291.00","46,265.00","22,247.00"
,,Stupefacenti e sostanze  psicotrope,86.74%,2,"862,796.00","414,755.00","448,041.00","748,414.00","363,387.00","385,027.00","386,915.00","330,302.00","20,157.00"
,Brescia Total,,86.69%,36,"6,902,368.00","3,318,040.00","3,584,328.00","5,983,793.00","2,905,257.00","3,078,536.00","4,913,636.00","835,935.00","167,007.00"
,Como,Casse Risparmio e Monti Pieta',86.17%,4,"663,349.00","316,863.00","346,486.00","571,607.00","277,508.00","294,099.00","510,095.00","36,459.00","16,950.00"
,,Competenze USL,86.15%,1,"663,349.00","316,863.00","346,486.00","571,477.00","277,385.00","294,092.00","466,638.00","80,597.00","16,409.00"
,,Elezione Senato della Repubblica,86.27%,6,"663,349.00","316,863.00","346,486.00","572,265.00","277,973.00","294,292.00","492,376.00","58,395.00","14,021.00"
,,Finanziamento pubblico dei partiti,86.21%,3,"663,349.00","316,863.00","346,486.00","571,893.00","277,667.00","294,226.00","512,616.00","37,493.00","14,230.00"
,,Ministero agricoltura e foreste,86.07%,7,"663,349.00","316,863.00","346,486.00","570,962.00","277,171.00","293,791.00","416,364.00","130,139.00","16,940.00"
,,Ministero delle partecipazioni statali,86.16%,5,"663,349.00","316,863.00","346,486.00","571,540.00","277,506.00","294,034.00","515,802.00","32,521.00","15,784.00"
,,Ministero turismo e spettacolo,86.12%,8,"663,349.00","316,863.00","346,486.00","571,273.00","277,315.00","293,958.00","487,728.00","59,055.00","17,005.00"
,,Stupefacenti e sostanze  psicotrope,86.23%,2,"663,349.00","316,863.00","346,486.00","571,983.00","277,744.00","294,239.00","270,922.00","275,647.00","15,820.00"
,Como Total,,86.17%,36,"5,306,792.00","2,534,904.00","2,771,888.00","4,573,000.00","2,220,269.00","2,352,731.00","3,672,541.00","710,306.00","127,159.00"
,Cremona,Casse Risparmio e Monti Pieta',88.58%,4,"276,967.00","131,767.00","145,200.00","245,338.00","118,765.00","126,573.00","212,309.00","19,308.00","10,249.00"
,,Competenze USL,88.59%,1,"276,967.00","131,767.00","145,200.00","245,363.00","118,781.00","126,582.00","194,915.00","37,332.00","9,675.00"
,,Elezione Senato della Repubblica,88.74%,6,"276,967.00","131,767.00","145,200.00","245,789.00","119,042.00","126,747.00","205,099.00","28,494.00","8,692.00"
,,Finanziamento pubblico dei partiti,88.64%,3,"276,967.00","131,767.00","145,200.00","245,510.00","118,857.00","126,653.00","214,279.00","18,732.00","8,942.00"
,,Ministero agricoltura e foreste,88.60%,7,"276,967.00","131,767.00","145,200.00","245,396.00","118,783.00","126,613.00","163,502.00","68,892.00","9,556.00"
,,Ministero delle partecipazioni statali,88.58%,5,"276,967.00","131,767.00","145,200.00","245,332.00","118,754.00","126,578.00","214,225.00","17,865.00","9,860.00"
,,Ministero turismo e spettacolo,88.57%,8,"276,967.00","131,767.00","145,200.00","245,314.00","118,792.00","126,522.00","202,436.00","29,278.00","10,165.00"
,,Stupefacenti e sostanze  psicotrope,88.69%,2,"276,967.00","131,767.00","145,200.00","245,644.00","118,953.00","126,691.00","126,883.00","105,192.00","9,402.00"
,Cremona Total,,88.62%,36,"2,215,736.00","1,054,136.00","1,161,600.00","1,963,686.00","950,727.00","1,012,959.00","1,533,648.00","325,093.00","76,541.00"
,Mantova,Casse Risparmio e Monti Pieta',86.98%,4,"313,026.00","148,657.00","164,369.00","272,269.00","132,601.00","139,668.00","245,633.00","15,255.00","8,805.00"
,,Competenze USL,86.99%,1,"313,026.00","148,657.00","164,369.00","272,305.00","132,612.00","139,693.00","211,295.00","49,682.00","8,570.00"
,,Elezione Senato della Repubblica,87.08%,6,"313,026.00","148,657.00","164,369.00","272,578.00","132,836.00","139,742.00","235,575.00","27,059.00","7,423.00"
,,Finanziamento pubblico dei partiti,87.02%,3,"313,026.00","148,657.00","164,369.00","272,390.00","132,678.00","139,712.00","236,269.00","15,566.00","7,872.00"
,,Ministero agricoltura e foreste,86.95%,7,"313,026.00","148,657.00","164,369.00","272,184.00","132,664.00","139,520.00","201,107.00","60,557.00","8,043.00"
,,Ministero delle partecipazioni statali,86.99%,5,"313,026.00","148,657.00","164,369.00","272,287.00","132,594.00","139,693.00","246,153.00","14,987.00","8,608.00"
,,Ministero turismo e spettacolo,86.94%,8,"313,026.00","148,657.00","164,369.00","272,143.00","132,590.00","139,553.00","234,451.00","26,067.00","9,281.00"
,,Stupefacenti e sostanze  psicotrope,87.04%,2,"313,026.00","148,657.00","164,369.00","272,463.00","132,739.00","139,724.00","167,215.00","93,866.00","8,006.00"
,Mantova Total,,87.00%,36,"2,504,208.00","1,189,256.00","1,314,952.00","2,178,619.00","1,061,314.00","1,117,305.00","1,777,698.00","303,039.00","66,608.00"
,Milano,Casse Risparmio e Monti Pieta',84.53%,4,"3,326,514.00","1,581,858.00","1,744,656.00","2,811,946.00","1,363,409.00","1,448,537.00","2,537,825.00","194,542.00","61,458.00"
,,Competenze USL,84.34%,1,"3,326,514.00","1,581,858.00","1,744,656.00","2,805,514.00","1,362,237.00","1,443,277.00","2,075,804.00","414,080.00","56,059.00"
,,Elezione Senato della Repubblica,85.85%,6,"3,326,514.00","1,581,858.00","1,744,656.00","2,855,855.00","1,404,812.00","1,451,043.00","2,374,778.00","379,797.00","46,687.00"
,,Finanziamento pubblico dei partiti,84.62%,3,"3,326,514.00","1,581,858.00","1,744,656.00","2,814,895.00","1,366,020.00","1,448,875.00","2,311,953.00","186,116.00","46,936.00"
,,Ministero agricoltura e foreste,84.50%,7,"3,326,514.00","1,581,858.00","1,744,656.00","2,811,019.00","1,364,035.00","1,446,984.00","1,944,051.00","713,822.00","59,586.00"
,,Ministero delle partecipazioni statali,84.51%,5,"3,326,514.00","1,581,858.00","1,744,656.00","2,811,163.00","1,362,640.00","1,448,523.00","2,537,990.00","185,108.00","56,293.00"
,,Ministero turismo e spettacolo,84.48%,8,"3,326,514.00","1,581,858.00","1,744,656.00","2,810,333.00","1,367,462.00","1,442,871.00","2,361,986.00","356,426.00","58,677.00"
,,Stupefacenti e sostanze  psicotrope,84.66%,2,"3,326,514.00","1,581,858.00","1,744,656.00","2,816,138.00","1,365,873.00","1,450,265.00","1,384,544.00","1,340,658.00","51,805.00"
,Milano Total,,84.69%,36,"26,612,112.00","12,654,864.00","13,957,248.00","22,536,863.00","10,956,488.00","11,580,375.00","17,528,931.00","3,770,549.00","437,501.00"
,Pavia,Casse Risparmio e Monti Pieta',84.89%,4,"425,411.00","200,859.00","224,552.00","361,145.00","175,917.00","185,228.00","312,834.00","26,734.00","16,123.00"
,,Competenze USL,84.99%,1,"425,411.00","200,859.00","224,552.00","361,537.00","175,864.00","185,673.00","289,160.00","52,180.00","14,553.00"
,,Elezione Senato della Repubblica,85.06%,6,"425,411.00","200,859.00","224,552.00","361,872.00","176,200.00","185,672.00","301,825.00","41,877.00","12,931.00"
,,Finanziamento pubblico dei partiti,84.99%,3,"425,411.00","200,859.00","224,552.00","361,541.00","175,993.00","185,548.00","316,557.00","26,333.00","13,412.00"
,,Ministero agricoltura e foreste,84.97%,7,"425,411.00","200,859.00","224,552.00","361,489.00","175,906.00","185,583.00","255,595.00","85,467.00","15,012.00"
,,Ministero delle partecipazioni statali,84.93%,5,"425,411.00","200,859.00","224,552.00","361,307.00","175,864.00","185,443.00","315,227.00","25,584.00","15,192.00"
,,Ministero turismo e spettacolo,84.91%,8,"425,411.00","200,859.00","224,552.00","361,201.00","175,780.00","185,421.00","296,190.00","43,772.00","15,864.00"
,,Stupefacenti e sostanze  psicotrope,85.08%,2,"425,411.00","200,859.00","224,552.00","361,960.00","176,157.00","185,803.00","191,761.00","149,521.00","14,530.00"
,Pavia Total,,84.98%,36,"3,403,288.00","1,606,872.00","1,796,416.00","2,892,052.00","1,407,681.00","1,484,371.00","2,279,149.00","451,468.00","117,617.00"
,Sondrio,Casse Risparmio e Monti Pieta',78.69%,4,"148,214.00","72,271.00","75,943.00","116,637.00","58,304.00","58,333.00","102,124.00","7,724.00","4,604.00"
,,Competenze USL,78.49%,1,"148,214.00","72,271.00","75,943.00","116,338.00","57,999.00","58,339.00","92,262.00","18,010.00","4,274.00"
,,Elezione Senato della Repubblica,78.68%,6,"148,214.00","72,271.00","75,943.00","116,620.00","58,115.00","58,505.00","100,696.00","10,297.00","3,811.00"
,,Finanziamento pubblico dei partiti,78.55%,3,"148,214.00","72,271.00","75,943.00","116,423.00","58,056.00","58,367.00","103,656.00","7,156.00","3,916.00"
,,Ministero agricoltura e foreste,78.49%,7,"148,214.00","72,271.00","75,943.00","116,334.00","58,003.00","58,331.00","75,898.00","34,422.00","4,151.00"
,,Ministero delle partecipazioni statali,78.49%,5,"148,214.00","72,271.00","75,943.00","116,337.00","57,995.00","58,342.00","103,601.00","6,688.00","4,311.00"
,,Ministero turismo e spettacolo,78.47%,8,"148,214.00","72,271.00","75,943.00","116,305.00","57,979.00","58,326.00","99,046.00","11,071.00","4,480.00"
,,Stupefacenti e sostanze  psicotrope,78.59%,2,"148,214.00","72,271.00","75,943.00","116,478.00","58,080.00","58,398.00","57,507.00","52,521.00","4,185.00"
,Sondrio Total,,78.56%,36,"1,185,712.00","578,168.00","607,544.00","931,472.00","464,531.00","466,941.00","734,790.00","147,889.00","33,732.00"
,Varese,Casse Risparmio e Monti Pieta',85.09%,4,"666,666.00","318,106.00","348,560.00","567,268.00","275,756.00","291,512.00","508,926.00","37,619.00","14,028.00"
,,Competenze USL,85.10%,1,"666,666.00","318,106.00","348,560.00","567,309.00","275,876.00","291,433.00","469,789.00","77,850.00","13,053.00"
,,Elezione Senato della Repubblica,85.23%,6,"666,666.00","318,106.00","348,560.00","568,180.00","276,316.00","291,864.00","489,277.00","61,208.00","11,365.00"
,,Finanziamento pubblico dei partiti,85.11%,3,"666,666.00","318,106.00","348,560.00","567,382.00","285,520.00","281,862.00","510,493.00","39,389.00","11,367.00"
,,Ministero agricoltura e foreste,85.08%,7,"666,666.00","318,106.00","348,560.00","567,224.00","275,748.00","291,476.00","417,043.00","130,344.00","13,561.00"
,,Ministero delle partecipazioni statali,85.08%,5,"666,666.00","318,106.00","348,560.00","567,198.00","275,720.00","291,478.00","513,226.00","34,291.00","12,543.00"
,,Ministero turismo e spettacolo,85.07%,8,"666,666.00","318,106.00","348,560.00","567,141.00","275,692.00","291,449.00","482,820.00","64,361.00","13,743.00"
,,Stupefacenti e sostanze  psicotrope,85.19%,2,"666,666.00","318,106.00","348,560.00","567,910.00","276,190.00","291,720.00","284,596.00","261,943.00","12,685.00"
,Varese Total,,85.12%,36,"5,333,328.00","2,544,848.00","2,788,480.00","4,539,612.00","2,216,818.00","2,322,794.00","3,676,170.00","707,005.00","102,345.00"
LOMBARDIA Total,,,85.58%,324,"59,621,936.00","28,461,968.00","31,159,968.00","51,026,945.00","24,826,785.00","26,200,160.00","40,531,219.00","8,054,557.00","1,277,975.00"
MARCHE,Ancona,Casse Risparmio e Monti Pieta',82.19%,4,"374,074.00","178,326.00","195,748.00","307,456.00","152,117.00","155,339.00","262,019.00","25,689.00","13,773.00"
,,Competenze USL,82.25%,1,"374,074.00","178,326.00","195,748.00","307,670.00","152,142.00","155,528.00","238,034.00","50,742.00","12,975.00"
,,Elezione Senato della Repubblica,82.37%,6,"374,074.00","178,326.00","195,748.00","308,124.00","152,487.00","155,637.00","244,567.00","47,577.00","10,591.00"
,,Finanziamento pubblico dei partiti,82.27%,3,"374,074.00","178,326.00","195,748.00","307,756.00","152,283.00","155,473.00","265,306.00","25,635.00","11,506.00"
,,Ministero agricoltura e foreste,82.20%,7,"374,074.00","178,326.00","195,748.00","307,471.00","152,089.00","155,382.00","194,211.00","94,865.00","12,914.00"
,,Ministero delle partecipazioni statali,82.19%,5,"374,074.00","178,326.00","195,748.00","307,450.00","152,097.00","155,353.00","264,170.00","24,622.00","13,241.00"
,,Ministero turismo e spettacolo,82.21%,8,"374,074.00","178,326.00","195,748.00","307,541.00","152,117.00","155,424.00","239,762.00","48,911.00","13,336.00"
,,Stupefacenti e sostanze  psicotrope,82.31%,2,"374,074.00","178,326.00","195,748.00","307,911.00","152,359.00","155,552.00","172,712.00","117,019.00","12,062.00"
,Ancona Total,,82.25%,36,"2,992,592.00","1,426,608.00","1,565,984.00","2,461,379.00","1,217,691.00","1,243,688.00","1,880,781.00","435,060.00","100,398.00"
,Ascoli Piceno,Casse Risparmio e Monti Pieta',80.12%,4,"304,391.00","147,477.00","156,914.00","243,887.00","122,406.00","121,481.00","197,583.00","26,539.00","12,685.00"
,,Competenze USL,80.14%,1,"304,391.00","147,477.00","156,914.00","243,953.00","122,425.00","121,528.00","187,000.00","37,731.00","11,682.00"
,,Elezione Senato della Repubblica,80.23%,6,"304,391.00","147,477.00","156,914.00","244,212.00","122,672.00","121,540.00","184,164.00","43,253.00","10,277.00"
,,Finanziamento pubblico dei partiti,80.39%,3,"304,391.00","147,477.00","156,914.00","244,698.00","122,529.00","122,169.00","202,156.00","24,470.00","11,088.00"
,,Ministero agricoltura e foreste,80.14%,7,"304,391.00","147,477.00","156,914.00","243,931.00","122,401.00","121,530.00","148,628.00","76,618.00","11,835.00"
,,Ministero delle partecipazioni statali,80.14%,5,"304,391.00","147,477.00","156,914.00","243,950.00","122,421.00","121,529.00","200,872.00","23,838.00","12,344.00"
,,Ministero turismo e spettacolo,80.15%,8,"304,391.00","147,477.00","156,914.00","243,962.00","122,448.00","121,514.00","179,808.00","45,293.00","11,855.00"
,,Stupefacenti e sostanze  psicotrope,80.29%,2,"304,391.00","147,477.00","156,914.00","244,384.00","122,781.00","121,603.00","128,640.00","109,232.00","11,497.00"
,Ascoli Piceno Total,,80.20%,36,"2,435,128.00","1,179,816.00","1,255,312.00","1,952,977.00","980,083.00","972,894.00","1,428,851.00","386,974.00","93,263.00"
,Macerata,Casse Risparmio e Monti Pieta',80.67%,4,"250,727.00","120,568.00","130,159.00","202,259.00","101,401.00","100,858.00","164,469.00","20,611.00","11,965.00"
,,Competenze USL,80.64%,1,"250,727.00","120,568.00","130,159.00","202,184.00","101,304.00","100,880.00","154,751.00","31,490.00","10,925.00"
,,Elezione Senato della Repubblica,80.78%,6,"250,727.00","120,568.00","130,159.00","202,525.00","101,480.00","101,045.00","153,426.00","34,711.00","9,462.00"
,,Finanziamento pubblico dei partiti,80.72%,3,"250,727.00","120,568.00","130,159.00","202,375.00","101,679.00","100,696.00","168,327.00","19,153.00","10,083.00"
,,Ministero agricoltura e foreste,80.67%,7,"250,727.00","120,568.00","130,159.00","202,272.00","101,291.00","100,981.00","118,505.00","67,780.00","10,928.00"
,,Ministero delle partecipazioni statali,80.62%,5,"250,727.00","120,568.00","130,159.00","202,143.00","101,272.00","100,871.00","166,932.00","18,851.00","11,512.00"
,,Ministero turismo e spettacolo,80.62%,8,"250,727.00","120,568.00","130,159.00","202,130.00","101,270.00","100,860.00","150,392.00","35,556.00","11,485.00"
,,Stupefacenti e sostanze  psicotrope,80.75%,2,"250,727.00","120,568.00","130,159.00","202,460.00","101,419.00","101,041.00","105,389.00","81,476.00","10,465.00"
,Macerata Total,,80.68%,36,"2,005,816.00","964,544.00","1,041,272.00","1,618,348.00","811,116.00","807,232.00","1,182,191.00","309,628.00","86,825.00"
,Pesaro e Urbino,Casse Risparmio e Monti Pieta',81.69%,4,"293,716.00","142,945.00","150,771.00","239,948.00","119,926.00","120,022.00","209,103.00","17,849.00","8,748.00"
,,Competenze USL,81.70%,1,"293,716.00","142,945.00","150,771.00","239,978.00","119,948.00","120,030.00","194,968.00","32,429.00","8,405.00"
,,Elezione Senato della Repubblica,81.83%,6,"293,716.00","142,945.00","150,771.00","240,343.00","120,172.00","120,171.00","198,757.00","30,577.00","6,898.00"
,,Finanziamento pubblico dei partiti,81.75%,3,"293,716.00","142,945.00","150,771.00","240,106.00","120,033.00","120,073.00","210,737.00","17,866.00","7,573.00"
,,Ministero agricoltura e foreste,81.71%,7,"293,716.00","142,945.00","150,771.00","239,998.00","119,955.00","120,043.00","161,760.00","65,747.00","8,374.00"
,,Ministero delle partecipazioni statali,81.66%,5,"293,716.00","142,945.00","150,771.00","239,861.00","119,854.00","120,007.00","210,717.00","16,595.00","8,572.00"
,,Ministero turismo e spettacolo,81.64%,8,"293,716.00","142,945.00","150,771.00","239,802.00","119,798.00","120,004.00","194,712.00","32,347.00","8,714.00"
,,Stupefacenti e sostanze  psicotrope,81.76%,2,"293,716.00","142,945.00","150,771.00","240,155.00","120,087.00","120,068.00","142,095.00","85,727.00","7,865.00"
,Pesaro e Urbino Total,,81.72%,36,"2,349,728.00","1,143,560.00","1,206,168.00","1,920,191.00","959,773.00","960,418.00","1,522,849.00","299,137.00","65,149.00"
MARCHE Total,,,81.29%,144,"9,783,264.00","4,714,528.00","5,068,736.00","7,952,895.00","3,968,663.00","3,984,232.00","6,014,672.00","1,430,799.00","345,635.00"
MOLISE,Campobasso,Casse Risparmio e Monti Pieta',63.57%,4,"222,438.00","108,765.00","113,673.00","141,411.00","71,209.00","70,202.00","106,835.00","18,724.00","11,214.00"
,,Competenze USL,63.57%,1,"222,438.00","108,765.00","113,673.00","141,411.00","71,208.00","70,203.00","103,058.00","23,320.00","10,492.00"
,,Elezione Senato della Repubblica,63.65%,6,"222,438.00","108,765.00","113,673.00","141,582.00","71,335.00","70,247.00","100,693.00","26,794.00","9,482.00"
,,Finanziamento pubblico dei partiti,63.61%,3,"222,438.00","108,765.00","113,673.00","141,498.00","71,266.00","70,232.00","110,145.00","16,868.00","10,043.00"
,,Ministero agricoltura e foreste,63.58%,7,"222,438.00","108,765.00","113,673.00","141,425.00","71,239.00","70,186.00","80,208.00","46,449.00","10,313.00"
,,Ministero delle partecipazioni statali,63.51%,5,"222,438.00","108,765.00","113,673.00","141,281.00","71,094.00","70,187.00","107,892.00","18,118.00","11,029.00"
,,Ministero turismo e spettacolo,63.56%,8,"222,438.00","108,765.00","113,673.00","141,380.00","71,198.00","70,182.00","95,980.00","30,586.00","10,341.00"
,,Stupefacenti e sostanze  psicotrope,63.73%,2,"222,438.00","108,765.00","113,673.00","141,754.00","71,521.00","70,233.00","75,627.00","50,345.00","10,187.00"
,Campobasso Total,,63.60%,36,"1,779,504.00","870,120.00","909,384.00","1,131,742.00","570,070.00","561,672.00","780,438.00","231,204.00","83,101.00"
,Isernia,Casse Risparmio e Monti Pieta',56.42%,4,"88,686.00","43,187.00","45,499.00","50,041.00","25,478.00","24,563.00","36,497.00","7,369.00","4,540.00"
,,Competenze USL,56.42%,1,"88,686.00","43,187.00","45,499.00","50,041.00","25,477.00","24,564.00","34,752.00","9,530.00","4,162.00"
,,Elezione Senato della Repubblica,56.48%,6,"88,686.00","43,187.00","45,499.00","50,092.00","25,517.00","24,575.00","34,664.00","10,066.00","3,995.00"
,,Finanziamento pubblico dei partiti,56.45%,3,"88,686.00","43,187.00","45,499.00","50,066.00","25,497.00","24,569.00","37,753.00","6,883.00","4,024.00"
,,Ministero agricoltura e foreste,56.43%,7,"88,686.00","43,187.00","45,499.00","50,046.00","25,483.00","24,563.00","26,842.00","17,569.00","4,144.00"
,,Ministero delle partecipazioni statali,56.42%,5,"88,686.00","43,187.00","45,499.00","50,037.00","25,474.00","24,563.00","36,892.00","7,258.00","4,342.00"
,,Ministero turismo e spettacolo,56.42%,8,"88,686.00","43,187.00","45,499.00","50,041.00","25,477.00","24,564.00","32,554.00","11,810.00","4,160.00"
,,Stupefacenti e sostanze  psicotrope,56.46%,2,"88,686.00","43,187.00","45,499.00","50,075.00","25,503.00","24,572.00","25,842.00","18,622.00","3,943.00"
,Isernia Total,,56.44%,36,"709,488.00","345,496.00","363,992.00","400,439.00","203,906.00","196,533.00","265,796.00","89,107.00","33,310.00"
MOLISE Total,,,61.56%,72,"2,488,992.00","1,215,616.00","1,273,376.00","1,532,181.00","773,976.00","758,205.00","1,046,234.00","320,311.00","116,411.00"
PIEMONTE,Alessandria,Casse Risparmio e Monti Pieta',81.85%,4,"382,999.00","181,483.00","201,516.00","313,487.00","154,605.00","158,882.00","272,078.00","23,834.00","12,571.00"
,,Competenze USL,81.86%,1,"382,999.00","181,483.00","201,516.00","313,528.00","154,635.00","158,893.00","249,082.00","47,965.00","11,550.00"
,,Elezione Senato della Repubblica,81.94%,6,"382,999.00","181,483.00","201,516.00","313,818.00","154,881.00","158,937.00","256,644.00","42,464.00","9,780.00"
,,Finanziamento pubblico dei partiti,81.91%,3,"382,999.00","181,483.00","201,516.00","313,710.00","154,777.00","158,933.00","274,628.00","24,230.00","10,058.00"
,,Ministero agricoltura e foreste,81.88%,7,"382,999.00","181,483.00","201,516.00","313,617.00","154,753.00","158,864.00","215,165.00","82,377.00","11,075.00"
,,Ministero delle partecipazioni statali,81.82%,5,"382,999.00","181,483.00","201,516.00","313,367.00","154,496.00","158,871.00","273,211.00","23,561.00","11,734.00"
,,Ministero turismo e spettacolo,81.84%,8,"382,999.00","181,483.00","201,516.00","313,432.00","154,581.00","158,851.00","255,686.00","40,546.00","12,307.00"
,,Stupefacenti e sostanze  psicotrope,81.92%,2,"382,999.00","181,483.00","201,516.00","313,764.00","154,797.00","158,967.00","169,186.00","127,516.00","11,285.00"
,Alessandria Total,,81.88%,36,"3,063,992.00","1,451,864.00","1,612,128.00","2,508,723.00","1,237,525.00","1,271,198.00","1,965,680.00","412,493.00","90,360.00"
,Asti,Casse Risparmio e Monti Pieta',79.85%,4,"180,446.00","86,368.00","94,078.00","144,083.00","71,713.00","72,370.00","122,121.00","11,430.00","7,255.00"
,,Competenze USL,79.86%,1,"180,446.00","86,368.00","94,078.00","144,099.00","71,714.00","72,385.00","113,031.00","21,145.00","6,752.00"
,,Elezione Senato della Repubblica,79.91%,6,"180,446.00","86,368.00","94,078.00","144,193.00","71,947.00","72,246.00","116,416.00","18,534.00","6,186.00"
,,Finanziamento pubblico dei partiti,79.88%,3,"180,446.00","86,368.00","94,078.00","144,146.00","71,748.00","72,398.00","123,886.00","11,012.00","6,226.00"
,,Ministero agricoltura e foreste,79.85%,7,"180,446.00","86,368.00","94,078.00","144,090.00","71,716.00","72,374.00","98,267.00","36,393.00","6,420.00"
,,Ministero delle partecipazioni statali,79.84%,5,"180,446.00","86,368.00","94,078.00","144,062.00","71,695.00","72,367.00","123,290.00","10,652.00","7,037.00"
,,Ministero turismo e spettacolo,79.80%,8,"180,446.00","86,368.00","94,078.00","144,004.00","71,695.00","72,309.00","115,192.00","18,415.00","7,384.00"
,,Stupefacenti e sostanze  psicotrope,79.90%,2,"180,446.00","86,368.00","94,078.00","144,179.00","71,774.00","72,405.00","74,981.00","59,078.00","6,601.00"
,Asti Total,,79.86%,36,"1,443,568.00","690,944.00","752,624.00","1,152,856.00","574,002.00","578,854.00","887,184.00","186,659.00","53,861.00"
,Cuneo,Casse Risparmio e Monti Pieta',82.64%,4,"459,661.00","223,684.00","235,977.00","379,872.00","191,043.00","188,829.00","325,002.00","26,805.00","19,769.00"
,,Competenze USL,82.66%,1,"459,661.00","223,684.00","235,977.00","379,933.00","191,068.00","188,865.00","297,056.00","55,895.00","18,626.00"
,,Elezione Senato della Repubblica,82.70%,6,"459,661.00","223,684.00","235,977.00","380,142.00","191,174.00","188,968.00","315,462.00","38,310.00","17,524.00"
,,Finanziamento pubblico dei partiti,82.69%,3,"459,661.00","223,684.00","235,977.00","380,103.00","191,207.00","188,896.00","329,964.00","25,464.00","16,676.00"
,,Ministero agricoltura e foreste,82.63%,7,"459,661.00","223,684.00","235,977.00","379,804.00","190,985.00","188,819.00","271,143.00","82,006.00","18,232.00"
,,Ministero delle partecipazioni statali,82.65%,5,"459,661.00","223,684.00","235,977.00","379,901.00","191,057.00","188,844.00","328,898.00","24,146.00","18,961.00"
,,Ministero turismo e spettacolo,82.58%,8,"459,661.00","223,684.00","235,977.00","379,582.00","190,959.00","188,623.00","312,477.00","39,502.00","19,085.00"
,,Stupefacenti e sostanze  psicotrope,8.27%,2,"459,661.00","223,684.00","235,977.00","38,024.00","19,125.00","18,899.00","202,870.00","149,518.00","18,535.00"
,Cuneo Total,,73.35%,36,"3,677,288.00","1,789,472.00","1,887,816.00","2,697,361.00","1,356,618.00","1,340,743.00","2,382,872.00","441,646.00","147,408.00"
,Novara,Casse Risparmio e Monti Pieta',83.52%,4,"426,948.00","203,682.00","223,266.00","356,581.00","173,826.00","182,755.00","311,929.00","25,172.00","13,167.00"
,,Competenze USL,83.60%,1,"426,948.00","203,682.00","223,266.00","356,909.00","174,028.00","182,881.00","289,755.00","47,938.00","12,437.00"
,,Elezione Senato della Repubblica,83.70%,6,"426,948.00","203,682.00","223,266.00","357,355.00","174,004.00","183,351.00","296,867.00","42,363.00","11,207.00"
,,Finanziamento pubblico dei partiti,83.62%,3,"426,948.00","203,682.00","223,266.00","357,005.00","173,800.00","183,205.00","312,950.00","26,068.00","10,967.00"
,,Ministero agricoltura e foreste,83.54%,7,"426,948.00","203,682.00","223,266.00","356,689.00","173,698.00","182,991.00","256,835.00","80,696.00","12,825.00"
,,Ministero delle partecipazioni statali,84.27%,5,"426,948.00","203,682.00","223,266.00","359,800.00","176,710.00","183,090.00","313,768.00","23,823.00","12,500.00"
,,Ministero turismo e spettacolo,83.53%,8,"426,948.00","203,682.00","223,266.00","356,620.00","173,675.00","182,945.00","295,856.00","42,894.00","13,104.00"
,,Stupefacenti e sostanze  psicotrope,83.61%,2,"426,948.00","203,682.00","223,266.00","356,964.00","173,759.00","183,205.00","187,050.00","150,656.00","12,104.00"
,Novara Total,,83.67%,36,"3,415,584.00","1,629,456.00","1,786,128.00","2,857,923.00","1,393,500.00","1,464,423.00","2,265,010.00","439,610.00","98,311.00"
,Torino,Casse Risparmio e Monti Pieta',83.06%,4,"1,897,448.00","912,041.00","985,407.00","1,575,974.00","773,478.00","802,496.00","1,384,323.00","121,337.00","41,415.00"
,,Competenze USL,83.02%,1,"1,897,448.00","912,041.00","985,407.00","1,575,312.00","773,218.00","802,094.00","1,258,725.00","250,062.00","38,360.00"
,,Elezione Senato della Repubblica,83.18%,6,"1,897,448.00","912,041.00","985,407.00","1,578,360.00","774,916.00","803,444.00","1,275,303.00","239,842.00","34,673.00"
,,Finanziamento pubblico dei partiti,83.13%,3,"1,897,448.00","912,041.00","985,407.00","1,577,279.00","774,272.00","803,007.00","1,397,463.00","120,341.00","32,537.00"
,,Ministero agricoltura e foreste,83.02%,7,"1,897,448.00","912,041.00","985,407.00","1,575,297.00","773,350.00","801,947.00","1,170,990.00","336,998.00","39,769.00"
,,Ministero delle partecipazioni statali,83.07%,5,"1,897,448.00","912,041.00","985,407.00","1,576,146.00","773,632.00","802,514.00","1,391,986.00","117,171.00","38,931.00"
,,Ministero turismo e spettacolo,83.04%,8,"1,897,448.00","912,041.00","985,407.00","1,575,670.00","773,326.00","802,344.00","1,300,734.00","205,306.00","41,742.00"
,,Stupefacenti e sostanze  psicotrope,83.17%,2,"1,897,448.00","912,041.00","985,407.00","1,578,093.00","774,796.00","803,297.00","822,340.00","685,587.00","37,173.00"
,Torino Total,,83.09%,36,"15,179,584.00","7,296,328.00","7,883,256.00","12,612,131.00","6,190,988.00","6,421,143.00","10,001,864.00","2,076,644.00","304,600.00"
,Vercelli,Casse Risparmio e Monti Pieta',85.43%,4,"323,813.00","153,024.00","170,789.00","276,646.00","133,673.00","142,973.00","239,212.00","19,642.00","12,418.00"
,,Competenze USL,85.43%,1,"323,813.00","153,024.00","170,789.00","276,619.00","133,677.00","142,942.00","217,996.00","41,551.00","11,733.00"
,,Elezione Senato della Repubblica,85.54%,6,"323,813.00","153,024.00","170,789.00","276,983.00","133,889.00","143,094.00","229,415.00","31,762.00","10,492.00"
,,Finanziamento pubblico dei partiti,85.49%,3,"323,813.00","153,024.00","170,789.00","276,815.00","133,791.00","143,024.00","241,083.00","19,501.00","10,670.00"
,,Ministero agricoltura e foreste,85.42%,7,"323,813.00","153,024.00","170,789.00","276,594.00","133,645.00","142,949.00","200,401.00","59,271.00","11,745.00"
,,Ministero delle partecipazioni statali,85.43%,5,"323,813.00","153,024.00","170,789.00","276,624.00","133,666.00","142,958.00","240,973.00","18,298.00","12,103.00"
,,Ministero turismo e spettacolo,85.41%,8,"323,813.00","153,024.00","170,789.00","276,556.00","133,648.00","142,908.00","226,929.00","32,154.00","12,244.00"
,,Stupefacenti e sostanze  psicotrope,85.48%,2,"323,813.00","153,024.00","170,789.00","276,807.00","133,784.00","143,023.00","145,524.00","113,882.00","11,501.00"
,Vercelli Total,,85.45%,36,"2,590,504.00","1,224,192.00","1,366,312.00","2,213,644.00","1,069,773.00","1,143,871.00","1,741,533.00","336,061.00","92,906.00"
PIEMONTE Total,,,81.86%,216,"29,370,520.00","14,082,256.00","15,288,264.00","24,042,638.00","11,822,406.00","12,220,232.00","19,244,143.00","3,893,113.00","787,446.00"
PUGLIA,Bari,Casse Risparmio e Monti Pieta',68.69%,4,"1,233,157.00","598,838.00","634,319.00","847,113.00","429,832.00","417,281.00","665,805.00","113,648.00","43,167.00"
,,Competenze USL,68.71%,1,"1,233,157.00","598,838.00","634,319.00","847,319.00","429,658.00","417,661.00","648,521.00","135,660.00","39,019.00"
,,Elezione Senato della Repubblica,68.82%,6,"1,233,157.00","598,838.00","634,319.00","848,627.00","429,963.00","418,664.00","613,283.00","180,367.00","31,236.00"
,,Finanziamento pubblico dei partiti,68.74%,3,"1,233,157.00","598,838.00","634,319.00","847,643.00","430,209.00","417,434.00","682,341.00","103,274.00","38,328.00"
,,Ministero agricoltura e foreste,68.79%,7,"1,233,157.00","598,838.00","634,319.00","848,284.00","430,285.00","417,999.00","464,002.00","321,014.00","39,531.00"
,,Ministero delle partecipazioni statali,68.40%,5,"1,233,157.00","598,838.00","634,319.00","843,433.00","427,940.00","415,493.00","669,539.00","107,989.00","43,115.00"
,,Ministero turismo e spettacolo,68.72%,8,"1,233,157.00","598,838.00","634,319.00","847,458.00","430,189.00","417,269.00","574,711.00","208,594.00","37,884.00"
,,Stupefacenti e sostanze  psicotrope,68.79%,2,"1,233,157.00","598,838.00","634,319.00","848,289.00","430,503.00","417,786.00","389,746.00","396,938.00","35,294.00"
,Bari Total,,68.71%,36,"9,865,256.00","4,790,704.00","5,074,552.00","6,778,166.00","3,438,579.00","3,339,587.00","4,707,948.00","1,567,484.00","307,574.00"
,Brindisi,Casse Risparmio e Monti Pieta',69.54%,4,"328,064.00","157,722.00","170,342.00","228,133.00","113,518.00","114,615.00","167,570.00","35,190.00","15,867.00"
,,Competenze USL,69.55%,1,"328,064.00","157,722.00","170,342.00","228,156.00","113,523.00","114,633.00","163,424.00","40,970.00","15,665.00"
,,Elezione Senato della Repubblica,69.61%,6,"328,064.00","157,722.00","170,342.00","228,349.00","113,734.00","114,615.00","157,999.00","49,124.00","13,383.00"
,,Finanziamento pubblico dei partiti,69.73%,3,"328,064.00","157,722.00","170,342.00","228,758.00","113,836.00","114,922.00","172,415.00","32,024.00","15,418.00"
,,Ministero agricoltura e foreste,69.55%,7,"328,064.00","157,722.00","170,342.00","228,155.00","111,896.00","116,259.00","125,989.00","78,469.00","15,699.00"
,,Ministero delle partecipazioni statali,69.53%,5,"328,064.00","157,722.00","170,342.00","228,098.00","113,488.00","114,610.00","169,709.00","33,608.00","16,725.00"
,,Ministero turismo e spettacolo,69.58%,8,"328,064.00","157,722.00","170,342.00","228,274.00","113,548.00","114,726.00","148,952.00","55,187.00","15,977.00"
,,Stupefacenti e sostanze  psicotrope,69.59%,2,"328,064.00","157,722.00","170,342.00","228,314.00","113,631.00","114,683.00","105,280.00","99,944.00","14,486.00"
,Brindisi Total,,69.58%,36,"2,624,512.00","1,261,776.00","1,362,736.00","1,826,237.00","907,174.00","919,063.00","1,211,338.00","424,516.00","123,220.00"
,Foggia,Casse Risparmio e Monti Pieta',65.27%,4,"557,154.00","271,206.00","285,948.00","363,668.00","184,585.00","179,083.00","282,057.00","51,202.00","20,046.00"
,,Competenze USL,65.27%,1,"557,154.00","271,206.00","285,948.00","363,681.00","184,591.00","179,090.00","267,757.00","66,579.00","18,692.00"
,,Elezione Senato della Repubblica,65.33%,6,"557,154.00","271,206.00","285,948.00","363,992.00","184,791.00","179,201.00","267,468.00","70,712.00","16,899.00"
,,Finanziamento pubblico dei partiti,65.29%,3,"557,154.00","271,206.00","285,948.00","363,789.00","184,664.00","179,125.00","291,118.00","44,806.00","18,193.00"
,,Ministero agricoltura e foreste,65.28%,7,"557,154.00","271,206.00","285,948.00","363,692.00","184,598.00","179,094.00","196,130.00","140,344.00","17,072.00"
,,Ministero delle partecipazioni statali,65.27%,5,"557,154.00","271,206.00","285,948.00","363,654.00","184,550.00","179,104.00","285,510.00","48,192.00","19,978.00"
,,Ministero turismo e spettacolo,65.26%,8,"557,154.00","271,206.00","285,948.00","363,621.00","184,561.00","179,060.00","249,809.00","85,328.00","18,783.00"
,,Stupefacenti e sostanze  psicotrope,65.31%,2,"557,154.00","271,206.00","285,948.00","363,855.00","184,702.00","179,153.00","173,201.00","163,222.00","17,135.00"
,Foggia Total,,65.29%,36,"4,457,232.00","2,169,648.00","2,287,584.00","2,909,952.00","1,477,042.00","1,432,910.00","2,013,050.00","670,385.00","146,798.00"
,Lecce,Casse Risparmio e Monti Pieta',65.15%,4,"664,714.00","317,076.00","347,638.00","433,076.00","211,752.00","221,324.00","321,020.00","60,257.00","36,724.00"
,,Competenze USL,65.18%,1,"664,714.00","317,076.00","347,638.00","433,256.00","211,823.00","221,433.00","312,153.00","72,983.00","33,231.00"
,,Elezione Senato della Repubblica,65.26%,6,"664,714.00","317,076.00","347,638.00","433,793.00","212,227.00","221,566.00","299,135.00","90,603.00","29,396.00"
,,Finanziamento pubblico dei partiti,65.20%,3,"664,714.00","317,076.00","347,638.00","433,388.00","211,974.00","221,414.00","332,782.00","54,033.00","32,227.00"
,,Ministero agricoltura e foreste,65.17%,7,"664,714.00","317,076.00","347,638.00","433,179.00","211,829.00","221,350.00","237,965.00","146,988.00","34,062.00"
,,Ministero delle partecipazioni statali,65.15%,5,"664,714.00","317,076.00","347,638.00","433,055.00","211,740.00","221,315.00","326,413.00","56,137.00","36,300.00"
,,Ministero turismo e spettacolo,65.15%,8,"664,714.00","317,076.00","347,638.00","433,061.00","211,747.00","221,314.00","285,700.00","99,157.00","34,142.00"
,,Stupefacenti e sostanze  psicotrope,65.20%,2,"664,714.00","317,076.00","347,638.00","433,402.00","212,121.00","221,281.00","198,199.00","189,911.00","30,398.00"
,Lecce Total,,65.18%,36,"5,317,712.00","2,536,608.00","2,781,104.00","3,466,210.00","1,695,213.00","1,770,997.00","2,313,367.00","770,069.00","266,480.00"
,Taranto,Casse Risparmio e Monti Pieta',73.46%,4,"467,472.00","227,336.00","240,136.00","343,402.00","174,002.00","169,400.00","268,491.00","45,017.00","18,886.00"
,,Competenze USL,73.49%,1,"467,472.00","227,336.00","240,136.00","343,544.00","175,089.00","168,455.00","257,956.00","57,379.00","17,197.00"
,,Elezione Senato della Repubblica,73.55%,6,"467,472.00","227,336.00","240,136.00","343,806.00","175,231.00","168,575.00","253,837.00","64,303.00","15,315.00"
,,Finanziamento pubblico dei partiti,73.43%,3,"467,472.00","227,336.00","240,136.00","343,244.00","175,025.00","168,219.00","275,637.00","39,989.00","17,199.00"
,,Ministero agricoltura e foreste,73.40%,7,"467,472.00","227,336.00","240,136.00","343,109.00","174,805.00","168,304.00","202,360.00","112,742.00","17,963.00"
,,Ministero delle partecipazioni statali,73.53%,5,"467,472.00","227,336.00","240,136.00","343,753.00","174,994.00","168,759.00","269,849.00","44,622.00","19,059.00"
,,Ministero turismo e spettacolo,73.38%,8,"467,472.00","227,336.00","240,136.00","343,033.00","174,737.00","168,296.00","238,060.00","76,670.00","17,349.00"
,,Stupefacenti e sostanze  psicotrope,73.53%,2,"467,472.00","227,336.00","240,136.00","343,746.00","175,214.00","168,532.00","155,413.00","161,635.00","15,791.00"
,Taranto Total,,73.47%,36,"3,739,776.00","1,818,688.00","1,921,088.00","2,747,637.00","1,399,097.00","1,348,540.00","1,921,603.00","602,357.00","138,759.00"
PUGLIA Total,,,68.17%,180,"26,004,488.00","12,577,424.00","13,427,064.00","17,728,202.00","8,917,105.00","8,811,097.00","12,167,306.00","4,034,811.00","982,831.00"
SARDEGNA,Cagliari,Casse Risparmio e Monti Pieta',74.20%,4,"614,544.00","301,370.00","313,174.00","455,974.00","228,237.00","227,737.00","391,575.00","41,029.00","14,502.00"
,,Competenze USL,74.21%,1,"614,544.00","301,370.00","313,174.00","456,073.00","228,334.00","227,739.00","369,547.00","64,547.00","13,206.00"
,,Elezione Senato della Repubblica,74.33%,6,"614,544.00","301,370.00","313,174.00","456,774.00","228,835.00","227,939.00","368,625.00","68,709.00","10,990.00"
,,Finanziamento pubblico dei partiti,74.25%,3,"614,544.00","301,370.00","313,174.00","456,306.00","228,471.00","227,835.00","396,750.00","40,281.00","11,595.00"
,,Ministero agricoltura e foreste,74.21%,7,"614,544.00","301,370.00","313,174.00","456,075.00","228,381.00","227,694.00","331,231.00","102,599.00","13,711.00"
,,Ministero delle partecipazioni statali,74.20%,5,"614,544.00","301,370.00","313,174.00","455,998.00","228,395.00","227,603.00","391,720.00","41,612.00","14,055.00"
,,Ministero turismo e spettacolo,74.19%,8,"614,544.00","301,370.00","313,174.00","455,928.00","228,242.00","227,686.00","362,322.00","72,005.00","13,347.00"
,,Stupefacenti e sostanze  psicotrope,74.29%,2,"614,544.00","301,370.00","313,174.00","456,562.00","228,671.00","227,891.00","236,825.00","198,313.00","11,604.00"
,Cagliari Total,,74.24%,36,"4,916,352.00","2,410,960.00","2,505,392.00","3,649,690.00","1,827,566.00","1,822,124.00","2,848,595.00","629,095.00","103,010.00"
,Nuoro,Casse Risparmio e Monti Pieta',65.69%,4,"224,839.00","111,121.00","113,718.00","147,690.00","73,181.00","74,509.00","124,542.00","14,537.00","5,382.00"
,,Competenze USL,65.70%,1,"224,839.00","111,121.00","113,718.00","147,711.00","73,186.00","74,525.00","119,618.00","20,071.00","4,934.00"
,,Elezione Senato della Repubblica,65.77%,6,"224,839.00","111,121.00","113,718.00","147,887.00","73,317.00","74,570.00","118,519.00","22,312.00","4,152.00"
,,Finanziamento pubblico dei partiti,65.71%,3,"224,839.00","111,121.00","113,718.00","147,746.00","73,252.00","74,494.00","126,880.00","13,410.00","4,435.00"
,,Ministero agricoltura e foreste,65.70%,7,"224,839.00","111,121.00","113,718.00","147,716.00","73,197.00","74,519.00","101,906.00","38,203.00","4,733.00"
,,Ministero delle partecipazioni statali,65.68%,5,"224,839.00","111,121.00","113,718.00","147,680.00","73,176.00","74,504.00","125,280.00","14,124.00","5,234.00"
,,Ministero turismo e spettacolo,65.74%,8,"224,839.00","111,121.00","113,718.00","147,818.00","73,214.00","74,604.00","117,723.00","22,137.00","4,894.00"
,,Stupefacenti e sostanze  psicotrope,65.77%,2,"224,839.00","111,121.00","113,718.00","147,887.00","73,317.00","74,570.00","88,230.00","51,696.00","4,619.00"
,Nuoro Total,,65.72%,36,"1,798,712.00","888,968.00","909,744.00","1,182,135.00","585,840.00","596,295.00","922,698.00","196,490.00","38,383.00"
,Oristano,Casse Risparmio e Monti Pieta',71.19%,4,"129,509.00","64,199.00","65,310.00","92,194.00","46,283.00","45,911.00","77,452.00","8,618.00","3,554.00"
,,Competenze USL,71.03%,1,"129,509.00","64,199.00","65,310.00","91,992.00","46,192.00","45,800.00","75,358.00","11,262.00","3,267.00"
,,Elezione Senato della Repubblica,71.11%,6,"129,509.00","64,199.00","65,310.00","92,098.00","46,258.00","45,840.00","74,778.00","12,301.00","2,876.00"
,,Finanziamento pubblico dei partiti,71.08%,3,"129,509.00","64,199.00","65,310.00","92,051.00","46,228.00","45,823.00","78,843.00","8,261.00","2,871.00"
,,Ministero agricoltura e foreste,71.01%,7,"129,509.00","64,199.00","65,310.00","91,963.00","46,171.00","45,792.00","64,072.00","22,694.00","3,155.00"
,,Ministero delle partecipazioni statali,71.18%,5,"129,509.00","64,199.00","65,310.00","92,180.00","46,277.00","45,903.00","78,291.00","8,146.00","3,397.00"
,,Ministero turismo e spettacolo,71.00%,8,"129,509.00","64,199.00","65,310.00","91,947.00","46,164.00","45,783.00","73,116.00","13,603.00","3,175.00"
,,Stupefacenti e sostanze  psicotrope,71.08%,2,"129,509.00","64,199.00","65,310.00","92,049.00","46,215.00","45,834.00","48,072.00","38,645.00","2,947.00"
,Oristano Total,,71.08%,36,"1,036,072.00","513,592.00","522,480.00","736,474.00","369,788.00","366,686.00","569,982.00","123,530.00","25,242.00"
,Sassari,Casse Risparmio e Monti Pieta',74.34%,4,"374,663.00","184,354.00","190,309.00","278,523.00","139,507.00","139,016.00","245,864.00","20,549.00","8,093.00"
,,Competenze USL,74.35%,1,"374,663.00","184,354.00","190,309.00","278,555.00","139,522.00","139,033.00","238,179.00","29,200.00","7,199.00"
,,Elezione Senato della Repubblica,74.43%,6,"374,663.00","184,354.00","190,309.00","278,865.00","139,748.00","139,117.00","237,804.00","31,196.00","6,135.00"
,,Finanziamento pubblico dei partiti,74.39%,3,"374,663.00","184,354.00","190,309.00","278,710.00","139,609.00","139,101.00","241,105.00","19,680.00","6,500.00"
,,Ministero agricoltura e foreste,74.34%,7,"374,663.00","184,354.00","190,309.00","278,524.00","139,534.00","138,990.00","199,889.00","59,825.00","7,084.00"
,,Ministero delle partecipazioni statali,74.33%,5,"374,663.00","184,354.00","190,309.00","278,494.00","139,510.00","138,984.00","247,036.00","20,243.00","7,562.00"
,,Ministero turismo e spettacolo,74.34%,8,"374,663.00","184,354.00","190,309.00","278,532.00","139,493.00","139,039.00","229,480.00","37,905.00","7,196.00"
,,Stupefacenti e sostanze  psicotrope,74.40%,2,"374,663.00","184,354.00","190,309.00","278,737.00","139,636.00","139,101.00","161,646.00","105,697.00","6,693.00"
,Sassari Total,,74.36%,36,"2,997,304.00","1,474,832.00","1,522,472.00","2,228,940.00","1,116,559.00","1,112,381.00","1,801,003.00","324,295.00","56,462.00"
SARDEGNA Total,,,72.54%,144,"10,748,440.00","5,288,352.00","5,460,088.00","7,797,239.00","3,899,753.00","3,897,486.00","6,142,278.00","1,273,410.00","223,097.00"
SICILIA,Agrigento,Casse Risparmio e Monti Pieta',51.40%,4,"441,813.00","217,813.00","224,000.00","227,099.00","118,286.00","108,813.00","169,369.00","32,303.00","14,800.00"
,,Competenze USL,51.39%,1,"441,813.00","217,813.00","224,000.00","227,034.00","118,198.00","108,836.00","166,069.00","39,069.00","13,622.00"
,,Elezione Senato della Repubblica,51.40%,6,"441,813.00","217,813.00","224,000.00","227,078.00","118,275.00","108,803.00","147,129.00","57,663.00","12,398.00"
,,Finanziamento pubblico dei partiti,51.38%,3,"441,813.00","217,813.00","224,000.00","226,995.00","118,228.00","108,767.00","174,220.00","29,498.00","13,388.00"
,,Ministero agricoltura e foreste,51.39%,7,"441,813.00","217,813.00","224,000.00","227,039.00","118,189.00","108,850.00","140,556.00","62,818.00","13,679.00"
,,Ministero delle partecipazioni statali,51.37%,5,"441,813.00","217,813.00","224,000.00","226,950.00","118,181.00","108,769.00","170,854.00","31,761.00","14,489.00"
,,Ministero turismo e spettacolo,51.38%,8,"441,813.00","217,813.00","224,000.00","226,986.00","118,138.00","108,848.00","155,874.00","47,734.00","13,826.00"
,,Stupefacenti e sostanze  psicotrope,51.38%,2,"441,813.00","217,813.00","224,000.00","227,006.00","118,238.00","108,768.00","124,318.00","79,197.00","13,123.00"
,Agrigento Total,,51.38%,36,"3,534,504.00","1,742,504.00","1,792,000.00","1,816,187.00","945,733.00","870,454.00","1,248,389.00","380,043.00","109,325.00"
,Caltanissetta,Casse Risparmio e Monti Pieta',57.15%,4,"262,904.00","128,152.00","134,752.00","150,245.00","76,425.00","73,820.00","108,166.00","26,562.00","9,386.00"
,,Competenze USL,57.15%,1,"262,904.00","128,152.00","134,752.00","150,253.00","76,423.00","73,830.00","105,826.00","29,963.00","8,550.00"
,,Elezione Senato della Repubblica,57.15%,6,"262,904.00","128,152.00","134,752.00","150,239.00","76,419.00","73,820.00","93,565.00","43,271.00","7,620.00"
,,Finanziamento pubblico dei partiti,57.17%,3,"262,904.00","128,152.00","134,752.00","150,309.00","76,465.00","73,844.00","111,224.00","24,784.00","8,423.00"
,,Ministero agricoltura e foreste,57.15%,7,"262,904.00","128,152.00","134,752.00","150,253.00","76,430.00","73,823.00","89,394.00","46,356.00","8,713.00"
,,Ministero delle partecipazioni statali,57.15%,5,"262,904.00","128,152.00","134,752.00","150,245.00","76,420.00","73,825.00","108,855.00","26,340.00","9,191.00"
,,Ministero turismo e spettacolo,57.15%,8,"262,904.00","128,152.00","134,752.00","150,239.00","76,419.00","73,820.00","99,193.00","36,514.00","8,599.00"
,,Stupefacenti e sostanze  psicotrope,57.19%,2,"262,904.00","128,152.00","134,752.00","150,346.00","76,499.00","73,847.00","80,468.00","55,296.00","8,422.00"
,Caltanissetta Total,,57.16%,36,"2,103,232.00","1,025,216.00","1,078,016.00","1,202,129.00","611,500.00","590,629.00","796,691.00","289,086.00","68,904.00"
,Catania,Casse Risparmio e Monti Pieta',65.51%,4,"861,032.00","415,888.00","445,144.00","564,053.00","285,309.00","278,744.00","416,739.00","88,709.00","30,677.00"
,,Competenze USL,65.48%,1,"861,032.00","415,888.00","445,144.00","563,771.00","285,108.00","278,663.00","406,589.00","102,174.00","24,235.00"
,,Elezione Senato della Repubblica,65.54%,6,"861,032.00","415,888.00","445,144.00","564,325.00","285,493.00","278,832.00","358,434.00","154,934.00","24,171.00"
,,Finanziamento pubblico dei partiti,65.55%,3,"861,032.00","415,888.00","445,144.00","564,420.00","285,502.00","278,918.00","430,458.00","79,659.00","27,126.00"
,,Ministero agricoltura e foreste,65.53%,7,"861,032.00","415,888.00","445,144.00","564,254.00","285,324.00","278,930.00","344,268.00","164,476.00","28,630.00"
,,Ministero delle partecipazioni statali,65.52%,5,"861,032.00","415,888.00","445,144.00","564,122.00","285,563.00","278,559.00","421,233.00","86,042.00","29,630.00"
,,Ministero turismo e spettacolo,65.50%,8,"861,032.00","415,888.00","445,144.00","564,006.00","285,203.00","278,803.00","369,772.00","140,808.00","26,862.00"
,,Stupefacenti e sostanze  psicotrope,65.56%,2,"861,032.00","415,888.00","445,144.00","564,514.00","285,724.00","278,790.00","306,760.00","203,734.00","26,281.00"
,Catania Total,,65.52%,36,"6,888,256.00","3,327,104.00","3,561,152.00","4,513,465.00","2,283,226.00","2,230,239.00","3,054,253.00","1,020,536.00","217,612.00"
,Enna,Casse Risparmio e Monti Pieta',53.49%,4,"182,879.00","89,922.00","92,957.00","97,830.00","50,194.00","47,636.00","69,201.00","15,076.00","7,690.00"
,,Competenze USL,53.44%,1,"182,879.00","89,922.00","92,957.00","97,736.00","50,199.00","47,537.00","67,300.00","17,599.00","7,050.00"
,,Elezione Senato della Repubblica,53.53%,6,"182,879.00","89,922.00","92,957.00","97,894.00","50,241.00","47,653.00","60,313.00","25,535.00","6,343.00"
,,Finanziamento pubblico dei partiti,53.51%,3,"182,879.00","89,922.00","92,957.00","97,861.00","50,217.00","47,644.00","70,656.00","14,581.00","7,008.00"
,,Ministero agricoltura e foreste,53.49%,7,"182,879.00","89,922.00","92,957.00","97,827.00","50,190.00","47,637.00","57,647.00","27,434.00","7,252.00"
,,Ministero delle partecipazioni statali,53.49%,5,"182,879.00","89,922.00","92,957.00","97,817.00","50,183.00","47,634.00","69,302.00","15,186.00","7,587.00"
,,Ministero turismo e spettacolo,53.49%,8,"182,879.00","89,922.00","92,957.00","97,825.00","50,192.00","47,633.00","63,387.00","21,784.00","7,055.00"
,,Stupefacenti e sostanze  psicotrope,53.52%,2,"182,879.00","89,922.00","92,957.00","97,868.00","50,219.00","47,649.00","52,756.00","32,321.00","6,822.00"
,Enna Total,,53.50%,36,"1,463,032.00","719,376.00","743,656.00","782,658.00","401,635.00","381,023.00","510,562.00","169,516.00","56,807.00"
,Messina,Casse Risparmio e Monti Pieta',64.49%,4,"558,526.00","266,760.00","291,766.00","360,171.00","182,829.00","177,342.00","257,332.00","50,799.00","31,790.00"
,,Competenze USL,64.45%,1,"558,526.00","266,760.00","291,766.00","359,964.00","182,722.00","177,242.00","250,349.00","60,836.00","28,899.00"
,,Elezione Senato della Repubblica,64.52%,6,"558,526.00","266,760.00","291,766.00","360,387.00","183,023.00","177,364.00","227,963.00","86,158.00","27,186.00"
,,Finanziamento pubblico dei partiti,64.41%,3,"558,526.00","266,760.00","291,766.00","359,738.00","182,438.00","177,300.00","265,910.00","47,226.00","28,027.00"
,,Ministero agricoltura e foreste,64.44%,7,"558,526.00","266,760.00","291,766.00","359,929.00","182,738.00","177,191.00","206,846.00","104,239.00","29,945.00"
,,Ministero delle partecipazioni statali,64.44%,5,"558,526.00","266,760.00","291,766.00","359,926.00","182,748.00","177,178.00","258,351.00","50,853.00","31,081.00"
,,Ministero turismo e spettacolo,64.43%,8,"558,526.00","266,760.00","291,766.00","359,885.00","182,728.00","177,157.00","229,380.00","82,435.00","29,030.00"
,,Stupefacenti e sostanze  psicotrope,64.49%,2,"558,526.00","266,760.00","291,766.00","360,208.00","182,892.00","177,316.00","170,522.00","142,276.00","27,700.00"
,Messina Total,,64.46%,36,"4,468,208.00","2,134,080.00","2,334,128.00","2,880,208.00","1,462,118.00","1,418,090.00","1,866,653.00","624,822.00","233,658.00"
,Palermo,Casse Risparmio e Monti Pieta',62.33%,4,"1,025,199.00","493,753.00","531,446.00","638,973.00","329,119.00","309,854.00","449,844.00","123,013.00","36,462.00"
,,Competenze USL,62.24%,1,"1,025,199.00","493,753.00","531,446.00","638,057.00","328,972.00","309,085.00","425,327.00","139,349.00","33,733.00"
,,Elezione Senato della Repubblica,62.29%,6,"1,025,199.00","493,753.00","531,446.00","638,564.00","329,270.00","309,294.00","342,412.00","240,153.00","29,004.00"
,,Finanziamento pubblico dei partiti,62.25%,3,"1,025,199.00","493,753.00","531,446.00","638,194.00","328,994.00","309,200.00","462,214.00","116,212.00","32,216.00"
,,Ministero agricoltura e foreste,62.23%,7,"1,025,199.00","493,753.00","531,446.00","638,001.00","328,886.00","309,115.00","368,090.00","208,106.00","34,361.00"
,,Ministero delle partecipazioni statali,62.17%,5,"1,025,199.00","493,753.00","531,446.00","637,357.00","328,564.00","308,793.00","450,816.00","124,034.00","35,857.00"
,,Ministero turismo e spettacolo,62.21%,8,"1,025,199.00","493,753.00","531,446.00","637,738.00","328,879.00","308,859.00","395,732.00","181,065.00","32,857.00"
,,Stupefacenti e sostanze  psicotrope,62.25%,2,"1,025,199.00","493,753.00","531,446.00","638,141.00","328,884.00","309,257.00","329,678.00","248,530.00","31,776.00"
,Palermo Total,,62.24%,36,"8,201,592.00","3,950,024.00","4,251,568.00","5,105,025.00","2,631,568.00","2,473,457.00","3,224,113.00","1,380,462.00","266,266.00"
,Ragusa,Casse Risparmio e Monti Pieta',70.68%,4,"235,088.00","113,550.00","121,538.00","166,154.00","83,579.00","82,575.00","118,972.00","22,901.00","11,163.00"
,,Competenze USL,70.47%,1,"235,088.00","113,550.00","121,538.00","165,665.00","83,334.00","82,331.00","116,607.00","26,905.00","10,023.00"
,,Elezione Senato della Repubblica,70.76%,6,"235,088.00","113,550.00","121,538.00","166,348.00","83,679.00","82,669.00","105,499.00","38,920.00","8,838.00"
,,Finanziamento pubblico dei partiti,70.49%,3,"235,088.00","113,550.00","121,538.00","165,722.00","83,370.00","82,352.00","122,316.00","21,095.00","10,235.00"
,,Ministero agricoltura e foreste,70.74%,7,"235,088.00","113,550.00","121,538.00","166,306.00","83,636.00","82,670.00","98,189.00","45,226.00","9,856.00"
,,Ministero delle partecipazioni statali,70.69%,5,"235,088.00","113,550.00","121,538.00","166,176.00","83,580.00","82,596.00","120,335.00","22,436.00","10,737.00"
,,Ministero turismo e spettacolo,70.69%,8,"235,088.00","113,550.00","121,538.00","166,180.00","83,583.00","82,597.00","107,917.00","35,487.00","10,060.00"
,,Stupefacenti e sostanze  psicotrope,70.51%,2,"235,088.00","113,550.00","121,538.00","165,766.00","83,407.00","82,359.00","88,361.00","55,289.00","9,657.00"
,Ragusa Total,,70.63%,36,"1,880,704.00","908,400.00","972,304.00","1,328,317.00","668,168.00","660,149.00","878,196.00","268,259.00","80,569.00"
,Siracusa,Casse Risparmio e Monti Pieta',64.29%,4,"335,497.00","164,983.00","170,514.00","215,698.00","110,548.00","105,150.00","166,809.00","31,115.00","9,921.00"
,,Competenze USL,64.29%,1,"335,497.00","164,983.00","170,514.00","215,692.00","110,536.00","105,156.00","161,822.00","37,037.00","9,002.00"
,,Elezione Senato della Repubblica,64.34%,6,"335,497.00","164,983.00","170,514.00","215,852.00","110,572.00","105,280.00","139,492.00","60,904.00","7,698.00"
,,Finanziamento pubblico dei partiti,64.31%,3,"335,497.00","164,983.00","170,514.00","215,758.00","110,595.00","105,163.00","171,096.00","28,633.00","8,491.00"
,,Ministero agricoltura e foreste,64.29%,7,"335,497.00","164,983.00","170,514.00","215,681.00","110,529.00","105,152.00","135,661.00","63,356.00","9,270.00"
,,Ministero delle partecipazioni statali,64.29%,5,"335,497.00","164,983.00","170,514.00","215,679.00","110,527.00","105,152.00","167,889.00","30,640.00","9,582.00"
,,Ministero turismo e spettacolo,64.29%,8,"335,497.00","164,983.00","170,514.00","215,677.00","110,443.00","105,234.00","149,225.00","50,145.00","8,994.00"
,,Stupefacenti e sostanze  psicotrope,64.32%,2,"335,497.00","164,983.00","170,514.00","215,785.00","110,604.00","105,181.00","112,719.00","87,086.00","8,283.00"
,Siracusa Total,,64.30%,36,"2,683,976.00","1,319,864.00","1,364,112.00","1,725,822.00","884,354.00","841,468.00","1,204,713.00","388,916.00","71,241.00"
,Trapani,Casse Risparmio e Monti Pieta',65.38%,4,"360,943.00","173,752.00","187,191.00","235,969.00","120,983.00","114,986.00","164,552.00","40,719.00","18,001.00"
,,Competenze USL,65.38%,1,"360,943.00","173,752.00","187,191.00","235,973.00","120,985.00","114,988.00","161,729.00","47,011.00","16,808.00"
,,Elezione Senato della Repubblica,65.45%,6,"360,943.00","173,752.00","187,191.00","236,230.00","121,159.00","115,071.00","143,953.00","65,222.00","14,745.00"
,,Finanziamento pubblico dei partiti,65.41%,3,"360,943.00","173,752.00","187,191.00","236,091.00","121,070.00","115,021.00","169,880.00","37,752.00","16,239.00"
,,Ministero agricoltura e foreste,65.37%,7,"360,943.00","173,752.00","187,191.00","235,964.00","121,027.00","114,937.00","127,713.00","80,021.00","16,518.00"
,,Ministero delle partecipazioni statali,65.38%,5,"360,943.00","173,752.00","187,191.00","235,969.00","120,980.00","114,989.00","160,739.00","45,424.00","17,742.00"
,,Ministero turismo e spettacolo,65.33%,8,"360,943.00","173,752.00","187,191.00","235,811.00","120,820.00","114,991.00","147,703.00","59,993.00","16,470.00"
,,Stupefacenti e sostanze  psicotrope,65.45%,2,"360,943.00","173,752.00","187,191.00","236,247.00","121,174.00","115,073.00","120,681.00","87,214.00","15,852.00"
,Trapani Total,,65.39%,36,"2,887,544.00","1,390,016.00","1,497,528.00","1,888,254.00","968,198.00","920,056.00","1,196,950.00","463,356.00","132,375.00"
SICILIA Total,,,62.27%,324,"34,111,048.00","16,516,584.00","17,594,464.00","21,242,065.00","10,856,500.00","10,385,565.00","13,980,520.00","4,984,996.00","1,236,757.00"
TOSCANA,Arezzo,Casse Risparmio e Monti Pieta',83.32%,4,"266,658.00","128,856.00","137,802.00","222,169.00","111,503.00","110,666.00","188,457.00","20,252.00","9,985.00"
,,Competenze USL,83.32%,1,"266,658.00","128,856.00","137,802.00","222,170.00","111,475.00","110,695.00","168,610.00","40,996.00","9,206.00"
,,Elezione Senato della Repubblica,83.50%,6,"266,658.00","128,856.00","137,802.00","222,654.00","112,023.00","110,631.00","179,862.00","32,651.00","6,955.00"
,,Finanziamento pubblico dei partiti,83.40%,3,"266,658.00","128,856.00","137,802.00","222,387.00","111,644.00","110,743.00","191,563.00","19,675.00","7,971.00"
,,Ministero agricoltura e foreste,83.33%,7,"266,658.00","128,856.00","137,802.00","222,217.00","111,545.00","110,672.00","142,810.00","67,174.00","8,902.00"
,,Ministero delle partecipazioni statali,83.31%,5,"266,658.00","128,856.00","137,802.00","222,166.00","111,494.00","110,672.00","190,397.00","19,363.00","9,098.00"
,,Ministero turismo e spettacolo,83.29%,8,"266,658.00","128,856.00","137,802.00","222,107.00","111,471.00","110,636.00","173,083.00","36,389.00","9,419.00"
,,Stupefacenti e sostanze  psicotrope,83.47%,2,"266,658.00","128,856.00","137,802.00","222,580.00","111,701.00","110,879.00","125,545.00","84,890.00","8,312.00"
,Arezzo Total,,83.37%,36,"2,133,264.00","1,030,848.00","1,102,416.00","1,778,450.00","892,856.00","885,594.00","1,360,327.00","321,390.00","69,848.00"
,Firenze,Casse Risparmio e Monti Pieta',85.19%,4,"997,721.00","475,290.00","522,431.00","849,940.00","416,405.00","433,535.00","739,982.00","70,830.00","27,359.00"
,,Competenze USL,85.21%,1,"997,721.00","475,290.00","522,431.00","850,172.00","416,585.00","433,587.00","638,726.00","173,676.00","25,893.00"
,,Elezione Senato della Repubblica,85.50%,6,"997,721.00","475,290.00","522,431.00","853,015.00","418,207.00","434,808.00","690,751.00","133,597.00","18,449.00"
,,Finanziamento pubblico dei partiti,85.36%,3,"997,721.00","475,290.00","522,431.00","851,610.00","417,380.00","434,230.00","752,221.00","69,522.00","20,282.00"
,,Ministero agricoltura e foreste,85.18%,7,"997,721.00","475,290.00","522,431.00","849,877.00","416,362.00","433,515.00","571,165.00","241,452.00","26,155.00"
,,Ministero delle partecipazioni statali,85.17%,5,"997,721.00","475,290.00","522,431.00","849,726.00","416,210.00","433,516.00","740,730.00","71,908.00","25,758.00"
,,Ministero turismo e spettacolo,85.14%,8,"997,721.00","475,290.00","522,431.00","849,441.00","416,234.00","433,207.00","673,225.00","138,128.00","26,981.00"
,,Stupefacenti e sostanze  psicotrope,85.43%,2,"997,721.00","475,290.00","522,431.00","852,356.00","417,745.00","434,611.00","503,517.00","314,728.00","22,285.00"
,Firenze Total,,85.27%,36,"7,981,768.00","3,802,320.00","4,179,448.00","6,806,137.00","3,335,128.00","3,471,009.00","5,310,317.00","1,213,841.00","193,162.00"
,Grosseto,Casse Risparmio e Monti Pieta',84.44%,4,"187,874.00","90,297.00","97,577.00","158,649.00","78,809.00","79,840.00","135,638.00","13,914.00","6,036.00"
,,Competenze USL,84.43%,1,"187,874.00","90,297.00","97,577.00","158,626.00","78,739.00","79,887.00","114,614.00","35,344.00","5,782.00"
,,Elezione Senato della Repubblica,84.63%,6,"187,874.00","90,297.00","97,577.00","159,001.00","78,963.00","80,038.00","127,327.00","24,775.00","4,247.00"
,,Finanziamento pubblico dei partiti,84.52%,3,"187,874.00","90,297.00","97,577.00","158,782.00","78,841.00","79,941.00","137,793.00","13,343.00","4,935.00"
,,Ministero agricoltura e foreste,84.44%,7,"187,874.00","90,297.00","97,577.00","158,636.00","78,756.00","79,880.00","103,934.00","46,403.00","5,488.00"
,,Ministero delle partecipazioni statali,84.41%,5,"187,874.00","90,297.00","97,577.00","158,592.00","78,777.00","79,815.00","136,279.00","13,651.00","5,882.00"
,,Ministero turismo e spettacolo,84.41%,8,"187,874.00","90,297.00","97,577.00","158,585.00","78,714.00","79,871.00","124,197.00","25,650.00","5,893.00"
,,Stupefacenti e sostanze  psicotrope,84.56%,2,"187,874.00","90,297.00","97,577.00","158,857.00","78,885.00","79,972.00","89,795.00","60,787.00","5,196.00"
,Grosseto Total,,84.48%,36,"1,502,992.00","722,376.00","780,616.00","1,269,728.00","630,484.00","639,244.00","969,577.00","233,867.00","43,459.00"
,Livorno,Casse Risparmio e Monti Pieta',83.41%,4,"290,380.00","139,121.00","151,259.00","242,207.00","119,903.00","122,304.00","209,424.00","21,721.00","8,009.00"
,,Competenze USL,83.42%,1,"290,380.00","139,121.00","151,259.00","242,242.00","120,016.00","122,226.00","163,145.00","68,276.00","7,663.00"
,,Elezione Senato della Repubblica,83.68%,6,"290,380.00","139,121.00","151,259.00","242,980.00","120,399.00","122,581.00","195,758.00","39,081.00","5,242.00"
,,Finanziamento pubblico dei partiti,83.53%,3,"290,380.00","139,121.00","151,259.00","242,547.00","120,203.00","122,344.00","213,559.00","19,948.00","6,100.00"
,,Ministero agricoltura e foreste,83.41%,7,"290,380.00","139,121.00","151,259.00","242,195.00","119,952.00","122,243.00","175,889.00","55,668.00","7,652.00"
,,Ministero delle partecipazioni statali,83.40%,5,"290,380.00","139,121.00","151,259.00","242,168.00","119,935.00","122,233.00","209,309.00","22,319.00","7,649.00"
,,Ministero turismo e spettacolo,83.45%,8,"290,380.00","139,121.00","151,259.00","242,328.00","119,962.00","122,366.00","195,743.00","35,970.00","7,712.00"
,,Stupefacenti e sostanze  psicotrope,83.64%,2,"290,380.00","139,121.00","151,259.00","242,886.00","120,341.00","122,545.00","138,798.00","94,252.00","6,359.00"
,Livorno Total,,83.49%,36,"2,323,040.00","1,112,968.00","1,210,072.00","1,939,553.00","960,711.00","978,842.00","1,501,625.00","357,235.00","56,386.00"
,Lucca,Casse Risparmio e Monti Pieta',79.61%,4,"327,328.00","155,639.00","171,689.00","260,577.00","127,622.00","132,955.00","220,068.00","23,359.00","10,876.00"
,,Competenze USL,79.61%,1,"327,328.00","155,639.00","171,689.00","260,571.00","127,734.00","132,837.00","203,524.00","41,265.00","10,187.00"
,,Elezione Senato della Repubblica,79.82%,6,"327,328.00","155,639.00","171,689.00","261,262.00","128,024.00","133,238.00","206,226.00","41,519.00","7,759.00"
,,Finanziamento pubblico dei partiti,79.71%,3,"327,328.00","155,639.00","171,689.00","260,906.00","127,808.00","133,098.00","223,958.00","22,618.00","8,837.00"
,,Ministero agricoltura e foreste,79.58%,7,"327,328.00","155,639.00","171,689.00","260,481.00","127,583.00","132,898.00","170,836.00","73,619.00","10,251.00"
,,Ministero delle partecipazioni statali,79.58%,5,"327,328.00","155,639.00","171,689.00","260,496.00","127,604.00","132,892.00","221,799.00","22,045.00","10,447.00"
,,Ministero turismo e spettacolo,79.53%,8,"327,328.00","155,639.00","171,689.00","260,315.00","127,447.00","132,868.00","202,669.00","41,728.00","10,286.00"
,,Stupefacenti e sostanze  psicotrope,79.74%,2,"327,328.00","155,639.00","171,689.00","261,005.00","127,908.00","133,097.00","138,405.00","107,472.00","8,864.00"
,Lucca Total,,79.65%,36,"2,618,624.00","1,245,112.00","1,373,512.00","2,085,613.00","1,021,730.00","1,063,883.00","1,587,485.00","373,625.00","77,507.00"
,Massa-Carrara,Casse Risparmio e Monti Pieta',76.85%,4,"175,044.00","83,334.00","91,710.00","134,525.00","65,717.00","68,808.00","110,922.00","14,061.00","5,745.00"
,,Competenze USL,76.84%,1,"175,044.00","83,334.00","91,710.00","134,511.00","65,763.00","68,748.00","101,881.00","23,734.00","5,330.00"
,,Elezione Senato della Repubblica,77.05%,6,"175,044.00","83,334.00","91,710.00","134,879.00","65,988.00","68,891.00","101,775.00","25,716.00","4,063.00"
,,Finanziamento pubblico dei partiti,76.89%,3,"175,044.00","83,334.00","91,710.00","134,586.00","65,817.00","68,769.00","112,466.00","13,971.00","4,825.00"
,,Ministero agricoltura e foreste,76.82%,7,"175,044.00","83,334.00","91,710.00","134,476.00","65,739.00","68,737.00","88,347.00","37,405.00","5,439.00"
,,Ministero delle partecipazioni statali,76.79%,5,"175,044.00","83,334.00","91,710.00","134,423.00","65,712.00","68,711.00","111,771.00","13,687.00","5,596.00"
,,Ministero turismo e spettacolo,76.79%,8,"175,044.00","83,334.00","91,710.00","134,413.00","65,709.00","68,704.00","103,397.00","22,092.00","5,598.00"
,,Stupefacenti e sostanze  psicotrope,76.98%,2,"175,044.00","83,334.00","91,710.00","134,741.00","65,923.00","68,818.00","67,562.00","59,151.00","4,522.00"
,Massa-Carrara Total,,76.88%,36,"1,400,352.00","666,672.00","733,680.00","1,076,554.00","526,368.00","550,186.00","798,121.00","209,817.00","41,118.00"
,Pisa,Casse Risparmio e Monti Pieta',84.57%,4,"324,940.00","155,066.00","169,874.00","274,799.00","135,899.00","138,900.00","232,385.00","25,168.00","12,549.00"
,,Competenze USL,84.60%,1,"324,940.00","155,066.00","169,874.00","274,888.00","135,812.00","139,076.00","197,886.00","61,198.00","11,488.00"
,,Elezione Senato della Repubblica,84.93%,6,"324,940.00","155,066.00","169,874.00","275,966.00","136,446.00","139,520.00","213,895.00","49,868.00","8,201.00"
,,Finanziamento pubblico dei partiti,84.71%,3,"324,940.00","155,066.00","169,874.00","275,255.00","136,259.00","138,996.00","236,712.00","24,814.00","9,822.00"
,,Ministero agricoltura e foreste,84.59%,7,"324,940.00","155,066.00","169,874.00","274,856.00","135,783.00","139,073.00","182,537.00","75,956.00","12,047.00"
,,Ministero delle partecipazioni statali,84.56%,5,"324,940.00","155,066.00","169,874.00","274,755.00","135,790.00","138,965.00","233,372.00","24,994.00","12,149.00"
,,Ministero turismo e spettacolo,84.55%,8,"324,940.00","155,066.00","169,874.00","274,749.00","135,756.00","138,993.00","214,309.00","43,621.00","12,613.00"
,,Stupefacenti e sostanze  psicotrope,84.78%,2,"324,940.00","155,066.00","169,874.00","275,470.00","136,113.00","139,357.00","154,788.00","106,271.00","10,030.00"
,Pisa Total,,84.66%,36,"2,599,520.00","1,240,528.00","1,358,992.00","2,200,738.00","1,087,858.00","1,112,880.00","1,665,884.00","411,890.00","88,899.00"
,Pistoia,Casse Risparmio e Monti Pieta',83.01%,4,"228,094.00","108,489.00","119,605.00","189,340.00","92,855.00","96,485.00","160,012.00","17,303.00","8,366.00"
,,Competenze USL,83.02%,1,"228,094.00","108,489.00","119,605.00","189,361.00","92,874.00","96,487.00","140,293.00","37,377.00","7,923.00"
,,Elezione Senato della Repubblica,83.29%,6,"228,094.00","108,489.00","119,605.00","189,979.00","93,279.00","96,700.00","149,169.00","31,621.00","5,708.00"
,,Finanziamento pubblico dei partiti,83.11%,3,"228,094.00","108,489.00","119,605.00","189,559.00","93,001.00","96,558.00","162,476.00","16,908.00","6,757.00"
,,Ministero agricoltura e foreste,83.02%,7,"228,094.00","108,489.00","119,605.00","189,369.00","92,872.00","96,497.00","128,276.00","49,368.00","8,192.00"
,,Ministero delle partecipazioni statali,83.00%,5,"228,094.00","108,489.00","119,605.00","189,325.00","92,848.00","96,477.00","161,301.00","16,392.00","8,187.00"
,,Ministero turismo e spettacolo,82.99%,8,"228,094.00","108,489.00","119,605.00","189,302.00","92,830.00","96,472.00","148,029.00","29,404.00","8,349.00"
,,Stupefacenti e sostanze  psicotrope,83.15%,2,"228,094.00","108,489.00","119,605.00","189,670.00","93,059.00","96,611.00","108,149.00","70,536.00","7,113.00"
,Pistoia Total,,83.07%,36,"1,824,752.00","867,912.00","956,840.00","1,515,905.00","743,618.00","772,287.00","1,157,705.00","268,909.00","60,595.00"
,Siena,Casse Risparmio e Monti Pieta',86.51%,4,"215,662.00","103,385.00","112,277.00","186,565.00","92,307.00","94,258.00","158,184.00","16,956.00","8,473.00"
,,Competenze USL,86.58%,1,"215,662.00","103,385.00","112,277.00","186,726.00","92,339.00","94,387.00","123,235.00","51,932.00","8,123.00"
,,Elezione Senato della Repubblica,86.72%,6,"215,662.00","103,385.00","112,277.00","187,030.00","92,594.00","94,436.00","150,230.00","28,103.00","5,938.00"
,,Finanziamento pubblico dei partiti,86.62%,3,"215,662.00","103,385.00","112,277.00","186,802.00","92,468.00","94,334.00","161,681.00","15,877.00","6,605.00"
,,Ministero agricoltura e foreste,86.53%,7,"215,662.00","103,385.00","112,277.00","186,606.00","92,337.00","94,269.00","125,341.00","51,112.00","9,523.00"
,,Ministero delle partecipazioni statali,86.51%,5,"215,662.00","103,385.00","112,277.00","186,567.00","92,313.00","94,254.00","158,178.00","17,557.00","7,762.00"
,,Ministero turismo e spettacolo,86.50%,8,"215,662.00","103,385.00","112,277.00","186,545.00","92,297.00","94,248.00","147,452.00","28,209.00","8,050.00"
,,Stupefacenti e sostanze  psicotrope,86.63%,2,"215,662.00","103,385.00","112,277.00","186,825.00","92,540.00","94,285.00","113,389.00","63,351.00","7,058.00"
,Siena Total,,86.57%,36,"1,725,296.00","827,080.00","898,216.00","1,493,666.00","739,195.00","754,471.00","1,137,690.00","273,097.00","61,532.00"
TOSCANA Total,,,83.64%,324,"24,109,608.00","11,515,816.00","12,593,792.00","20,166,344.00","9,937,948.00","10,228,396.00","15,488,731.00","3,663,671.00","692,506.00"
TRENTINO AA,Bolzano,Casse Risparmio e Monti Pieta',77.38%,4,"361,151.00","176,845.00","184,306.00","279,443.00","137,786.00","141,657.00","220,681.00","22,146.00","33,580.00"
,,Competenze USL,77.38%,1,"361,151.00","176,845.00","184,306.00","279,444.00","137,763.00","141,681.00","207,956.00","37,027.00","31,325.00"
,,Elezione Senato della Repubblica,77.41%,6,"361,151.00","176,845.00","184,306.00","279,566.00","137,911.00","141,655.00","208,640.00","42,819.00","25,147.00"
,,Finanziamento pubblico dei partiti,77.42%,3,"361,151.00","176,845.00","184,306.00","279,592.00","137,858.00","141,734.00","225,570.00","21,328.00","29,872.00"
,,Ministero agricoltura e foreste,77.37%,7,"361,151.00","176,845.00","184,306.00","279,424.00","137,761.00","141,663.00","206,145.00","44,767.00","25,577.00"
,,Ministero delle partecipazioni statali,77.51%,5,"361,151.00","176,845.00","184,306.00","279,917.00","137,815.00","142,102.00","233,638.00","18,010.00","25,041.00"
,,Ministero turismo e spettacolo,77.40%,8,"361,151.00","176,845.00","184,306.00","279,548.00","137,817.00","141,731.00","222,596.00","30,965.00","23,088.00"
,,Stupefacenti e sostanze  psicotrope,77.39%,2,"361,151.00","176,845.00","184,306.00","279,507.00","137,870.00","141,637.00","141,642.00","105,243.00","28,844.00"
,Bolzano Total,,77.41%,36,"2,889,208.00","1,414,760.00","1,474,448.00","2,236,441.00","1,102,581.00","1,133,860.00","1,666,868.00","322,305.00","222,474.00"
,Trento,Casse Risparmio e Monti Pieta',83.92%,4,"378,694.00","182,200.00","196,494.00","317,807.00","155,736.00","162,071.00","277,506.00","23,808.00","11,705.00"
,,Competenze USL,83.94%,1,"378,694.00","182,200.00","196,494.00","317,867.00","155,708.00","162,159.00","262,263.00","39,435.00","11,344.00"
,,Elezione Senato della Repubblica,84.14%,6,"378,694.00","182,200.00","196,494.00","318,631.00","156,175.00","162,456.00","271,958.00","49,614.00","9,988.00"
,,Finanziamento pubblico dei partiti,84.03%,3,"378,694.00","182,200.00","196,494.00","318,235.00","155,927.00","162,308.00","280,824.00","23,002.00","10,007.00"
,,Ministero agricoltura e foreste,83.95%,7,"378,694.00","182,200.00","196,494.00","317,916.00","155,814.00","162,102.00","210,497.00","92,379.00","10,565.00"
,,Ministero delle partecipazioni statali,83.90%,5,"378,694.00","182,200.00","196,494.00","317,742.00","155,654.00","162,088.00","280,510.00","21,221.00","11,557.00"
,,Ministero turismo e spettacolo,83.86%,8,"378,694.00","182,200.00","196,494.00","317,586.00","155,615.00","161,971.00","265,126.00","36,367.00","11,871.00"
,,Stupefacenti e sostanze  psicotrope,84.13%,2,"378,694.00","182,200.00","196,494.00","318,584.00","156,181.00","162,403.00","161,186.00","141,806.00","10,136.00"
,Trento Total,,83.98%,36,"3,029,552.00","1,457,600.00","1,571,952.00","2,544,368.00","1,246,810.00","1,297,558.00","2,009,870.00","427,632.00","87,173.00"
TRENTINO AA Total,,,80.77%,72,"5,918,760.00","2,872,360.00","3,046,400.00","4,780,809.00","2,349,391.00","2,431,418.00","3,676,738.00","749,937.00","309,647.00"
UMBRIA,Perugia,Casse Risparmio e Monti Pieta',81.37%,4,"508,064.00","244,782.00","263,282.00","413,402.00","206,790.00","206,612.00","352,428.00","37,673.00","15,226.00"
,,Competenze USL,81.40%,1,"508,064.00","244,782.00","263,282.00","413,584.00","206,830.00","206,754.00","316,419.00","74,902.00","14,050.00"
,,Elezione Senato della Repubblica,81.45%,6,"508,064.00","244,782.00","263,282.00","413,821.00","207,097.00","206,724.00","330,305.00","65,044.00","11,192.00"
,,Finanziamento pubblico dei partiti,81.45%,3,"508,064.00","244,782.00","263,282.00","413,806.00","206,990.00","206,816.00","358,404.00","35,308.00","12,107.00"
,,Ministero agricoltura e foreste,81.40%,7,"508,064.00","244,782.00","263,282.00","413,544.00","206,898.00","206,646.00","262,279.00","130,379.00","13,309.00"
,,Ministero delle partecipazioni statali,81.37%,5,"508,064.00","244,782.00","263,282.00","413,392.00","206,763.00","206,629.00","356,099.00","35,517.00","14,076.00"
,,Ministero turismo e spettacolo,81.35%,8,"508,064.00","244,782.00","263,282.00","413,324.00","206,697.00","206,627.00","319,165.00","72,289.00","14,125.00"
,,Stupefacenti e sostanze  psicotrope,81.48%,2,"508,064.00","244,782.00","263,282.00","413,986.00","207,181.00","206,805.00","234,482.00","157,727.00","12,911.00"
,Perugia Total,,81.41%,36,"4,064,512.00","1,958,256.00","2,106,256.00","3,308,859.00","1,655,246.00","1,653,613.00","2,529,581.00","608,839.00","106,996.00"
,Terni,Casse Risparmio e Monti Pieta',82.92%,4,"191,530.00","91,746.00","99,784.00","158,815.00","79,318.00","79,497.00","133,538.00","16,062.00","5,622.00"
,,Competenze USL,82.94%,1,"191,530.00","91,746.00","99,784.00","158,860.00","79,304.00","79,556.00","119,341.00","30,506.00","5,509.00"
,,Elezione Senato della Repubblica,83.05%,6,"191,530.00","91,746.00","99,784.00","159,075.00","79,467.00","79,608.00","123,802.00","27,735.00","4,331.00"
,,Finanziamento pubblico dei partiti,83.02%,3,"191,530.00","91,746.00","99,784.00","159,003.00","79,374.00","79,629.00","135,217.00","15,533.00","4,805.00"
,,Ministero agricoltura e foreste,82.91%,7,"191,530.00","91,746.00","99,784.00","158,798.00","79,299.00","79,499.00","97,888.00","52,332.00","5,215.00"
,,Ministero delle partecipazioni statali,82.90%,5,"191,530.00","91,746.00","99,784.00","158,785.00","79,292.00","79,493.00","132,914.00","17,110.00","5,345.00"
,,Ministero turismo e spettacolo,82.95%,8,"191,530.00","91,746.00","99,784.00","158,876.00","79,378.00","79,498.00","118,428.00","31,542.00","5,412.00"
,,Stupefacenti e sostanze  psicotrope,82.99%,2,"191,530.00","91,746.00","99,784.00","158,947.00","79,392.00","79,555.00","85,704.00","64,794.00","4,886.00"
,Terni Total,,82.96%,36,"1,532,240.00","733,968.00","798,272.00","1,271,159.00","634,824.00","636,335.00","946,832.00","255,614.00","41,125.00"
UMBRIA Total,,,81.83%,72,"5,596,752.00","2,692,224.00","2,904,528.00","4,580,018.00","2,290,070.00","2,289,948.00","3,476,413.00","864,453.00","148,121.00"
VALLE D'AOS.,Aosta,Casse Risparmio e Monti Pieta',77.75%,4,"99,201.00","48,907.00","50,294.00","77,133.00","39,066.00","38,067.00","67,439.00","4,376.00","3,735.00"
,,Competenze USL,77.82%,1,"99,201.00","48,907.00","50,294.00","77,196.00","39,130.00","38,066.00","56,535.00","15,090.00","3,853.00"
,,Elezione Senato della Repubblica,77.86%,6,"99,201.00","48,907.00","50,294.00","77,239.00","39,128.00","38,111.00","64,595.00","7,760.00","3,326.00"
,,Finanziamento pubblico dei partiti,77.90%,3,"99,201.00","48,907.00","50,294.00","77,280.00","39,135.00","38,145.00","68,198.00","4,384.00","3,109.00"
,,Ministero agricoltura e foreste,77.69%,7,"99,201.00","48,907.00","50,294.00","77,070.00","39,013.00","38,057.00","59,515.00","12,660.00","3,513.00"
,,Ministero delle partecipazioni statali,77.75%,5,"99,201.00","48,907.00","50,294.00","77,133.00","39,072.00","38,061.00","67,499.00","4,408.00","3,604.00"
,,Ministero turismo e spettacolo,77.69%,8,"99,201.00","48,907.00","50,294.00","77,070.00","39,011.00","38,059.00","64,690.00","7,376.00","3,543.00"
,,Stupefacenti e sostanze  psicotrope,77.84%,2,"99,201.00","48,907.00","50,294.00","77,220.00","39,138.00","38,082.00","44,179.00","27,376.00","3,731.00"
,Aosta Total,,77.79%,36,"793,608.00","391,256.00","402,352.00","617,341.00","312,693.00","304,648.00","492,650.00","83,430.00","28,414.00"
VALLE D'AOS. Total,,,77.79%,36,"793,608.00","391,256.00","402,352.00","617,341.00","312,693.00","304,648.00","492,650.00","83,430.00","28,414.00"
VENETO,Belluno,Casse Risparmio e Monti Pieta',75.71%,4,"192,119.00","91,318.00","100,801.00","145,449.00","71,193.00","74,256.00","131,904.00","8,476.00","3,692.00"
,,Competenze USL,75.74%,1,"192,119.00","91,318.00","100,801.00","145,507.00","71,159.00","74,348.00","123,957.00","16,668.00","3,380.00"
,,Elezione Senato della Repubblica,75.85%,6,"192,119.00","91,318.00","100,801.00","145,725.00","71,314.00","74,411.00","128,010.00","13,468.00","2,815.00"
,,Finanziamento pubblico dei partiti,75.75%,3,"192,119.00","91,318.00","100,801.00","145,538.00","71,743.00","73,795.00","132,971.00","8,296.00","3,001.00"
,,Ministero agricoltura e foreste,75.69%,7,"192,119.00","91,318.00","100,801.00","145,423.00","71,173.00","74,250.00","108,567.00","32,227.00","3,373.00"
,,Ministero delle partecipazioni statali,75.71%,5,"192,119.00","91,318.00","100,801.00","145,455.00","71,195.00","74,260.00","133,685.00","7,210.00","3,409.00"
,,Ministero turismo e spettacolo,75.69%,8,"192,119.00","91,318.00","100,801.00","145,420.00","71,180.00","74,240.00","127,873.00","12,832.00","3,621.00"
,,Stupefacenti e sostanze  psicotrope,75.74%,2,"192,119.00","91,318.00","100,801.00","145,514.00","71,257.00","74,257.00","75,050.00","65,259.00","3,557.00"
,Belluno Total,,75.74%,36,"1,536,952.00","730,544.00","806,408.00","1,164,031.00","570,214.00","593,817.00","962,017.00","164,436.00","26,848.00"
,Padova,Casse Risparmio e Monti Pieta',89.65%,4,"691,122.00","332,788.00","358,334.00","619,618.00","302,304.00","317,314.00","561,714.00","34,807.00","15,726.00"
,,Competenze USL,89.64%,1,"691,122.00","332,788.00","358,334.00","619,512.00","302,212.00","317,300.00","525,008.00","71,965.00","14,975.00"
,,Elezione Senato della Repubblica,89.76%,6,"691,122.00","332,788.00","358,334.00","620,376.00","302,742.00","317,634.00","532,757.00","66,370.00","13,947.00"
,,Finanziamento pubblico dei partiti,89.70%,3,"691,122.00","332,788.00","358,334.00","619,913.00","302,509.00","317,404.00","564,256.00","34,571.00","14,056.00"
,,Ministero agricoltura e foreste,89.64%,7,"691,122.00","332,788.00","358,334.00","619,522.00","302,221.00","317,301.00","453,528.00","143,512.00","15,344.00"
,,Ministero delle partecipazioni statali,89.64%,5,"691,122.00","332,788.00","358,334.00","619,549.00","302,240.00","317,309.00","567,031.00","30,511.00","15,070.00"
,,Ministero turismo e spettacolo,89.62%,8,"691,122.00","332,788.00","358,334.00","619,417.00","302,149.00","317,268.00","534,534.00","61,999.00","15,663.00"
,,Stupefacenti e sostanze  psicotrope,89.71%,2,"691,122.00","332,788.00","358,334.00","620,033.00","302,517.00","317,516.00","320,009.00","275,633.00","15,007.00"
,Padova Total,,89.67%,36,"5,528,976.00","2,662,304.00","2,866,672.00","4,957,940.00","2,418,894.00","2,539,046.00","4,058,837.00","719,368.00","119,788.00"
,Rovigo,Casse Risparmio e Monti Pieta',88.34%,4,"208,710.00","100,182.00","108,528.00","184,370.00","90,465.00","93,905.00","159,924.00","14,268.00","6,818.00"
,,Competenze USL,88.26%,1,"208,710.00","100,182.00","108,528.00","184,199.00","90,361.00","93,838.00","152,561.00","22,005.00","6,483.00"
,,Elezione Senato della Repubblica,88.46%,6,"208,710.00","100,182.00","108,528.00","184,628.00","90,629.00","93,999.00","154,516.00","21,005.00","5,939.00"
,,Finanziamento pubblico dei partiti,88.39%,3,"208,710.00","100,182.00","108,528.00","184,469.00","90,535.00","93,934.00","161,784.00","13,155.00","6,295.00"
,,Ministero agricoltura e foreste,88.36%,7,"208,710.00","100,182.00","108,528.00","184,414.00","90,494.00","93,920.00","129,961.00","44,554.00","6,559.00"
,,Ministero delle partecipazioni statali,88.34%,5,"208,710.00","100,182.00","108,528.00","184,366.00","90,489.00","93,877.00","161,798.00","12,399.00","6,777.00"
,,Ministero turismo e spettacolo,88.35%,8,"208,710.00","100,182.00","108,528.00","184,385.00","90,468.00","93,917.00","151,106.00","23,182.00","6,773.00"
,,Stupefacenti e sostanze  psicotrope,88.38%,2,"208,710.00","100,182.00","108,528.00","184,461.00","90,504.00","93,957.00","101,340.00","72,908.00","6,614.00"
,Rovigo Total,,88.36%,36,"1,669,680.00","801,456.00","868,224.00","1,475,292.00","723,945.00","751,347.00","1,172,990.00","223,476.00","52,258.00"
,Treviso,Casse Risparmio e Monti Pieta',86.59%,4,"630,405.00","304,233.00","326,172.00","545,848.00","266,807.00","279,041.00","497,958.00","29,526.00","12,720.00"
,,Competenze USL,86.58%,1,"630,405.00","304,233.00","326,172.00","545,794.00","266,769.00","279,025.00","471,465.00","56,800.00","12,169.00"
,,Elezione Senato della Repubblica,86.67%,6,"630,405.00","304,233.00","326,172.00","546,367.00","267,107.00","279,260.00","480,458.00","49,670.00","10,919.00"
,,Finanziamento pubblico dei partiti,86.64%,3,"630,405.00","304,233.00","326,172.00","546,213.00","266,974.00","279,239.00","501,294.00","28,695.00","10,886.00"
,,Ministero agricoltura e foreste,86.60%,7,"630,405.00","304,233.00","326,172.00","545,929.00","266,798.00","279,131.00","404,529.00","123,765.00","12,395.00"
,,Ministero delle partecipazioni statali,86.58%,5,"630,405.00","304,233.00","326,172.00","545,817.00","266,794.00","279,023.00","503,068.00","25,285.00","12,120.00"
,,Ministero turismo e spettacolo,86.56%,8,"630,405.00","304,233.00","326,172.00","545,659.00","266,685.00","278,974.00","472,583.00","55,209.00","12,543.00"
,,Stupefacenti e sostanze  psicotrope,86.62%,2,"630,405.00","304,233.00","326,172.00","546,029.00","266,999.00","279,030.00","285,617.00","240,837.00","12,382.00"
,Treviso Total,,86.60%,36,"5,043,240.00","2,433,864.00","2,609,376.00","4,367,656.00","2,134,933.00","2,232,723.00","3,616,972.00","609,787.00","96,134.00"
,Venezia,Casse Risparmio e Monti Pieta',86.72%,4,"706,407.00","339,733.00","366,674.00","612,582.00","299,949.00","312,633.00","554,408.00","35,354.00","14,179.00"
,,Competenze USL,86.77%,1,"706,407.00","339,733.00","366,674.00","612,915.00","299,956.00","312,959.00","509,116.00","81,993.00","13,681.00"
,,Elezione Senato della Repubblica,86.84%,6,"706,407.00","339,733.00","366,674.00","613,446.00","300,423.00","313,023.00","521,346.00","71,838.00","11,993.00"
,,Finanziamento pubblico dei partiti,86.76%,3,"706,407.00","339,733.00","366,674.00","612,850.00","299,981.00","312,869.00","556,352.00","36,745.00","12,150.00"
,,Ministero agricoltura e foreste,86.72%,7,"706,407.00","339,733.00","366,674.00","612,562.00","299,992.00","312,570.00","473,088.00","117,308.00","14,039.00"
,,Ministero delle partecipazioni statali,86.67%,5,"706,407.00","339,733.00","366,674.00","612,277.00","299,915.00","312,362.00","556,867.00","33,967.00","13,937.00"
,,Ministero turismo e spettacolo,86.70%,8,"706,407.00","339,733.00","366,674.00","612,469.00","299,838.00","312,631.00","530,879.00","59,784.00","13,834.00"
,,Stupefacenti e sostanze  psicotrope,86.82%,2,"706,407.00","339,733.00","366,674.00","613,329.00","300,174.00","313,155.00","329,981.00","260,644.00","13,155.00"
,Venezia Total,,86.75%,36,"5,651,256.00","2,717,864.00","2,933,392.00","4,902,430.00","2,400,228.00","2,502,202.00","4,032,037.00","697,633.00","106,968.00"
,Verona,Casse Risparmio e Monti Pieta',89.96%,4,"643,172.00","309,498.00","333,674.00","578,617.00","283,102.00","295,515.00","519,708.00","36,043.00","16,765.00"
,,Competenze USL,89.90%,1,"643,172.00","309,498.00","333,674.00","578,226.00","282,845.00","295,381.00","487,516.00","68,235.00","15,742.00"
,,Elezione Senato della Repubblica,90.08%,6,"643,172.00","309,498.00","333,674.00","579,368.00","283,560.00","295,808.00","493,853.00","64,901.00","14,286.00"
,,Finanziamento pubblico dei partiti,90.03%,3,"643,172.00","309,498.00","333,674.00","579,070.00","283,296.00","295,774.00","523,308.00","35,302.00","14,523.00"
,,Ministero agricoltura e foreste,89.99%,7,"643,172.00","309,498.00","333,674.00","578,798.00","283,072.00","295,726.00","427,377.00","128,812.00","16,075.00"
,,Ministero delle partecipazioni statali,89.98%,5,"643,172.00","309,498.00","333,674.00","578,705.00","283,246.00","295,459.00","525,178.00","31,375.00","15,973.00"
,,Ministero turismo e spettacolo,90.05%,8,"643,172.00","309,498.00","333,674.00","579,188.00","283,260.00","295,928.00","496,535.00","59,356.00","16,431.00"
,,Stupefacenti e sostanze  psicotrope,90.05%,2,"643,172.00","309,498.00","333,674.00","579,147.00","283,324.00","295,823.00","295,140.00","260,618.00","15,447.00"
,Verona Total,,90.01%,36,"5,145,376.00","2,475,984.00","2,669,392.00","4,631,119.00","2,265,705.00","2,365,414.00","3,768,615.00","684,642.00","125,242.00"
,Vicenza,Casse Risparmio e Monti Pieta',88.19%,4,"628,188.00","303,502.00","324,686.00","553,968.00","270,102.00","283,866.00","510,241.00","25,403.00","12,212.00"
,,Competenze USL,88.07%,1,"628,188.00","303,502.00","324,686.00","553,230.00","269,560.00","283,670.00","512,692.00","23,077.00","11,833.00"
,,Elezione Senato della Repubblica,88.19%,6,"628,188.00","303,502.00","324,686.00","553,968.00","270,102.00","283,866.00","491,958.00","45,875.00","10,725.00"
,,Finanziamento pubblico dei partiti,83.81%,3,"628,188.00","303,502.00","324,686.00","526,490.00","242,749.00","283,741.00","519,766.00","18,027.00","10,759.00"
,,Ministero agricoltura e foreste,88.04%,7,"628,188.00","303,502.00","324,686.00","553,042.00","269,532.00","283,510.00","410,321.00","125,535.00","12,348.00"
,,Ministero delle partecipazioni statali,88.09%,5,"628,188.00","303,502.00","324,686.00","553,402.00","269,674.00","283,728.00","508,926.00","27,671.00","11,717.00"
,,Ministero turismo e spettacolo,88.14%,8,"628,188.00","303,502.00","324,686.00","553,698.00","269,970.00","283,728.00","488,900.00","46,847.00","12,093.00"
,,Stupefacenti e sostanze  psicotrope,88.12%,2,"628,188.00","303,502.00","324,686.00","553,547.00","269,717.00","283,830.00","277,370.00","256,991.00","12,022.00"
,Vicenza Total,,87.58%,36,"5,025,504.00","2,428,016.00","2,597,488.00","4,401,345.00","2,131,406.00","2,269,939.00","3,720,174.00","569,426.00","93,709.00"
VENETO Total,,,87.50%,252,"29,600,984.00","14,250,032.00","15,350,952.00","25,899,813.00","12,645,325.00","13,254,488.00","21,331,642.00","3,668,768.00","620,947.00"
Grand Total,,,76.81%,3420,"383,553,792.00","184,673,072.00","198,880,720.00","294,618,465.00","146,189,662.00","148,428,803.00","222,983,827.00","54,344,597.00","11,008,459.00"