REGIONE,PROVINCIA,QUESITO,Campo calcolato 1,SUM of NUM_REFERENDUM,SUM of ELETTORI,SUM of ELETTORI_MASCHI,SUM of ELETTORI_F,SUM of VOTANTI,SUM of VOTANTI_MASCHI,SUM of VOTANTI_F,SUM of VOTI_SI,SUM of VOTI_NO,SUM of SCHEDE_BIANCHE
 Total,,,#DIV/0!,0,0.00,0.00,0.00,0.00,0.00,0.00,0.00,0.00,0.00
ABRUZZI,Chieti,Autorizzazione al commercio,50.95%,6,"358,847.00","175,001.00","183,846.00","182,826.00","92,598.00","90,228.00","59,313.00","95,980.00","22,772.00"
,,Concessioni televisive nazionali,51.68%,0,"358,847.00","175,001.00","183,846.00","185,446.00","93,989.00","91,457.00","67,794.00","106,460.00","7,594.00"
,,Contrattazione pubblico impiego,50.92%,3,"358,847.00","175,001.00","183,846.00","182,714.00","92,518.00","90,196.00","93,368.00","60,180.00","24,145.00"
,,Interruzioni pubblicitarie,51.68%,0,"358,847.00","175,001.00","183,846.00","185,469.00","94,009.00","91,460.00","69,791.00","105,129.00","7,256.00"
,,Legge elettorale comuni,50.97%,8,"358,847.00","175,001.00","183,846.00","182,910.00","92,696.00","90,214.00","80,682.00","75,180.00","22,465.00"
,,Orari esercizi commerciali,51.01%,9,"358,847.00","175,001.00","183,846.00","183,037.00","92,722.00","90,315.00","62,853.00","96,607.00","19,091.00"
,,Privatizzazione RAI,50.98%,5,"358,847.00","175,001.00","183,846.00","182,955.00","92,738.00","90,217.00","75,468.00","82,951.00","20,085.00"
,,Raccolta pubblicita' radiotelevisiva,51.67%,0,"358,847.00","175,001.00","183,846.00","185,408.00","93,938.00","91,470.00","68,344.00","106,147.00","7,550.00"
,,Rappresentanze sindacali (richiesta massimale),50.91%,1,"358,847.00","175,001.00","183,846.00","182,701.00","92,589.00","90,112.00","78,910.00","76,806.00","21,590.00"
,,Rappresentanze sindacali (richiesta minimale),50.90%,2,"358,847.00","175,001.00","183,846.00","182,660.00","92,589.00","90,071.00","89,673.00","64,138.00","23,849.00"
,,Soggiorno cautelare,50.94%,4,"358,847.00","175,001.00","183,846.00","182,791.00","92,487.00","90,304.00","86,029.00","66,025.00","25,124.00"
,,Trattenute contributi sindacali,50.99%,7,"358,847.00","175,001.00","183,846.00","182,992.00","92,749.00","90,243.00","86,693.00","70,015.00","21,687.00"
,Chieti Total,,51.13%,45,"4,306,164.00","2,100,012.00","2,206,152.00","2,201,909.00","1,115,622.00","1,086,287.00","918,918.00","1,005,618.00","223,208.00"
,L'Aquila,Autorizzazione al commercio,47.65%,6,"278,907.00","135,368.00","143,539.00","132,895.00","66,126.00","66,769.00","44,708.00","66,643.00","18,560.00"
,,Concessioni televisive nazionali,48.57%,0,"278,907.00","135,368.00","143,539.00","135,475.00","67,434.00","68,041.00","45,154.00","83,116.00","5,219.00"
,,Contrattazione pubblico impiego,47.59%,3,"278,907.00","135,368.00","143,539.00","132,718.00","66,028.00","66,690.00","71,282.00","38,864.00","19,254.00"
,,Interruzioni pubblicitarie,48.57%,0,"278,907.00","135,368.00","143,539.00","135,464.00","67,419.00","68,045.00","46,324.00","82,251.00","5,246.00"
,,Legge elettorale comuni,47.71%,8,"278,907.00","135,368.00","143,539.00","133,069.00","66,232.00","66,837.00","61,782.00","49,609.00","18,659.00"
,,Orari esercizi commerciali,47.70%,9,"278,907.00","135,368.00","143,539.00","133,049.00","66,181.00","66,868.00","46,516.00","68,051.00","15,954.00"
,,Privatizzazione RAI,47.76%,5,"278,907.00","135,368.00","143,539.00","133,219.00","66,288.00","66,931.00","54,534.00","59,724.00","16,194.00"
,,Raccolta pubblicita' radiotelevisiva,48.55%,0,"278,907.00","135,368.00","143,539.00","135,411.00","67,394.00","68,017.00","45,315.00","82,756.00","5,484.00"
,,Rappresentanze sindacali (richiesta massimale),47.61%,1,"278,907.00","135,368.00","143,539.00","132,790.00","66,074.00","66,716.00","61,131.00","51,031.00","17,195.00"
,,Rappresentanze sindacali (richiesta minimale),47.58%,2,"278,907.00","135,368.00","143,539.00","132,716.00","66,022.00","66,694.00","68,618.00","42,097.00","18,832.00"
,,Soggiorno cautelare,47.57%,4,"278,907.00","135,368.00","143,539.00","132,672.00","65,994.00","66,678.00","62,843.00","46,347.00","20,040.00"
,,Trattenute contributi sindacali,47.71%,7,"278,907.00","135,368.00","143,539.00","133,067.00","66,262.00","66,805.00","67,804.00","45,232.00","16,638.00"
,L'Aquila Total,,47.88%,45,"3,346,884.00","1,624,416.00","1,722,468.00","1,602,545.00","797,454.00","805,091.00","676,011.00","715,721.00","177,275.00"
,Pescara,Autorizzazione al commercio,52.64%,6,"268,659.00","130,490.00","138,169.00","141,417.00","70,845.00","70,572.00","46,192.00","75,787.00","16,161.00"
,,Concessioni televisive nazionali,53.62%,0,"268,659.00","130,490.00","138,169.00","144,060.00","72,186.00","71,874.00","53,872.00","83,864.00","4,308.00"
,,Contrattazione pubblico impiego,52.60%,3,"268,659.00","130,490.00","138,169.00","141,308.00","70,854.00","70,454.00","79,291.00","41,449.00","17,086.00"
,,Interruzioni pubblicitarie,53.62%,0,"268,659.00","130,490.00","138,169.00","144,063.00","72,177.00","71,886.00","55,046.00","82,922.00","4,176.00"
,,Legge elettorale comuni,52.74%,8,"268,659.00","130,490.00","138,169.00","141,699.00","71,065.00","70,634.00","66,826.00","56,310.00","15,564.00"
,,Orari esercizi commerciali,52.73%,9,"268,659.00","130,490.00","138,169.00","141,677.00","70,971.00","70,706.00","48,690.00","76,884.00","13,237.00"
,,Privatizzazione RAI,52.75%,5,"268,659.00","130,490.00","138,169.00","141,706.00","71,045.00","70,661.00","61,122.00","63,552.00","13,921.00"
,,Raccolta pubblicita' radiotelevisiva,53.61%,0,"268,659.00","130,490.00","138,169.00","144,021.00","72,164.00","71,857.00","54,110.00","83,411.00","4,375.00"
,,Rappresentanze sindacali (richiesta massimale),52.62%,1,"268,659.00","130,490.00","138,169.00","141,378.00","70,892.00","70,486.00","66,715.00","56,035.00","15,066.00"
,,Rappresentanze sindacali (richiesta minimale),52.59%,2,"268,659.00","130,490.00","138,169.00","141,296.00","70,851.00","70,445.00","76,220.00","48,751.00","16,754.00"
,,Soggiorno cautelare,52.57%,4,"268,659.00","130,490.00","138,169.00","141,223.00","70,762.00","70,461.00","71,097.00","49,046.00","17,525.00"
,,Trattenute contributi sindacali,52.72%,7,"268,659.00","130,490.00","138,169.00","141,634.00","71,034.00","70,600.00","72,975.00","50,445.00","15,012.00"
,Pescara Total,,52.90%,45,"3,223,908.00","1,565,880.00","1,658,028.00","1,705,482.00","854,846.00","850,636.00","752,156.00","768,456.00","153,185.00"
,Teramo,Autorizzazione al commercio,53.40%,6,"248,556.00","122,166.00","126,390.00","132,724.00","67,418.00","65,306.00","44,186.00","66,164.00","19,231.00"
,,Concessioni televisive nazionali,54.19%,0,"248,556.00","122,166.00","126,390.00","134,688.00","68,426.00","66,262.00","50,138.00","76,431.00","5,952.00"
,,Contrattazione pubblico impiego,53.38%,3,"248,556.00","122,166.00","126,390.00","132,672.00","67,505.00","65,167.00","70,976.00","38,598.00","19,961.00"
,,Interruzioni pubblicitarie,54.02%,0,"248,556.00","122,166.00","126,390.00","134,278.00","68,128.00","66,150.00","51,349.00","75,622.00","5,701.00"
,,Legge elettorale comuni,53.46%,8,"248,556.00","122,166.00","126,390.00","132,866.00","67,621.00","65,245.00","57,313.00","53,368.00","18,939.00"
,,Orari esercizi commerciali,53.42%,9,"248,556.00","122,166.00","126,390.00","132,769.00","67,478.00","65,291.00","46,103.00","67,496.00","16,317.00"
,,Privatizzazione RAI,53.46%,5,"248,556.00","122,166.00","126,390.00","132,878.00","67,267.00","65,611.00","59,462.00","53,573.00","16,970.00"
,,Raccolta pubblicita' radiotelevisiva,54.18%,0,"248,556.00","122,166.00","126,390.00","134,668.00","68,434.00","66,234.00","50,311.00","76,309.00","6,041.00"
,,Rappresentanze sindacali (richiesta massimale),53.41%,1,"248,556.00","122,166.00","126,390.00","132,754.00","67,545.00","65,209.00","56,689.00","55,263.00","17,288.00"
,,Rappresentanze sindacali (richiesta minimale),53.38%,2,"248,556.00","122,166.00","126,390.00","132,673.00","67,437.00","65,236.00","68,415.00","41,624.00","19,232.00"
,,Soggiorno cautelare,53.34%,4,"248,556.00","122,166.00","126,390.00","132,585.00","67,381.00","65,204.00","62,852.00","44,624.00","21,495.00"
,,Trattenute contributi sindacali,53.46%,7,"248,556.00","122,166.00","126,390.00","132,871.00","67,509.00","65,362.00","62,155.00","50,239.00","18,009.00"
,Teramo Total,,53.59%,45,"2,982,672.00","1,465,992.00","1,516,680.00","1,598,426.00","812,149.00","786,277.00","679,949.00","699,311.00","185,136.00"
ABRUZZI Total,,,51.29%,180,"13,859,628.00","6,756,300.00","7,103,328.00","7,108,362.00","3,580,071.00","3,528,291.00","3,027,034.00","3,189,106.00","738,804.00"
BASILICATA,Matera,Autorizzazione al commercio,42.93%,6,"167,075.00","82,262.00","84,813.00","71,717.00","37,451.00","34,266.00","23,968.00","35,348.00","9,411.00"
,,Concessioni televisive nazionali,43.50%,0,"167,075.00","82,262.00","84,813.00","72,675.00","38,026.00","34,649.00","28,985.00","37,553.00","3,686.00"
,,Contrattazione pubblico impiego,42.90%,3,"167,075.00","82,262.00","84,813.00","71,672.00","37,464.00","34,208.00","34,960.00","23,814.00","9,695.00"
,,Interruzioni pubblicitarie,43.49%,0,"167,075.00","82,262.00","84,813.00","72,669.00","38,028.00","34,641.00","29,639.00","37,128.00","3,692.00"
,,Legge elettorale comuni,43.58%,8,"167,075.00","82,262.00","84,813.00","72,811.00","38,545.00","34,266.00","28,042.00","31,458.00","9,192.00"
,,Orari esercizi commerciali,42.96%,9,"167,075.00","82,262.00","84,813.00","71,775.00","37,490.00","34,285.00","24,732.00","36,114.00","8,224.00"
,,Privatizzazione RAI,42.96%,5,"167,075.00","82,262.00","84,813.00","71,769.00","37,504.00","34,265.00","28,510.00","31,855.00","8,564.00"
,,Raccolta pubblicita' radiotelevisiva,43.48%,0,"167,075.00","82,262.00","84,813.00","72,651.00","38,012.00","34,639.00","28,780.00","37,796.00","3,856.00"
,,Rappresentanze sindacali (richiesta massimale),42.95%,1,"167,075.00","82,262.00","84,813.00","71,767.00","37,337.00","34,430.00","28,876.00","31,260.00","8,552.00"
,,Rappresentanze sindacali (richiesta minimale),42.90%,2,"167,075.00","82,262.00","84,813.00","71,681.00","37,465.00","34,216.00","34,068.00","25,090.00","9,411.00"
,,Soggiorno cautelare,42.86%,4,"167,075.00","82,262.00","84,813.00","71,603.00","37,402.00","34,201.00","28,597.00","28,839.00","10,875.00"
,,Trattenute contributi sindacali,43.02%,7,"167,075.00","82,262.00","84,813.00","71,884.00","37,598.00","34,286.00","33,607.00","27,020.00","8,455.00"
,Matera Total,,43.13%,45,"2,004,900.00","987,144.00","1,017,756.00","864,674.00","452,322.00","412,352.00","352,764.00","383,275.00","93,613.00"
,Potenza,Autorizzazione al commercio,37.56%,6,"348,288.00","171,730.00","176,558.00","130,810.00","68,367.00","62,443.00","42,102.00","62,942.00","20,664.00"
,,Concessioni televisive nazionali,37.94%,0,"348,288.00","171,730.00","176,558.00","132,145.00","69,216.00","62,929.00","48,262.00","70,024.00","10,182.00"
,,Contrattazione pubblico impiego,37.73%,3,"348,288.00","171,730.00","176,558.00","131,421.00","68,960.00","62,461.00","58,031.00","45,312.00","21,888.00"
,,Interruzioni pubblicitarie,37.94%,0,"348,288.00","171,730.00","176,558.00","132,145.00","69,210.00","62,935.00","49,671.00","69,219.00","9,864.00"
,,Legge elettorale comuni,37.44%,8,"348,288.00","171,730.00","176,558.00","130,414.00","68,254.00","62,160.00","50,002.00","54,415.00","21,108.00"
,,Orari esercizi commerciali,37.58%,9,"348,288.00","171,730.00","176,558.00","130,890.00","68,479.00","62,411.00","43,023.00","64,971.00","18,520.00"
,,Privatizzazione RAI,37.68%,5,"348,288.00","171,730.00","176,558.00","131,219.00","68,650.00","62,569.00","48,470.00","58,828.00","18,874.00"
,,Raccolta pubblicita' radiotelevisiva,38.00%,0,"348,288.00","171,730.00","176,558.00","132,341.00","69,352.00","62,989.00","48,167.00","70,334.00","9,837.00"
,,Rappresentanze sindacali (richiesta massimale),37.52%,1,"348,288.00","171,730.00","176,558.00","130,666.00","68,405.00","62,261.00","50,390.00","55,829.00","19,284.00"
,,Rappresentanze sindacali (richiesta minimale),37.59%,2,"348,288.00","171,730.00","176,558.00","130,917.00","68,428.00","62,489.00","56,043.00","48,086.00","21,228.00"
,,Soggiorno cautelare,37.37%,4,"348,288.00","171,730.00","176,558.00","130,138.00","68,028.00","62,110.00","52,338.00","50,831.00","22,071.00"
,,Trattenute contributi sindacali,37.50%,7,"348,288.00","171,730.00","176,558.00","130,603.00","68,256.00","62,347.00","57,360.00","48,982.00","19,739.00"
,Potenza Total,,37.65%,45,"4,179,456.00","2,060,760.00","2,118,696.00","1,573,709.00","823,605.00","750,104.00","603,859.00","699,773.00","213,259.00"
BASILICATA Total,,,39.43%,90,"6,184,356.00","3,047,904.00","3,136,452.00","2,438,383.00","1,275,927.00","1,162,456.00","956,623.00","1,083,048.00","306,872.00"
CALABRIA,Catanzaro,Autorizzazione al commercio,38.92%,6,"326,043.00","159,243.00","166,800.00","126,904.00","65,864.00","61,040.00","39,504.00","62,889.00","20,702.00"
,,Concessioni televisive nazionali,39.59%,0,"326,043.00","159,243.00","166,800.00","129,074.00","67,083.00","61,991.00","41,114.00","78,646.00","6,766.00"
,,Contrattazione pubblico impiego,38.92%,3,"326,043.00","159,243.00","166,800.00","126,902.00","65,881.00","61,021.00","58,463.00","42,799.00","21,397.00"
,,Interruzioni pubblicitarie,39.58%,0,"326,043.00","159,243.00","166,800.00","129,063.00","67,074.00","61,989.00","42,562.00","77,638.00","6,602.00"
,,Legge elettorale comuni,38.97%,8,"326,043.00","159,243.00","166,800.00","127,059.00","65,973.00","61,086.00","51,506.00","51,445.00","20,440.00"
,,Orari esercizi commerciali,38.96%,9,"326,043.00","159,243.00","166,800.00","127,034.00","65,970.00","61,064.00","40,657.00","65,229.00","17,755.00"
,,Privatizzazione RAI,38.99%,5,"326,043.00","159,243.00","166,800.00","127,111.00","66,010.00","61,101.00","44,305.00","60,774.00","18,535.00"
,,Raccolta pubblicita' radiotelevisiva,39.57%,0,"326,043.00","159,243.00","166,800.00","129,017.00","67,043.00","61,974.00","40,895.00","78,876.00","6,778.00"
,,Rappresentanze sindacali (richiesta massimale),38.92%,1,"326,043.00","159,243.00","166,800.00","126,883.00","65,873.00","61,010.00","52,399.00","51,019.00","19,134.00"
,,Rappresentanze sindacali (richiesta minimale),38.91%,2,"326,043.00","159,243.00","166,800.00","126,850.00","65,875.00","60,975.00","56,438.00","45,166.00","20,924.00"
,,Soggiorno cautelare,38.90%,4,"326,043.00","159,243.00","166,800.00","126,816.00","65,836.00","60,980.00","47,059.00","54,169.00","21,341.00"
,,Trattenute contributi sindacali,38.93%,7,"326,043.00","159,243.00","166,800.00","126,928.00","65,925.00","61,003.00","57,160.00","46,406.00","19,604.00"
,Catanzaro Total,,39.10%,45,"3,912,516.00","1,910,916.00","2,001,600.00","1,529,641.00","794,407.00","735,234.00","572,062.00","715,056.00","199,978.00"
,Cosenza,Autorizzazione al commercio,38.47%,6,"634,670.00","312,058.00","322,612.00","244,184.00","128,668.00","115,516.00","81,259.00","115,429.00","39,951.00"
,,Concessioni televisive nazionali,38.93%,0,"634,670.00","312,058.00","322,612.00","247,092.00","130,179.00","116,913.00","118,249.00","122,396.00","15,723.00"
,,Contrattazione pubblico impiego,38.47%,3,"634,670.00","312,058.00","322,612.00","244,149.00","128,637.00","115,512.00","116,186.00","77,761.00","42,042.00"
,,Interruzioni pubblicitarie,38.93%,0,"634,670.00","312,058.00","322,612.00","247,080.00","130,172.00","116,908.00","86,630.00","140,500.00","14,418.00"
,,Legge elettorale comuni,38.48%,8,"634,670.00","312,058.00","322,612.00","244,236.00","128,643.00","115,593.00","100,844.00","96,260.00","39,239.00"
,,Orari esercizi commerciali,38.52%,9,"634,670.00","312,058.00","322,612.00","244,461.00","128,799.00","115,662.00","84,018.00","119,369.00","34,244.00"
,,Privatizzazione RAI,38.53%,5,"634,670.00","312,058.00","322,612.00","244,521.00","128,854.00","115,667.00","91,194.00","110,042.00","35,918.00"
,,Raccolta pubblicita' radiotelevisiva,38.96%,0,"634,670.00","312,058.00","322,612.00","247,297.00","130,175.00","117,122.00","84,178.00","142,442.00","14,793.00"
,,Rappresentanze sindacali (richiesta massimale),38.48%,1,"634,670.00","312,058.00","322,612.00","244,248.00","128,714.00","115,534.00","103,535.00","94,356.00","37,699.00"
,,Rappresentanze sindacali (richiesta minimale),38.45%,2,"634,670.00","312,058.00","322,612.00","244,053.00","128,652.00","115,401.00","112,138.00","82,387.00","41,226.00"
,,Soggiorno cautelare,38.46%,4,"634,670.00","312,058.00","322,612.00","244,121.00","128,583.00","115,538.00","97,392.00","96,457.00","40,978.00"
,,Trattenute contributi sindacali,38.51%,7,"634,670.00","312,058.00","322,612.00","244,385.00","128,803.00","115,582.00","111,941.00","86,889.00","37,851.00"
,Cosenza Total,,38.60%,45,"7,616,040.00","3,744,696.00","3,871,344.00","2,939,827.00","1,548,879.00","1,390,948.00","1,187,564.00","1,284,288.00","394,082.00"
,Crotone,Autorizzazione al commercio,29.96%,6,"144,595.00","71,306.00","73,289.00","43,317.00","23,524.00","19,793.00","14,046.00","20,852.00","7,308.00"
,,Concessioni televisive nazionali,30.25%,0,"144,595.00","71,306.00","73,289.00","43,734.00","23,775.00","19,959.00","15,907.00","24,721.00","2,307.00"
,,Contrattazione pubblico impiego,29.95%,3,"144,595.00","71,306.00","73,289.00","43,310.00","23,523.00","19,787.00","19,935.00","14,696.00","7,607.00"
,,Interruzioni pubblicitarie,30.24%,0,"144,595.00","71,306.00","73,289.00","43,731.00","23,771.00","19,960.00","15,998.00","24,782.00","2,265.00"
,,Legge elettorale comuni,29.99%,8,"144,595.00","71,306.00","73,289.00","43,361.00","23,558.00","19,803.00","16,593.00","18,397.00","7,315.00"
,,Orari esercizi commerciali,29.97%,9,"144,595.00","71,306.00","73,289.00","43,328.00","23,529.00","19,799.00","14,282.00","21,523.00","6,560.00"
,,Privatizzazione RAI,29.99%,5,"144,595.00","71,306.00","73,289.00","43,357.00","23,556.00","19,801.00","15,544.00","20,091.00","6,641.00"
,,Raccolta pubblicita' radiotelevisiva,30.24%,0,"144,595.00","71,306.00","73,289.00","43,725.00","23,770.00","19,955.00","15,505.00","25,143.00","2,257.00"
,,Rappresentanze sindacali (richiesta massimale),29.96%,1,"144,595.00","71,306.00","73,289.00","43,324.00","23,536.00","19,788.00","16,910.00","18,449.00","6,832.00"
,,Rappresentanze sindacali (richiesta minimale),29.95%,2,"144,595.00","71,306.00","73,289.00","43,308.00","23,522.00","19,786.00","19,080.00","15,639.00","7,475.00"
,,Soggiorno cautelare,29.94%,4,"144,595.00","71,306.00","73,289.00","43,288.00","23,458.00","19,830.00","15,840.00","18,631.00","7,694.00"
,,Trattenute contributi sindacali,29.99%,7,"144,595.00","71,306.00","73,289.00","43,364.00","23,561.00","19,803.00","18,573.00","16,877.00","6,926.00"
,Crotone Total,,30.03%,45,"1,735,140.00","855,672.00","879,468.00","521,147.00","283,083.00","238,064.00","198,213.00","239,801.00","71,187.00"
,Reggio Calabria,Autorizzazione al commercio,37.89%,6,"508,962.00","246,421.00","262,541.00","192,824.00","100,316.00","92,508.00","58,669.00","96,759.00","29,515.00"
,,Concessioni televisive nazionali,38.34%,0,"508,962.00","246,421.00","262,541.00","195,125.00","101,582.00","93,543.00","54,882.00","125,225.00","9,647.00"
,,Contrattazione pubblico impiego,38.08%,3,"508,962.00","246,421.00","262,541.00","193,804.00","100,812.00","92,992.00","88,409.00","65,494.00","31,625.00"
,,Interruzioni pubblicitarie,38.32%,0,"508,962.00","246,421.00","262,541.00","195,044.00","101,505.00","93,539.00","57,166.00","123,628.00","9,545.00"
,,Legge elettorale comuni,37.89%,8,"508,962.00","246,421.00","262,541.00","192,870.00","100,365.00","92,505.00","77,702.00","78,411.00","29,424.00"
,,Orari esercizi commerciali,37.95%,9,"508,962.00","246,421.00","262,541.00","193,173.00","100,489.00","92,684.00","61,521.00","99,094.00","26,074.00"
,,Privatizzazione RAI,37.78%,5,"508,962.00","246,421.00","262,541.00","192,266.00","100,077.00","92,189.00","64,188.00","95,102.00","27,231.00"
,,Raccolta pubblicita' radiotelevisiva,38.32%,0,"508,962.00","246,421.00","262,541.00","195,027.00","101,518.00","93,509.00","54,901.00","125,535.00","9,902.00"
,,Rappresentanze sindacali (richiesta massimale),37.85%,1,"508,962.00","246,421.00","262,541.00","192,649.00","100,284.00","92,365.00","79,864.00","76,834.00","28,823.00"
,,Rappresentanze sindacali (richiesta minimale),37.90%,2,"508,962.00","246,421.00","262,541.00","192,873.00","100,440.00","92,433.00","86,267.00","68,241.00","31,229.00"
,,Soggiorno cautelare,37.87%,4,"508,962.00","246,421.00","262,541.00","192,768.00","100,349.00","92,419.00","72,121.00","83,181.00","30,416.00"
,,Trattenute contributi sindacali,37.91%,7,"508,962.00","246,421.00","262,541.00","192,952.00","100,454.00","92,498.00","88,177.00","69,810.00","28,263.00"
,Reggio Calabria Total,,38.01%,45,"6,107,544.00","2,957,052.00","3,150,492.00","2,321,375.00","1,208,191.00","1,113,184.00","843,867.00","1,107,314.00","291,694.00"
,Vibo Valentia,Autorizzazione al commercio,33.31%,6,"155,725.00","76,654.00","79,071.00","51,879.00","27,155.00","24,724.00","15,052.00","25,438.00","9,805.00"
,,Concessioni televisive nazionali,33.61%,0,"155,725.00","76,654.00","79,071.00","52,337.00","27,445.00","24,892.00","16,372.00","30,271.00","4,461.00"
,,Contrattazione pubblico impiego,33.31%,3,"155,725.00","76,654.00","79,071.00","51,868.00","27,149.00","24,719.00","22,112.00","18,035.00","10,022.00"
,,Interruzioni pubblicitarie,33.65%,0,"155,725.00","76,654.00","79,071.00","52,402.00","27,437.00","24,965.00","16,913.00","30,002.00","4,308.00"
,,Legge elettorale comuni,33.33%,8,"155,725.00","76,654.00","79,071.00","51,910.00","27,169.00","24,741.00","20,029.00","20,819.00","9,398.00"
,,Orari esercizi commerciali,33.33%,9,"155,725.00","76,654.00","79,071.00","51,908.00","27,172.00","24,736.00","15,522.00","26,206.00","8,691.00"
,,Privatizzazione RAI,33.33%,5,"155,725.00","76,654.00","79,071.00","51,909.00","27,170.00","24,739.00","16,530.00","25,103.00","8,897.00"
,,Raccolta pubblicita' radiotelevisiva,33.49%,0,"155,725.00","76,654.00","79,071.00","52,160.00","27,314.00","24,846.00","16,388.00","30,480.00","4,343.00"
,,Rappresentanze sindacali (richiesta massimale),33.51%,1,"155,725.00","76,654.00","79,071.00","52,180.00","27,304.00","24,876.00","20,014.00","21,161.00","9,163.00"
,,Rappresentanze sindacali (richiesta minimale),33.30%,2,"155,725.00","76,654.00","79,071.00","51,854.00","27,142.00","24,712.00","21,404.00","19,060.00","9,831.00"
,,Soggiorno cautelare,33.39%,4,"155,725.00","76,654.00","79,071.00","52,004.00","27,298.00","24,706.00","18,732.00","21,578.00","9,900.00"
,,Trattenute contributi sindacali,33.36%,7,"155,725.00","76,654.00","79,071.00","51,952.00","27,170.00","24,782.00","21,661.00","19,629.00","9,226.00"
,Vibo Valentia Total,,33.41%,45,"1,868,700.00","919,848.00","948,852.00","624,363.00","326,925.00","297,438.00","220,729.00","287,782.00","98,045.00"
CALABRIA Total,,,37.37%,225,"21,239,940.00","10,388,184.00","10,851,756.00","7,936,353.00","4,161,485.00","3,774,868.00","3,022,435.00","3,634,241.00","1,054,986.00"
CAMPANIA,Avellino,Autorizzazione al commercio,35.41%,6,"400,620.00","196,708.00","203,912.00","141,876.00","73,948.00","67,928.00","49,291.00","68,723.00","20,634.00"
,,Concessioni televisive nazionali,35.69%,0,"400,620.00","196,708.00","203,912.00","142,977.00","74,572.00","68,405.00","51,258.00","81,520.00","7,792.00"
,,Contrattazione pubblico impiego,35.47%,3,"400,620.00","196,708.00","203,912.00","142,103.00","74,019.00","68,084.00","68,153.00","48,747.00","21,841.00"
,,Interruzioni pubblicitarie,35.59%,0,"400,620.00","196,708.00","203,912.00","142,586.00","74,312.00","68,274.00","52,029.00","81,150.00","7,478.00"
,,Legge elettorale comuni,35.47%,8,"400,620.00","196,708.00","203,912.00","142,082.00","73,066.00","69,016.00","62,386.00","56,467.00","20,125.00"
,,Orari esercizi commerciali,35.51%,9,"400,620.00","196,708.00","203,912.00","142,270.00","74,043.00","68,227.00","52,161.00","69,035.00","17,992.00"
,,Privatizzazione RAI,35.66%,5,"400,620.00","196,708.00","203,912.00","142,872.00","74,372.00","68,500.00","54,252.00","66,158.00","18,394.00"
,,Raccolta pubblicita' radiotelevisiva,35.58%,0,"400,620.00","196,708.00","203,912.00","142,549.00","74,203.00","68,346.00","51,196.00","81,045.00","7,796.00"
,,Rappresentanze sindacali (richiesta massimale),35.24%,1,"400,620.00","196,708.00","203,912.00","141,181.00","73,590.00","67,591.00","60,321.00","58,679.00","19,196.00"
,,Rappresentanze sindacali (richiesta minimale),35.51%,2,"400,620.00","196,708.00","203,912.00","142,253.00","74,036.00","68,217.00","66,178.00","51,027.00","21,105.00"
,,Soggiorno cautelare,35.41%,4,"400,620.00","196,708.00","203,912.00","141,869.00","73,847.00","68,022.00","65,084.00","52,048.00","19,248.00"
,,Trattenute contributi sindacali,35.66%,7,"400,620.00","196,708.00","203,912.00","142,877.00","74,416.00","68,461.00","69,578.00","49,577.00","19,616.00"
,Avellino Total,,35.52%,45,"4,807,440.00","2,360,496.00","2,446,944.00","1,707,495.00","888,424.00","819,071.00","701,887.00","764,176.00","201,217.00"
,Benevento,Autorizzazione al commercio,38.16%,6,"264,763.00","128,836.00","135,927.00","101,027.00","51,933.00","49,094.00","33,881.00","48,095.00","16,617.00"
,,Concessioni televisive nazionali,38.69%,0,"264,763.00","128,836.00","135,927.00","102,450.00","52,617.00","49,833.00","33,114.00","60,816.00","6,864.00"
,,Contrattazione pubblico impiego,36.39%,3,"264,763.00","128,836.00","135,927.00","96,355.00","49,595.00","46,760.00","45,960.00","35,031.00","17,434.00"
,,Interruzioni pubblicitarie,38.69%,0,"264,763.00","128,836.00","135,927.00","102,426.00","52,579.00","49,847.00","34,058.00","60,212.00","4,000.00"
,,Legge elettorale comuni,38.26%,8,"264,763.00","128,836.00","135,927.00","101,304.00","52,036.00","49,268.00","41,956.00","40,221.00","16,007.00"
,,Orari esercizi commerciali,38.18%,9,"264,763.00","128,836.00","135,927.00","101,088.00","51,957.00","49,131.00","35,595.00","48,856.00","13,957.00"
,,Privatizzazione RAI,38.20%,5,"264,763.00","128,836.00","135,927.00","101,152.00","51,983.00","49,169.00","36,554.00","47,208.00","15,097.00"
,,Raccolta pubblicita' radiotelevisiva,38.63%,0,"264,763.00","128,836.00","135,927.00","102,283.00","52,480.00","49,803.00","32,940.00","61,038.00","6,635.00"
,,Rappresentanze sindacali (richiesta massimale),38.31%,1,"264,763.00","128,836.00","135,927.00","101,436.00","52,187.00","49,249.00","40,673.00","42,285.00","15,379.00"
,,Rappresentanze sindacali (richiesta minimale),38.16%,2,"264,763.00","128,836.00","135,927.00","101,029.00","51,942.00","49,087.00","44,155.00","37,030.00","17,106.00"
,,Soggiorno cautelare,38.15%,4,"264,763.00","128,836.00","135,927.00","100,994.00","51,889.00","49,105.00","41,644.00","39,514.00","17,422.00"
,,Trattenute contributi sindacali,38.27%,7,"264,763.00","128,836.00","135,927.00","101,321.00","52,093.00","49,228.00","47,574.00","35,231.00","15,365.00"
,Benevento Total,,38.17%,45,"3,177,156.00","1,546,032.00","1,631,124.00","1,212,865.00","623,291.00","589,574.00","468,104.00","555,537.00","161,883.00"
,Caserta,Autorizzazione al commercio,42.33%,6,"663,461.00","321,161.00","342,300.00","280,819.00","143,990.00","136,829.00","90,090.00","136,955.00","47,589.00"
,,Concessioni televisive nazionali,42.68%,0,"663,461.00","321,161.00","342,300.00","283,182.00","145,267.00","137,915.00","87,526.00","171,356.00","19,156.00"
,,Contrattazione pubblico impiego,42.32%,3,"663,461.00","321,161.00","342,300.00","280,753.00","144,033.00","136,720.00","127,456.00","96,594.00","49,767.00"
,,Interruzioni pubblicitarie,42.68%,0,"663,461.00","321,161.00","342,300.00","283,135.00","145,296.00","137,839.00","90,026.00","170,159.00","18,466.00"
,,Legge elettorale comuni,42.35%,8,"663,461.00","321,161.00","342,300.00","280,991.00","144,229.00","136,762.00","115,196.00","111,908.00","47,796.00"
,,Orari esercizi commerciali,42.37%,9,"663,461.00","321,161.00","342,300.00","281,103.00","144,170.00","136,933.00","93,415.00","139,884.00","42,056.00"
,,Privatizzazione RAI,42.35%,5,"663,461.00","321,161.00","342,300.00","280,983.00","144,198.00","136,785.00","96,906.00","134,259.00","43,759.00"
,,Raccolta pubblicita' radiotelevisiva,42.66%,0,"663,461.00","321,161.00","342,300.00","283,052.00","145,243.00","137,809.00","87,995.00","171,347.00","19,006.00"
,,Rappresentanze sindacali (richiesta massimale),42.32%,1,"663,461.00","321,161.00","342,300.00","280,797.00","144,036.00","136,761.00","113,971.00","115,832.00","43,717.00"
,,Rappresentanze sindacali (richiesta minimale),42.28%,2,"663,461.00","321,161.00","342,300.00","280,544.00","143,999.00","136,545.00","122,462.00","103,095.00","48,146.00"
,,Soggiorno cautelare,42.35%,4,"663,461.00","321,161.00","342,300.00","280,980.00","144,005.00","136,975.00","108,723.00","116,510.00","48,686.00"
,,Trattenute contributi sindacali,42.34%,7,"663,461.00","321,161.00","342,300.00","280,931.00","144,184.00","136,747.00","131,320.00","97,654.00","46,099.00"
,Caserta Total,,42.42%,45,"7,961,532.00","3,853,932.00","4,107,600.00","3,377,270.00","1,732,650.00","1,644,620.00","1,265,086.00","1,565,553.00","474,243.00"
,Napoli,Autorizzazione al commercio,43.32%,6,"2,363,671.00","1,145,457.00","1,218,214.00","1,023,831.00","528,457.00","495,374.00","331,771.00","570,241.00","99,307.00"
,,Concessioni televisive nazionali,43.72%,0,"2,363,671.00","1,145,457.00","1,218,214.00","1,033,307.00","533,385.00","499,922.00","395,793.00","592,939.00","28,793.00"
,,Contrattazione pubblico impiego,43.28%,3,"2,363,671.00","1,145,457.00","1,218,214.00","1,022,967.00","528,195.00","494,772.00","541,100.00","351,653.00","105,804.00"
,,Interruzioni pubblicitarie,43.72%,0,"2,363,671.00","1,145,457.00","1,218,214.00","1,033,415.00","533,391.00","500,024.00","402,048.00","589,074.00","27,599.00"
,,Legge elettorale comuni,43.38%,8,"2,363,671.00","1,145,457.00","1,218,214.00","1,025,377.00","529,480.00","495,897.00","419,419.00","487,246.00","96,951.00"
,,Orari esercizi commerciali,43.34%,9,"2,363,671.00","1,145,457.00","1,218,214.00","1,024,435.00","528,700.00","495,735.00","336,814.00","584,723.00","82,790.00"
,,Privatizzazione RAI,43.38%,5,"2,363,671.00","1,145,457.00","1,218,214.00","1,025,352.00","529,424.00","495,928.00","410,172.00","504,711.00","89,084.00"
,,Raccolta pubblicita' radiotelevisiva,43.71%,0,"2,363,671.00","1,145,457.00","1,218,214.00","1,033,171.00","533,460.00","499,711.00","397,157.00","589,749.00","29,165.00"
,,Rappresentanze sindacali (richiesta massimale),43.29%,1,"2,363,671.00","1,145,457.00","1,218,214.00","1,023,222.00","528,319.00","494,903.00","431,476.00","473,059.00","93,412.00"
,,Rappresentanze sindacali (richiesta minimale),43.28%,2,"2,363,671.00","1,145,457.00","1,218,214.00","1,022,989.00","528,233.00","494,756.00","515,778.00","378,810.00","103,183.00"
,,Soggiorno cautelare,43.30%,4,"2,363,671.00","1,145,457.00","1,218,214.00","1,023,503.00","528,311.00","495,192.00","394,940.00","495,777.00","108,196.00"
,,Trattenute contributi sindacali,43.34%,7,"2,363,671.00","1,145,457.00","1,218,214.00","1,024,483.00","529,056.00","495,427.00","514,924.00","392,710.00","94,983.00"
,Napoli Total,,43.42%,45,"28,364,052.00","13,745,484.00","14,618,568.00","12,316,052.00","6,358,411.00","5,957,641.00","5,091,392.00","6,010,692.00","959,267.00"
,Salerno,Autorizzazione al commercio,46.49%,6,"883,969.00","429,606.00","454,363.00","410,923.00","206,841.00","204,082.00","135,115.00","206,024.00","59,557.00"
,,Concessioni televisive nazionali,46.95%,0,"883,969.00","429,606.00","454,363.00","415,010.00","208,929.00","206,081.00","125,124.00","259,258.00","22,340.00"
,,Contrattazione pubblico impiego,46.46%,3,"883,969.00","429,606.00","454,363.00","410,672.00","206,658.00","204,014.00","189,673.00","147,456.00","65,850.00"
,,Interruzioni pubblicitarie,46.92%,0,"883,969.00","429,606.00","454,363.00","414,774.00","208,932.00","205,842.00","127,914.00","258,299.00","19,651.00"
,,Legge elettorale comuni,46.48%,8,"883,969.00","429,606.00","454,363.00","410,833.00","207,013.00","203,820.00","174,096.00","169,625.00","57,879.00"
,,Orari esercizi commerciali,46.49%,9,"883,969.00","429,606.00","454,363.00","410,924.00","206,813.00","204,111.00","138,469.00","212,801.00","50,175.00"
,,Privatizzazione RAI,46.72%,5,"883,969.00","429,606.00","454,363.00","413,006.00","206,903.00","206,103.00","147,909.00","200,316.00","53,584.00"
,,Raccolta pubblicita' radiotelevisiva,46.89%,0,"883,969.00","429,606.00","454,363.00","414,492.00","208,654.00","205,838.00","125,471.00","259,612.00","20,939.00"
,,Rappresentanze sindacali (richiesta massimale),46.50%,1,"883,969.00","429,606.00","454,363.00","411,053.00","206,979.00","204,074.00","170,049.00","172,646.00","56,801.00"
,,Rappresentanze sindacali (richiesta minimale),46.46%,2,"883,969.00","429,606.00","454,363.00","410,670.00","206,727.00","203,943.00","182,819.00","154,804.00","61,208.00"
,,Soggiorno cautelare,46.39%,4,"883,969.00","429,606.00","454,363.00","410,056.00","206,147.00","203,909.00","169,862.00","168,766.00","61,599.00"
,,Trattenute contributi sindacali,43.18%,7,"883,969.00","429,606.00","454,363.00","381,738.00","192,068.00","189,670.00","195,842.00","148,098.00","57,973.00"
,Salerno Total,,46.33%,45,"10,607,628.00","5,155,272.00","5,452,356.00","4,914,151.00","2,472,664.00","2,441,487.00","1,882,343.00","2,357,705.00","587,556.00"
CAMPANIA Total,,,42.84%,225,"54,917,808.00","26,661,216.00","28,256,592.00","23,527,833.00","12,075,440.00","11,452,393.00","9,408,812.00","11,253,663.00","2,384,166.00"
EMILIA ROMAGNA,Bologna,Autorizzazione al commercio,71.12%,6,"793,726.00","376,663.00","417,063.00","564,470.00","274,122.00","290,348.00","145,821.00","375,292.00","37,052.00"
,,Concessioni televisive nazionali,72.38%,0,"793,726.00","376,663.00","417,063.00","574,464.00","279,221.00","295,243.00","329,686.00","229,631.00","10,796.00"
,,Contrattazione pubblico impiego,70.99%,3,"793,726.00","376,663.00","417,063.00","563,434.00","273,726.00","289,708.00","393,737.00","124,586.00","38,849.00"
,,Interruzioni pubblicitarie,72.38%,0,"793,726.00","376,663.00","417,063.00","574,486.00","279,025.00","295,461.00","336,650.00","223,667.00","10,555.00"
,,Legge elettorale comuni,71.43%,8,"793,726.00","376,663.00","417,063.00","566,957.00","275,484.00","291,473.00","188,222.00","336,494.00","36,354.00"
,,Orari esercizi commerciali,71.23%,9,"793,726.00","376,663.00","417,063.00","565,400.00","274,372.00","291,028.00","161,016.00","367,095.00","32,146.00"
,,Privatizzazione RAI,71.45%,5,"793,726.00","376,663.00","417,063.00","567,116.00","275,595.00","291,521.00","361,209.00","172,031.00","28,618.00"
,,Raccolta pubblicita' radiotelevisiva,72.34%,0,"793,726.00","376,663.00","417,063.00","574,163.00","278,910.00","295,253.00","332,529.00","225,002.00","12,152.00"
,,Rappresentanze sindacali (richiesta massimale),71.13%,1,"793,726.00","376,663.00","417,063.00","564,548.00","274,251.00","290,297.00","195,924.00","328,454.00","33,001.00"
,,Rappresentanze sindacali (richiesta minimale),71.02%,2,"793,726.00","376,663.00","417,063.00","563,724.00","273,903.00","289,821.00","380,859.00","138,452.00","37,671.00"
,,Soggiorno cautelare,71.02%,4,"793,726.00","376,663.00","417,063.00","563,698.00","273,818.00","289,880.00","344,849.00","150,076.00","61,077.00"
,,Trattenute contributi sindacali,71.34%,7,"793,726.00","376,663.00","417,063.00","566,226.00","275,209.00","291,017.00","229,450.00","300,073.00","31,197.00"
,Bologna Total,,71.48%,45,"9,524,712.00","4,519,956.00","5,004,756.00","6,808,686.00","3,307,636.00","3,501,050.00","3,399,952.00","2,970,853.00","369,468.00"
,Ferrara,Autorizzazione al commercio,70.93%,6,"314,271.00","149,032.00","165,239.00","222,919.00","107,897.00","115,022.00","59,630.00","140,402.00","19,734.00"
,,Concessioni televisive nazionali,71.71%,0,"314,271.00","149,032.00","165,239.00","225,377.00","109,137.00","116,240.00","107,690.00","109,225.00","6,319.00"
,,Contrattazione pubblico impiego,70.90%,3,"314,271.00","149,032.00","165,239.00","222,803.00","107,864.00","114,939.00","144,501.00","55,554.00","19,447.00"
,,Interruzioni pubblicitarie,71.74%,0,"314,271.00","149,032.00","165,239.00","225,447.00","109,194.00","116,253.00","112,338.00","106,014.00","6,076.00"
,,Legge elettorale comuni,71.06%,8,"314,271.00","149,032.00","165,239.00","223,312.00","108,118.00","115,194.00","84,055.00","116,641.00","19,492.00"
,,Orari esercizi commerciali,71.01%,9,"314,271.00","149,032.00","165,239.00","223,157.00","108,012.00","115,145.00","63,685.00","139,344.00","17,480.00"
,,Privatizzazione RAI,71.10%,5,"314,271.00","149,032.00","165,239.00","223,459.00","108,207.00","115,252.00","130,395.00","74,392.00","15,826.00"
,,Raccolta pubblicita' radiotelevisiva,71.71%,0,"314,271.00","149,032.00","165,239.00","225,364.00","109,158.00","116,206.00","108,310.00","108,115.00","6,718.00"
,,Rappresentanze sindacali (richiesta massimale),70.93%,1,"314,271.00","149,032.00","165,239.00","222,923.00","107,937.00","114,986.00","84,065.00","117,682.00","17,765.00"
,,Rappresentanze sindacali (richiesta minimale),70.88%,2,"314,271.00","149,032.00","165,239.00","222,748.00","107,812.00","114,936.00","139,402.00","61,214.00","18,495.00"
,,Soggiorno cautelare,70.92%,4,"314,271.00","149,032.00","165,239.00","222,883.00","107,874.00","115,009.00","129,825.00","56,310.00","32,201.00"
,,Trattenute contributi sindacali,71.07%,7,"314,271.00","149,032.00","165,239.00","223,355.00","108,162.00","115,193.00","93,141.00","110,435.00","16,890.00"
,Ferrara Total,,71.16%,45,"3,771,252.00","1,788,384.00","1,982,868.00","2,683,747.00","1,299,372.00","1,384,375.00","1,257,037.00","1,195,328.00","196,443.00"
,Forlì-Cesena,Autorizzazione al commercio,67.60%,6,"302,777.00","145,673.00","157,104.00","204,679.00","100,893.00","103,786.00","51,122.00","134,642.00","15,599.00"
,,Concessioni televisive nazionali,68.65%,0,"302,777.00","145,673.00","157,104.00","207,870.00","102,567.00","105,303.00","112,392.00","87,847.00","5,271.00"
,,Contrattazione pubblico impiego,67.46%,3,"302,777.00","145,673.00","157,104.00","204,242.00","100,723.00","103,519.00","130,339.00","54,241.00","15,859.00"
,,Interruzioni pubblicitarie,68.62%,0,"302,777.00","145,673.00","157,104.00","207,777.00","102,518.00","105,259.00","115,649.00","84,990.00","5,160.00"
,,Legge elettorale comuni,67.65%,8,"302,777.00","145,673.00","157,104.00","204,820.00","101,053.00","103,767.00","72,452.00","112,575.00","16,498.00"
,,Orari esercizi commerciali,67.71%,9,"302,777.00","145,673.00","157,104.00","205,001.00","101,051.00","103,950.00","55,691.00","132,945.00","13,453.00"
,,Privatizzazione RAI,67.76%,5,"302,777.00","145,673.00","157,104.00","205,175.00","101,218.00","103,957.00","119,945.00","69,290.00","12,958.00"
,,Raccolta pubblicita' radiotelevisiva,68.60%,0,"302,777.00","145,673.00","157,104.00","207,706.00","102,491.00","105,215.00","112,377.00","87,458.00","5,590.00"
,,Rappresentanze sindacali (richiesta massimale),67.51%,1,"302,777.00","145,673.00","157,104.00","204,390.00","100,824.00","103,566.00","75,118.00","111,072.00","14,429.00"
,,Rappresentanze sindacali (richiesta minimale),67.43%,2,"302,777.00","145,673.00","157,104.00","204,169.00","100,834.00","103,335.00","125,139.00","59,634.00","15,917.00"
,,Soggiorno cautelare,67.57%,4,"302,777.00","145,673.00","157,104.00","204,578.00","100,884.00","103,694.00","123,956.00","54,159.00","22,466.00"
,,Trattenute contributi sindacali,67.70%,7,"302,777.00","145,673.00","157,104.00","204,973.00","101,130.00","103,843.00","86,450.00","101,896.00","13,645.00"
,Forlì-Cesena Total,,67.85%,45,"3,633,324.00","1,748,076.00","1,885,248.00","2,465,380.00","1,216,186.00","1,249,194.00","1,180,630.00","1,090,749.00","156,845.00"
,Modena,Autorizzazione al commercio,71.31%,6,"519,085.00","249,401.00","269,684.00","370,140.00","181,284.00","188,856.00","95,266.00","245,926.00","25,543.00"
,,Concessioni televisive nazionali,72.14%,0,"519,085.00","249,401.00","269,684.00","374,455.00","183,529.00","190,926.00","213,894.00","148,529.00","9,433.00"
,,Contrattazione pubblico impiego,71.21%,3,"519,085.00","249,401.00","269,684.00","369,640.00","181,053.00","188,587.00","251,678.00","87,736.00","26,360.00"
,,Interruzioni pubblicitarie,72.13%,0,"519,085.00","249,401.00","269,684.00","374,433.00","183,493.00","190,940.00","221,858.00","141,641.00","8,779.00"
,,Legge elettorale comuni,71.43%,8,"519,085.00","249,401.00","269,684.00","370,780.00","181,670.00","189,110.00","121,598.00","219,615.00","26,413.00"
,,Orari esercizi commerciali,71.37%,9,"519,085.00","249,401.00","269,684.00","370,468.00","181,409.00","189,059.00","99,079.00","246,280.00","21,986.00"
,,Privatizzazione RAI,71.53%,5,"519,085.00","249,401.00","269,684.00","371,294.00","181,944.00","189,350.00","241,265.00","107,068.00","20,023.00"
,,Raccolta pubblicita' radiotelevisiva,72.11%,0,"519,085.00","249,401.00","269,684.00","374,338.00","183,490.00","190,848.00","217,004.00","144,906.00","9,975.00"
,,Rappresentanze sindacali (richiesta massimale),71.25%,1,"519,085.00","249,401.00","269,684.00","369,825.00","181,141.00","188,684.00","124,988.00","217,537.00","23,400.00"
,,Rappresentanze sindacali (richiesta minimale),71.23%,2,"519,085.00","249,401.00","269,684.00","369,730.00","181,110.00","188,620.00","242,929.00","97,410.00","25,760.00"
,,Soggiorno cautelare,71.27%,4,"519,085.00","249,401.00","269,684.00","369,942.00","181,242.00","188,700.00","219,926.00","95,421.00","49,606.00"
,,Trattenute contributi sindacali,71.38%,7,"519,085.00","249,401.00","269,684.00","370,535.00","181,565.00","188,970.00","142,606.00","201,990.00","23,011.00"
,Modena Total,,71.53%,45,"6,229,020.00","2,992,812.00","3,236,208.00","4,455,580.00","2,182,930.00","2,272,650.00","2,192,091.00","1,954,059.00","270,289.00"
,Parma,Autorizzazione al commercio,64.34%,6,"347,559.00","166,118.00","181,441.00","223,619.00","110,353.00","113,266.00","64,035.00","133,970.00","21,951.00"
,,Concessioni televisive nazionali,65.66%,0,"347,559.00","166,118.00","181,441.00","228,205.00","112,590.00","115,615.00","111,482.00","107,494.00","6,669.00"
,,Contrattazione pubblico impiego,64.18%,3,"347,559.00","166,118.00","181,441.00","223,061.00","110,141.00","112,920.00","134,782.00","60,815.00","23,590.00"
,,Interruzioni pubblicitarie,65.65%,0,"347,559.00","166,118.00","181,441.00","228,157.00","112,589.00","115,568.00","113,986.00","105,704.00","6,470.00"
,,Legge elettorale comuni,64.48%,8,"347,559.00","166,118.00","181,441.00","224,111.00","110,711.00","113,400.00","94,419.00","104,657.00","21,522.00"
,,Orari esercizi commerciali,64.41%,9,"347,559.00","166,118.00","181,441.00","223,867.00","110,490.00","113,377.00","68,645.00","132,989.00","18,992.00"
,,Privatizzazione RAI,64.59%,5,"347,559.00","166,118.00","181,441.00","224,501.00","110,893.00","113,608.00","121,986.00","82,152.00","17,253.00"
,,Raccolta pubblicita' radiotelevisiva,65.60%,0,"347,559.00","166,118.00","181,441.00","227,993.00","112,495.00","115,498.00","111,608.00","106,738.00","7,341.00"
,,Rappresentanze sindacali (richiesta massimale),64.27%,1,"347,559.00","166,118.00","181,441.00","223,386.00","110,362.00","113,024.00","91,777.00","107,829.00","20,031.00"
,,Rappresentanze sindacali (richiesta minimale),64.21%,2,"347,559.00","166,118.00","181,441.00","223,151.00","110,217.00","112,934.00","130,053.00","67,002.00","22,252.00"
,,Soggiorno cautelare,64.36%,4,"347,559.00","166,118.00","181,441.00","223,692.00","110,520.00","113,172.00","133,568.00","60,418.00","25,856.00"
,,Trattenute contributi sindacali,64.48%,7,"347,559.00","166,118.00","181,441.00","224,116.00","110,741.00","113,375.00","105,259.00","96,414.00","19,155.00"
,Parma Total,,64.69%,45,"4,170,708.00","1,993,416.00","2,177,292.00","2,697,859.00","1,332,102.00","1,365,757.00","1,281,600.00","1,166,182.00","211,082.00"
,Piacenza,Autorizzazione al commercio,65.42%,6,"238,523.00","114,511.00","124,012.00","156,036.00","77,130.00","78,906.00","50,462.00","85,168.00","17,234.00"
,,Concessioni televisive nazionali,66.45%,0,"238,523.00","114,511.00","124,012.00","158,495.00","72,312.00","86,183.00","64,951.00","85,966.00","5,548.00"
,,Contrattazione pubblico impiego,65.38%,3,"238,523.00","114,511.00","124,012.00","155,955.00","77,122.00","78,833.00","90,840.00","44,082.00","17,958.00"
,,Interruzioni pubblicitarie,66.44%,0,"238,523.00","114,511.00","124,012.00","158,473.00","78,465.00","80,008.00","66,282.00","84,872.00","5,608.00"
,,Legge elettorale comuni,65.60%,8,"238,523.00","114,511.00","124,012.00","156,482.00","77,507.00","78,975.00","74,591.00","61,857.00","17,162.00"
,,Orari esercizi commerciali,65.62%,9,"238,523.00","114,511.00","124,012.00","156,522.00","77,328.00","79,194.00","53,347.00","85,275.00","14,972.00"
,,Privatizzazione RAI,65.65%,5,"238,523.00","114,511.00","124,012.00","156,589.00","77,439.00","79,150.00","84,142.00","55,543.00","14,251.00"
,,Raccolta pubblicita' radiotelevisiva,66.49%,0,"238,523.00","114,511.00","124,012.00","158,605.00","78,429.00","80,176.00","65,156.00","85,249.00","5,907.00"
,,Rappresentanze sindacali (richiesta massimale),65.41%,1,"238,523.00","114,511.00","124,012.00","156,027.00","77,199.00","78,828.00","73,232.00","63,922.00","15,699.00"
,,Rappresentanze sindacali (richiesta minimale),65.34%,2,"238,523.00","114,511.00","124,012.00","155,862.00","77,146.00","78,716.00","87,623.00","47,831.00","13,505.00"
,,Soggiorno cautelare,65.49%,4,"238,523.00","114,511.00","124,012.00","156,211.00","77,276.00","78,935.00","95,441.00","39,771.00","17,993.00"
,,Trattenute contributi sindacali,65.57%,7,"238,523.00","114,511.00","124,012.00","156,407.00","77,407.00","79,000.00","82,632.00","55,972.00","15,153.00"
,Piacenza Total,,65.74%,45,"2,862,276.00","1,374,132.00","1,488,144.00","1,881,664.00","924,760.00","956,904.00","888,699.00","795,508.00","160,990.00"
,Ravenna,Autorizzazione al commercio,70.64%,6,"306,407.00","146,790.00","159,617.00","216,445.00","105,746.00","110,699.00","52,039.00","144,499.00","17,151.00"
,,Concessioni televisive nazionali,71.89%,0,"306,407.00","146,790.00","159,617.00","220,283.00","107,888.00","112,395.00","128,719.00","84,424.00","5,196.00"
,,Contrattazione pubblico impiego,70.54%,3,"306,407.00","146,790.00","159,617.00","216,147.00","105,775.00","110,372.00","143,758.00","51,757.00","17,576.00"
,,Interruzioni pubblicitarie,71.87%,0,"306,407.00","146,790.00","159,617.00","220,207.00","107,892.00","112,315.00","130,835.00","82,643.00","5,060.00"
,,Legge elettorale comuni,70.82%,8,"306,407.00","146,790.00","159,617.00","217,004.00","106,249.00","110,755.00","68,335.00","128,317.00","17,301.00"
,,Orari esercizi commerciali,70.79%,9,"306,407.00","146,790.00","159,617.00","216,905.00","106,115.00","110,790.00","57,978.00","141,839.00","15,101.00"
,,Privatizzazione RAI,71.01%,5,"306,407.00","146,790.00","159,617.00","217,583.00","106,495.00","111,088.00","136,643.00","65,591.00","13,233.00"
,,Raccolta pubblicita' radiotelevisiva,71.90%,0,"306,407.00","146,790.00","159,617.00","220,296.00","107,902.00","112,394.00","129,044.00","83,540.00","5,798.00"
,,Rappresentanze sindacali (richiesta massimale),70.59%,1,"306,407.00","146,790.00","159,617.00","216,288.00","105,903.00","110,385.00","71,683.00","124,973.00","16,121.00"
,,Rappresentanze sindacali (richiesta minimale),70.53%,2,"306,407.00","146,790.00","159,617.00","216,116.00","105,760.00","110,356.00","139,526.00","56,474.00","16,955.00"
,,Soggiorno cautelare,70.65%,4,"306,407.00","146,790.00","159,617.00","216,481.00","105,934.00","110,547.00","128,236.00","49,010.00","35,326.00"
,,Trattenute contributi sindacali,70.78%,7,"306,407.00","146,790.00","159,617.00","216,884.00","106,119.00","110,765.00","81,731.00","116,908.00","15,702.00"
,Ravenna Total,,71.00%,45,"3,676,884.00","1,761,480.00","1,915,404.00","2,610,639.00","1,277,778.00","1,332,861.00","1,268,527.00","1,129,975.00","180,520.00"
,Reggio Emilia,Autorizzazione al commercio,71.66%,6,"358,136.00","172,602.00","185,534.00","256,645.00","126,151.00","130,494.00","56,937.00","179,379.00","17,956.00"
,,Concessioni televisive nazionali,72.67%,0,"358,136.00","172,602.00","185,534.00","260,262.00","128,204.00","132,058.00","161,143.00","90,807.00","6,487.00"
,,Contrattazione pubblico impiego,71.63%,3,"358,136.00","172,602.00","185,534.00","256,530.00","126,144.00","130,386.00","172,771.00","61,326.00","19,648.00"
,,Interruzioni pubblicitarie,72.65%,0,"358,136.00","172,602.00","185,534.00","260,178.00","128,180.00","131,998.00","165,140.00","87,230.00","6,314.00"
,,Legge elettorale comuni,71.82%,8,"358,136.00","172,602.00","185,534.00","257,197.00","126,562.00","130,635.00","77,047.00","158,392.00","19,224.00"
,,Orari esercizi commerciali,71.78%,9,"358,136.00","172,602.00","185,534.00","257,073.00","126,405.00","130,668.00","61,739.00","177,154.00","15,921.00"
,,Privatizzazione RAI,71.93%,5,"358,136.00","172,602.00","185,534.00","257,604.00","126,849.00","130,755.00","169,439.00","71,351.00","14,632.00"
,,Raccolta pubblicita' radiotelevisiva,72.63%,0,"358,136.00","172,602.00","185,534.00","260,100.00","128,095.00","132,005.00","161,090.00","90,014.00","7,268.00"
,,Rappresentanze sindacali (richiesta massimale),71.65%,1,"358,136.00","172,602.00","185,534.00","256,620.00","126,236.00","130,384.00","77,806.00","159,758.00","16,223.00"
,,Rappresentanze sindacali (richiesta minimale),71.63%,2,"358,136.00","172,602.00","185,534.00","256,528.00","126,269.00","130,259.00","166,271.00","68,770.00","18,645.00"
,,Soggiorno cautelare,71.65%,4,"358,136.00","172,602.00","185,534.00","256,603.00","126,406.00","130,197.00","169,137.00","59,000.00","25,159.00"
,,Trattenute contributi sindacali,71.83%,7,"358,136.00","172,602.00","185,534.00","257,245.00","126,544.00","130,701.00","88,515.00","150,545.00","15,922.00"
,Reggio Emilia Total,,71.96%,45,"4,297,632.00","2,071,224.00","2,226,408.00","3,092,585.00","1,522,045.00","1,570,540.00","1,527,035.00","1,353,726.00","183,399.00"
,Rimini,Autorizzazione al commercio,64.78%,6,"225,002.00","108,481.00","116,521.00","145,756.00","72,828.00","72,928.00","42,386.00","89,314.00","12,038.00"
,,Concessioni televisive nazionali,65.84%,0,"225,002.00","108,481.00","116,521.00","148,138.00","74,068.00","74,070.00","76,773.00","66,720.00","3,168.00"
,,Contrattazione pubblico impiego,64.64%,3,"225,002.00","108,481.00","116,521.00","145,441.00","72,641.00","72,800.00","91,877.00","39,172.00","12,211.00"
,,Interruzioni pubblicitarie,65.83%,0,"225,002.00","108,481.00","116,521.00","148,121.00","74,052.00","74,069.00","78,656.00","65,220.00","3,082.00"
,,Legge elettorale comuni,64.88%,8,"225,002.00","108,481.00","116,521.00","145,982.00","72,948.00","73,034.00","58,379.00","73,188.00","12,381.00"
,,Orari esercizi commerciali,64.88%,9,"225,002.00","108,481.00","116,521.00","145,992.00","72,983.00","73,009.00","43,905.00","90,986.00","9,311.00"
,,Privatizzazione RAI,64.92%,5,"225,002.00","108,481.00","116,521.00","146,078.00","72,985.00","73,093.00","87,041.00","47,733.00","9,413.00"
,,Raccolta pubblicita' radiotelevisiva,65.81%,0,"225,002.00","108,481.00","116,521.00","148,065.00","74,016.00","74,049.00","77,187.00","65,971.00","3,520.00"
,,Rappresentanze sindacali (richiesta massimale),64.67%,1,"225,002.00","108,481.00","116,521.00","145,519.00","72,768.00","72,751.00","57,701.00","74,779.00","10,825.00"
,,Rappresentanze sindacali (richiesta minimale),64.64%,2,"225,002.00","108,481.00","116,521.00","145,441.00","72,680.00","72,761.00","88,148.00","43,192.00","11,923.00"
,,Soggiorno cautelare,64.75%,4,"225,002.00","108,481.00","116,521.00","145,681.00","72,786.00","72,895.00","88,409.00","38,797.00","15,926.00"
,,Trattenute contributi sindacali,64.86%,7,"225,002.00","108,481.00","116,521.00","145,926.00","72,962.00","72,964.00","67,976.00","65,954.00","10,171.00"
,Rimini Total,,65.04%,45,"2,700,024.00","1,301,772.00","1,398,252.00","1,756,140.00","877,717.00","878,423.00","858,438.00","761,026.00","113,969.00"
EMILIA ROMAGNA Total,,,69.62%,405,"40,865,832.00","19,551,252.00","21,314,580.00","28,452,280.00","13,940,526.00","14,511,754.00","13,854,009.00","12,417,406.00","1,843,005.00"
FRIULI V.GIULIA,Gorizia,Autorizzazione al commercio,67.11%,6,"121,685.00","58,034.00","63,651.00","81,668.00","39,120.00","42,548.00","26,081.00","47,963.00","6,254.00"
,,Concessioni televisive nazionali,68.25%,0,"121,685.00","58,034.00","63,651.00","83,048.00","39,851.00","43,197.00","37,526.00","42,333.00","2,288.00"
,,Contrattazione pubblico impiego,66.89%,3,"121,685.00","58,034.00","63,651.00","81,399.00","39,049.00","42,350.00","47,340.00","25,636.00","6,939.00"
,,Interruzioni pubblicitarie,68.24%,0,"121,685.00","58,034.00","63,651.00","83,040.00","39,838.00","43,202.00","39,117.00","40,906.00","2,196.00"
,,Legge elettorale comuni,67.24%,8,"121,685.00","58,034.00","63,651.00","81,823.00","39,233.00","42,590.00","38,004.00","36,037.00","6,411.00"
,,Orari esercizi commerciali,67.01%,9,"121,685.00","58,034.00","63,651.00","81,538.00","39,150.00","42,388.00","29,452.00","45,758.00","5,295.00"
,,Privatizzazione RAI,67.38%,5,"121,685.00","58,034.00","63,651.00","81,991.00","39,316.00","42,675.00","42,348.00","33,291.00","5,172.00"
,,Raccolta pubblicita' radiotelevisiva,68.17%,0,"121,685.00","58,034.00","63,651.00","82,949.00","39,801.00","43,148.00","37,877.00","41,553.00","2,600.00"
,,Rappresentanze sindacali (richiesta massimale),67.05%,1,"121,685.00","58,034.00","63,651.00","81,586.00","39,158.00","42,428.00","36,437.00","38,121.00","5,553.00"
,,Rappresentanze sindacali (richiesta minimale),66.94%,2,"121,685.00","58,034.00","63,651.00","81,458.00","39,080.00","42,378.00","45,372.00","28,099.00","6,610.00"
,,Soggiorno cautelare,67.15%,4,"121,685.00","58,034.00","63,651.00","81,711.00","39,155.00","42,556.00","50,720.00","22,342.00","7,004.00"
,,Trattenute contributi sindacali,67.30%,7,"121,685.00","58,034.00","63,651.00","81,890.00","39,295.00","42,595.00","41,392.00","33,953.00","5,320.00"
,Gorizia Total,,67.39%,45,"1,460,220.00","696,408.00","763,812.00","984,101.00","472,046.00","512,055.00","471,666.00","435,992.00","61,642.00"
,Pordenone,Autorizzazione al commercio,57.37%,6,"251,985.00","121,611.00","130,374.00","144,573.00","71,672.00","72,901.00","59,017.00","83,132.00","10,301.00"
,,Concessioni televisive nazionali,58.21%,0,"251,985.00","121,611.00","130,374.00","146,674.00","72,983.00","73,691.00","59,942.00","81,961.00","3,318.00"
,,Contrattazione pubblico impiego,57.17%,3,"251,985.00","121,611.00","130,374.00","144,061.00","71,663.00","72,398.00","77,622.00","52,557.00","11,608.00"
,,Interruzioni pubblicitarie,58.19%,0,"251,985.00","121,611.00","130,374.00","146,631.00","72,949.00","73,682.00","63,398.00","78,838.00","3,170.00"
,,Legge elettorale comuni,57.43%,8,"251,985.00","121,611.00","130,374.00","144,719.00","71,971.00","72,748.00","73,057.00","59,024.00","10,532.00"
,,Orari esercizi commerciali,57.44%,9,"251,985.00","121,611.00","130,374.00","144,736.00","71,936.00","72,800.00","60,052.00","74,365.00","8,417.00"
,,Privatizzazione RAI,57.52%,5,"251,985.00","121,611.00","130,374.00","144,953.00","72,108.00","72,845.00","78,905.00","55,850.00","8,319.00"
,,Raccolta pubblicita' radiotelevisiva,58.15%,0,"251,985.00","121,611.00","130,374.00","146,523.00","72,903.00","73,620.00","60,513.00","80,930.00","3,693.00"
,,Rappresentanze sindacali (richiesta massimale),57.27%,1,"251,985.00","121,611.00","130,374.00","144,305.00","71,752.00","72,553.00","66,888.00","65,714.00","9,436.00"
,,Rappresentanze sindacali (richiesta minimale),57.18%,2,"251,985.00","121,611.00","130,374.00","144,087.00","71,657.00","72,430.00","73,838.00","57,218.00","10,915.00"
,,Soggiorno cautelare,57.50%,4,"251,985.00","121,611.00","130,374.00","144,901.00","72,030.00","72,871.00","95,411.00","37,474.00","9,830.00"
,,Trattenute contributi sindacali,57.47%,7,"251,985.00","121,611.00","130,374.00","144,821.00","72,040.00","72,781.00","80,072.00","54,059.00","8,701.00"
,Pordenone Total,,57.58%,45,"3,023,820.00","1,459,332.00","1,564,488.00","1,740,984.00","865,664.00","875,320.00","848,715.00","781,122.00","98,240.00"
,Trieste,Autorizzazione al commercio,61.72%,6,"227,735.00","105,005.00","122,730.00","140,557.00","66,695.00","73,862.00","51,037.00","78,207.00","8,829.00"
,,Concessioni televisive nazionali,63.08%,0,"227,735.00","105,005.00","122,730.00","143,646.00","68,194.00","75,452.00","51,940.00","88,079.00","2,326.00"
,,Contrattazione pubblico impiego,61.54%,3,"227,735.00","105,005.00","122,730.00","140,150.00","66,554.00","73,596.00","88,463.00","39,108.00","9,870.00"
,,Interruzioni pubblicitarie,63.02%,0,"227,735.00","105,005.00","122,730.00","143,523.00","68,078.00","75,445.00","53,674.00","86,197.00","2,220.00"
,,Legge elettorale comuni,61.86%,8,"227,735.00","105,005.00","122,730.00","140,885.00","66,877.00","74,008.00","74,719.00","55,306.00","8,762.00"
,,Orari esercizi commerciali,61.78%,9,"227,735.00","105,005.00","122,730.00","140,685.00","66,724.00","73,961.00","57,079.00","74,798.00","7,033.00"
,,Privatizzazione RAI,62.17%,5,"227,735.00","105,005.00","122,730.00","141,576.00","67,186.00","74,390.00","72,142.00","60,271.00","6,875.00"
,,Raccolta pubblicita' radiotelevisiva,62.96%,0,"227,735.00","105,005.00","122,730.00","143,374.00","68,001.00","75,373.00","53,076.00","86,345.00","2,637.00"
,,Rappresentanze sindacali (richiesta massimale),61.63%,1,"227,735.00","105,005.00","122,730.00","140,349.00","66,681.00","73,668.00","77,851.00","51,274.00","8,366.00"
,,Rappresentanze sindacali (richiesta minimale),61.60%,2,"227,735.00","105,005.00","122,730.00","140,275.00","66,583.00","73,692.00","84,909.00","43,152.00","9,537.00"
,,Soggiorno cautelare,61.73%,4,"227,735.00","105,005.00","122,730.00","140,579.00","66,679.00","73,900.00","88,303.00","40,336.00","9,191.00"
,,Trattenute contributi sindacali,61.88%,7,"227,735.00","105,005.00","122,730.00","140,915.00","66,831.00","74,084.00","85,777.00","45,027.00","8,054.00"
,Trieste Total,,62.08%,45,"2,732,820.00","1,260,060.00","1,472,760.00","1,696,514.00","805,083.00","891,431.00","838,970.00","748,100.00","83,700.00"
,Udine,Autorizzazione al commercio,54.61%,6,"476,333.00","229,326.00","247,007.00","260,129.00","128,209.00","131,920.00","93,511.00","142,750.00","19,929.00"
,,Concessioni televisive nazionali,55.71%,0,"476,333.00","229,326.00","247,007.00","265,352.00","130,858.00","134,494.00","107,577.00","148,583.00","6,547.00"
,,Contrattazione pubblico impiego,54.38%,3,"476,333.00","229,326.00","247,007.00","259,007.00","127,741.00","131,266.00","140,431.00","91,252.00","22,845.00"
,,Interruzioni pubblicitarie,55.72%,0,"476,333.00","229,326.00","247,007.00","265,411.00","130,869.00","134,542.00","114,737.00","142,378.00","6,098.00"
,,Legge elettorale comuni,54.66%,8,"476,333.00","229,326.00","247,007.00","260,382.00","128,380.00","132,002.00","131,863.00","103,347.00","21,184.00"
,,Orari esercizi commerciali,54.70%,9,"476,333.00","229,326.00","247,007.00","260,536.00","128,383.00","132,153.00","105,093.00","135,198.00","16,738.00"
,,Privatizzazione RAI,54.83%,5,"476,333.00","229,326.00","247,007.00","261,190.00","128,819.00","132,371.00","136,674.00","104,546.00","16,502.00"
,,Raccolta pubblicita' radiotelevisiva,55.66%,0,"476,333.00","229,326.00","247,007.00","265,121.00","130,748.00","134,373.00","108,994.00","146,180.00","7,400.00"
,,Rappresentanze sindacali (richiesta massimale),54.48%,1,"476,333.00","229,326.00","247,007.00","259,501.00","127,948.00","131,553.00","123,620.00","112,145.00","19,352.00"
,,Rappresentanze sindacali (richiesta minimale),54.41%,2,"476,333.00","229,326.00","247,007.00","259,168.00","127,810.00","131,358.00","134,178.00","98,970.00","21,691.00"
,,Soggiorno cautelare,54.70%,4,"476,333.00","229,326.00","247,007.00","260,539.00","128,513.00","132,026.00","171,585.00","66,105.00","18,955.00"
,,Trattenute contributi sindacali,54.70%,7,"476,333.00","229,326.00","247,007.00","260,552.00","128,540.00","132,012.00","144,672.00","94,208.00","17,973.00"
,Udine Total,,54.88%,45,"5,715,996.00","2,751,912.00","2,964,084.00","3,136,888.00","1,546,818.00","1,590,070.00","1,512,935.00","1,385,662.00","195,214.00"
FRIULI V.GIULIA Total,,,58.44%,180,"12,932,856.00","6,167,712.00","6,765,144.00","7,558,487.00","3,689,611.00","3,868,876.00","3,672,286.00","3,350,876.00","438,796.00"
LAZIO,Frosinone,Autorizzazione al commercio,49.29%,6,"432,735.00","211,549.00","221,186.00","213,288.00","108,985.00","104,303.00","68,356.00","106,633.00","31,995.00"
,,Concessioni televisive nazionali,49.86%,0,"432,735.00","211,549.00","221,186.00","215,780.00","110,306.00","105,474.00","68,847.00","129,905.00","12,376.00"
,,Contrattazione pubblico impiego,49.29%,3,"432,735.00","211,549.00","221,186.00","213,282.00","109,018.00","104,264.00","106,560.00","68,506.00","32,288.00"
,,Interruzioni pubblicitarie,49.89%,0,"432,735.00","211,549.00","221,186.00","215,874.00","108,312.00","107,562.00","86,096.00","113,238.00","12,250.00"
,,Legge elettorale comuni,49.35%,8,"432,735.00","211,549.00","221,186.00","213,550.00","109,168.00","104,382.00","90,903.00","85,863.00","30,745.00"
,,Orari esercizi commerciali,49.33%,9,"432,735.00","211,549.00","221,186.00","213,460.00","109,085.00","104,375.00","71,337.00","108,664.00","27,728.00"
,,Privatizzazione RAI,49.37%,5,"432,735.00","211,549.00","221,186.00","213,650.00","109,211.00","104,439.00","81,199.00","98,860.00","27,869.00"
,,Raccolta pubblicita' radiotelevisiva,49.85%,0,"432,735.00","211,549.00","221,186.00","215,708.00","110,277.00","105,431.00","65,175.00","123,609.00","12,120.00"
,,Rappresentanze sindacali (richiesta massimale),49.32%,1,"432,735.00","211,549.00","221,186.00","213,419.00","109,102.00","104,317.00","92,992.00","85,686.00","27,980.00"
,,Rappresentanze sindacali (richiesta minimale),49.29%,2,"432,735.00","211,549.00","221,186.00","213,308.00","109,030.00","104,278.00","102,416.00","73,404.00","31,049.00"
,,Soggiorno cautelare,49.27%,4,"432,735.00","211,549.00","221,186.00","213,188.00","108,928.00","104,260.00","95,618.00","77,881.00","32,944.00"
,,Trattenute contributi sindacali,49.34%,7,"432,735.00","211,549.00","221,186.00","213,528.00","109,167.00","104,361.00","99,242.00","79,016.00","29,031.00"
,Frosinone Total,,49.45%,45,"5,192,820.00","2,538,588.00","2,654,232.00","2,568,035.00","1,310,589.00","1,257,446.00","1,028,741.00","1,151,265.00","308,375.00"
,Latina,Autorizzazione al commercio,54.44%,6,"416,578.00","203,516.00","213,062.00","226,789.00","113,149.00","113,640.00","76,448.00","118,705.00","26,418.00"
,,Concessioni televisive nazionali,55.09%,0,"416,578.00","203,516.00","213,062.00","229,480.00","114,619.00","114,861.00","65,315.00","153,536.00","7,935.00"
,,Contrattazione pubblico impiego,54.47%,3,"416,578.00","203,516.00","213,062.00","226,894.00","113,118.00","113,776.00","125,147.00","68,790.00","27,566.00"
,,Interruzioni pubblicitarie,55.09%,0,"416,578.00","203,516.00","213,062.00","229,490.00","114,626.00","114,864.00","67,947.00","151,425.00","7,459.00"
,,Legge elettorale comuni,54.53%,8,"416,578.00","203,516.00","213,062.00","227,163.00","113,383.00","113,780.00","109,419.00","87,565.00","25,640.00"
,,Orari esercizi commerciali,54.49%,9,"416,578.00","203,516.00","213,062.00","227,002.00","113,253.00","113,749.00","79,664.00","120,657.00","22,454.00"
,,Privatizzazione RAI,54.53%,5,"416,578.00","203,516.00","213,062.00","227,140.00","113,378.00","113,762.00","95,704.00","103,725.00","23,143.00"
,,Raccolta pubblicita' radiotelevisiva,55.07%,0,"416,578.00","203,516.00","213,062.00","229,405.00","114,577.00","114,828.00","66,890.00","151,802.00","7,861.00"
,,Rappresentanze sindacali (richiesta massimale),54.46%,1,"416,578.00","203,516.00","213,062.00","226,885.00","113,175.00","113,710.00","110,523.00","86,688.00","24,441.00"
,,Rappresentanze sindacali (richiesta minimale),54.42%,2,"416,578.00","203,516.00","213,062.00","226,703.00","113,133.00","113,570.00","121,138.00","73,476.00","27,169.00"
,,Soggiorno cautelare,54.42%,4,"416,578.00","203,516.00","213,062.00","226,696.00","113,112.00","113,584.00","115,804.00","78,312.00","27,370.00"
,,Trattenute contributi sindacali,54.51%,7,"416,578.00","203,516.00","213,062.00","227,067.00","113,356.00","113,711.00","120,544.00","77,647.00","24,580.00"
,Latina Total,,54.63%,45,"4,998,936.00","2,442,192.00","2,556,744.00","2,730,714.00","1,362,879.00","1,367,835.00","1,154,543.00","1,272,328.00","252,036.00"
,Rieti,Autorizzazione al commercio,56.65%,6,"124,009.00","59,686.00","64,323.00","70,248.00","35,242.00","35,006.00","20,752.00","38,487.00","8,948.00"
,,Concessioni televisive nazionali,57.79%,0,"124,009.00","59,686.00","64,323.00","71,661.00","35,981.00","35,680.00","25,380.00","41,743.00","3,140.00"
,,Contrattazione pubblico impiego,56.56%,3,"124,009.00","59,686.00","64,323.00","70,139.00","35,192.00","34,947.00","37,538.00","21,178.00","9,142.00"
,,Interruzioni pubblicitarie,57.77%,0,"124,009.00","59,686.00","64,323.00","71,636.00","35,963.00","35,673.00","25,506.00","42,041.00","3,042.00"
,,Legge elettorale comuni,56.78%,8,"124,009.00","59,686.00","64,323.00","70,416.00","35,354.00","35,062.00","30,170.00","29,503.00","8,651.00"
,,Orari esercizi commerciali,56.67%,9,"124,009.00","59,686.00","64,323.00","70,277.00","35,236.00","35,041.00","21,400.00","39,159.00","7,748.00"
,,Privatizzazione RAI,56.79%,5,"124,009.00","59,686.00","64,323.00","70,423.00","35,341.00","35,082.00","27,869.00","32,905.00","7,790.00"
,,Raccolta pubblicita' radiotelevisiva,57.76%,0,"124,009.00","59,686.00","64,323.00","71,632.00","35,981.00","35,651.00","24,977.00","42,190.00","3,083.00"
,,Rappresentanze sindacali (richiesta massimale),56.65%,1,"124,009.00","59,686.00","64,323.00","70,253.00","35,289.00","34,964.00","30,781.00","28,973.00","8,146.00"
,,Rappresentanze sindacali (richiesta minimale),56.54%,2,"124,009.00","59,686.00","64,323.00","70,120.00","35,169.00","34,951.00","36,066.00","22,911.00","9,129.00"
,,Soggiorno cautelare,56.54%,4,"124,009.00","59,686.00","64,323.00","70,117.00","35,191.00","34,926.00","32,972.00","24,958.00","9,813.00"
,,Trattenute contributi sindacali,56.74%,7,"124,009.00","59,686.00","64,323.00","70,367.00","35,334.00","35,033.00","33,512.00","26,644.00","8,247.00"
,Rieti Total,,56.94%,45,"1,488,108.00","716,232.00","771,876.00","847,289.00","425,273.00","422,016.00","346,923.00","390,692.00","86,879.00"
,Roma,Autorizzazione al commercio,60.52%,6,"3,193,917.00","1,526,249.00","1,667,668.00","1,932,909.00","947,032.00","985,877.00","642,564.00","1,132,523.00","45,973.00"
,,Concessioni televisive nazionali,61.02%,0,"3,193,917.00","1,526,249.00","1,667,668.00","1,948,782.00","971,501.00","977,281.00","825,614.00","1,114,940.00","11,567.00"
,,Contrattazione pubblico impiego,60.35%,3,"3,193,917.00","1,526,249.00","1,667,668.00","1,927,443.00","944,865.00","982,578.00","1,253,714.00","510,548.00","48,131.00"
,,Interruzioni pubblicitarie,62.12%,0,"3,193,917.00","1,526,249.00","1,667,668.00","1,984,009.00","971,178.00","1,012,831.00","846,377.00","1,099,088.00","11,069.00"
,,Legge elettorale comuni,60.95%,8,"3,193,917.00","1,526,249.00","1,667,668.00","1,946,808.00","954,170.00","992,638.00","930,248.00","868,700.00","42,808.00"
,,Orari esercizi commerciali,60.67%,9,"3,193,917.00","1,526,249.00","1,667,668.00","1,937,690.00","949,321.00","988,369.00","675,385.00","1,135,677.00","38,574.00"
,,Privatizzazione RAI,60.50%,5,"3,193,917.00","1,526,249.00","1,667,668.00","1,932,262.00","946,564.00","985,698.00","916,512.00","902,856.00","38,217.00"
,,Raccolta pubblicita' radiotelevisiva,62.02%,0,"3,193,917.00","1,526,249.00","1,667,668.00","1,980,806.00","971,530.00","1,009,276.00","835,536.00","1,090,355.00","11,925.00"
,,Rappresentanze sindacali (richiesta massimale),60.42%,1,"3,193,917.00","1,526,249.00","1,667,668.00","1,929,913.00","946,012.00","983,901.00","1,007,883.00","773,862.00","42,199.00"
,,Rappresentanze sindacali (richiesta minimale),60.46%,2,"3,193,917.00","1,526,249.00","1,667,668.00","1,931,200.00","946,947.00","984,253.00","1,205,441.00","561,491.00","47,120.00"
,,Soggiorno cautelare,60.32%,4,"3,193,917.00","1,526,249.00","1,667,668.00","1,926,545.00","944,038.00","982,507.00","980,532.00","764,732.00","53,075.00"
,,Trattenute contributi sindacali,60.69%,7,"3,193,917.00","1,526,249.00","1,667,668.00","1,938,537.00","950,235.00","988,302.00","1,092,697.00","705,743.00","41,555.00"
,Roma Total,,60.84%,45,"38,327,004.00","18,314,988.00","20,012,016.00","23,316,904.00","11,443,393.00","11,873,511.00","11,212,503.00","10,660,515.00","432,213.00"
,Viterbo,Autorizzazione al commercio,61.05%,6,"238,616.00","115,642.00","122,974.00","145,665.00","72,547.00","73,118.00","42,682.00","79,549.00","20,242.00"
,,Concessioni televisive nazionali,62.29%,0,"238,616.00","115,642.00","122,974.00","148,636.00","74,078.00","74,558.00","50,140.00","90,592.00","6,646.00"
,,Contrattazione pubblico impiego,60.93%,3,"238,616.00","115,642.00","122,974.00","145,389.00","72,465.00","72,924.00","84,843.00","35,665.00","21,363.00"
,,Interruzioni pubblicitarie,62.28%,0,"238,616.00","115,642.00","122,974.00","148,619.00","74,075.00","74,544.00","51,503.00","89,694.00","5,803.00"
,,Legge elettorale comuni,61.12%,8,"238,616.00","115,642.00","122,974.00","145,847.00","72,687.00","73,160.00","66,944.00","55,200.00","20,573.00"
,,Orari esercizi commerciali,61.14%,9,"238,616.00","115,642.00","122,974.00","145,878.00","72,631.00","73,247.00","45,512.00","79,796.00","17,394.00"
,,Privatizzazione RAI,61.18%,5,"238,616.00","115,642.00","122,974.00","145,983.00","72,777.00","73,206.00","65,177.00","59,975.00","17,820.00"
,,Raccolta pubblicita' radiotelevisiva,62.25%,0,"238,616.00","115,642.00","122,974.00","148,549.00","74,015.00","74,534.00","50,005.00","90,634.00","6,132.00"
,,Rappresentanze sindacali (richiesta massimale),60.99%,1,"238,616.00","115,642.00","122,974.00","145,521.00","72,520.00","73,001.00","68,615.00","54,603.00","18,310.00"
,,Rappresentanze sindacali (richiesta minimale),60.93%,2,"238,616.00","115,642.00","122,974.00","145,381.00","72,457.00","72,924.00","82,643.00","38,452.00","20,866.00"
,,Soggiorno cautelare,60.92%,4,"238,616.00","115,642.00","122,974.00","145,367.00","72,403.00","72,964.00","74,093.00","44,259.00","23,381.00"
,,Trattenute contributi sindacali,61.13%,7,"238,616.00","115,642.00","122,974.00","145,875.00","72,729.00","73,146.00","75,040.00","48,833.00","18,532.00"
,Viterbo Total,,61.35%,45,"2,863,392.00","1,387,704.00","1,475,688.00","1,756,710.00","875,384.00","881,326.00","757,197.00","767,252.00","197,062.00"
LAZIO Total,,,59.05%,225,"52,870,260.00","25,399,704.00","27,470,556.00","31,219,652.00","15,417,518.00","15,802,134.00","14,499,907.00","14,242,052.00","1,276,565.00"
LIGURIA,Genova,Autorizzazione al commercio,60.43%,6,"830,985.00","388,856.00","442,129.00","502,130.00","245,492.00","256,638.00","140,817.00","317,093.00","36,296.00"
,,Concessioni televisive nazionali,61.55%,0,"830,985.00","388,856.00","442,129.00","511,432.00","250,076.00","261,356.00","262,002.00","234,634.00","10,188.00"
,,Contrattazione pubblico impiego,60.34%,3,"830,985.00","388,856.00","442,129.00","501,395.00","245,359.00","256,036.00","336,576.00","116,498.00","40,124.00"
,,Interruzioni pubblicitarie,61.58%,0,"830,985.00","388,856.00","442,129.00","511,732.00","250,261.00","261,471.00","268,474.00","229,157.00","9,883.00"
,,Legge elettorale comuni,60.65%,8,"830,985.00","388,856.00","442,129.00","504,030.00","246,378.00","257,652.00","205,105.00","253,989.00","36,797.00"
,,Orari esercizi commerciali,60.53%,9,"830,985.00","388,856.00","442,129.00","502,990.00","245,762.00","257,228.00","165,782.00","299,669.00","30,784.00"
,,Privatizzazione RAI,60.72%,5,"830,985.00","388,856.00","442,129.00","504,583.00","246,847.00","257,736.00","289,904.00","179,448.00","28,838.00"
,,Raccolta pubblicita' radiotelevisiva,61.52%,0,"830,985.00","388,856.00","442,129.00","511,263.00","250,016.00","261,247.00","267,294.00","228,192.00","11,214.00"
,,Rappresentanze sindacali (richiesta massimale),60.42%,1,"830,985.00","388,856.00","442,129.00","502,071.00","245,684.00","256,387.00","213,833.00","245,336.00","34,412.00"
,,Rappresentanze sindacali (richiesta minimale),60.36%,2,"830,985.00","388,856.00","442,129.00","501,563.00","245,437.00","256,126.00","327,879.00","126,545.00","38,463.00"
,,Soggiorno cautelare,60.34%,4,"830,985.00","388,856.00","442,129.00","501,375.00","245,016.00","256,359.00","301,139.00","141,369.00","49,002.00"
,,Trattenute contributi sindacali,60.60%,7,"830,985.00","388,856.00","442,129.00","503,574.00","246,339.00","257,235.00","241,617.00","221,689.00","32,930.00"
,Genova Total,,60.75%,45,"9,971,820.00","4,666,272.00","5,305,548.00","6,058,138.00","2,962,667.00","3,095,471.00","3,020,422.00","2,593,619.00","358,931.00"
,Imperia,Autorizzazione al commercio,56.92%,6,"192,198.00","91,009.00","101,189.00","109,391.00","52,357.00","57,034.00","39,607.00","56,216.00","11,251.00"
,,Concessioni televisive nazionali,58.03%,0,"192,198.00","91,009.00","101,189.00","111,532.00","53,396.00","58,136.00","38,732.00","68,957.00","2,703.00"
,,Contrattazione pubblico impiego,56.89%,3,"192,198.00","91,009.00","101,189.00","109,336.00","52,331.00","57,005.00","63,160.00","30,638.00","12,909.00"
,,Interruzioni pubblicitarie,58.03%,0,"192,198.00","91,009.00","101,189.00","111,530.00","53,388.00","58,142.00","40,479.00","67,255.00","2,616.00"
,,Legge elettorale comuni,57.00%,8,"192,198.00","91,009.00","101,189.00","109,557.00","52,474.00","57,083.00","54,704.00","41,588.00","11,107.00"
,,Orari esercizi commerciali,56.99%,9,"192,198.00","91,009.00","101,189.00","109,542.00","52,432.00","57,110.00","44,981.00","52,833.00","9,821.00"
,,Privatizzazione RAI,57.05%,5,"192,198.00","91,009.00","101,189.00","109,656.00","52,492.00","57,164.00","55,829.00","41,983.00","9,871.00"
,,Raccolta pubblicita' radiotelevisiva,58.01%,0,"192,198.00","91,009.00","101,189.00","111,490.00","53,364.00","58,126.00","38,932.00","68,465.00","2,907.00"
,,Rappresentanze sindacali (richiesta massimale),56.95%,1,"192,198.00","91,009.00","101,189.00","109,460.00","52,412.00","57,048.00","55,267.00","39,911.00","11,582.00"
,,Rappresentanze sindacali (richiesta minimale),56.94%,2,"192,198.00","91,009.00","101,189.00","109,428.00","52,332.00","57,096.00","61,249.00","33,190.00","12,609.00"
,,Soggiorno cautelare,57.10%,4,"192,198.00","91,009.00","101,189.00","109,749.00","52,554.00","57,195.00","69,572.00","26,830.00","10,834.00"
,,Trattenute contributi sindacali,56.99%,7,"192,198.00","91,009.00","101,189.00","109,540.00","52,462.00","57,078.00","63,056.00","33,807.00","10,656.00"
,Imperia Total,,57.24%,45,"2,306,376.00","1,092,108.00","1,214,268.00","1,320,211.00","631,994.00","688,217.00","625,568.00","561,673.00","108,866.00"
,La Spezia,Autorizzazione al commercio,62.99%,6,"198,585.00","94,596.00","103,989.00","125,090.00","62,193.00","62,897.00","33,907.00","79,321.00","10,021.00"
,,Concessioni televisive nazionali,64.00%,0,"198,585.00","94,596.00","103,989.00","127,101.00","63,233.00","63,868.00","64,187.00","58,880.00","2,873.00"
,,Contrattazione pubblico impiego,62.90%,3,"198,585.00","94,596.00","103,989.00","124,915.00","62,121.00","62,794.00","83,831.00","27,969.00","11,141.00"
,,Interruzioni pubblicitarie,64.00%,0,"198,585.00","94,596.00","103,989.00","127,101.00","63,251.00","63,850.00","65,875.00","57,488.00","2,725.00"
,,Legge elettorale comuni,63.11%,8,"198,585.00","94,596.00","103,989.00","125,326.00","62,337.00","62,989.00","50,212.00","62,959.00","10,297.00"
,,Orari esercizi commerciali,63.05%,9,"198,585.00","94,596.00","103,989.00","125,214.00","62,265.00","62,949.00","38,094.00","76,719.00","8,813.00"
,,Privatizzazione RAI,63.21%,5,"198,585.00","94,596.00","103,989.00","125,527.00","62,441.00","63,086.00","70,245.00","45,256.00","8,270.00"
,,Raccolta pubblicita' radiotelevisiva,63.98%,0,"198,585.00","94,596.00","103,989.00","127,064.00","63,220.00","63,844.00","64,746.00","58,052.00","3,067.00"
,,Rappresentanze sindacali (richiesta massimale),62.96%,1,"198,585.00","94,596.00","103,989.00","125,033.00","62,189.00","62,844.00","52,178.00","61,206.00","9,588.00"
,,Rappresentanze sindacali (richiesta minimale),62.92%,2,"198,585.00","94,596.00","103,989.00","124,941.00","62,133.00","62,808.00","81,072.00","31,005.00","10,741.00"
,,Soggiorno cautelare,63.00%,4,"198,585.00","94,596.00","103,989.00","125,108.00","62,228.00","62,880.00","80,056.00","29,823.00","13,080.00"
,,Trattenute contributi sindacali,63.12%,7,"198,585.00","94,596.00","103,989.00","125,343.00","62,353.00","62,990.00","58,219.00","56,116.00","9,340.00"
,La Spezia Total,,63.27%,45,"2,383,020.00","1,135,152.00","1,247,868.00","1,507,763.00","749,964.00","757,799.00","742,622.00","644,794.00","99,956.00"
,Savona ,Autorizzazione al commercio,65.79%,6,"252,776.00","118,975.00","133,801.00","166,295.00","80,478.00","85,817.00","52,644.00","95,355.00","15,083.00"
,,Concessioni televisive nazionali,66.76%,0,"252,776.00","118,975.00","133,801.00","168,754.00","81,763.00","86,991.00","73,205.00","89,014.00","4,368.00"
,,Contrattazione pubblico impiego,65.68%,3,"252,776.00","118,975.00","133,801.00","166,016.00","80,354.00","85,662.00","101,360.00","44,034.00","17,090.00"
,,Interruzioni pubblicitarie,66.75%,0,"252,776.00","118,975.00","133,801.00","168,736.00","81,773.00","86,963.00","76,113.00","86,710.00","4,323.00"
,,Legge elettorale comuni,65.93%,8,"252,776.00","118,975.00","133,801.00","166,648.00","80,682.00","85,966.00","77,448.00","70,673.00","15,347.00"
,,Orari esercizi commerciali,65.87%,9,"252,776.00","118,975.00","133,801.00","166,510.00","80,547.00","85,963.00","62,526.00","88,245.00","13,002.00"
,,Privatizzazione RAI,65.99%,5,"252,776.00","118,975.00","133,801.00","166,815.00","80,761.00","86,054.00","91,385.00","59,812.00","12,689.00"
,,Raccolta pubblicita' radiotelevisiva,66.73%,0,"252,776.00","118,975.00","133,801.00","168,668.00","81,717.00","86,951.00","74,609.00","87,409.00","4,723.00"
,,Rappresentanze sindacali (richiesta massimale),65.74%,1,"252,776.00","118,975.00","133,801.00","166,170.00","80,437.00","85,733.00","77,118.00","70,181.00","15,295.00"
,,Rappresentanze sindacali (richiesta minimale),65.70%,2,"252,776.00","118,975.00","133,801.00","166,069.00","80,397.00","85,672.00","98,534.00","47,340.00","16,654.00"
,,Soggiorno cautelare,65.79%,4,"252,776.00","118,975.00","133,801.00","166,313.00","80,484.00","85,829.00","105,072.00","41,269.00","16,690.00"
,,Trattenute contributi sindacali,65.89%,7,"252,776.00","118,975.00","133,801.00","166,557.00","80,658.00","85,899.00","87,680.00","61,529.00","14,233.00"
,Savona  Total,,66.05%,45,"3,033,312.00","1,427,700.00","1,605,612.00","2,003,551.00","970,051.00","1,033,500.00","977,694.00","841,571.00","149,497.00"
LIGURIA Total,,,61.54%,180,"17,694,528.00","8,321,232.00","9,373,296.00","10,889,663.00","5,314,676.00","5,574,987.00","5,366,306.00","4,641,657.00","717,250.00"
LOMBARDIA,Bergamo,Autorizzazione al commercio,68.75%,6,"769,115.00","372,738.00","396,377.00","528,798.00","257,306.00","271,492.00","172,555.00","310,602.00","39,200.00"
,,Concessioni televisive nazionali,69.48%,0,"769,115.00","372,738.00","396,377.00","534,413.00","260,373.00","274,040.00","229,956.00","285,438.00","14,562.00"
,,Contrattazione pubblico impiego,68.62%,3,"769,115.00","372,738.00","396,377.00","527,797.00","256,874.00","270,923.00","285,894.00","191,400.00","43,571.00"
,,Interruzioni pubblicitarie,69.48%,0,"769,115.00","372,738.00","396,377.00","534,370.00","260,325.00","274,045.00","242,404.00","274,564.00","13,671.00"
,,Legge elettorale comuni,68.85%,8,"769,115.00","372,738.00","396,377.00","529,543.00","257,786.00","271,757.00","244,491.00","237,183.00","41,536.00"
,,Orari esercizi commerciali,68.83%,9,"769,115.00","372,738.00","396,377.00","529,410.00","257,611.00","271,799.00","189,215.00","301,305.00","33,408.00"
,,Privatizzazione RAI,69.00%,5,"769,115.00","372,738.00","396,377.00","530,718.00","258,464.00","272,254.00","297,653.00","194,582.00","32,350.00"
,,Raccolta pubblicita' radiotelevisiva,69.44%,0,"769,115.00","372,738.00","396,377.00","534,067.00","260,193.00","273,874.00","234,635.00","279,606.00","15,532.00"
,,Rappresentanze sindacali (richiesta massimale),68.67%,1,"769,115.00","372,738.00","396,377.00","528,180.00","257,094.00","271,086.00","246,119.00","237,642.00","37,470.00"
,,Rappresentanze sindacali (richiesta minimale),68.63%,2,"769,115.00","372,738.00","396,377.00","527,881.00","256,924.00","270,957.00","279,260.00","200,301.00","41,629.00"
,,Soggiorno cautelare,68.77%,4,"769,115.00","372,738.00","396,377.00","528,947.00","257,462.00","271,485.00","341,678.00","139,843.00","40,657.00"
,,Trattenute contributi sindacali,68.83%,7,"769,115.00","372,738.00","396,377.00","529,376.00","257,750.00","271,626.00","278,628.00","207,045.00","37,591.00"
,Bergamo Total,,68.95%,45,"9,229,380.00","4,472,856.00","4,756,524.00","6,363,500.00","3,098,162.00","3,265,338.00","3,042,488.00","2,859,511.00","391,177.00"
,Brescia,Autorizzazione al commercio,64.30%,6,"874,251.00","420,626.00","453,625.00","562,177.00","274,299.00","287,878.00","175,506.00","334,750.00","44,887.00"
,,Concessioni televisive nazionali,65.19%,0,"874,251.00","420,626.00","453,625.00","569,960.00","278,519.00","291,441.00","241,882.00","308,663.00","14,669.00"
,,Contrattazione pubblico impiego,64.15%,3,"874,251.00","420,626.00","453,625.00","560,820.00","273,770.00","287,050.00","319,446.00","184,892.00","48,915.00"
,,Interruzioni pubblicitarie,65.19%,0,"874,251.00","420,626.00","453,625.00","569,921.00","278,399.00","291,522.00","252,138.00","299,700.00","13,757.00"
,,Legge elettorale comuni,64.40%,8,"874,251.00","420,626.00","453,625.00","562,990.00","274,889.00","288,101.00","263,382.00","247,193.00","45,849.00"
,,Orari esercizi commerciali,64.38%,9,"874,251.00","420,626.00","453,625.00","562,860.00","274,650.00","288,210.00","191,388.00","326,919.00","38,102.00"
,,Privatizzazione RAI,64.48%,5,"874,251.00","420,626.00","453,625.00","563,694.00","275,328.00","288,366.00","315,789.00","204,859.00","36,726.00"
,,Raccolta pubblicita' radiotelevisiva,65.15%,0,"874,251.00","420,626.00","453,625.00","569,580.00","278,254.00","291,326.00","246,958.00","302,609.00","15,587.00"
,,Rappresentanze sindacali (richiesta massimale),64.22%,1,"874,251.00","420,626.00","453,625.00","561,405.00","274,129.00","287,276.00","262,266.00","250,082.00","41,936.00"
,,Rappresentanze sindacali (richiesta minimale),64.15%,2,"874,251.00","420,626.00","453,625.00","560,860.00","273,934.00","286,926.00","310,238.00","196,843.00","46,834.00"
,,Soggiorno cautelare,64.27%,4,"874,251.00","420,626.00","453,625.00","561,877.00","274,280.00","287,597.00","354,521.00","147,503.00","52,392.00"
,,Trattenute contributi sindacali,64.36%,7,"874,251.00","420,626.00","453,625.00","562,710.00","274,795.00","287,915.00","289,196.00","225,227.00","41,928.00"
,Brescia Total,,64.52%,45,"10,491,012.00","5,047,512.00","5,443,500.00","6,768,854.00","3,305,246.00","3,463,608.00","3,222,710.00","3,029,240.00","441,582.00"
,Como,Autorizzazione al commercio,66.04%,6,"442,055.00","211,651.00","230,404.00","291,917.00","143,898.00","148,019.00","99,269.00","163,269.00","22,683.00"
,,Concessioni televisive nazionali,66.97%,0,"442,055.00","211,651.00","230,404.00","296,066.00","145,165.00","150,901.00","108,140.00","176,785.00","6,364.00"
,,Contrattazione pubblico impiego,65.88%,3,"442,055.00","211,651.00","230,404.00","291,218.00","142,565.00","148,653.00","165,365.00","93,547.00","25,264.00"
,,Interruzioni pubblicitarie,66.52%,0,"442,055.00","211,651.00","230,404.00","294,069.00","143,079.00","150,990.00","114,401.00","171,300.00","6,031.00"
,,Legge elettorale comuni,66.53%,8,"442,055.00","211,651.00","230,404.00","294,105.00","143,125.00","150,980.00","148,561.00","114,170.00","23,043.00"
,,Orari esercizi commerciali,65.68%,9,"442,055.00","211,651.00","230,404.00","290,355.00","141,121.00","149,234.00","109,913.00","157,933.00","18,588.00"
,,Privatizzazione RAI,66.31%,5,"442,055.00","211,651.00","230,404.00","293,117.00","141,631.00","151,486.00","162,234.00","107,457.00","17,641.00"
,,Raccolta pubblicita' radiotelevisiva,66.91%,0,"442,055.00","211,651.00","230,404.00","295,799.00","144,994.00","150,805.00","111,100.00","173,006.00","7,126.00"
,,Rappresentanze sindacali (richiesta massimale),65.45%,1,"442,055.00","211,651.00","230,404.00","289,309.00","140,867.00","148,442.00","147,288.00","115,602.00","21,623.00"
,,Rappresentanze sindacali (richiesta minimale),65.52%,2,"442,055.00","211,651.00","230,404.00","289,623.00","140,812.00","148,811.00","160,559.00","99,511.00","24,003.00"
,,Soggiorno cautelare,66.20%,4,"442,055.00","211,651.00","230,404.00","292,634.00","143,508.00","149,126.00","200,209.00","65,437.00","20,500.00"
,,Trattenute contributi sindacali,65.78%,7,"442,055.00","211,651.00","230,404.00","290,792.00","141,614.00","149,178.00","167,254.00","98,240.00","20,761.00"
,Como Total,,66.15%,45,"5,304,660.00","2,539,812.00","2,764,848.00","3,509,004.00","1,712,379.00","1,796,625.00","1,694,293.00","1,536,257.00","213,627.00"
,Cremona,Autorizzazione al commercio,70.72%,6,"277,434.00","132,242.00","145,192.00","196,200.00","95,408.00","100,792.00","53,891.00","119,137.00","20,217.00"
,,Concessioni televisive nazionali,71.95%,0,"277,434.00","132,242.00","145,192.00","199,626.00","97,194.00","102,432.00","81,537.00","109,486.00","6,464.00"
,,Contrattazione pubblico impiego,70.62%,3,"277,434.00","132,242.00","145,192.00","195,929.00","95,344.00","100,585.00","112,167.00","59,969.00","20,688.00"
,,Interruzioni pubblicitarie,71.94%,0,"277,434.00","132,242.00","145,192.00","199,580.00","97,159.00","102,421.00","85,116.00","106,443.00","6,175.00"
,,Legge elettorale comuni,70.89%,8,"277,434.00","132,242.00","145,192.00","196,675.00","95,666.00","101,009.00","84,707.00","88,107.00","20,686.00"
,,Orari esercizi commerciali,70.86%,9,"277,434.00","132,242.00","145,192.00","196,589.00","95,544.00","101,045.00","59,695.00","116,486.00","17,563.00"
,,Privatizzazione RAI,70.99%,5,"277,434.00","132,242.00","145,192.00","196,961.00","95,873.00","101,088.00","109,066.00","68,964.00","16,227.00"
,,Raccolta pubblicita' radiotelevisiva,71.89%,0,"277,434.00","132,242.00","145,192.00","199,434.00","97,094.00","102,340.00","83,282.00","107,137.00","7,086.00"
,,Rappresentanze sindacali (richiesta massimale),70.69%,1,"277,434.00","132,242.00","145,192.00","196,126.00","95,470.00","100,656.00","85,699.00","89,339.00","17,978.00"
,,Rappresentanze sindacali (richiesta minimale),70.64%,2,"277,434.00","132,242.00","145,192.00","195,969.00","95,376.00","100,593.00","109,007.00","64,053.00","20,053.00"
,,Soggiorno cautelare,70.75%,4,"277,434.00","132,242.00","145,192.00","196,282.00","95,483.00","100,799.00","116,990.00","49,838.00","25,970.00"
,,Trattenute contributi sindacali,73.45%,7,"277,434.00","132,242.00","145,192.00","203,768.00","96,841.00","106,927.00","97,248.00","78,728.00","17,967.00"
,Cremona Total,,71.28%,45,"3,329,208.00","1,586,904.00","1,742,304.00","2,373,139.00","1,152,452.00","1,220,687.00","1,078,405.00","1,057,687.00","197,074.00"
,Lecco,Autorizzazione al commercio,66.38%,6,"246,878.00","118,152.00","128,726.00","163,876.00","79,542.00","84,334.00","52,305.00","96,247.00","12,845.00"
,,Concessioni televisive nazionali,67.40%,0,"246,878.00","118,152.00","128,726.00","166,407.00","80,946.00","85,461.00","70,484.00","90,067.00","4,193.00"
,,Contrattazione pubblico impiego,66.22%,3,"246,878.00","118,152.00","128,726.00","163,472.00","79,398.00","84,074.00","86,498.00","60,672.00","13,672.00"
,,Interruzioni pubblicitarie,67.39%,0,"246,878.00","118,152.00","128,726.00","166,381.00","80,922.00","85,459.00","74,086.00","86,905.00","3,986.00"
,,Legge elettorale comuni,66.50%,8,"246,878.00","118,152.00","128,726.00","164,185.00","79,753.00","84,432.00","76,151.00","72,065.00","13,534.00"
,,Orari esercizi commerciali,66.50%,9,"246,878.00","118,152.00","128,726.00","164,179.00","79,698.00","84,481.00","58,756.00","92,442.00","10,818.00"
,,Privatizzazione RAI,66.64%,5,"246,878.00","118,152.00","128,726.00","164,529.00","79,942.00","84,587.00","92,333.00","59,750.00","10,240.00"
,,Raccolta pubblicita' radiotelevisiva,67.33%,0,"246,878.00","118,152.00","128,726.00","166,232.00","80,856.00","85,376.00","72,394.00","87,791.00","4,523.00"
,,Rappresentanze sindacali (richiesta massimale),66.50%,1,"246,878.00","118,152.00","128,726.00","164,183.00","79,780.00","84,403.00","70,655.00","79,243.00","11,322.00"
,,Rappresentanze sindacali (richiesta minimale),66.25%,2,"246,878.00","118,152.00","128,726.00","163,557.00","79,460.00","84,097.00","83,107.00","65,055.00","12,813.00"
,,Soggiorno cautelare,66.49%,4,"246,878.00","118,152.00","128,726.00","164,156.00","79,727.00","84,429.00","110,526.00","38,804.00","12,565.00"
,,Trattenute contributi sindacali,66.54%,7,"246,878.00","118,152.00","128,726.00","164,263.00","79,867.00","84,396.00","83,053.00","68,056.00","10,922.00"
,Lecco Total,,66.68%,45,"2,962,536.00","1,417,824.00","1,544,712.00","1,975,420.00","959,891.00","1,015,529.00","930,348.00","897,097.00","121,433.00"
,Lodi,Autorizzazione al commercio,69.51%,6,"155,833.00","75,079.00","80,754.00","108,313.00","52,951.00","55,362.00","31,194.00","64,784.00","10,264.00"
,,Concessioni televisive nazionali,70.63%,0,"155,833.00","75,079.00","80,754.00","110,061.00","53,851.00","56,210.00","41,353.00","64,470.00","2,966.00"
,,Contrattazione pubblico impiego,69.39%,3,"155,833.00","75,079.00","80,754.00","108,137.00","52,848.00","55,289.00","62,413.00","33,459.00","10,642.00"
,,Interruzioni pubblicitarie,70.48%,0,"155,833.00","75,079.00","80,754.00","109,836.00","53,824.00","56,012.00","43,220.00","62,831.00","2,881.00"
,,Legge elettorale comuni,69.61%,8,"155,833.00","75,079.00","80,754.00","108,476.00","53,071.00","55,405.00","49,339.00","46,566.00","10,590.00"
,,Orari esercizi commerciali,69.58%,9,"155,833.00","75,079.00","80,754.00","108,435.00","53,042.00","55,393.00","33,189.00","64,574.00","8,950.00"
,,Privatizzazione RAI,69.82%,5,"155,833.00","75,079.00","80,754.00","108,802.00","53,130.00","55,672.00","59,844.00","38,620.00","8,485.00"
,,Raccolta pubblicita' radiotelevisiva,70.52%,0,"155,833.00","75,079.00","80,754.00","109,897.00","53,814.00","56,083.00","42,129.00","63,359.00","3,137.00"
,,Rappresentanze sindacali (richiesta massimale),69.49%,1,"155,833.00","75,079.00","80,754.00","108,286.00","52,982.00","55,304.00","48,894.00","47,803.00","9,461.00"
,,Rappresentanze sindacali (richiesta minimale),69.42%,2,"155,833.00","75,079.00","80,754.00","108,175.00","52,826.00","55,349.00","60,130.00","35,778.00","10,191.00"
,,Soggiorno cautelare,69.61%,4,"155,833.00","75,079.00","80,754.00","108,475.00","53,110.00","55,365.00","65,638.00","27,884.00","12,783.00"
,,Trattenute contributi sindacali,69.63%,7,"155,833.00","75,079.00","80,754.00","108,506.00","53,094.00","55,412.00","54,246.00","43,164.00","9,183.00"
,Lodi Total,,69.81%,45,"1,869,996.00","900,948.00","969,048.00","1,305,399.00","638,543.00","666,856.00","591,589.00","593,292.00","99,533.00"
,Mantova,Autorizzazione al commercio,66.80%,6,"311,950.00","149,114.00","162,836.00","208,384.00","102,013.00","106,371.00","59,480.00","126,154.00","20,265.00"
,,Concessioni televisive nazionali,66.74%,0,"311,950.00","149,114.00","162,836.00","208,200.00","101,955.00","106,245.00","101,189.00","101,645.00","6,768.00"
,,Contrattazione pubblico impiego,66.67%,3,"311,950.00","149,114.00","162,836.00","207,986.00","101,829.00","106,157.00","129,357.00","54,522.00","21,446.00"
,,Interruzioni pubblicitarie,67.73%,0,"311,950.00","149,114.00","162,836.00","211,292.00","103,540.00","107,752.00","105,321.00","97,889.00","6,546.00"
,,Legge elettorale comuni,66.87%,8,"311,950.00","149,114.00","162,836.00","208,594.00","102,173.00","106,421.00","84,357.00","100,731.00","20,985.00"
,,Orari esercizi commerciali,66.86%,9,"311,950.00","149,114.00","162,836.00","208,565.00","102,102.00","106,463.00","64,348.00","124,160.00","17,920.00"
,,Privatizzazione RAI,66.98%,5,"311,950.00","149,114.00","162,836.00","208,929.00","102,353.00","106,576.00","122,518.00","67,695.00","16,332.00"
,,Raccolta pubblicita' radiotelevisiva,67.77%,0,"311,950.00","149,114.00","162,836.00","211,407.00","103,510.00","107,897.00","103,783.00","98,424.00","7,112.00"
,,Rappresentanze sindacali (richiesta massimale),66.74%,1,"311,950.00","149,114.00","162,836.00","208,200.00","101,955.00","106,245.00","84,706.00","101,594.00","19,207.00"
,,Rappresentanze sindacali (richiesta minimale),66.72%,2,"311,950.00","149,114.00","162,836.00","208,120.00","101,856.00","106,264.00","126,138.00","58,703.00","20,770.00"
,,Soggiorno cautelare,66.82%,4,"311,950.00","149,114.00","162,836.00","208,439.00","102,460.00","105,979.00","120,652.00","52,864.00","31,953.00"
,,Trattenute contributi sindacali,66.90%,7,"311,950.00","149,114.00","162,836.00","208,685.00","102,237.00","106,448.00","95,702.00","92,260.00","18,444.00"
,Mantova Total,,66.97%,45,"3,743,400.00","1,789,368.00","1,954,032.00","2,506,801.00","1,227,983.00","1,278,818.00","1,197,551.00","1,076,641.00","207,748.00"
,Milano,Autorizzazione al commercio,66.75%,6,"3,168,193.00","1,509,540.00","1,658,653.00","2,114,618.00","1,028,086.00","1,086,532.00","702,234.00","1,264,203.00","121,067.00"
,,Concessioni televisive nazionali,68.07%,0,"3,168,193.00","1,509,540.00","1,658,653.00","2,156,621.00","1,049,092.00","1,107,529.00","851,346.00","1,263,630.00","26,335.00"
,,Contrattazione pubblico impiego,66.60%,3,"3,168,193.00","1,509,540.00","1,658,653.00","2,110,027.00","1,026,660.00","1,083,367.00","1,347,694.00","600,134.00","132,453.00"
,,Interruzioni pubblicitarie,68.06%,0,"3,168,193.00","1,509,540.00","1,658,653.00","2,156,346.00","1,049,029.00","1,107,317.00","885,816.00","1,233,405.00","24,605.00"
,,Legge elettorale comuni,67.10%,8,"3,168,193.00","1,509,540.00","1,658,653.00","2,125,788.00","1,034,137.00","1,091,651.00","1,063,003.00","922,045.00","115,684.00"
,,Orari esercizi commerciali,66.91%,9,"3,168,193.00","1,509,540.00","1,658,653.00","2,119,778.00","1,030,502.00","1,089,276.00","795,200.00","1,204,027.00","98,346.00"
,,Privatizzazione RAI,67.16%,5,"3,168,193.00","1,509,540.00","1,658,653.00","2,127,629.00","1,035,143.00","1,092,486.00","1,263,741.00","749,528.00","91,453.00"
,,Raccolta pubblicita' radiotelevisiva,68.02%,0,"3,168,193.00","1,509,540.00","1,658,653.00","2,155,035.00","1,048,222.00","1,106,813.00","879,807.00","1,231,181.00","29,314.00"
,,Rappresentanze sindacali (richiesta massimale),66.69%,1,"3,168,193.00","1,509,540.00","1,658,653.00","2,112,728.00","1,028,241.00","1,084,487.00","1,075,268.00","894,137.00","114,780.00"
,,Rappresentanze sindacali (richiesta minimale),66.62%,2,"3,168,193.00","1,509,540.00","1,658,653.00","2,110,531.00","1,026,878.00","1,083,653.00","1,307,047.00","646,682.00","127,624.00"
,,Soggiorno cautelare,66.79%,4,"3,168,193.00","1,509,540.00","1,658,653.00","2,116,181.00","1,029,403.00","1,086,778.00","1,408,779.00","532,771.00","144,994.00"
,,Trattenute contributi sindacali,66.94%,7,"3,168,193.00","1,509,540.00","1,658,653.00","2,120,932.00","1,031,889.00","1,089,043.00","1,223,601.00","765,123.00","108,109.00"
,Milano Total,,67.14%,45,"38,018,316.00","18,114,480.00","19,903,836.00","25,526,214.00","12,417,282.00","13,108,932.00","12,803,536.00","11,306,866.00","1,134,764.00"
,Pavia,Autorizzazione al commercio,68.98%,6,"422,233.00","199,939.00","222,294.00","291,269.00","142,844.00","148,425.00","91,358.00","158,656.00","35,667.00"
,,Concessioni televisive nazionali,70.10%,0,"422,233.00","199,939.00","222,294.00","295,967.00","145,175.00","150,792.00","106,786.00","176,068.00","9,818.00"
,,Contrattazione pubblico impiego,68.92%,3,"422,233.00","199,939.00","222,294.00","291,015.00","142,673.00","148,342.00","168,171.00","79,815.00","37,117.00"
,,Interruzioni pubblicitarie,70.05%,0,"422,233.00","199,939.00","222,294.00","295,781.00","144,979.00","150,802.00","110,854.00","172,720.00","9,387.00"
,,Legge elettorale comuni,69.12%,8,"422,233.00","199,939.00","222,294.00","291,837.00","144,019.00","147,818.00","137,357.00","113,188.00","36,036.00"
,,Orari esercizi commerciali,69.06%,9,"422,233.00","199,939.00","222,294.00","291,588.00","142,924.00","148,664.00","101,816.00","153,993.00","31,055.00"
,,Privatizzazione RAI,69.20%,5,"422,233.00","199,939.00","222,294.00","292,175.00","143,463.00","148,712.00","155,803.00","102,173.00","29,187.00"
,,Raccolta pubblicita' radiotelevisiva,70.05%,0,"422,233.00","199,939.00","222,294.00","295,795.00","145,071.00","150,724.00","109,238.00","173,068.00","10,153.00"
,,Rappresentanze sindacali (richiesta massimale),68.95%,1,"422,233.00","199,939.00","222,294.00","291,110.00","142,686.00","148,424.00","136,740.00","115,230.00","33,311.00"
,,Rappresentanze sindacali (richiesta minimale),68.87%,2,"422,233.00","199,939.00","222,294.00","290,790.00","142,549.00","148,241.00","163,137.00","85,985.00","36,061.00"
,,Soggiorno cautelare,69.04%,4,"422,233.00","199,939.00","222,294.00","291,493.00","142,955.00","148,538.00","175,319.00","65,954.00","39,217.00"
,,Trattenute contributi sindacali,69.12%,7,"422,233.00","199,939.00","222,294.00","291,837.00","144,019.00","147,818.00","154,771.00","99,946.00","32,167.00"
,Pavia Total,,69.29%,45,"5,066,796.00","2,399,268.00","2,667,528.00","3,510,657.00","1,723,357.00","1,787,300.00","1,611,350.00","1,496,796.00","339,176.00"
,Sondrio,Autorizzazione al commercio,52.48%,6,"151,375.00","73,714.00","77,661.00","79,447.00","39,623.00","39,824.00","26,546.00","43,730.00","7,303.00"
,,Concessioni televisive nazionali,53.10%,0,"151,375.00","73,714.00","77,661.00","80,375.00","40,026.00","40,349.00","29,540.00","47,583.00","2,442.00"
,,Contrattazione pubblico impiego,52.12%,3,"151,375.00","73,714.00","77,661.00","78,904.00","39,321.00","39,583.00","40,916.00","28,379.00","8,107.00"
,,Interruzioni pubblicitarie,53.01%,0,"151,375.00","73,714.00","77,661.00","80,247.00","40,002.00","40,245.00","30,577.00","46,624.00","2,427.00"
,,Legge elettorale comuni,52.28%,8,"151,375.00","73,714.00","77,661.00","79,145.00","39,458.00","39,687.00","38,269.00","31,681.00","7,910.00"
,,Orari esercizi commerciali,52.29%,9,"151,375.00","73,714.00","77,661.00","79,157.00","39,436.00","39,721.00","30,121.00","41,586.00","6,461.00"
,,Privatizzazione RAI,52.43%,5,"151,375.00","73,714.00","77,661.00","79,363.00","39,579.00","39,784.00","43,022.00","29,462.00","5,763.00"
,,Raccolta pubblicita' radiotelevisiva,52.98%,0,"151,375.00","73,714.00","77,661.00","80,193.00","39,975.00","40,218.00","29,893.00","46,685.00","2,800.00"
,,Rappresentanze sindacali (richiesta massimale),52.18%,1,"151,375.00","73,714.00","77,661.00","78,980.00","39,368.00","39,612.00","37,066.00","33,815.00","6,821.00"
,,Rappresentanze sindacali (richiesta minimale),52.06%,2,"151,375.00","73,714.00","77,661.00","78,801.00","39,270.00","39,531.00","38,106.00","31,671.00","7,772.00"
,,Soggiorno cautelare,52.36%,4,"151,375.00","73,714.00","77,661.00","79,260.00","39,497.00","39,763.00","52,307.00","18,669.00","6,885.00"
,,Trattenute contributi sindacali,52.37%,7,"151,375.00","73,714.00","77,661.00","79,281.00","39,521.00","39,760.00","42,330.00","29,459.00","6,345.00"
,Sondrio Total,,52.47%,45,"1,816,500.00","884,568.00","931,932.00","953,153.00","475,076.00","478,077.00","438,693.00","429,344.00","71,036.00"
,Varese,Autorizzazione al commercio,65.10%,6,"677,142.00","323,047.00","354,095.00","440,804.00","215,942.00","224,862.00","156,665.00","244,656.00","32,693.00"
,,Concessioni televisive nazionali,66.07%,0,"677,142.00","323,047.00","354,095.00","447,356.00","219,473.00","227,883.00","177,323.00","257,091.00","8,837.00"
,,Contrattazione pubblico impiego,64.89%,3,"677,142.00","323,047.00","354,095.00","439,421.00","215,430.00","223,991.00","249,613.00","144,921.00","37,481.00"
,,Interruzioni pubblicitarie,66.07%,0,"677,142.00","323,047.00","354,095.00","447,359.00","219,426.00","227,933.00","186,740.00","249,010.00","8,175.00"
,,Legge elettorale comuni,65.20%,8,"677,142.00","323,047.00","354,095.00","441,522.00","216,460.00","225,062.00","222,239.00","178,731.00","33,968.00"
,,Orari esercizi commerciali,65.19%,9,"677,142.00","323,047.00","354,095.00","441,419.00","216,315.00","225,104.00","173,390.00","235,120.00","27,160.00"
,,Privatizzazione RAI,65.33%,5,"677,142.00","323,047.00","354,095.00","442,382.00","217,067.00","225,315.00","249,596.00","160,879.00","25,678.00"
,,Raccolta pubblicita' radiotelevisiva,65.72%,0,"677,142.00","323,047.00","354,095.00","445,011.00","217,308.00","227,703.00","181,707.00","251,479.00","9,696.00"
,,Rappresentanze sindacali (richiesta massimale),64.94%,1,"677,142.00","323,047.00","354,095.00","439,743.00","215,600.00","224,143.00","220,814.00","179,719.00","32,792.00"
,,Rappresentanze sindacali (richiesta minimale),64.90%,2,"677,142.00","323,047.00","354,095.00","439,474.00","215,523.00","223,951.00","244,101.00","152,297.00","35,609.00"
,,Soggiorno cautelare,65.28%,4,"677,142.00","323,047.00","354,095.00","442,045.00","216,785.00","225,260.00","310,361.00","95,797.00","29,605.00"
,,Trattenute contributi sindacali,65.16%,7,"677,142.00","323,047.00","354,095.00","441,192.00","224,820.00","216,372.00","254,167.00","150,171.00","30,523.00"
,Varese Total,,65.32%,45,"8,125,704.00","3,876,564.00","4,249,140.00","5,307,728.00","2,610,149.00","2,697,579.00","2,626,716.00","2,299,871.00","312,217.00"
LOMBARDIA Total,,,66.81%,495,"89,957,508.00","43,030,104.00","46,927,404.00","60,099,869.00","29,320,520.00","30,779,349.00","29,237,679.00","26,582,602.00","3,529,367.00"
MARCHE,Ancona,Autorizzazione al commercio,63.19%,6,"380,657.00","181,762.00","198,895.00","240,546.00","119,645.00","120,901.00","70,385.00","144,220.00","22,252.00"
,,Concessioni televisive nazionali,64.15%,0,"380,657.00","181,762.00","198,895.00","244,183.00","121,564.00","122,619.00","124,037.00","109,807.00","7,645.00"
,,Contrattazione pubblico impiego,63.06%,3,"380,657.00","181,762.00","198,895.00","240,046.00","119,468.00","120,578.00","135,263.00","76,241.00","24,650.00"
,,Interruzioni pubblicitarie,64.12%,0,"380,657.00","181,762.00","198,895.00","244,073.00","121,520.00","122,553.00","126,593.00","107,898.00","7,397.00"
,,Legge elettorale comuni,63.31%,8,"380,657.00","181,762.00","198,895.00","241,003.00","119,949.00","121,054.00","93,256.00","120,951.00","23,125.00"
,,Orari esercizi commerciali,63.28%,9,"380,657.00","181,762.00","198,895.00","240,893.00","119,806.00","121,087.00","75,868.00","143,119.00","18,721.00"
,,Privatizzazione RAI,63.33%,5,"380,657.00","181,762.00","198,895.00","241,087.00","119,977.00","121,110.00","117,593.00","100,859.00","19,287.00"
,,Raccolta pubblicita' radiotelevisiva,64.10%,0,"380,657.00","181,762.00","198,895.00","244,008.00","121,463.00","122,545.00","125,876.00","107,467.00","8,284.00"
,,Rappresentanze sindacali (richiesta massimale),63.11%,1,"380,657.00","181,762.00","198,895.00","240,237.00","119,621.00","120,616.00","93,743.00","120,505.00","21,860.00"
,,Rappresentanze sindacali (richiesta minimale),63.06%,2,"380,657.00","181,762.00","198,895.00","240,047.00","119,471.00","120,576.00","129,918.00","82,249.00","23,906.00"
,,Soggiorno cautelare,63.13%,4,"380,657.00","181,762.00","198,895.00","240,319.00","119,538.00","120,781.00","135,710.00","73,654.00","26,793.00"
,,Trattenute contributi sindacali,63.25%,7,"380,657.00","181,762.00","198,895.00","240,757.00","119,856.00","120,901.00","108,592.00","107,633.00","21,182.00"
,Ancona Total,,63.43%,45,"4,567,884.00","2,181,144.00","2,386,740.00","2,897,199.00","1,441,878.00","1,455,321.00","1,336,834.00","1,294,603.00","225,102.00"
,Ascoli Piceno,Autorizzazione al commercio,58.55%,6,"304,339.00","147,499.00","156,840.00","178,180.00","89,537.00","88,643.00","60,892.00","102,809.00","21,069.00"
,,Concessioni televisive nazionali,62.67%,0,"304,339.00","147,499.00","156,840.00","190,721.00","95,999.00","94,722.00","79,125.00","102,315.00","6,757.00"
,,Contrattazione pubblico impiego,62.46%,3,"304,339.00","147,499.00","156,840.00","190,083.00","94,877.00","95,206.00","104,151.00","57,492.00","22,730.00"
,,Interruzioni pubblicitarie,62.72%,0,"304,339.00","147,499.00","156,840.00","190,880.00","96,059.00","94,821.00","81,377.00","100,622.00","6,559.00"
,,Legge elettorale comuni,61.99%,8,"304,339.00","147,499.00","156,840.00","188,670.00","94,863.00","93,807.00","84,091.00","79,881.00","22,278.00"
,,Orari esercizi commerciali,61.96%,9,"304,339.00","147,499.00","156,840.00","188,568.00","94,814.00","93,754.00","65,054.00","102,633.00","17,660.00"
,,Privatizzazione RAI,62.00%,5,"304,339.00","147,499.00","156,840.00","188,699.00","94,876.00","93,823.00","83,492.00","83,380.00","18,334.00"
,,Raccolta pubblicita' radiotelevisiva,62.65%,0,"304,339.00","147,499.00","156,840.00","190,676.00","95,960.00","94,716.00","79,539.00","101,433.00","6,977.00"
,,Rappresentanze sindacali (richiesta massimale),61.49%,1,"304,339.00","147,499.00","156,840.00","187,143.00","93,698.00","93,445.00","84,837.00","79,567.00","19,859.00"
,,Rappresentanze sindacali (richiesta minimale),61.85%,2,"304,339.00","147,499.00","156,840.00","188,237.00","94,707.00","93,530.00","100,610.00","61,851.00","22,033.00"
,,Soggiorno cautelare,61.90%,4,"304,339.00","147,499.00","156,840.00","188,385.00","94,714.00","93,671.00","105,725.00","54,975.00","23,704.00"
,,Trattenute contributi sindacali,61.92%,7,"304,339.00","147,499.00","156,840.00","188,452.00","94,834.00","93,618.00","94,010.00","71,378.00","19,727.00"
,Ascoli Piceno Total,,61.85%,45,"3,652,068.00","1,769,988.00","1,882,080.00","2,258,694.00","1,134,938.00","1,123,756.00","1,022,903.00","998,336.00","207,687.00"
,Macerata,Autorizzazione al commercio,59.99%,6,"253,499.00","121,956.00","131,543.00","152,072.00","76,436.00","75,636.00","45,934.00","85,770.00","17,817.00"
,,Concessioni televisive nazionali,60.96%,0,"253,499.00","121,956.00","131,543.00","154,530.00","77,740.00","76,790.00","65,430.00","80,537.00","6,540.00"
,,Contrattazione pubblico impiego,60.04%,3,"253,499.00","121,956.00","131,543.00","152,206.00","76,535.00","75,671.00","79,786.00","49,656.00","19,572.00"
,,Interruzioni pubblicitarie,65.34%,0,"253,499.00","121,956.00","131,543.00","165,631.00","83,393.00","82,238.00","67,230.00","79,041.00","6,423.00"
,,Legge elettorale comuni,60.19%,8,"253,499.00","121,956.00","131,543.00","152,574.00","76,762.00","75,812.00","65,429.00","65,900.00","18,487.00"
,,Orari esercizi commerciali,60.32%,9,"253,499.00","121,956.00","131,543.00","152,919.00","76,842.00","76,077.00","49,155.00","85,899.00","15,167.00"
,,Privatizzazione RAI,60.38%,5,"253,499.00","121,956.00","131,543.00","153,074.00","76,836.00","76,238.00","65,679.00","68,672.00","15,682.00"
,,Raccolta pubblicita' radiotelevisiva,60.93%,0,"253,499.00","121,956.00","131,543.00","154,460.00","77,700.00","76,760.00","65,979.00","79,519.00","6,989.00"
,,Rappresentanze sindacali (richiesta massimale),59.93%,1,"253,499.00","121,956.00","131,543.00","151,918.00","76,387.00","75,531.00","64,398.00","67,838.00","17,022.00"
,,Rappresentanze sindacali (richiesta minimale),59.92%,2,"253,499.00","121,956.00","131,543.00","151,884.00","76,361.00","75,523.00","76,925.00","53,453.00","18,855.00"
,,Soggiorno cautelare,60.09%,4,"253,499.00","121,956.00","131,543.00","152,319.00","76,557.00","75,762.00","83,831.00","45,461.00","19,809.00"
,,Trattenute contributi sindacali,60.31%,7,"253,499.00","121,956.00","131,543.00","152,888.00","76,905.00","75,983.00","72,797.00","60,116.00","17,023.00"
,Macerata Total,,60.70%,45,"3,041,988.00","1,463,472.00","1,578,516.00","1,846,475.00","928,454.00","918,021.00","802,573.00","821,862.00","179,386.00"
,Pesaro e Urbino,Autorizzazione al commercio,61.84%,6,"298,266.00","145,124.00","153,142.00","184,441.00","92,735.00","91,706.00","46,660.00","109,008.00","17,294.00"
,,Concessioni televisive nazionali,62.54%,0,"298,266.00","145,124.00","153,142.00","186,537.00","93,897.00","92,640.00","92,677.00","85,705.00","6,013.00"
,,Contrattazione pubblico impiego,61.67%,3,"298,266.00","145,124.00","153,142.00","183,934.00","92,553.00","91,381.00","112,223.00","49,206.00","18,968.00"
,,Interruzioni pubblicitarie,62.52%,0,"298,266.00","145,124.00","153,142.00","186,472.00","93,890.00","92,582.00","95,084.00","83,516.00","5,955.00"
,,Legge elettorale comuni,61.84%,8,"298,266.00","145,124.00","153,142.00","184,433.00","92,812.00","91,621.00","67,772.00","94,491.00","18,889.00"
,,Orari esercizi commerciali,61.89%,9,"298,266.00","145,124.00","153,142.00","184,587.00","92,851.00","91,736.00","51,219.00","115,718.00","14,625.00"
,,Privatizzazione RAI,61.88%,5,"298,266.00","145,124.00","153,142.00","184,578.00","92,911.00","91,667.00","99,611.00","67,199.00","14,861.00"
,,Raccolta pubblicita' radiotelevisiva,62.51%,0,"298,266.00","145,124.00","153,142.00","186,432.00","93,857.00","92,575.00","93,851.00","83,817.00","6,401.00"
,,Rappresentanze sindacali (richiesta massimale),61.72%,1,"298,266.00","145,124.00","153,142.00","184,082.00","92,648.00","91,434.00","67,247.00","96,583.00","16,336.00"
,,Rappresentanze sindacali (richiesta minimale),61.67%,2,"298,266.00","145,124.00","153,142.00","183,942.00","92,569.00","91,373.00","108,075.00","53,840.00","18,322.00"
,,Soggiorno cautelare,61.71%,4,"298,266.00","145,124.00","153,142.00","184,059.00","92,593.00","91,466.00","101,370.00","54,073.00","24,404.00"
,,Trattenute contributi sindacali,61.84%,7,"298,266.00","145,124.00","153,142.00","184,436.00","92,845.00","91,591.00","79,152.00","86,124.00","16,096.00"
,Pesaro e Urbino Total,,61.97%,45,"3,579,192.00","1,741,488.00","1,837,704.00","2,217,933.00","1,116,161.00","1,101,772.00","1,014,941.00","979,280.00","178,164.00"
MARCHE Total,,,62.13%,180,"14,841,132.00","7,156,092.00","7,685,040.00","9,220,301.00","4,621,431.00","4,598,870.00","4,177,251.00","4,094,081.00","790,339.00"
MOLISE,Campobasso,Autorizzazione al commercio,40.30%,6,"228,803.00","111,951.00","116,852.00","92,211.00","47,228.00","44,983.00","30,479.00","45,762.00","13,746.00"
,,Concessioni televisive nazionali,40.89%,0,"228,803.00","111,951.00","116,852.00","93,556.00","47,905.00","45,651.00","34,559.00","51,607.00","5,663.00"
,,Contrattazione pubblico impiego,40.28%,3,"228,803.00","111,951.00","116,852.00","92,161.00","47,218.00","44,943.00","45,604.00","29,602.00","14,418.00"
,,Interruzioni pubblicitarie,40.88%,0,"228,803.00","111,951.00","116,852.00","93,544.00","47,900.00","45,644.00","35,252.00","51,170.00","5,438.00"
,,Legge elettorale comuni,40.35%,8,"228,803.00","111,951.00","116,852.00","92,331.00","47,295.00","45,036.00","39,430.00","37,108.00","13,607.00"
,,Orari esercizi commerciali,40.36%,9,"228,803.00","111,951.00","116,852.00","92,339.00","47,278.00","45,061.00","31,722.00","46,599.00","11,907.00"
,,Privatizzazione RAI,40.38%,5,"228,803.00","111,951.00","116,852.00","92,381.00","47,302.00","45,079.00","36,946.00","41,213.00","11,993.00"
,,Raccolta pubblicita' radiotelevisiva,40.87%,0,"228,803.00","111,951.00","116,852.00","93,515.00","47,885.00","45,630.00","34,471.00","51,503.00","5,596.00"
,,Rappresentanze sindacali (richiesta massimale),40.29%,1,"228,803.00","111,951.00","116,852.00","92,196.00","47,225.00","44,971.00","39,798.00","37,180.00","12,627.00"
,,Rappresentanze sindacali (richiesta minimale),40.28%,2,"228,803.00","111,951.00","116,852.00","92,168.00","47,209.00","44,959.00","44,338.00","31,402.00","13,947.00"
,,Soggiorno cautelare,40.28%,4,"228,803.00","111,951.00","116,852.00","92,165.00","47,188.00","44,977.00","42,246.00","32,793.00","14,561.00"
,,Trattenute contributi sindacali,40.29%,7,"228,803.00","111,951.00","116,852.00","92,196.00","47,194.00","45,002.00","43,433.00","33,472.00","13,047.00"
,Campobasso Total,,40.46%,45,"2,745,636.00","1,343,412.00","1,402,224.00","1,110,763.00","568,827.00","541,936.00","458,278.00","489,411.00","136,550.00"
,Isernia,Autorizzazione al commercio,37.35%,6,"90,270.00","44,036.00","46,234.00","33,713.00","17,504.00","16,209.00","10,728.00","16,406.00","5,794.00"
,,Concessioni televisive nazionali,37.91%,0,"90,270.00","44,036.00","46,234.00","34,219.00","17,768.00","16,451.00","10,209.00","21,158.00","2,282.00"
,,Contrattazione pubblico impiego,37.32%,3,"90,270.00","44,036.00","46,234.00","33,690.00","17,489.00","16,201.00","15,992.00","10,840.00","6,188.00"
,,Interruzioni pubblicitarie,37.89%,0,"90,270.00","44,036.00","46,234.00","34,206.00","17,758.00","16,448.00","10,495.00","20,917.00","2,287.00"
,,Legge elettorale comuni,37.35%,8,"90,270.00","44,036.00","46,234.00","33,720.00","17,506.00","16,214.00","14,242.00","12,960.00","5,788.00"
,,Orari esercizi commerciali,37.37%,9,"90,270.00","44,036.00","46,234.00","33,738.00","17,511.00","16,227.00","11,539.00","16,496.00","5,001.00"
,,Privatizzazione RAI,37.40%,5,"90,270.00","44,036.00","46,234.00","33,762.00","17,525.00","16,237.00","12,206.00","15,689.00","5,153.00"
,,Raccolta pubblicita' radiotelevisiva,37.89%,0,"90,270.00","44,036.00","46,234.00","34,203.00","17,756.00","16,447.00","10,138.00","21,090.00","2,276.00"
,,Rappresentanze sindacali (richiesta massimale),37.35%,1,"90,270.00","44,036.00","46,234.00","33,713.00","17,506.00","16,207.00","14,448.00","12,939.00","5,581.00"
,,Rappresentanze sindacali (richiesta minimale),37.21%,2,"90,270.00","44,036.00","46,234.00","33,591.00","17,484.00","16,107.00","15,177.00","11,712.00","5,934.00"
,,Soggiorno cautelare,37.31%,4,"90,270.00","44,036.00","46,234.00","33,677.00","17,477.00","16,200.00","15,262.00","11,616.00","6,120.00"
,,Trattenute contributi sindacali,37.37%,7,"90,270.00","44,036.00","46,234.00","33,738.00","17,526.00","16,212.00","15,706.00","11,925.00","5,627.00"
,Isernia Total,,37.48%,45,"1,083,240.00","528,432.00","554,808.00","405,970.00","210,810.00","195,160.00","156,142.00","183,748.00","58,031.00"
MOLISE Total,,,39.61%,90,"3,828,876.00","1,871,844.00","1,957,032.00","1,516,733.00","779,637.00","737,096.00","614,420.00","673,159.00","194,581.00"
PIEMONTE,Alessandria,Autorizzazione al commercio,63.55%,6,"374,646.00","181,112.00","193,534.00","238,084.00","118,567.00","119,517.00","78,857.00","130,656.00","24,152.00"
,,Concessioni televisive nazionali,64.41%,0,"374,646.00","181,112.00","193,534.00","241,325.00","120,219.00","121,106.00","96,781.00","135,232.00","6,889.00"
,,Contrattazione pubblico impiego,63.46%,3,"374,646.00","181,112.00","193,534.00","237,769.00","118,346.00","119,423.00","130,034.00","77,290.00","25,974.00"
,,Interruzioni pubblicitarie,64.41%,0,"374,646.00","181,112.00","193,534.00","241,327.00","120,152.00","121,175.00","100,337.00","132,367.00","6,492.00"
,,Legge elettorale comuni,63.56%,8,"374,646.00","181,112.00","193,534.00","238,138.00","118,626.00","119,512.00","109,923.00","100,274.00","24,116.00"
,,Orari esercizi commerciali,63.56%,9,"374,646.00","181,112.00","193,534.00","238,108.00","118,572.00","119,536.00","88,824.00","124,800.00","20,715.00"
,,Privatizzazione RAI,63.73%,5,"374,646.00","181,112.00","193,534.00","238,773.00","119,038.00","119,735.00","125,023.00","90,203.00","19,710.00"
,,Raccolta pubblicita' radiotelevisiva,64.47%,0,"374,646.00","181,112.00","193,534.00","241,533.00","120,247.00","121,286.00","97,759.00","133,858.00","7,383.00"
,,Rappresentanze sindacali (richiesta massimale),63.44%,1,"374,646.00","181,112.00","193,534.00","237,678.00","118,416.00","119,262.00","106,550.00","103,755.00","23,115.00"
,,Rappresentanze sindacali (richiesta minimale),63.33%,2,"374,646.00","181,112.00","193,534.00","237,268.00","118,285.00","118,983.00","125,329.00","83,181.00","24,588.00"
,,Soggiorno cautelare,63.58%,4,"374,646.00","181,112.00","193,534.00","238,190.00","118,773.00","119,417.00","145,729.00","64,605.00","23,758.00"
,,Trattenute contributi sindacali,63.58%,7,"374,646.00","181,112.00","193,534.00","238,185.00","118,689.00","119,496.00","123,346.00","89,787.00","21,441.00"
,Alessandria Total,,63.76%,45,"4,495,752.00","2,173,344.00","2,322,408.00","2,866,378.00","1,427,930.00","1,438,448.00","1,328,492.00","1,266,008.00","228,333.00"
,Asti,Autorizzazione al commercio,57.33%,6,"180,163.00","86,376.00","93,787.00","103,295.00","52,143.00","51,152.00","34,541.00","54,186.00","11,883.00"
,,Concessioni televisive nazionali,57.93%,0,"180,163.00","86,376.00","93,787.00","104,364.00","52,626.00","51,738.00","39,994.00","58,598.00","4,204.00"
,,Contrattazione pubblico impiego,57.08%,3,"180,163.00","86,376.00","93,787.00","102,840.00","51,854.00","50,986.00","52,433.00","34,107.00","13,707.00"
,,Interruzioni pubblicitarie,57.98%,0,"180,163.00","86,376.00","93,787.00","104,458.00","52,588.00","51,870.00","42,065.00","56,849.00","3,996.00"
,,Legge elettorale comuni,57.30%,8,"180,163.00","86,376.00","93,787.00","103,236.00","52,064.00","51,172.00","48,052.00","40,684.00","12,209.00"
,,Orari esercizi commerciali,57.42%,9,"180,163.00","86,376.00","93,787.00","103,454.00","52,253.00","51,201.00","39,330.00","51,570.00","10,238.00"
,,Privatizzazione RAI,57.39%,5,"180,163.00","86,376.00","93,787.00","103,404.00","52,093.00","51,311.00","50,052.00","41,078.00","10,038.00"
,,Raccolta pubblicita' radiotelevisiva,57.90%,0,"180,163.00","86,376.00","93,787.00","104,306.00","52,481.00","51,825.00","40,458.00","57,611.00","4,801.00"
,,Rappresentanze sindacali (richiesta massimale),57.11%,1,"180,163.00","86,376.00","93,787.00","102,894.00","51,880.00","51,014.00","46,733.00","41,536.00","12,019.00"
,,Rappresentanze sindacali (richiesta minimale),57.08%,2,"180,163.00","86,376.00","93,787.00","102,834.00","51,852.00","50,982.00","50,279.00","36,836.00","13,063.00"
,,Soggiorno cautelare,57.22%,4,"180,163.00","86,376.00","93,787.00","103,094.00","51,942.00","51,152.00","61,619.00","28,263.00","11,036.00"
,,Trattenute contributi sindacali,57.25%,7,"180,163.00","86,376.00","93,787.00","103,148.00","52,017.00","51,131.00","54,502.00","35,024.00","11,343.00"
,Asti Total,,57.42%,45,"2,161,956.00","1,036,512.00","1,125,444.00","1,241,327.00","625,793.00","615,534.00","560,058.00","536,342.00","118,537.00"
,Biella,Autorizzazione al commercio,66.96%,6,"163,253.00","77,014.00","86,239.00","109,314.00","52,715.00","56,599.00","34,199.00","59,894.00","10,958.00"
,,Concessioni televisive nazionali,67.15%,0,"163,253.00","77,014.00","86,239.00","109,621.00","52,917.00","56,704.00","40,819.00","63,438.00","3,736.00"
,,Contrattazione pubblico impiego,66.76%,3,"163,253.00","77,014.00","86,239.00","108,980.00","52,579.00","56,401.00","57,049.00","36,014.00","11,958.00"
,,Interruzioni pubblicitarie,67.87%,0,"163,253.00","77,014.00","86,239.00","110,804.00","53,515.00","57,289.00","42,574.00","61,980.00","3,551.00"
,,Legge elettorale comuni,67.08%,8,"163,253.00","77,014.00","86,239.00","109,504.00","52,624.00","56,880.00","52,473.00","42,196.00","11,332.00"
,,Orari esercizi commerciali,67.08%,9,"163,253.00","77,014.00","86,239.00","109,518.00","52,819.00","56,699.00","39,631.00","57,472.00","9,167.00"
,,Privatizzazione RAI,67.11%,5,"163,253.00","77,014.00","86,239.00","109,563.00","52,921.00","56,642.00","59,123.00","38,126.00","9,034.00"
,,Raccolta pubblicita' radiotelevisiva,67.78%,0,"163,253.00","77,014.00","86,239.00","110,652.00","53,463.00","57,189.00","40,560.00","62,590.00","3,965.00"
,,Rappresentanze sindacali (richiesta massimale),66.81%,1,"163,253.00","77,014.00","86,239.00","109,071.00","52,621.00","56,450.00","48,263.00","47,227.00","10,195.00"
,,Rappresentanze sindacali (richiesta minimale),66.78%,2,"163,253.00","77,014.00","86,239.00","109,024.00","52,573.00","56,451.00","54,945.00","39,095.00","11,238.00"
,,Soggiorno cautelare,67.10%,4,"163,253.00","77,014.00","86,239.00","109,546.00","52,848.00","56,698.00","71,952.00","24,394.00","9,994.00"
,,Trattenute contributi sindacali,66.70%,7,"163,253.00","77,014.00","86,239.00","108,891.00","52,580.00","56,311.00","56,837.00","39,456.00","9,763.00"
,Biella Total,,67.10%,45,"1,959,036.00","924,168.00","1,034,868.00","1,314,488.00","634,175.00","680,313.00","598,425.00","571,882.00","104,891.00"
,Cuneo,Autorizzazione al commercio,60.06%,6,"461,806.00","225,013.00","236,793.00","277,354.00","140,096.00","137,258.00","89,390.00","148,789.00","32,883.00"
,,Concessioni televisive nazionali,60.73%,0,"461,806.00","225,013.00","236,793.00","280,472.00","141,759.00","138,713.00","110,012.00","152,602.00","13,720.00"
,,Contrattazione pubblico impiego,59.83%,3,"461,806.00","225,013.00","236,793.00","276,286.00","139,521.00","136,765.00","126,719.00","101,559.00","40,440.00"
,,Interruzioni pubblicitarie,58.16%,0,"461,806.00","225,013.00","236,793.00","268,604.00","135,699.00","132,905.00","115,455.00","148,004.00","13,069.00"
,,Legge elettorale comuni,60.08%,8,"461,806.00","225,013.00","236,793.00","277,446.00","140,189.00","137,257.00","125,319.00","110,348.00","35,215.00"
,,Orari esercizi commerciali,60.14%,9,"461,806.00","225,013.00","236,793.00","277,730.00","140,289.00","137,441.00","99,576.00","144,965.00","27,739.00"
,,Privatizzazione RAI,60.13%,5,"461,806.00","225,013.00","236,793.00","277,661.00","140,323.00","137,338.00","132,765.00","110,474.00","28,504.00"
,,Raccolta pubblicita' radiotelevisiva,60.68%,0,"461,806.00","225,013.00","236,793.00","280,228.00","141,647.00","138,581.00","110,460.00","150,846.00","14,854.00"
,,Rappresentanze sindacali (richiesta massimale),59.84%,1,"461,806.00","225,013.00","236,793.00","276,344.00","139,648.00","136,696.00","115,507.00","118,867.00","35,178.00"
,,Rappresentanze sindacali (richiesta minimale),59.83%,2,"461,806.00","225,013.00","236,793.00","276,282.00","139,655.00","136,627.00","122,153.00","108,022.00","38,659.00"
,,Soggiorno cautelare,60.07%,4,"461,806.00","225,013.00","236,793.00","277,411.00","140,196.00","137,215.00","165,151.00","74,365.00","31,280.00"
,,Trattenute contributi sindacali,59.99%,7,"461,806.00","225,013.00","236,793.00","277,044.00","139,600.00","137,444.00","140,311.00","96,985.00","33,601.00"
,Cuneo Total,,59.96%,45,"5,541,672.00","2,700,156.00","2,841,516.00","3,322,862.00","1,678,622.00","1,644,240.00","1,452,818.00","1,465,826.00","345,142.00"
,Novara,Autorizzazione al commercio,66.97%,6,"284,168.00","135,161.00","149,007.00","190,300.00","92,697.00","97,603.00","67,378.00","100,397.00","18,954.00"
,,Concessioni televisive nazionali,69.45%,0,"284,168.00","135,161.00","149,007.00","197,361.00","94,353.00","103,008.00","71,277.00","114,988.00","5,114.00"
,,Contrattazione pubblico impiego,66.87%,3,"284,168.00","135,161.00","149,007.00","190,012.00","92,583.00","97,429.00","103,919.00","62,041.00","20,204.00"
,,Interruzioni pubblicitarie,68.03%,0,"284,168.00","135,161.00","149,007.00","193,329.00","94,316.00","99,013.00","74,682.00","111,805.00","4,883.00"
,,Legge elettorale comuni,67.12%,8,"284,168.00","135,161.00","149,007.00","190,731.00","92,957.00","97,774.00","95,189.00","72,716.00","18,866.00"
,,Orari esercizi commerciali,67.07%,9,"284,168.00","135,161.00","149,007.00","190,587.00","92,888.00","97,699.00","74,837.00","96,795.00","15,915.00"
,,Privatizzazione RAI,67.22%,5,"284,168.00","135,161.00","149,007.00","191,011.00","93,090.00","97,921.00","101,394.00","70,845.00","15,524.00"
,,Raccolta pubblicita' radiotelevisiva,68.00%,0,"284,168.00","135,161.00","149,007.00","193,223.00","94,274.00","98,949.00","72,754.00","112,837.00","5,675.00"
,,Rappresentanze sindacali (richiesta massimale),66.96%,1,"284,168.00","135,161.00","149,007.00","190,270.00","92,814.00","97,456.00","87,280.00","81,304.00","17,609.00"
,,Rappresentanze sindacali (richiesta minimale),66.91%,2,"284,168.00","135,161.00","149,007.00","190,148.00","92,638.00","97,510.00","97,030.00","69,693.00","19,513.00"
,,Soggiorno cautelare,67.14%,4,"284,168.00","135,161.00","149,007.00","190,781.00","92,990.00","97,791.00","119,797.00","50,002.00","17,443.00"
,,Trattenute contributi sindacali,67.16%,7,"284,168.00","135,161.00","149,007.00","190,835.00","92,987.00","97,848.00","103,713.00","66,728.00","16,878.00"
,Novara Total,,67.41%,45,"3,410,016.00","1,621,932.00","1,788,084.00","2,298,588.00","1,118,587.00","1,180,001.00","1,069,250.00","1,010,151.00","176,578.00"
,Torino,Autorizzazione al commercio,63.39%,6,"1,893,802.00","910,175.00","983,627.00","1,200,497.00","595,057.00","605,440.00","409,951.00","697,242.00","72,657.00"
,,Concessioni televisive nazionali,64.28%,0,"1,893,802.00","910,175.00","983,627.00","1,217,357.00","603,670.00","613,687.00","535,652.00","646,469.00","22,269.00"
,,Contrattazione pubblico impiego,63.19%,3,"1,893,802.00","910,175.00","983,627.00","1,196,773.00","593,680.00","603,093.00","662,901.00","421,023.00","88,257.00"
,,Interruzioni pubblicitarie,64.28%,0,"1,893,802.00","910,175.00","983,627.00","1,217,292.00","603,566.00","613,726.00","560,063.00","625,251.00","20,638.00"
,,Legge elettorale comuni,63.62%,8,"1,893,802.00","910,175.00","983,627.00","1,204,759.00","597,601.00","607,158.00","549,425.00","560,241.00","74,567.00"
,,Orari esercizi commerciali,63.52%,9,"1,893,802.00","910,175.00","983,627.00","1,203,011.00","596,265.00","606,746.00","453,171.00","674,779.00","57,864.00"
,,Privatizzazione RAI,63.62%,5,"1,893,802.00","910,175.00","983,627.00","1,204,927.00","597,608.00","607,319.00","642,633.00","483,699.00","59,955.00"
,,Raccolta pubblicita' radiotelevisiva,64.22%,0,"1,893,802.00","910,175.00","983,627.00","1,216,290.00","603,098.00","613,192.00","542,922.00","635,770.00","24,812.00"
,,Rappresentanze sindacali (richiesta massimale),63.26%,1,"1,893,802.00","910,175.00","983,627.00","1,198,061.00","594,373.00","603,688.00","539,224.00","559,165.00","75,852.00"
,,Rappresentanze sindacali (richiesta minimale),63.22%,2,"1,893,802.00","910,175.00","983,627.00","1,197,285.00","593,973.00","603,312.00","635,082.00","454,226.00","83,930.00"
,,Soggiorno cautelare,63.39%,4,"1,893,802.00","910,175.00","983,627.00","1,200,457.00","595,240.00","605,217.00","724,531.00","379,810.00","74,120.00"
,,Trattenute contributi sindacali,63.43%,7,"1,893,802.00","910,175.00","983,627.00","1,201,241.00","595,926.00","605,315.00","643,956.00","465,057.00","71,412.00"
,Torino Total,,63.62%,45,"22,725,624.00","10,922,100.00","11,803,524.00","14,457,950.00","7,170,057.00","7,287,893.00","6,899,511.00","6,602,732.00","726,333.00"
,Verbano Cusio Ossola,Autorizzazione al commercio,61.53%,6,"136,574.00","65,520.00","71,054.00","84,038.00","41,049.00","42,989.00","30,567.00","44,242.00","7,097.00"
,,Concessioni televisive nazionali,62.43%,0,"136,574.00","65,520.00","71,054.00","85,258.00","41,679.00","43,579.00","31,392.00","51,072.00","1,945.00"
,,Contrattazione pubblico impiego,61.42%,3,"136,574.00","65,520.00","71,054.00","83,886.00","40,976.00","42,910.00","47,030.00","26,416.00","8,001.00"
,,Interruzioni pubblicitarie,62.43%,0,"136,574.00","65,520.00","71,054.00","85,257.00","41,677.00","43,580.00","32,556.00","50,153.00","1,741.00"
,,Legge elettorale comuni,61.62%,8,"136,574.00","65,520.00","71,054.00","84,162.00","41,131.00","43,031.00","41,940.00","33,094.00","7,239.00"
,,Orari esercizi commerciali,61.60%,9,"136,574.00","65,520.00","71,054.00","84,129.00","41,274.00","42,855.00","35,223.00","40,973.00","5,998.00"
,,Privatizzazione RAI,61.71%,5,"136,574.00","65,520.00","71,054.00","84,279.00","41,190.00","43,089.00","46,107.00","30,568.00","5,808.00"
,,Raccolta pubblicita' radiotelevisiva,62.39%,0,"136,574.00","65,520.00","71,054.00","85,211.00","41,651.00","43,560.00","31,747.00","50,547.00","2,031.00"
,,Rappresentanze sindacali (richiesta massimale),61.46%,1,"136,574.00","65,520.00","71,054.00","83,933.00","41,013.00","42,920.00","38,664.00","36,071.00","7,355.00"
,,Rappresentanze sindacali (richiesta minimale),61.42%,2,"136,574.00","65,520.00","71,054.00","83,890.00","40,985.00","42,905.00","45,040.00","28,759.00","8,300.00"
,,Soggiorno cautelare,61.59%,4,"136,574.00","65,520.00","71,054.00","84,117.00","41,101.00","43,016.00","53,486.00","21,436.00","7,029.00"
,,Trattenute contributi sindacali,61.62%,7,"136,574.00","65,520.00","71,054.00","84,153.00","41,135.00","43,018.00","45,609.00","30,340.00","6,392.00"
,Verbano Cusio Ossola Total,,61.77%,45,"1,638,888.00","786,240.00","852,648.00","1,012,313.00","494,861.00","517,452.00","479,361.00","443,671.00","68,936.00"
,Vercelli,Autorizzazione al commercio,65.61%,6,"158,240.00","75,507.00","82,733.00","103,815.00","51,085.00","52,730.00","34,015.00","55,708.00","12,068.00"
,,Concessioni televisive nazionali,66.52%,0,"158,240.00","75,507.00","82,733.00","105,256.00","51,816.00","53,440.00","37,490.00","62,905.00","3,624.00"
,,Contrattazione pubblico impiego,65.49%,3,"158,240.00","75,507.00","82,733.00","103,632.00","51,014.00","52,618.00","52,937.00","35,292.00","13,060.00"
,,Interruzioni pubblicitarie,66.51%,0,"158,240.00","75,507.00","82,733.00","105,239.00","51,813.00","53,426.00","39,043.00","61,566.00","3,487.00"
,,Legge elettorale comuni,65.71%,8,"158,240.00","75,507.00","82,733.00","103,973.00","51,171.00","52,802.00","47,562.00","42,046.00","12,359.00"
,,Orari esercizi commerciali,65.69%,9,"158,240.00","75,507.00","82,733.00","103,944.00","51,143.00","52,801.00","37,646.00","54,374.00","10,254.00"
,,Privatizzazione RAI,65.76%,5,"158,240.00","75,507.00","82,733.00","104,061.00","51,223.00","52,838.00","52,275.00","39,829.00","10,088.00"
,,Raccolta pubblicita' radiotelevisiva,66.53%,0,"158,240.00","75,507.00","82,733.00","105,273.00","51,825.00","53,448.00","38,094.00","62,071.00","3,776.00"
,,Rappresentanze sindacali (richiesta massimale),65.54%,1,"158,240.00","75,507.00","82,733.00","103,714.00","51,060.00","52,654.00","45,766.00","44,247.00","11,371.00"
,,Rappresentanze sindacali (richiesta minimale),65.50%,2,"158,240.00","75,507.00","82,733.00","103,651.00","51,019.00","52,632.00","51,179.00","37,644.00","12,532.00"
,,Soggiorno cautelare,65.66%,4,"158,240.00","75,507.00","82,733.00","103,902.00","51,129.00","52,773.00","61,992.00","28,122.00","11,668.00"
,,Trattenute contributi sindacali,65.59%,7,"158,240.00","75,507.00","82,733.00","103,789.00","51,105.00","52,684.00","53,715.00","37,242.00","10,951.00"
,Vercelli Total,,65.84%,45,"1,898,880.00","906,084.00","992,796.00","1,250,249.00","615,403.00","634,846.00","551,714.00","561,046.00","115,238.00"
PIEMONTE Total,,,63.34%,360,"43,831,824.00","21,070,536.00","22,761,288.00","27,764,155.00","13,765,428.00","13,998,727.00","12,939,629.00","12,457,658.00","1,883,988.00"
PUGLIA,Bari,Autorizzazione al commercio,45.56%,6,"1,270,524.00","617,869.00","652,655.00","578,824.00","298,245.00","280,579.00","186,505.00","313,300.00","67,475.00"
,,Concessioni televisive nazionali,46.03%,0,"1,270,524.00","617,869.00","652,655.00","584,862.00","301,576.00","283,286.00","189,888.00","367,603.00","19,969.00"
,,Contrattazione pubblico impiego,45.51%,3,"1,270,524.00","617,869.00","652,655.00","578,152.00","298,017.00","280,135.00","295,829.00","196,391.00","73,259.00"
,,Interruzioni pubblicitarie,46.03%,0,"1,270,524.00","617,869.00","652,655.00","584,825.00","301,555.00","283,270.00","198,899.00","360,200.00","19,019.00"
,,Legge elettorale comuni,45.61%,8,"1,270,524.00","617,869.00","652,655.00","579,462.00","298,646.00","280,816.00","258,850.00","242,069.00","66,864.00"
,,Orari esercizi commerciali,45.64%,9,"1,270,524.00","617,869.00","652,655.00","579,906.00","298,719.00","281,187.00","186,628.00","326,798.00","55,356.00"
,,Privatizzazione RAI,45.60%,5,"1,270,524.00","617,869.00","652,655.00","579,369.00","298,617.00","280,752.00","225,699.00","281,186.00","61,236.00"
,,Raccolta pubblicita' radiotelevisiva,46.06%,0,"1,270,524.00","617,869.00","652,655.00","585,207.00","301,722.00","283,485.00","193,065.00","363,130.00","20,427.00"
,,Rappresentanze sindacali (richiesta massimale),45.58%,1,"1,270,524.00","617,869.00","652,655.00","579,066.00","298,507.00","280,559.00","263,947.00","238,928.00","62,357.00"
,,Rappresentanze sindacali (richiesta minimale),45.51%,2,"1,270,524.00","617,869.00","652,655.00","578,186.00","298,021.00","280,165.00","285,877.00","207,782.00","71,115.00"
,,Soggiorno cautelare,45.51%,4,"1,270,524.00","617,869.00","652,655.00","578,174.00","297,904.00","280,270.00","241,131.00","252,159.00","72,258.00"
,,Trattenute contributi sindacali,45.59%,7,"1,270,524.00","617,869.00","652,655.00","579,247.00","298,650.00","280,597.00","294,975.00","208,189.00","64,498.00"
,Bari Total,,45.69%,45,"15,246,288.00","7,414,428.00","7,831,860.00","6,965,280.00","3,590,179.00","3,375,101.00","2,821,293.00","3,357,735.00","653,833.00"
,Brindisi,Autorizzazione al commercio,45.88%,6,"335,061.00","160,792.00","174,269.00","153,730.00","76,573.00","77,157.00","47,593.00","77,344.00","25,254.00"
,,Concessioni televisive nazionali,46.48%,0,"335,061.00","160,792.00","174,269.00","155,748.00","77,675.00","78,073.00","44,957.00","100,038.00","8,123.00"
,,Contrattazione pubblico impiego,45.91%,3,"335,061.00","160,792.00","174,269.00","153,841.00","76,726.00","77,115.00","69,799.00","54,756.00","25,511.00"
,,Interruzioni pubblicitarie,46.48%,0,"335,061.00","160,792.00","174,269.00","155,727.00","77,654.00","78,073.00","45,539.00","100,091.00","7,832.00"
,,Legge elettorale comuni,45.96%,8,"335,061.00","160,792.00","174,269.00","154,008.00","76,782.00","77,226.00","62,314.00","63,837.00","24,417.00"
,,Orari esercizi commerciali,45.95%,9,"335,061.00","160,792.00","174,269.00","153,944.00","76,716.00","77,228.00","48,887.00","80,320.00","20,543.00"
,,Privatizzazione RAI,45.96%,5,"335,061.00","160,792.00","174,269.00","154,010.00","76,749.00","77,261.00","52,434.00","75,574.00","22,630.00"
,,Raccolta pubblicita' radiotelevisiva,46.47%,0,"335,061.00","160,792.00","174,269.00","155,692.00","77,640.00","78,052.00","44,425.00","100,593.00","8,061.00"
,,Rappresentanze sindacali (richiesta massimale),46.00%,1,"335,061.00","160,792.00","174,269.00","154,119.00","76,803.00","77,316.00","64,494.00","63,767.00","21,639.00"
,,Rappresentanze sindacali (richiesta minimale),45.85%,2,"335,061.00","160,792.00","174,269.00","153,628.00","76,522.00","77,106.00","67,923.00","57,625.00","24,487.00"
,,Soggiorno cautelare,45.90%,4,"335,061.00","160,792.00","174,269.00","153,784.00","76,594.00","77,190.00","61,782.00","62,859.00","25,528.00"
,,Trattenute contributi sindacali,45.95%,7,"335,061.00","160,792.00","174,269.00","153,965.00","76,762.00","77,203.00","71,559.00","56,222.00","21,879.00"
,Brindisi Total,,46.07%,45,"4,020,732.00","1,929,504.00","2,091,228.00","1,852,196.00","923,196.00","929,000.00","681,706.00","893,026.00","235,904.00"
,Foggia,Autorizzazione al commercio,41.89%,6,"571,377.00","278,406.00","292,971.00","239,352.00","123,449.00","115,903.00","73,695.00","121,910.00","37,244.00"
,,Concessioni televisive nazionali,42.43%,0,"571,377.00","278,406.00","292,971.00","242,463.00","125,428.00","117,035.00","79,623.00","146,304.00","12,299.00"
,,Contrattazione pubblico impiego,41.82%,3,"571,377.00","278,406.00","292,971.00","238,956.00","123,455.00","115,501.00","111,469.00","82,509.00","38,461.00"
,,Interruzioni pubblicitarie,42.42%,0,"571,377.00","278,406.00","292,971.00","242,373.00","125,472.00","116,901.00","83,289.00","143,479.00","11,787.00"
,,Legge elettorale comuni,41.86%,8,"571,377.00","278,406.00","292,971.00","239,171.00","123,562.00","115,609.00","98,996.00","96,795.00","37,234.00"
,,Orari esercizi commerciali,41.88%,9,"571,377.00","278,406.00","292,971.00","239,318.00","123,599.00","115,719.00","73,075.00","128,634.00","32,257.00"
,,Privatizzazione RAI,41.90%,5,"571,377.00","278,406.00","292,971.00","239,421.00","123,589.00","115,832.00","85,264.00","114,196.00","33,700.00"
,,Raccolta pubblicita' radiotelevisiva,42.46%,0,"571,377.00","278,406.00","292,971.00","242,632.00","125,392.00","117,240.00","80,085.00","145,356.00","12,503.00"
,,Rappresentanze sindacali (richiesta massimale),41.85%,1,"571,377.00","278,406.00","292,971.00","239,134.00","123,555.00","115,579.00","100,684.00","98,029.00","33,598.00"
,,Rappresentanze sindacali (richiesta minimale),41.83%,2,"571,377.00","278,406.00","292,971.00","239,002.00","123,478.00","115,524.00","108,443.00","86,330.00","37,472.00"
,,Soggiorno cautelare,41.87%,4,"571,377.00","278,406.00","292,971.00","239,229.00","123,494.00","115,735.00","94,924.00","98,345.00","39,344.00"
,,Trattenute contributi sindacali,41.88%,7,"571,377.00","278,406.00","292,971.00","239,290.00","123,667.00","115,623.00","111,398.00","86,777.00","34,657.00"
,Foggia Total,,42.01%,45,"6,856,524.00","3,340,872.00","3,515,652.00","2,880,341.00","1,488,140.00","1,392,201.00","1,100,945.00","1,348,664.00","360,556.00"
,Lecce,Autorizzazione al commercio,43.09%,6,"681,651.00","325,542.00","356,109.00","293,703.00","142,849.00","150,854.00","84,171.00","144,012.00","59,438.00"
,,Concessioni televisive nazionali,43.88%,0,"681,651.00","325,542.00","356,109.00","299,102.00","145,686.00","153,416.00","90,027.00","189,341.00","15,820.00"
,,Contrattazione pubblico impiego,43.05%,3,"681,651.00","325,542.00","356,109.00","293,448.00","142,714.00","150,734.00","131,101.00","93,949.00","61,805.00"
,,Interruzioni pubblicitarie,43.92%,0,"681,651.00","325,542.00","356,109.00","299,373.00","145,805.00","153,568.00","91,895.00","188,493.00","15,339.00"
,,Legge elettorale comuni,43.11%,8,"681,651.00","325,542.00","356,109.00","293,872.00","142,994.00","150,878.00","116,527.00","112,714.00","58,634.00"
,,Orari esercizi commerciali,43.13%,9,"681,651.00","325,542.00","356,109.00","294,026.00","142,971.00","151,055.00","85,614.00","152,916.00","50,145.00"
,,Privatizzazione RAI,43.12%,5,"681,651.00","325,542.00","356,109.00","293,904.00","142,990.00","150,914.00","98,946.00","134,741.00","54,550.00"
,,Raccolta pubblicita' radiotelevisiva,43.89%,0,"681,651.00","325,542.00","356,109.00","299,206.00","145,430.00","153,776.00","89,954.00","188,879.00","16,190.00"
,,Rappresentanze sindacali (richiesta massimale),43.09%,1,"681,651.00","325,542.00","356,109.00","293,713.00","142,716.00","150,997.00","118,434.00","113,805.00","54,232.00"
,,Rappresentanze sindacali (richiesta minimale),43.04%,2,"681,651.00","325,542.00","356,109.00","293,365.00","142,688.00","150,677.00","127,027.00","99,567.00","60,076.00"
,,Soggiorno cautelare,43.01%,4,"681,651.00","325,542.00","356,109.00","293,209.00","142,714.00","150,495.00","113,309.00","111,687.00","61,819.00"
,,Trattenute contributi sindacali,43.09%,7,"681,651.00","325,542.00","356,109.00","293,696.00","142,886.00","150,810.00","130,816.00","100,947.00","55,985.00"
,Lecce Total,,43.28%,45,"8,179,812.00","3,906,504.00","4,273,308.00","3,540,617.00","1,722,443.00","1,818,174.00","1,277,821.00","1,631,051.00","564,033.00"
,Taranto,Autorizzazione al commercio,48.35%,6,"474,397.00","229,960.00","244,437.00","229,361.00","117,986.00","111,375.00","72,446.00","119,910.00","30,469.00"
,,Concessioni televisive nazionali,49.09%,0,"474,397.00","229,960.00","244,437.00","232,884.00","119,778.00","113,106.00","76,127.00","153,206.00","8,408.00"
,,Contrattazione pubblico impiego,71.71%,3,"474,397.00","229,960.00","244,437.00","340,176.00","229,152.00","111,024.00","115,390.00","75,236.00","32,084.00"
,,Interruzioni pubblicitarie,49.11%,0,"474,397.00","229,960.00","244,437.00","232,968.00","119,883.00","113,085.00","75,047.00","145,360.00","8,027.00"
,,Legge elettorale comuni,48.41%,8,"474,397.00","229,960.00","244,437.00","229,650.00","118,253.00","111,397.00","96,144.00","97,333.00","29,866.00"
,,Orari esercizi commerciali,48.38%,9,"474,397.00","229,960.00","244,437.00","229,531.00","117,710.00","111,821.00","26,161.00","116,977.00","25,514.00"
,,Privatizzazione RAI,48.37%,5,"474,397.00","229,960.00","244,437.00","229,448.00","118,134.00","111,314.00","91,496.00","104,555.00","27,265.00"
,,Raccolta pubblicita' radiotelevisiva,49.05%,0,"474,397.00","229,960.00","244,437.00","232,709.00","119,791.00","112,918.00","73,677.00","145,903.00","8,497.00"
,,Rappresentanze sindacali (richiesta massimale),48.32%,1,"474,397.00","229,960.00","244,437.00","229,216.00","117,961.00","111,255.00","97,495.00","97,283.00","28,668.00"
,,Rappresentanze sindacali (richiesta minimale),48.42%,2,"474,397.00","229,960.00","244,437.00","229,701.00","118,340.00","111,361.00","111,932.00","79,503.00","30,768.00"
,,Soggiorno cautelare,48.34%,4,"474,397.00","229,960.00","244,437.00","229,321.00","117,901.00","111,420.00","93,297.00","95,104.00","33,810.00"
,,Trattenute contributi sindacali,48.37%,7,"474,397.00","229,960.00","244,437.00","229,485.00","118,135.00","111,350.00","111,242.00","83,946.00","28,160.00"
,Taranto Total,,50.49%,45,"5,692,764.00","2,759,520.00","2,933,244.00","2,874,450.00","1,533,024.00","1,341,426.00","1,040,454.00","1,314,316.00","291,536.00"
PUGLIA Total,,,45.29%,225,"39,996,120.00","19,350,828.00","20,645,292.00","18,112,884.00","9,256,982.00","8,855,902.00","6,922,219.00","8,544,792.00","2,105,862.00"
SARDEGNA,Cagliari,Autorizzazione al commercio,52.82%,6,"634,397.00","310,125.00","324,272.00","335,096.00","166,720.00","168,376.00","108,870.00","187,579.00","32,302.00"
,,Concessioni televisive nazionali,53.52%,0,"634,397.00","310,125.00","324,272.00","339,546.00","169,045.00","170,501.00","127,053.00","200,593.00","8,220.00"
,,Contrattazione pubblico impiego,52.82%,3,"634,397.00","310,125.00","324,272.00","335,069.00","166,794.00","168,275.00","193,614.00","99,485.00","35,069.00"
,,Interruzioni pubblicitarie,53.53%,0,"634,397.00","310,125.00","324,272.00","339,562.00","169,056.00","170,506.00","130,799.00","198,198.00","7,584.00"
,,Legge elettorale comuni,52.91%,8,"634,397.00","310,125.00","324,272.00","335,632.00","167,015.00","168,617.00","152,232.00","144,606.00","32,826.00"
,,Orari esercizi commerciali,52.88%,9,"634,397.00","310,125.00","324,272.00","335,445.00","166,848.00","168,597.00","118,238.00","185,606.00","26,718.00"
,,Privatizzazione RAI,52.94%,5,"634,397.00","310,125.00","324,272.00","335,865.00","167,187.00","168,678.00","154,417.00","148,315.00","27,610.00"
,,Raccolta pubblicita' radiotelevisiva,53.52%,0,"634,397.00","310,125.00","324,272.00","339,502.00","169,029.00","170,473.00","128,290.00","199,380.00","8,555.00"
,,Rappresentanze sindacali (richiesta massimale),52.85%,1,"634,397.00","310,125.00","324,272.00","335,276.00","166,897.00","168,379.00","159,177.00","139,275.00","30,256.00"
,,Rappresentanze sindacali (richiesta minimale),52.80%,2,"634,397.00","310,125.00","324,272.00","334,980.00","166,730.00","168,250.00","185,221.00","108,863.00","34,123.00"
,,Soggiorno cautelare,52.76%,4,"634,397.00","310,125.00","324,272.00","334,722.00","166,536.00","168,186.00","167,447.00","124,227.00","36,284.00"
,,Trattenute contributi sindacali,52.93%,7,"634,397.00","310,125.00","324,272.00","335,787.00","167,158.00","168,629.00","175,118.00","125,942.00","28,801.00"
,Cagliari Total,,53.02%,45,"7,612,764.00","3,721,500.00","3,891,264.00","4,036,482.00","2,009,015.00","2,027,467.00","1,800,476.00","1,862,069.00","308,348.00"
,Nuoro,Autorizzazione al commercio,40.37%,6,"230,126.00","113,864.00","116,262.00","92,893.00","45,874.00","47,019.00","28,222.00","53,062.00","9,086.00"
,,Concessioni televisive nazionali,40.70%,0,"230,126.00","113,864.00","116,262.00","93,670.00","46,335.00","47,335.00","43,865.00","44,833.00","3,561.00"
,,Contrattazione pubblico impiego,40.20%,3,"230,126.00","113,864.00","116,262.00","92,515.00","45,697.00","46,818.00","50,072.00","29,982.00","10,225.00"
,,Interruzioni pubblicitarie,40.81%,0,"230,126.00","113,864.00","116,262.00","93,925.00","46,471.00","47,454.00","44,819.00","47,158.00","3,435.00"
,,Legge elettorale comuni,40.37%,8,"230,126.00","113,864.00","116,262.00","92,897.00","45,893.00","47,004.00","36,782.00","43,555.00","10,074.00"
,,Orari esercizi commerciali,40.26%,9,"230,126.00","113,864.00","116,262.00","92,639.00","45,744.00","46,895.00","30,071.00","52,746.00","7,992.00"
,,Privatizzazione RAI,40.14%,5,"230,126.00","113,864.00","116,262.00","92,362.00","45,636.00","46,726.00","40,043.00","42,921.00","8,301.00"
,,Raccolta pubblicita' radiotelevisiva,40.72%,0,"230,126.00","113,864.00","116,262.00","93,703.00","46,299.00","47,404.00","43,770.00","44,759.00","3,606.00"
,,Rappresentanze sindacali (richiesta massimale),40.38%,1,"230,126.00","113,864.00","116,262.00","92,926.00","45,916.00","47,010.00","39,766.00","41,786.00","8,803.00"
,,Rappresentanze sindacali (richiesta minimale),40.43%,2,"230,126.00","113,864.00","116,262.00","93,043.00","45,960.00","47,083.00","47,947.00","32,463.00","9,931.00"
,,Soggiorno cautelare,40.17%,4,"230,126.00","113,864.00","116,262.00","92,437.00","45,666.00","46,771.00","42,595.00","36,775.00","10,777.00"
,,Trattenute contributi sindacali,40.42%,7,"230,126.00","113,864.00","116,262.00","93,007.00","45,942.00","47,065.00","42,505.00","39,479.00","8,813.00"
,Nuoro Total,,40.41%,45,"2,761,512.00","1,366,368.00","1,395,144.00","1,116,017.00","551,433.00","564,584.00","490,457.00","509,519.00","94,604.00"
,Oristano,Autorizzazione al commercio,47.41%,6,"131,968.00","65,333.00","66,635.00","62,569.00","30,850.00","31,719.00","18,951.00","35,054.00","7,094.00"
,,Concessioni televisive nazionali,48.06%,0,"131,968.00","65,333.00","66,635.00","63,426.00","31,370.00","32,056.00","22,479.00","37,814.00","2,401.00"
,,Contrattazione pubblico impiego,47.30%,3,"131,968.00","65,333.00","66,635.00","62,420.00","30,850.00","31,570.00","32,371.00","20,632.00","8,014.00"
,,Interruzioni pubblicitarie,48.06%,0,"131,968.00","65,333.00","66,635.00","63,418.00","31,361.00","32,057.00","23,286.00","37,213.00","2,281.00"
,,Legge elettorale comuni,47.40%,8,"131,968.00","65,333.00","66,635.00","62,548.00","30,900.00","31,648.00","27,949.00","25,472.00","7,723.00"
,,Orari esercizi commerciali,47.44%,9,"131,968.00","65,333.00","66,635.00","62,607.00","30,892.00","31,715.00","20,627.00","34,693.00","5,981.00"
,,Privatizzazione RAI,47.46%,5,"131,968.00","65,333.00","66,635.00","62,626.00","30,963.00","31,663.00","25,268.00","29,511.00","6,434.00"
,,Raccolta pubblicita' radiotelevisiva,48.05%,0,"131,968.00","65,333.00","66,635.00","63,406.00","31,354.00","32,052.00","22,374.00","37,682.00","2,449.00"
,,Rappresentanze sindacali (richiesta massimale),47.36%,1,"131,968.00","65,333.00","66,635.00","62,506.00","30,896.00","31,610.00","28,534.00","25,544.00","6,914.00"
,,Rappresentanze sindacali (richiesta minimale),47.32%,2,"131,968.00","65,333.00","66,635.00","62,446.00","30,856.00","31,590.00","31,255.00","21,934.00","7,747.00"
,,Soggiorno cautelare,47.47%,4,"131,968.00","65,333.00","66,635.00","62,644.00","30,850.00","31,794.00","29,003.00","23,714.00","8,000.00"
,,Trattenute contributi sindacali,47.43%,7,"131,968.00","65,333.00","66,635.00","62,599.00","30,931.00","31,668.00","31,497.00","23,108.00","6,598.00"
,Oristano Total,,47.56%,45,"1,583,616.00","783,996.00","799,620.00","753,215.00","372,073.00","381,142.00","313,594.00","352,371.00","71,636.00"
,Sassari,Autorizzazione al commercio,50.83%,6,"384,678.00","188,870.00","195,808.00","195,530.00","97,530.00","98,000.00","65,908.00","104,653.00","21,244.00"
,,Concessioni televisive nazionali,51.64%,0,"384,678.00","188,870.00","195,808.00","198,662.00","99,231.00","99,431.00","75,123.00","114,861.00","6,076.00"
,,Contrattazione pubblico impiego,50.82%,3,"384,678.00","188,870.00","195,808.00","195,493.00","97,616.00","97,877.00","103,719.00","65,564.00","22,175.00"
,,Interruzioni pubblicitarie,51.59%,0,"384,678.00","188,870.00","195,808.00","198,455.00","99,027.00","99,428.00","76,838.00","113,775.00","5,829.00"
,,Legge elettorale comuni,50.90%,8,"384,678.00","188,870.00","195,808.00","195,795.00","97,696.00","98,099.00","87,230.00","84,176.00","20,915.00"
,,Orari esercizi commerciali,50.90%,9,"384,678.00","188,870.00","195,808.00","195,808.00","97,598.00","98,210.00","69,650.00","105,249.00","17,482.00"
,,Privatizzazione RAI,50.92%,5,"384,678.00","188,870.00","195,808.00","195,897.00","97,744.00","98,153.00","86,456.00","87,722.00","18,530.00"
,,Raccolta pubblicita' radiotelevisiva,51.57%,0,"384,678.00","188,870.00","195,808.00","198,382.00","99,010.00","99,372.00","75,132.00","114,664.00","6,287.00"
,,Rappresentanze sindacali (richiesta massimale),50.86%,1,"384,678.00","188,870.00","195,808.00","195,648.00","97,666.00","97,982.00","89,013.00","83,257.00","13,520.00"
,,Rappresentanze sindacali (richiesta minimale),50.83%,2,"384,678.00","188,870.00","195,808.00","195,520.00","97,605.00","97,915.00","100,013.00","69,810.00","21,718.00"
,,Soggiorno cautelare,50.77%,4,"384,678.00","188,870.00","195,808.00","195,306.00","97,429.00","97,877.00","91,024.00","77,522.00","22,820.00"
,,Trattenute contributi sindacali,50.90%,7,"384,678.00","188,870.00","195,808.00","195,818.00","97,704.00","98,114.00","97,989.00","75,792.00","18,688.00"
,Sassari Total,,51.05%,45,"4,616,136.00","2,266,440.00","2,349,696.00","2,356,314.00","1,175,856.00","1,180,458.00","1,018,095.00","1,097,045.00","195,284.00"
SARDEGNA Total,,,49.85%,180,"16,574,028.00","8,138,304.00","8,435,724.00","8,262,028.00","4,108,377.00","4,153,651.00","3,622,622.00","3,821,004.00","669,872.00"
SICILIA,Agrigento,Autorizzazione al commercio,37.32%,6,"455,292.00","224,700.00","230,592.00","169,931.00","87,756.00","82,175.00","57,031.00","74,772.00","30,663.00"
,,Concessioni televisive nazionali,37.47%,0,"455,292.00","224,700.00","230,592.00","170,614.00","88,160.00","82,454.00","49,879.00","105,602.00","11,176.00"
,,Contrattazione pubblico impiego,37.31%,3,"455,292.00","224,700.00","230,592.00","169,853.00","87,705.00","82,148.00","77,483.00","52,621.00","31,134.00"
,,Interruzioni pubblicitarie,37.48%,0,"455,292.00","224,700.00","230,592.00","170,637.00","88,181.00","82,456.00","50,711.00","105,548.00","9,758.00"
,,Legge elettorale comuni,37.33%,8,"455,292.00","224,700.00","230,592.00","169,970.00","87,786.00","82,184.00","68,744.00","63,909.00","29,918.00"
,,Orari esercizi commerciali,37.34%,9,"455,292.00","224,700.00","230,592.00","169,990.00","87,782.00","82,208.00","57,149.00","79,679.00","26,297.00"
,,Privatizzazione RAI,37.34%,5,"455,292.00","224,700.00","230,592.00","169,995.00","87,797.00","82,198.00","61,088.00","74,109.00","27,590.00"
,,Raccolta pubblicita' radiotelevisiva,37.48%,0,"455,292.00","224,700.00","230,592.00","170,630.00","88,176.00","82,454.00","49,462.00","106,331.00","11,952.00"
,,Rappresentanze sindacali (richiesta massimale),37.31%,1,"455,292.00","224,700.00","230,592.00","169,887.00","87,734.00","82,153.00","69,521.00","63,885.00","27,988.00"
,,Rappresentanze sindacali (richiesta minimale),37.31%,2,"455,292.00","224,700.00","230,592.00","169,863.00","87,713.00","82,150.00","74,584.00","56,269.00","30,446.00"
,,Soggiorno cautelare,37.32%,4,"455,292.00","224,700.00","230,592.00","169,906.00","87,736.00","82,170.00","59,621.00","70,694.00","31,850.00"
,,Trattenute contributi sindacali,37.33%,7,"455,292.00","224,700.00","230,592.00","169,975.00","87,785.00","82,190.00","77,050.00","56,660.00","29,110.00"
,Agrigento Total,,37.36%,45,"5,463,504.00","2,696,400.00","2,767,104.00","2,041,251.00","1,054,311.00","986,940.00","752,323.00","910,079.00","297,882.00"
,Caltanissetta,Autorizzazione al commercio,42.73%,6,"273,348.00","133,912.00","139,436.00","116,789.00","59,403.00","57,386.00","40,516.00","53,363.00","18,820.00"
,,Concessioni televisive nazionali,42.93%,0,"273,348.00","133,912.00","139,436.00","117,356.00","59,706.00","57,650.00","33,503.00","74,152.00","6,738.00"
,,Contrattazione pubblico impiego,42.72%,3,"273,348.00","133,912.00","139,436.00","116,780.00","59,401.00","57,379.00","54,200.00","39,203.00","18,793.00"
,,Interruzioni pubblicitarie,42.93%,0,"273,348.00","133,912.00","139,436.00","117,347.00","59,707.00","57,640.00","33,958.00","73,958.00","6,493.00"
,,Legge elettorale comuni,42.74%,8,"273,348.00","133,912.00","139,436.00","116,819.00","59,429.00","57,390.00","48,775.00","45,658.00","18,182.00"
,,Orari esercizi commerciali,42.75%,9,"273,348.00","133,912.00","139,436.00","116,851.00","58,432.00","58,419.00","40,139.00","56,972.00","15,927.00"
,,Privatizzazione RAI,42.75%,5,"273,348.00","133,912.00","139,436.00","116,843.00","59,435.00","57,408.00","42,269.00","53,945.00","16,670.00"
,,Raccolta pubblicita' radiotelevisiva,42.93%,0,"273,348.00","133,912.00","139,436.00","117,338.00","59,702.00","57,636.00","32,826.00","74,957.00","6,611.00"
,,Rappresentanze sindacali (richiesta massimale),42.73%,1,"273,348.00","133,912.00","139,436.00","116,813.00","59,432.00","57,381.00","49,391.00","46,163.00","16,476.00"
,,Rappresentanze sindacali (richiesta minimale),42.72%,2,"273,348.00","133,912.00","139,436.00","116,769.00","59,393.00","57,376.00","52,366.00","41,496.00","18,273.00"
,,Soggiorno cautelare,42.72%,4,"273,348.00","133,912.00","139,436.00","116,778.00","59,406.00","57,372.00","42,375.00","51,338.00","18,624.00"
,,Trattenute contributi sindacali,42.75%,7,"273,348.00","133,912.00","139,436.00","116,854.00","59,450.00","57,404.00","55,478.00","40,133.00","17,067.00"
,Caltanissetta Total,,42.78%,45,"3,280,176.00","1,606,944.00","1,673,232.00","1,403,337.00","712,896.00","690,441.00","525,796.00","651,338.00","178,674.00"
,Catania,Autorizzazione al commercio,52.14%,6,"874,079.00","422,019.00","452,060.00","455,708.00","228,820.00","226,888.00","154,673.00","222,233.00","58,788.00"
,,Concessioni televisive nazionali,52.52%,0,"874,079.00","422,019.00","452,060.00","459,058.00","230,524.00","228,534.00","117,659.00","312,660.00","16,581.00"
,,Contrattazione pubblico impiego,52.05%,3,"874,079.00","422,019.00","452,060.00","454,932.00","228,437.00","226,495.00","221,261.00","151,956.00","61,706.00"
,,Interruzioni pubblicitarie,52.55%,0,"874,079.00","422,019.00","452,060.00","459,334.00","230,668.00","228,666.00","121,660.00","310,233.00","24,734.00"
,,Legge elettorale comuni,52.18%,8,"874,079.00","422,019.00","452,060.00","456,135.00","228,993.00","227,142.00","198,053.00","181,779.00","56,203.00"
,,Orari esercizi commerciali,52.19%,9,"874,079.00","422,019.00","452,060.00","456,193.00","228,994.00","227,199.00","158,482.00","231,188.00","46,126.00"
,,Privatizzazione RAI,52.17%,5,"874,079.00","422,019.00","452,060.00","456,043.00","228,990.00","227,053.00","165,992.00","219,356.00","52,249.00"
,,Raccolta pubblicita' radiotelevisiva,52.55%,0,"874,079.00","422,019.00","452,060.00","459,331.00","230,718.00","228,613.00","117,927.00","312,580.00","16,214.00"
,,Rappresentanze sindacali (richiesta massimale),52.06%,1,"874,079.00","422,019.00","452,060.00","455,074.00","228,540.00","226,534.00","203,941.00","175,362.00","55,380.00"
,,Rappresentanze sindacali (richiesta minimale),52.03%,2,"874,079.00","422,019.00","452,060.00","454,780.00","228,401.00","226,379.00","213,638.00","160,105.00","60,564.00"
,,Soggiorno cautelare,52.05%,4,"874,079.00","422,019.00","452,060.00","454,957.00","228,400.00","226,557.00","159,322.00","216,387.00","58,718.00"
,,Trattenute contributi sindacali,51.60%,7,"874,079.00","422,019.00","452,060.00","451,039.00","226,413.00","224,626.00","226,285.00","156,299.00","53,805.00"
,Catania Total,,52.17%,45,"10,488,948.00","5,064,228.00","5,424,720.00","5,472,584.00","2,747,898.00","2,724,686.00","2,058,893.00","2,650,138.00","561,068.00"
,Enna,Autorizzazione al commercio,41.21%,6,"186,139.00","91,313.00","94,826.00","76,716.00","39,138.00","37,578.00","24,001.00","36,188.00","12,925.00"
,,Concessioni televisive nazionali,41.38%,0,"186,139.00","91,313.00","94,826.00","77,032.00","39,334.00","37,698.00","22,344.00","46,925.00","5,083.00"
,,Contrattazione pubblico impiego,41.19%,3,"186,139.00","91,313.00","94,826.00","76,663.00","39,114.00","37,549.00","33,937.00","25,344.00","13,406.00"
,,Interruzioni pubblicitarie,41.38%,0,"186,139.00","91,313.00","94,826.00","77,028.00","39,332.00","37,696.00","22,895.00","46,828.00","4,886.00"
,,Legge elettorale comuni,41.22%,8,"186,139.00","91,313.00","94,826.00","76,718.00","39,133.00","37,585.00","30,712.00","29,621.00","12,725.00"
,,Orari esercizi commerciali,41.23%,9,"186,139.00","91,313.00","94,826.00","76,739.00","39,150.00","37,589.00","23,964.00","38,146.00","11,231.00"
,,Privatizzazione RAI,41.22%,5,"186,139.00","91,313.00","94,826.00","76,730.00","39,147.00","37,583.00","25,809.00","35,623.00","11,797.00"
,,Raccolta pubblicita' radiotelevisiva,41.38%,0,"186,139.00","91,313.00","94,826.00","77,020.00","39,325.00","37,695.00","22,357.00","47,228.00","4,835.00"
,,Rappresentanze sindacali (richiesta massimale),41.19%,1,"186,139.00","91,313.00","94,826.00","76,678.00","39,119.00","37,559.00","31,576.00","29,436.00","11,643.00"
,,Rappresentanze sindacali (richiesta minimale),41.18%,2,"186,139.00","91,313.00","94,826.00","76,648.00","39,102.00","37,546.00","32,915.00","26,847.00","12,964.00"
,,Soggiorno cautelare,41.21%,4,"186,139.00","91,313.00","94,826.00","76,706.00","39,134.00","37,572.00","27,544.00","31,881.00","13,472.00"
,,Trattenute contributi sindacali,41.23%,7,"186,139.00","91,313.00","94,826.00","76,737.00","39,155.00","37,582.00","34,230.00","27,175.00","12,069.00"
,Enna Total,,41.25%,45,"2,233,668.00","1,095,756.00","1,137,912.00","921,415.00","470,183.00","451,232.00","332,284.00","421,242.00","127,036.00"
,Messina,Autorizzazione al commercio,50.65%,6,"568,246.00","271,607.00","296,639.00","287,840.00","144,708.00","143,132.00","90,375.00","131,777.00","53,814.00"
,,Concessioni televisive nazionali,51.20%,0,"568,246.00","271,607.00","296,639.00","290,936.00","146,404.00","144,532.00","71,141.00","192,839.00","18,793.00"
,,Contrattazione pubblico impiego,50.63%,3,"568,246.00","271,607.00","296,639.00","287,724.00","144,660.00","143,064.00","124,723.00","94,444.00","56,116.00"
,,Interruzioni pubblicitarie,51.20%,0,"568,246.00","271,607.00","296,639.00","290,939.00","146,403.00","144,536.00","74,995.00","209,700.00","17,704.00"
,,Legge elettorale comuni,50.69%,8,"568,246.00","271,607.00","296,639.00","288,035.00","144,590.00","143,445.00","113,825.00","109,370.00","52,142.00"
,,Orari esercizi commerciali,50.74%,9,"568,246.00","271,607.00","296,639.00","288,329.00","144,924.00","143,405.00","94,717.00","136,880.00","45,045.00"
,,Privatizzazione RAI,50.71%,5,"568,246.00","271,607.00","296,639.00","288,131.00","144,865.00","143,266.00","99,079.00","129,675.00","47,920.00"
,,Raccolta pubblicita' radiotelevisiva,51.17%,0,"568,246.00","271,607.00","296,639.00","290,790.00","146,064.00","144,726.00","70,923.00","194,742.00","17,934.00"
,,Rappresentanze sindacali (richiesta massimale),50.64%,1,"568,246.00","271,607.00","296,639.00","287,785.00","144,713.00","143,072.00","116,236.00","108,980.00","49,902.00"
,,Rappresentanze sindacali (richiesta minimale),50.66%,2,"568,246.00","271,607.00","296,639.00","287,901.00","144,757.00","143,144.00","101,229.00","85,036.00","54,969.00"
,,Soggiorno cautelare,50.64%,4,"568,246.00","271,607.00","296,639.00","287,754.00","144,646.00","143,108.00","98,725.00","122,699.00","53,767.00"
,,Trattenute contributi sindacali,50.69%,7,"568,246.00","271,607.00","296,639.00","288,059.00","144,817.00","143,242.00","131,052.00","96,003.00","48,373.00"
,Messina Total,,50.80%,45,"6,818,952.00","3,259,284.00","3,559,668.00","3,464,223.00","1,741,551.00","1,722,672.00","1,187,020.00","1,612,145.00","516,479.00"
,Palermo,Autorizzazione al commercio,50.76%,6,"1,041,584.00","502,760.00","538,824.00","528,675.00","270,046.00","258,629.00","173,196.00","260,005.00","63,684.00"
,,Concessioni televisive nazionali,51.05%,0,"1,041,584.00","502,760.00","538,824.00","531,679.00","271,612.00","260,067.00","134,622.00","351,254.00","20,962.00"
,,Contrattazione pubblico impiego,50.71%,3,"1,041,584.00","502,760.00","538,824.00","528,210.00","269,802.00","258,408.00","250,111.00","179,811.00","67,188.00"
,,Interruzioni pubblicitarie,51.08%,0,"1,041,584.00","502,760.00","538,824.00","532,054.00","271,633.00","260,421.00","139,844.00","347,370.00","19,477.00"
,,Legge elettorale comuni,50.79%,8,"1,041,584.00","502,760.00","538,824.00","528,980.00","270,141.00","258,839.00","221,956.00","213,818.00","63,751.00"
,,Orari esercizi commerciali,50.81%,9,"1,041,584.00","502,760.00","538,824.00","529,256.00","270,281.00","258,975.00","174,937.00","273,774.00","51,105.00"
,,Privatizzazione RAI,50.73%,5,"1,041,584.00","502,760.00","538,824.00","528,420.00","269,944.00","258,476.00","198,209.00","244,244.00","56,282.00"
,,Raccolta pubblicita' radiotelevisiva,51.07%,0,"1,041,584.00","502,760.00","538,824.00","531,983.00","271,787.00","260,196.00","135,760.00","349,253.00","19,849.00"
,,Rappresentanze sindacali (richiesta massimale),50.76%,1,"1,041,584.00","502,760.00","538,824.00","528,733.00","270,020.00","258,713.00","230,769.00","205,741.00","62,600.00"
,,Rappresentanze sindacali (richiesta minimale),50.70%,2,"1,041,584.00","502,760.00","538,824.00","528,092.00","269,843.00","258,249.00","240,772.00","189,952.00","65,018.00"
,,Soggiorno cautelare,50.62%,4,"1,041,584.00","502,760.00","538,824.00","527,251.00","269,362.00","257,889.00","185,893.00","247,238.00","63,154.00"
,,Trattenute contributi sindacali,50.77%,7,"1,041,584.00","502,760.00","538,824.00","528,830.00","270,195.00","258,635.00","255,289.00","184,744.00","58,937.00"
,Palermo Total,,50.82%,45,"12,499,008.00","6,033,120.00","6,465,888.00","6,352,163.00","3,244,666.00","3,107,497.00","2,341,358.00","3,047,204.00","612,007.00"
,Ragusa,Autorizzazione al commercio,51.46%,6,"239,432.00","115,992.00","123,440.00","123,214.00","61,865.00","61,349.00","36,584.00","60,539.00","20,951.00"
,,Concessioni televisive nazionali,51.91%,0,"239,432.00","115,992.00","123,440.00","124,292.00","62,507.00","61,785.00","37,171.00","76,817.00","6,835.00"
,,Contrattazione pubblico impiego,51.45%,3,"239,432.00","115,992.00","123,440.00","123,183.00","61,865.00","61,318.00","53,982.00","41,906.00","21,908.00"
,,Interruzioni pubblicitarie,51.87%,0,"239,432.00","115,992.00","123,440.00","124,190.00","62,402.00","61,788.00","38,365.00","76,328.00","6,434.00"
,,Legge elettorale comuni,51.52%,8,"239,432.00","115,992.00","123,440.00","123,366.00","61,908.00","61,458.00","46,772.00","51,184.00","20,421.00"
,,Orari esercizi commerciali,51.55%,9,"239,432.00","115,992.00","123,440.00","123,426.00","62,047.00","61,379.00","38,028.00","63,158.00","17,699.00"
,,Privatizzazione RAI,51.50%,5,"239,432.00","115,992.00","123,440.00","123,304.00","61,933.00","61,371.00","44,091.00","55,566.00","18,844.00"
,,Raccolta pubblicita' radiotelevisiva,51.87%,0,"239,432.00","115,992.00","123,440.00","124,183.00","62,398.00","61,785.00","36,898.00","77,221.00","6,639.00"
,,Rappresentanze sindacali (richiesta massimale),51.51%,1,"239,432.00","115,992.00","123,440.00","123,320.00","61,987.00","61,333.00","48,562.00","49,765.00","19,292.00"
,,Rappresentanze sindacali (richiesta minimale),51.45%,2,"239,432.00","115,992.00","123,440.00","123,184.00","61,869.00","61,315.00","52,264.00","44,038.00","21,468.00"
,,Soggiorno cautelare,51.43%,4,"239,432.00","115,992.00","123,440.00","123,144.00","61,828.00","61,316.00","47,228.00","49,129.00","21,557.00"
,,Trattenute contributi sindacali,51.48%,7,"239,432.00","115,992.00","123,440.00","123,248.00","61,902.00","61,346.00","53,813.00","45,126.00","19,386.00"
,Ragusa Total,,51.58%,45,"2,873,184.00","1,391,904.00","1,481,280.00","1,482,054.00","744,511.00","737,543.00","533,758.00","690,777.00","201,434.00"
,Siracusa,Autorizzazione al commercio,49.19%,6,"343,326.00","168,662.00","174,664.00","168,867.00","86,019.00","82,848.00","60,194.00","81,669.00","22,085.00"
,,Concessioni televisive nazionali,49.56%,0,"343,326.00","168,662.00","174,664.00","170,137.00","86,709.00","83,428.00","49,972.00","110,704.00","5,713.00"
,,Contrattazione pubblico impiego,49.17%,3,"343,326.00","168,662.00","174,664.00","168,801.00","83,592.00","85,209.00","85,462.00","55,475.00","22,580.00"
,,Interruzioni pubblicitarie,49.56%,0,"343,326.00","168,662.00","174,664.00","170,158.00","86,736.00","83,422.00","51,696.00","109,999.00","5,448.00"
,,Legge elettorale comuni,49.22%,8,"343,326.00","168,662.00","174,664.00","168,982.00","86,094.00","82,888.00","75,692.00","66,930.00","21,293.00"
,,Orari esercizi commerciali,49.19%,9,"343,326.00","168,662.00","174,664.00","168,889.00","85,995.00","82,894.00","63,432.00","82,835.00","18,319.00"
,,Privatizzazione RAI,49.23%,5,"343,326.00","168,662.00","174,664.00","169,028.00","86,120.00","82,908.00","66,458.00","78,343.00","19,479.00"
,,Raccolta pubblicita' radiotelevisiva,49.56%,0,"343,326.00","168,662.00","174,664.00","170,150.00","86,745.00","83,405.00","50,438.00","110,564.00","5,695.00"
,,Rappresentanze sindacali (richiesta massimale),49.18%,1,"343,326.00","168,662.00","174,664.00","168,848.00","86,022.00","82,826.00","77,712.00","65,899.00","19,898.00"
,,Rappresentanze sindacali (richiesta minimale),49.17%,2,"343,326.00","168,662.00","174,664.00","168,802.00","85,985.00","82,817.00","82,289.00","59,185.00","22,014.00"
,,Soggiorno cautelare,49.18%,4,"343,326.00","168,662.00","174,664.00","168,843.00","86,020.00","82,823.00","64,274.00","76,731.00","22,559.00"
,,Trattenute contributi sindacali,49.23%,7,"343,326.00","168,662.00","174,664.00","169,009.00","86,121.00","82,888.00","85,495.00","58,699.00","19,870.00"
,Siracusa Total,,49.29%,45,"4,119,912.00","2,023,944.00","2,095,968.00","2,030,514.00","1,032,158.00","998,356.00","813,114.00","957,033.00","204,953.00"
,Trapani,Autorizzazione al commercio,49.76%,6,"369,167.00","177,764.00","191,403.00","183,680.00","94,153.00","89,527.00","58,985.00","84,649.00","32,278.00"
,,Concessioni televisive nazionali,50.35%,0,"369,167.00","177,764.00","191,403.00","185,865.00","94,830.00","91,035.00","48,291.00","118,676.00","12,381.00"
,,Contrattazione pubblico impiego,49.76%,3,"369,167.00","177,764.00","191,403.00","183,701.00","94,200.00","89,501.00","85,396.00","56,359.00","33,669.00"
,,Interruzioni pubblicitarie,50.08%,0,"369,167.00","177,764.00","191,403.00","184,873.00","94,829.00","90,044.00","49,782.00","118,008.00","11,840.00"
,,Legge elettorale comuni,49.74%,8,"369,167.00","177,764.00","191,403.00","183,617.00","94,179.00","89,438.00","78,377.00","66,278.00","31,596.00"
,,Orari esercizi commerciali,49.75%,9,"369,167.00","177,764.00","191,403.00","183,658.00","94,196.00","89,462.00","60,540.00","89,087.00","27,275.00"
,,Privatizzazione RAI,49.75%,5,"369,167.00","177,764.00","191,403.00","183,667.00","94,214.00","89,453.00","66,593.00","81,027.00","28,987.00"
,,Raccolta pubblicita' radiotelevisiva,50.08%,0,"369,167.00","177,764.00","191,403.00","184,870.00","94,862.00","90,008.00","48,329.00","118,960.00","12,075.00"
,,Rappresentanze sindacali (richiesta massimale),49.71%,1,"369,167.00","177,764.00","191,403.00","183,513.00","94,124.00","89,389.00","79,147.00","66,115.00","29,558.00"
,,Rappresentanze sindacali (richiesta minimale),49.70%,2,"369,167.00","177,764.00","191,403.00","183,482.00","94,097.00","89,385.00","83,151.00","59,351.00","32,936.00"
,,Soggiorno cautelare,49.75%,4,"369,167.00","177,764.00","191,403.00","183,657.00","94,119.00","89,538.00","68,325.00","74,676.00","32,678.00"
,,Trattenute contributi sindacali,49.74%,7,"369,167.00","177,764.00","191,403.00","183,621.00","94,186.00","89,435.00","87,669.00","58,527.00","30,161.00"
,Trapani Total,,49.85%,45,"4,430,004.00","2,133,168.00","2,296,836.00","2,208,204.00","1,131,989.00","1,076,215.00","814,585.00","991,713.00","315,434.00"
SICILIA Total,,,48.61%,405,"52,207,356.00","25,304,748.00","26,902,608.00","25,375,745.00","12,880,163.00","12,495,582.00","9,359,131.00","11,931,669.00","3,014,967.00"
TOSCANA,Arezzo,Autorizzazione al commercio,61.88%,6,"269,398.00","130,028.00","139,370.00","166,691.00","84,707.00","81,984.00","44,878.00","103,241.00","16,354.00"
,,Concessioni televisive nazionali,62.97%,0,"269,398.00","130,028.00","139,370.00","169,628.00","86,238.00","83,390.00","85,065.00","77,769.00","5,137.00"
,,Contrattazione pubblico impiego,57.87%,3,"269,398.00","130,028.00","139,370.00","155,897.00","79,240.00","76,657.00","102,804.00","43,264.00","18,097.00"
,,Interruzioni pubblicitarie,62.99%,0,"269,398.00","130,028.00","139,370.00","169,706.00","86,215.00","83,491.00","86,989.00","75,895.00","5,339.00"
,,Legge elettorale comuni,62.03%,8,"269,398.00","130,028.00","139,370.00","167,109.00","84,935.00","82,174.00","63,215.00","84,675.00","16,942.00"
,,Orari esercizi commerciali,62.01%,9,"269,398.00","130,028.00","139,370.00","167,062.00","84,883.00","82,179.00","47,532.00","103,081.00","14,341.00"
,,Privatizzazione RAI,62.08%,5,"269,398.00","130,028.00","139,370.00","167,247.00","85,051.00","82,196.00","84,525.00","59,723.00","13,670.00"
,,Raccolta pubblicita' radiotelevisiva,62.91%,0,"269,398.00","130,028.00","139,370.00","169,484.00","86,054.00","83,430.00","85,287.00","76,846.00","5,769.00"
,,Rappresentanze sindacali (richiesta massimale),61.87%,1,"269,398.00","130,028.00","139,370.00","166,668.00","84,699.00","81,969.00","65,570.00","83,217.00","15,237.00"
,,Rappresentanze sindacali (richiesta minimale),61.80%,2,"269,398.00","130,028.00","139,370.00","166,487.00","84,576.00","81,911.00","99,001.00","47,492.00","17,396.00"
,,Soggiorno cautelare,61.80%,4,"269,398.00","130,028.00","139,370.00","166,493.00","84,634.00","81,859.00","95,071.00","45,502.00","23,041.00"
,,Trattenute contributi sindacali,59.68%,7,"269,398.00","130,028.00","139,370.00","160,779.00","81,574.00","79,205.00","74,161.00","75,955.00","14,816.00"
,Arezzo Total,,61.66%,45,"3,232,776.00","1,560,336.00","1,672,440.00","1,993,251.00","1,012,806.00","980,445.00","934,098.00","876,660.00","166,139.00"
,Firenze,Autorizzazione al commercio,67.16%,6,"804,386.00","382,425.00","421,961.00","540,189.00","265,530.00","274,659.00","144,061.00","354,764.00","37,224.00"
,,Concessioni televisive nazionali,68.73%,0,"804,386.00","382,425.00","421,961.00","552,851.00","272,010.00","280,841.00","330,156.00","207,017.00","11,289.00"
,,Contrattazione pubblico impiego,66.89%,3,"804,386.00","382,425.00","421,961.00","538,025.00","264,658.00","273,367.00","353,796.00","136,803.00","42,666.00"
,,Interruzioni pubblicitarie,68.72%,0,"804,386.00","382,425.00","421,961.00","552,802.00","271,954.00","280,848.00","331,763.00","195,991.00","10,513.00"
,,Legge elettorale comuni,67.51%,8,"804,386.00","382,425.00","421,961.00","543,035.00","267,204.00","275,831.00","184,955.00","313,397.00","37,524.00"
,,Orari esercizi commerciali,67.29%,9,"804,386.00","382,425.00","421,961.00","541,278.00","265,974.00","275,304.00","152,282.00","350,435.00","31,880.00"
,,Privatizzazione RAI,67.56%,5,"804,386.00","382,425.00","421,961.00","543,431.00","267,437.00","275,994.00","311,145.00","198,958.00","29,229.00"
,,Raccolta pubblicita' radiotelevisiva,68.68%,0,"804,386.00","382,425.00","421,961.00","552,483.00","271,730.00","280,753.00","330,880.00","203,975.00","12,496.00"
,,Rappresentanze sindacali (richiesta massimale),67.04%,1,"804,386.00","382,425.00","421,961.00","539,271.00","265,381.00","273,890.00","200,693.00","295,303.00","37,386.00"
,,Rappresentanze sindacali (richiesta minimale),66.91%,2,"804,386.00","382,425.00","421,961.00","538,194.00","264,791.00","273,403.00","338,241.00","152,896.00","41,436.00"
,,Soggiorno cautelare,66.90%,4,"804,386.00","382,425.00","421,961.00","538,111.00","264,680.00","273,431.00","300,213.00","173,223.00","59,535.00"
,,Trattenute contributi sindacali,67.30%,7,"804,386.00","382,425.00","421,961.00","541,335.00","266,341.00","274,994.00","220,911.00","278,069.00","35,380.00"
,Firenze Total,,67.56%,45,"9,652,632.00","4,589,100.00","5,063,532.00","6,521,005.00","3,207,690.00","3,313,315.00","3,199,096.00","2,860,831.00","386,558.00"
,Grosseto,Autorizzazione al commercio,63.64%,6,"183,818.00","88,162.00","95,656.00","116,975.00","57,584.00","59,391.00","31,502.00","72,139.00","11,344.00"
,,Concessioni televisive nazionali,65.08%,0,"183,818.00","88,162.00","95,656.00","119,620.00","58,946.00","60,674.00","51,378.00","63,824.00","3,124.00"
,,Contrattazione pubblico impiego,63.65%,3,"183,818.00","88,162.00","95,656.00","116,997.00","57,594.00","59,403.00","75,934.00","26,588.00","12,082.00"
,,Interruzioni pubblicitarie,65.06%,0,"183,818.00","88,162.00","95,656.00","119,587.00","58,916.00","60,671.00","52,582.00","62,923.00","2,978.00"
,,Legge elettorale comuni,63.81%,8,"183,818.00","88,162.00","95,656.00","117,302.00","57,798.00","59,504.00","52,376.00","51,578.00","11,256.00"
,,Orari esercizi commerciali,63.71%,9,"183,818.00","88,162.00","95,656.00","117,111.00","57,676.00","59,435.00","35,463.00","69,926.00","9,791.00"
,,Privatizzazione RAI,63.89%,5,"183,818.00","88,162.00","95,656.00","117,442.00","57,850.00","59,592.00","58,405.00","47,681.00","9,341.00"
,,Raccolta pubblicita' radiotelevisiva,65.03%,0,"183,818.00","88,162.00","95,656.00","119,531.00","58,891.00","60,640.00","51,609.00","63,387.00","3,227.00"
,,Rappresentanze sindacali (richiesta massimale),63.74%,1,"183,818.00","88,162.00","95,656.00","117,161.00","57,728.00","59,433.00","52,470.00","51,863.00","10,497.00"
,,Rappresentanze sindacali (richiesta minimale),63.58%,2,"183,818.00","88,162.00","95,656.00","116,880.00","57,570.00","59,310.00","73,299.00","29,474.00","11,719.00"
,,Soggiorno cautelare,63.62%,4,"183,818.00","88,162.00","95,656.00","116,950.00","57,576.00","59,374.00","70,974.00","28,880.00","14,692.00"
,,Trattenute contributi sindacali,63.85%,7,"183,818.00","88,162.00","95,656.00","117,365.00","57,831.00","59,534.00","56,507.00","48,743.00","10,104.00"
,Grosseto Total,,64.05%,45,"2,205,816.00","1,057,944.00","1,147,872.00","1,412,921.00","695,960.00","716,961.00","662,499.00","617,006.00","110,155.00"
,Livorno,Autorizzazione al commercio,67.06%,6,"291,226.00","138,766.00","152,460.00","195,310.00","96,690.00","98,620.00","47,345.00","132,868.00","13,016.00"
,,Concessioni televisive nazionali,68.23%,0,"291,226.00","138,766.00","152,460.00","198,695.00","98,475.00","100,220.00","113,102.00","80,505.00","3,439.00"
,,Contrattazione pubblico impiego,66.97%,3,"291,226.00","138,766.00","152,460.00","195,044.00","96,631.00","98,413.00","139,688.00","38,989.00","14,382.00"
,,Interruzioni pubblicitarie,68.16%,0,"291,226.00","138,766.00","152,460.00","198,512.00","98,349.00","100,163.00","114,247.00","79,704.00","3,364.00"
,,Legge elettorale comuni,67.20%,8,"291,226.00","138,766.00","152,460.00","195,712.00","96,995.00","98,717.00","64,477.00","115,289.00","13,699.00"
,,Orari esercizi commerciali,67.18%,9,"291,226.00","138,766.00","152,460.00","195,655.00","96,885.00","98,770.00","55,155.00","127,217.00","11,503.00"
,,Privatizzazione RAI,67.32%,5,"291,226.00","138,766.00","152,460.00","196,055.00","97,155.00","98,900.00","115,773.00","67,466.00","10,862.00"
,,Raccolta pubblicita' radiotelevisiva,68.13%,0,"291,226.00","138,766.00","152,460.00","198,398.00","98,334.00","100,064.00","113,508.00","79,619.00","3,949.00"
,,Rappresentanze sindacali (richiesta massimale),67.01%,1,"291,226.00","138,766.00","152,460.00","195,155.00","96,693.00","98,462.00","74,496.00","105,012.00","13,173.00"
,,Rappresentanze sindacali (richiesta minimale),66.98%,2,"291,226.00","138,766.00","152,460.00","195,066.00","96,646.00","98,420.00","134,489.00","43,936.00","14,336.00"
,,Soggiorno cautelare,66.98%,4,"291,226.00","138,766.00","152,460.00","195,068.00","96,616.00","98,452.00","111,739.00","57,833.00","2,616.00"
,,Trattenute contributi sindacali,67.24%,7,"291,226.00","138,766.00","152,460.00","195,824.00","97,033.00","98,791.00","82,038.00","99,232.00","12,595.00"
,Livorno Total,,67.37%,45,"3,494,712.00","1,665,192.00","1,829,520.00","2,354,494.00","1,166,502.00","1,187,992.00","1,166,057.00","1,027,670.00","116,934.00"
,Lucca,Autorizzazione al commercio,59.17%,6,"330,814.00","157,283.00","173,531.00","195,735.00","95,839.00","99,896.00","63,906.00","109,180.00","18,743.00"
,,Concessioni televisive nazionali,60.36%,0,"330,814.00","157,283.00","173,531.00","199,665.00","97,900.00","101,765.00","84,046.00","107,613.00","5,250.00"
,,Contrattazione pubblico impiego,59.04%,3,"330,814.00","157,283.00","173,531.00","195,320.00","95,729.00","99,591.00","110,934.00","59,730.00","20,722.00"
,,Interruzioni pubblicitarie,60.39%,0,"330,814.00","157,283.00","173,531.00","199,791.00","97,960.00","101,831.00","86,622.00","106,016.00","5,069.00"
,,Legge elettorale comuni,55.44%,8,"330,814.00","157,283.00","173,531.00","183,399.00","89,787.00","93,612.00","88,198.00","85,169.00","19,012.00"
,,Orari esercizi commerciali,59.26%,9,"330,814.00","157,283.00","173,531.00","196,056.00","95,984.00","100,072.00","69,786.00","106,561.00","16,121.00"
,,Privatizzazione RAI,59.40%,5,"330,814.00","157,283.00","173,531.00","196,494.00","96,316.00","100,178.00","89,501.00","87,609.00","15,909.00"
,,Raccolta pubblicita' radiotelevisiva,60.35%,0,"330,814.00","157,283.00","173,531.00","199,662.00","97,818.00","101,844.00","84,647.00","106,874.00","5,746.00"
,,Rappresentanze sindacali (richiesta massimale),59.10%,1,"330,814.00","157,283.00","173,531.00","195,498.00","95,789.00","99,709.00","92,620.00","80,209.00","18,282.00"
,,Rappresentanze sindacali (richiesta minimale),59.08%,2,"330,814.00","157,283.00","173,531.00","195,439.00","95,751.00","99,688.00","107,071.00","63,697.00","20,282.00"
,,Soggiorno cautelare,59.20%,4,"330,814.00","157,283.00","173,531.00","195,853.00","95,893.00","99,960.00","120,182.00","52,760.00","19,030.00"
,,Trattenute contributi sindacali,59.26%,7,"330,814.00","157,283.00","173,531.00","196,052.00","96,041.00","100,011.00","101,038.00","73,600.00","17,878.00"
,Lucca Total,,59.17%,45,"3,969,768.00","1,887,396.00","2,082,372.00","2,348,964.00","1,150,807.00","1,198,157.00","1,098,551.00","1,039,018.00","182,044.00"
,Massa-Carrara,Autorizzazione al commercio,55.66%,6,"177,689.00","84,685.00","93,004.00","98,902.00","48,557.00","50,345.00","31,457.00","55,036.00","10,027.00"
,,Concessioni televisive nazionali,56.90%,0,"177,689.00","84,685.00","93,004.00","101,104.00","49,629.00","51,475.00","45,833.00","51,076.00","2,736.00"
,,Contrattazione pubblico impiego,55.65%,3,"177,689.00","84,685.00","93,004.00","98,880.00","48,529.00","50,351.00","59,768.00","26,005.00","10,689.00"
,,Interruzioni pubblicitarie,56.88%,0,"177,689.00","84,685.00","93,004.00","101,063.00","49,607.00","51,456.00","47,236.00","50,020.00","2,584.00"
,,Legge elettorale comuni,55.75%,8,"177,689.00","84,685.00","93,004.00","99,057.00","48,696.00","50,361.00","42,301.00","44,527.00","9,901.00"
,,Orari esercizi commerciali,55.76%,9,"177,689.00","84,685.00","93,004.00","99,074.00","48,687.00","50,387.00","34,351.00","53,798.00","8,732.00"
,,Privatizzazione RAI,55.85%,5,"177,689.00","84,685.00","93,004.00","99,238.00","48,766.00","50,472.00","46,783.00","41,992.00","8,398.00"
,,Raccolta pubblicita' radiotelevisiva,56.85%,0,"177,689.00","84,685.00","93,004.00","101,019.00","49,581.00","51,438.00","46,321.00","50,284.00","2,868.00"
,,Rappresentanze sindacali (richiesta massimale),55.68%,1,"177,689.00","84,685.00","93,004.00","98,942.00","48,568.00","50,374.00","47,065.00","39,858.00","9,569.00"
,,Rappresentanze sindacali (richiesta minimale),55.61%,2,"177,689.00","84,685.00","93,004.00","98,815.00","48,551.00","50,264.00","57,778.00","28,149.00","10,367.00"
,,Soggiorno cautelare,55.70%,4,"177,689.00","84,685.00","93,004.00","98,978.00","48,605.00","50,373.00","63,570.00","22,927.00","10,206.00"
,,Trattenute contributi sindacali,55.76%,7,"177,689.00","84,685.00","93,004.00","99,076.00","48,697.00","50,379.00","47,586.00","40,378.00","8,951.00"
,Massa-Carrara Total,,56.00%,45,"2,132,268.00","1,016,220.00","1,116,048.00","1,194,148.00","586,473.00","607,675.00","570,049.00","504,050.00","95,028.00"
,Pisa,Autorizzazione al commercio,65.34%,6,"327,132.00","155,973.00","171,159.00","213,762.00","106,165.00","107,597.00","55,398.00","136,021.00","19,327.00"
,,Concessioni televisive nazionali,66.84%,0,"327,132.00","155,973.00","171,159.00","218,669.00","108,743.00","109,926.00","116,955.00","93,443.00","6,137.00"
,,Contrattazione pubblico impiego,65.22%,3,"327,132.00","155,973.00","171,159.00","213,367.00","106,033.00","107,334.00","139,277.00","49,465.00","21,217.00"
,,Interruzioni pubblicitarie,66.82%,0,"327,132.00","155,973.00","171,159.00","218,595.00","108,705.00","109,890.00","120,118.00","90,829.00","5,985.00"
,,Legge elettorale comuni,65.65%,8,"327,132.00","155,973.00","171,159.00","214,771.00","106,764.00","108,007.00","74,183.00","117,541.00","19,881.00"
,,Orari esercizi commerciali,65.40%,9,"327,132.00","155,973.00","171,159.00","213,956.00","106,245.00","107,711.00","62,217.00","132,086.00","16,869.00"
,,Privatizzazione RAI,65.75%,5,"327,132.00","155,973.00","171,159.00","215,094.00","106,891.00","108,203.00","115,896.00","80,979.00","15,507.00"
,,Raccolta pubblicita' radiotelevisiva,66.80%,0,"327,132.00","155,973.00","171,159.00","218,515.00","108,647.00","109,868.00","118,098.00","91,637.00","6,768.00"
,,Rappresentanze sindacali (richiesta massimale),65.31%,1,"327,132.00","155,973.00","171,159.00","213,645.00","106,180.00","107,465.00","85,946.00","105,288.00","18,910.00"
,,Rappresentanze sindacali (richiesta minimale),65.25%,2,"327,132.00","155,973.00","171,159.00","213,444.00","106,076.00","107,368.00","135,313.00","54,018.00","20,654.00"
,,Soggiorno cautelare,65.17%,4,"327,132.00","155,973.00","171,159.00","213,195.00","105,992.00","107,203.00","119,617.00","57,648.00","32,155.00"
,,Trattenute contributi sindacali,65.53%,7,"327,132.00","155,973.00","171,159.00","214,365.00","106,581.00","107,784.00","90,067.00","102,594.00","18,722.00"
,Pisa Total,,65.76%,45,"3,925,584.00","1,871,676.00","2,053,908.00","2,581,378.00","1,283,022.00","1,298,356.00","1,233,085.00","1,111,549.00","202,132.00"
,Pistoia,Autorizzazione al commercio,63.00%,6,"230,494.00","109,643.00","120,851.00","145,214.00","71,530.00","73,684.00","40,447.00","88,793.00","13,358.00"
,,Concessioni televisive nazionali,64.24%,0,"230,494.00","109,643.00","120,851.00","148,062.00","72,973.00","75,089.00","74,398.00","68,157.00","3,894.00"
,,Contrattazione pubblico impiego,62.92%,3,"230,494.00","109,643.00","120,851.00","145,033.00","71,478.00","73,555.00","90,638.00","36,934.00","14,643.00"
,,Interruzioni pubblicitarie,64.22%,0,"230,494.00","109,643.00","120,851.00","148,031.00","72,952.00","75,079.00","76,297.00","66,518.00","3,693.00"
,,Legge elettorale comuni,63.20%,8,"230,494.00","109,643.00","120,851.00","145,682.00","71,812.00","73,870.00","56,053.00","73,783.00","13,238.00"
,,Orari esercizi commerciali,63.08%,9,"230,494.00","109,643.00","120,851.00","145,386.00","71,588.00","73,798.00","43,940.00","87,576.00","11,565.00"
,,Privatizzazione RAI,63.24%,5,"230,494.00","109,643.00","120,851.00","145,769.00","71,965.00","73,804.00","77,280.00","55,359.00","10,763.00"
,,Raccolta pubblicita' radiotelevisiva,64.21%,0,"230,494.00","109,643.00","120,851.00","147,989.00","72,933.00","75,056.00","75,130.00","66,985.00","4,158.00"
,,Rappresentanze sindacali (richiesta massimale),62.97%,1,"230,494.00","109,643.00","120,851.00","145,147.00","71,541.00","73,606.00","58,172.00","71,033.00","12,979.00"
,,Rappresentanze sindacali (richiesta minimale),62.89%,2,"230,494.00","109,643.00","120,851.00","144,955.00","71,459.00","73,496.00","88,702.00","39,292.00","14,282.00"
,,Soggiorno cautelare,63.01%,4,"230,494.00","109,643.00","120,851.00","145,231.00","71,567.00","73,664.00","85,628.00","39,979.00","16,702.00"
,,Trattenute contributi sindacali,63.15%,7,"230,494.00","109,643.00","120,851.00","145,561.00","71,727.00","73,834.00","65,383.00","65,339.00","12,345.00"
,Pistoia Total,,63.34%,45,"2,765,928.00","1,315,716.00","1,450,212.00","1,752,060.00","863,525.00","888,535.00","832,068.00","759,748.00","131,620.00"
,Prato,Autorizzazione al commercio,62.89%,6,"183,477.00","88,386.00","95,091.00","115,381.00","57,156.00","58,225.00","32,405.00","72,855.00","8,282.00"
,,Concessioni televisive nazionali,64.06%,0,"183,477.00","88,386.00","95,091.00","117,543.00","58,332.00","59,211.00","61,916.00","52,369.00","2,166.00"
,,Contrattazione pubblico impiego,62.75%,3,"183,477.00","88,386.00","95,091.00","115,135.00","57,065.00","58,070.00","74,642.00","29,569.00","9,246.00"
,,Interruzioni pubblicitarie,64.11%,0,"183,477.00","88,386.00","95,091.00","117,618.00","58,372.00","59,246.00","64,357.00","50,296.00","2,002.00"
,,Legge elettorale comuni,63.14%,8,"183,477.00","88,386.00","95,091.00","115,843.00","57,443.00","58,400.00","46,284.00","59,517.00","8,197.00"
,,Orari esercizi commerciali,62.97%,9,"183,477.00","88,386.00","95,091.00","115,536.00","57,256.00","58,280.00","36,127.00","70,901.00","6,895.00"
,,Privatizzazione RAI,63.18%,5,"183,477.00","88,386.00","95,091.00","115,928.00","57,482.00","58,446.00","64,659.00","43,674.00","6,343.00"
,,Raccolta pubblicita' radiotelevisiva,64.10%,0,"183,477.00","88,386.00","95,091.00","117,602.00","58,382.00","59,220.00","60,297.00","51,682.00","2,379.00"
,,Rappresentanze sindacali (richiesta massimale),62.86%,1,"183,477.00","88,386.00","95,091.00","115,327.00","57,163.00","58,164.00","44,800.00","60,665.00","7,979.00"
,,Rappresentanze sindacali (richiesta minimale),62.79%,2,"183,477.00","88,386.00","95,091.00","115,201.00","57,141.00","58,060.00","71,231.00","32,938.00","8,916.00"
,,Soggiorno cautelare,62.86%,4,"183,477.00","88,386.00","95,091.00","115,329.00","57,176.00","58,153.00","66,819.00","34,377.00","11,973.00"
,,Trattenute contributi sindacali,63.05%,7,"183,477.00","88,386.00","95,091.00","115,683.00","57,373.00","58,310.00","50,894.00","55,754.00","7,611.00"
,Prato Total,,63.23%,45,"2,201,724.00","1,060,632.00","1,141,092.00","1,392,126.00","690,341.00","701,785.00","674,431.00","614,597.00","81,989.00"
,Siena,Autorizzazione al commercio,67.13%,6,"213,423.00","102,340.00","111,083.00","143,281.00","71,917.00","71,364.00","32,951.00","94,812.00","13,619.00"
,,Concessioni televisive nazionali,68.53%,0,"213,423.00","102,340.00","111,083.00","146,254.00","73,523.00","72,731.00","86,419.00","53,892.00","4,450.00"
,,Contrattazione pubblico impiego,66.98%,3,"213,423.00","102,340.00","111,083.00","142,944.00","71,826.00","71,118.00","94,217.00","32,259.00","14,237.00"
,,Interruzioni pubblicitarie,68.50%,0,"213,423.00","102,340.00","111,083.00","146,198.00","73,475.00","72,723.00","88,418.00","52,176.00","4,446.00"
,,Legge elettorale comuni,67.28%,8,"213,423.00","102,340.00","111,083.00","143,583.00","72,151.00","71,432.00","46,616.00","81,043.00","13,827.00"
,,Orari esercizi commerciali,67.14%,9,"213,423.00","102,340.00","111,083.00","143,299.00","71,930.00","71,369.00","36,470.00","92,636.00","12,294.00"
,,Privatizzazione RAI,67.33%,5,"213,423.00","102,340.00","111,083.00","143,704.00","72,205.00","71,499.00","83,095.00","47,572.00","11,244.00"
,,Raccolta pubblicita' radiotelevisiva,68.51%,0,"213,423.00","102,340.00","111,083.00","146,224.00","73,449.00","72,775.00","85,904.00","53,719.00","4,861.00"
,,Rappresentanze sindacali (richiesta massimale),67.07%,1,"213,423.00","102,340.00","111,083.00","143,138.00","71,959.00","71,179.00","47,836.00","80,064.00","12,945.00"
,,Rappresentanze sindacali (richiesta minimale),67.00%,2,"213,423.00","102,340.00","111,083.00","142,987.00","71,923.00","71,064.00","90,438.00","36,575.00","13,921.00"
,,Soggiorno cautelare,66.92%,4,"213,423.00","102,340.00","111,083.00","142,816.00","71,715.00","71,101.00","75,011.00","40,565.00","24,736.00"
,,Trattenute contributi sindacali,67.25%,7,"213,423.00","102,340.00","111,083.00","143,532.00","72,127.00","71,405.00","53,637.00","75,133.00","13,232.00"
,Siena Total,,67.47%,45,"2,561,076.00","1,228,080.00","1,332,996.00","1,727,960.00","868,200.00","859,760.00","821,012.00","740,446.00","143,812.00"
TOSCANA Total,,,64.41%,450,"36,142,284.00","17,252,292.00","18,889,992.00","23,278,307.00","11,525,326.00","11,752,981.00","11,190,946.00","10,151,575.00","1,616,411.00"
TRENTINO A.ADIGE,Bolzano,Autorizzazione al commercio,54.90%,6,"363,104.00","176,959.00","186,145.00","199,349.00","98,238.00","101,111.00","60,402.00","112,014.00","24,773.00"
,,Concessioni televisive nazionali,55.42%,0,"363,104.00","176,959.00","186,145.00","201,225.00","99,249.00","101,976.00","117,980.00","68,984.00","12,677.00"
,,Contrattazione pubblico impiego,54.81%,3,"363,104.00","176,959.00","186,145.00","199,015.00","98,160.00","100,855.00","78,655.00","92,355.00","25,671.00"
,,Interruzioni pubblicitarie,55.42%,0,"363,104.00","176,959.00","186,145.00","201,231.00","99,245.00","101,986.00","123,147.00","63,764.00","12,741.00"
,,Legge elettorale comuni,55.01%,8,"363,104.00","176,959.00","186,145.00","199,731.00","98,579.00","101,152.00","75,800.00","100,233.00","21,535.00"
,,Orari esercizi commerciali,55.00%,9,"363,104.00","176,959.00","186,145.00","199,695.00","98,498.00","101,197.00","69,558.00","105,638.00","22,102.00"
,,Privatizzazione RAI,55.01%,5,"363,104.00","176,959.00","186,145.00","199,734.00","98,554.00","101,180.00","76,040.00","103,313.00","18,385.00"
,,Raccolta pubblicita' radiotelevisiva,55.37%,0,"363,104.00","176,959.00","186,145.00","201,039.00","99,134.00","101,905.00","114,400.00","69,627.00","15,113.00"
,,Rappresentanze sindacali (richiesta massimale),54.81%,1,"363,104.00","176,959.00","186,145.00","199,023.00","98,191.00","100,832.00","72,965.00","96,427.00","26,994.00"
,,Rappresentanze sindacali (richiesta minimale),54.80%,2,"363,104.00","176,959.00","186,145.00","198,977.00","98,148.00","100,829.00","77,796.00","89,760.00","29,118.00"
,,Soggiorno cautelare,54.95%,4,"363,104.00","176,959.00","186,145.00","199,523.00","98,458.00","101,065.00","132,785.00","45,031.00","19,161.00"
,,Trattenute contributi sindacali,54.93%,7,"363,104.00","176,959.00","186,145.00","199,454.00","98,369.00","101,085.00","93,139.00","78,380.00","25,878.00"
,Bolzano Total,,55.03%,45,"4,357,248.00","2,123,508.00","2,233,740.00","2,397,996.00","1,182,823.00","1,215,173.00","1,092,667.00","1,025,526.00","254,148.00"
,Trento,Autorizzazione al commercio,63.68%,6,"386,214.00","185,904.00","200,310.00","245,946.00","120,418.00","125,528.00","79,757.00","142,501.00","19,762.00"
,,Concessioni televisive nazionali,64.85%,0,"386,214.00","185,904.00","200,310.00","250,473.00","122,922.00","127,551.00","115,285.00","124,885.00","7,634.00"
,,Contrattazione pubblico impiego,63.30%,3,"386,214.00","185,904.00","200,310.00","244,465.00","119,902.00","124,563.00","123,042.00","92,898.00","24,147.00"
,,Interruzioni pubblicitarie,64.87%,0,"386,214.00","185,904.00","200,310.00","250,553.00","122,795.00","127,758.00","121,076.00","119,730.00","7,336.00"
,,Legge elettorale comuni,63.29%,8,"386,214.00","185,904.00","200,310.00","244,445.00","119,275.00","125,170.00","110,873.00","108,134.00","22,687.00"
,,Orari esercizi commerciali,63.72%,9,"386,214.00","185,904.00","200,310.00","246,093.00","120,548.00","125,545.00","90,086.00","135,889.00","17,132.00"
,,Privatizzazione RAI,63.80%,5,"386,214.00","185,904.00","200,310.00","246,422.00","120,856.00","125,566.00","122,839.00","103,438.00","16,765.00"
,,Raccolta pubblicita' radiotelevisiva,64.77%,0,"386,214.00","185,904.00","200,310.00","250,156.00","122,786.00","127,370.00","117,605.00","121,264.00","8,755.00"
,,Rappresentanze sindacali (richiesta massimale),63.33%,1,"386,214.00","185,904.00","200,310.00","244,591.00","119,956.00","124,635.00","105,447.00","114,306.00","20,599.00"
,,Rappresentanze sindacali (richiesta minimale),63.26%,2,"386,214.00","185,904.00","200,310.00","244,309.00","119,737.00","124,572.00","118,184.00","98,854.00","23,201.00"
,,Soggiorno cautelare,63.81%,4,"386,214.00","185,904.00","200,310.00","246,429.00","120,929.00","125,500.00","168,485.00","57,088.00","17,089.00"
,,Trattenute contributi sindacali,63.62%,7,"386,214.00","185,904.00","200,310.00","245,719.00","120,459.00","125,260.00","126,702.00","96,172.00","19,430.00"
,Trento Total,,63.86%,45,"4,634,568.00","2,230,848.00","2,403,720.00","2,959,601.00","1,450,583.00","1,509,018.00","1,399,381.00","1,315,159.00","204,537.00"
TRENTINO A.ADIGE Total,,,59.58%,90,"8,991,816.00","4,354,356.00","4,637,460.00","5,357,597.00","2,633,406.00","2,724,191.00","2,492,048.00","2,340,685.00","458,685.00"
UMBRIA,Perugia,Autorizzazione al commercio,61.93%,6,"508,578.00","244,811.00","263,767.00","314,939.00","159,011.00","155,928.00","88,712.00","192,641.00","27,546.00"
,,Concessioni televisive nazionali,62.87%,0,"508,578.00","244,811.00","263,767.00","319,755.00","161,606.00","158,149.00","149,232.00","157,693.00","8,814.00"
,,Contrattazione pubblico impiego,61.85%,3,"508,578.00","244,811.00","263,767.00","314,556.00","158,928.00","155,628.00","188,566.00","89,114.00","30,385.00"
,,Interruzioni pubblicitarie,62.87%,0,"508,578.00","244,811.00","263,767.00","319,744.00","161,591.00","158,153.00","152,329.00","155,517.00","8,531.00"
,,Legge elettorale comuni,62.03%,8,"508,578.00","244,811.00","263,767.00","315,470.00","159,420.00","156,050.00","124,495.00","156,268.00","28,525.00"
,,Orari esercizi commerciali,62.24%,9,"508,578.00","244,811.00","263,767.00","316,556.00","160,603.00","155,953.00","93,892.00","193,023.00","23,104.00"
,,Privatizzazione RAI,62.02%,5,"508,578.00","244,811.00","263,767.00","315,420.00","159,396.00","156,024.00","158,072.00","128,104.00","23,892.00"
,,Raccolta pubblicita' radiotelevisiva,62.72%,0,"508,578.00","244,811.00","263,767.00","318,958.00","161,199.00","157,759.00","150,513.00","156,058.00","9,203.00"
,,Rappresentanze sindacali (richiesta massimale),61.90%,1,"508,578.00","244,811.00","263,767.00","314,808.00","159,006.00","155,802.00","129,114.00","152,216.00","26,938.00"
,,Rappresentanze sindacali (richiesta minimale),61.84%,2,"508,578.00","244,811.00","263,767.00","314,513.00","158,930.00","155,583.00","183,490.00","95,172.00","29,460.00"
,,Soggiorno cautelare,61.84%,4,"508,578.00","244,811.00","263,767.00","314,481.00","158,919.00","155,562.00","160,892.00","97,593.00","48,539.00"
,,Trattenute contributi sindacali,61.97%,7,"508,578.00","244,811.00","263,767.00","315,144.00","159,228.00","155,916.00","142,838.00","140,788.00","25,927.00"
,Perugia Total,,62.17%,45,"6,102,936.00","2,937,732.00","3,165,204.00","3,794,344.00","1,917,837.00","1,876,507.00","1,722,145.00","1,714,187.00","290,864.00"
,Terni,Autorizzazione al commercio,62.74%,6,"192,459.00","92,057.00","100,402.00","120,744.00","60,655.00","60,089.00","32,471.00","74,053.00","11,580.00"
,,Concessioni televisive nazionali,64.01%,0,"192,459.00","92,057.00","100,402.00","123,194.00","61,950.00","61,244.00","56,019.00","62,599.00","3,054.00"
,,Contrattazione pubblico impiego,62.67%,3,"192,459.00","92,057.00","100,402.00","120,615.00","60,629.00","59,986.00","70,873.00","34,974.00","12,129.00"
,,Interruzioni pubblicitarie,64.01%,0,"192,459.00","92,057.00","100,402.00","123,196.00","61,949.00","61,247.00","56,673.00","62,050.00","2,932.00"
,,Legge elettorale comuni,62.87%,8,"192,459.00","92,057.00","100,402.00","120,994.00","60,838.00","60,156.00","48,042.00","58,826.00","11,450.00"
,,Orari esercizi commerciali,62.82%,9,"192,459.00","92,057.00","100,402.00","120,909.00","59,576.00","61,333.00","35,012.00","73,782.00","9,777.00"
,,Privatizzazione RAI,62.94%,5,"192,459.00","92,057.00","100,402.00","121,134.00","60,904.00","60,230.00","56,358.00","52,808.00","9,572.00"
,,Raccolta pubblicita' radiotelevisiva,63.98%,0,"192,459.00","92,057.00","100,402.00","123,138.00","61,938.00","61,200.00","56,365.00","61,743.00","3,260.00"
,,Rappresentanze sindacali (richiesta massimale),62.75%,1,"192,459.00","92,057.00","100,402.00","120,774.00","60,734.00","60,040.00","51,398.00","56,061.00","10,531.00"
,,Rappresentanze sindacali (richiesta minimale),62.74%,2,"192,459.00","92,057.00","100,402.00","120,742.00","60,760.00","59,982.00","67,784.00","38,338.00","11,595.00"
,,Soggiorno cautelare,62.63%,4,"192,459.00","92,057.00","100,402.00","120,538.00","60,545.00","59,993.00","59,466.00","40,478.00","17,374.00"
,,Trattenute contributi sindacali,62.93%,7,"192,459.00","92,057.00","100,402.00","121,116.00","60,942.00","60,174.00","55,991.00","52,524.00","9,993.00"
,Terni Total,,63.09%,45,"2,309,508.00","1,104,684.00","1,204,824.00","1,457,094.00","731,420.00","725,674.00","646,452.00","668,236.00","113,247.00"
UMBRIA Total,,,62.42%,90,"8,412,444.00","4,042,416.00","4,370,028.00","5,251,438.00","2,649,257.00","2,602,181.00","2,368,597.00","2,382,423.00","404,111.00"
VALLE D'AOSTA,Aosta,Autorizzazione al commercio,55.25%,6,"100,974.00","49,606.00","51,368.00","55,790.00","28,214.00","27,576.00","20,774.00","27,230.00","6,736.00"
,,Concessioni televisive nazionali,56.38%,0,"100,974.00","49,606.00","51,368.00","56,929.00","28,848.00","28,081.00","22,732.00","30,836.00","2,666.00"
,,Contrattazione pubblico impiego,55.09%,3,"100,974.00","49,606.00","51,368.00","55,630.00","28,177.00","27,453.00","27,082.00","19,313.00","7,944.00"
,,Interruzioni pubblicitarie,56.37%,0,"100,974.00","49,606.00","51,368.00","56,919.00","28,846.00","28,073.00","24,001.00","29,719.00","2,563.00"
,,Legge elettorale comuni,55.21%,8,"100,974.00","49,606.00","51,368.00","55,750.00","28,275.00","27,475.00","23,995.00","22,254.00","8,304.00"
,,Orari esercizi commerciali,55.38%,9,"100,974.00","49,606.00","51,368.00","55,915.00","28,313.00","27,602.00","24,705.00","24,399.00","5,862.00"
,,Privatizzazione RAI,55.51%,5,"100,974.00","49,606.00","51,368.00","56,053.00","28,391.00","27,662.00","29,645.00","19,308.00","6,055.00"
,,Raccolta pubblicita' radiotelevisiva,56.31%,0,"100,974.00","49,606.00","51,368.00","56,861.00","28,819.00","28,042.00","23,094.00","30,085.00","3,028.00"
,,Rappresentanze sindacali (richiesta massimale),55.23%,1,"100,974.00","49,606.00","51,368.00","55,767.00","28,221.00","27,546.00","24,470.00","22,971.00","6,945.00"
,,Rappresentanze sindacali (richiesta minimale),55.13%,2,"100,974.00","49,606.00","51,368.00","55,672.00","28,201.00","27,471.00","26,375.00","20,340.00","7,742.00"
,,Soggiorno cautelare,55.47%,4,"100,974.00","49,606.00","51,368.00","56,006.00","28,357.00","27,649.00","35,430.00","13,481.00","5,970.00"
,,Trattenute contributi sindacali,55.41%,7,"100,974.00","49,606.00","51,368.00","55,950.00","28,347.00","27,603.00","28,510.00","19,826.00","6,550.00"
,Aosta Total,,55.56%,45,"1,211,688.00","595,272.00","616,416.00","673,242.00","341,009.00","332,233.00","310,813.00","279,762.00","70,365.00"
VALLE D'AOSTA Total,,,55.56%,45,"1,211,688.00","595,272.00","616,416.00","673,242.00","341,009.00","332,233.00","310,813.00","279,762.00","70,365.00"
VENETO,Belluno,Autorizzazione al commercio,50.31%,6,"196,692.00","93,488.00","103,204.00","98,953.00","48,790.00","50,163.00","29,323.00","61,802.00","6,492.00"
,,Concessioni televisive nazionali,50.98%,0,"196,692.00","93,488.00","103,204.00","100,270.00","49,592.00","50,678.00","42,856.00","54,024.00","2,461.00"
,,Contrattazione pubblico impiego,50.05%,3,"196,692.00","93,488.00","103,204.00","98,441.00","48,590.00","49,851.00","50,842.00","37,641.00","8,434.00"
,,Interruzioni pubblicitarie,50.93%,0,"196,692.00","93,488.00","103,204.00","100,179.00","49,480.00","50,699.00","44,773.00","52,312.00","2,382.00"
,,Legge elettorale comuni,50.27%,8,"196,692.00","93,488.00","103,204.00","98,881.00","48,770.00","50,111.00","46,765.00","43,327.00","7,580.00"
,,Orari esercizi commerciali,50.35%,9,"196,692.00","93,488.00","103,204.00","99,036.00","48,777.00","50,259.00","31,754.00","60,770.00","5,454.00"
,,Privatizzazione RAI,50.39%,5,"196,692.00","93,488.00","103,204.00","99,112.00","48,935.00","50,177.00","48,065.00","44,031.00","5,774.00"
,,Raccolta pubblicita' radiotelevisiva,50.86%,0,"196,692.00","93,488.00","103,204.00","100,030.00","49,391.00","50,639.00","43,742.00","52,681.00","2,776.00"
,,Rappresentanze sindacali (richiesta massimale),50.07%,1,"196,692.00","93,488.00","103,204.00","98,482.00","48,608.00","49,874.00","45,774.00","43,917.00","7,252.00"
,,Rappresentanze sindacali (richiesta minimale),50.04%,2,"196,692.00","93,488.00","103,204.00","98,427.00","48,584.00","49,843.00","48,466.00","40,277.00","8,186.00"
,,Soggiorno cautelare,50.48%,4,"196,692.00","93,488.00","103,204.00","99,282.00","49,014.00","50,268.00","74,255.00","18,339.00","5,440.00"
,,Trattenute contributi sindacali,50.49%,7,"196,692.00","93,488.00","103,204.00","99,307.00","48,979.00","50,328.00","57,758.00","33,351.00","6,609.00"
,Belluno Total,,50.43%,45,"2,360,304.00","1,121,856.00","1,238,448.00","1,190,400.00","587,510.00","602,890.00","564,373.00","542,472.00","68,840.00"
,Padova,Autorizzazione al commercio,70.52%,6,"704,050.00","338,663.00","365,387.00","496,475.00","243,123.00","253,352.00","160,126.00","294,152.00","34,979.00"
,,Concessioni televisive nazionali,71.27%,0,"704,050.00","338,663.00","365,387.00","501,782.00","245,969.00","255,813.00","218,913.00","264,096.00","13,766.00"
,,Contrattazione pubblico impiego,70.32%,3,"704,050.00","338,663.00","365,387.00","495,119.00","242,550.00","252,569.00","276,217.00","171,345.00","39,862.00"
,,Interruzioni pubblicitarie,71.27%,0,"704,050.00","338,663.00","365,387.00","501,788.00","245,949.00","255,839.00","229,394.00","254,772.00","13,330.00"
,,Legge elettorale comuni,70.72%,8,"704,050.00","338,663.00","365,387.00","497,930.00","244,002.00","253,928.00","233,729.00","221,888.00","35,492.00"
,,Orari esercizi commerciali,70.60%,9,"704,050.00","338,663.00","365,387.00","497,035.00","243,408.00","253,627.00","169,854.00","291,128.00","29,800.00"
,,Privatizzazione RAI,70.71%,5,"704,050.00","338,663.00","365,387.00","497,821.00","243,983.00","253,838.00","269,421.00","193,190.00","28,971.00"
,,Raccolta pubblicita' radiotelevisiva,71.23%,0,"704,050.00","338,663.00","365,387.00","501,528.00","245,884.00","255,644.00","224,334.00","257,380.00","14,851.00"
,,Rappresentanze sindacali (richiesta massimale),70.36%,1,"704,050.00","338,663.00","365,387.00","495,357.00","242,701.00","252,656.00","228,566.00","225,805.00","33,371.00"
,,Rappresentanze sindacali (richiesta minimale),70.31%,2,"704,050.00","338,663.00","365,387.00","495,000.00","242,542.00","252,458.00","265,202.00","184,991.00","7,468.00"
,,Soggiorno cautelare,70.61%,4,"704,050.00","338,663.00","365,387.00","497,119.00","243,590.00","253,529.00","347,622.00","108,599.00","7,166.00"
,,Trattenute contributi sindacali,70.57%,7,"704,050.00","338,663.00","365,387.00","496,877.00","243,472.00","253,405.00","270,902.00","187,008.00","32,503.00"
,Padova Total,,70.71%,45,"8,448,600.00","4,063,956.00","4,384,644.00","5,973,831.00","2,927,173.00","3,046,658.00","2,894,280.00","2,654,354.00","291,559.00"
,Rovigo,Autorizzazione al commercio,68.80%,6,"210,258.00","100,721.00","109,537.00","144,660.00","71,519.00","73,141.00","44,288.00","82,990.00","15,130.00"
,,Concessioni televisive nazionali,69.43%,0,"210,258.00","100,721.00","109,537.00","145,977.00","72,220.00","73,757.00","60,416.00","77,616.00","6,360.00"
,,Contrattazione pubblico impiego,68.69%,3,"210,258.00","100,721.00","109,537.00","144,435.00","71,421.00","73,014.00","78,461.00","47,641.00","16,238.00"
,,Interruzioni pubblicitarie,69.42%,0,"210,258.00","100,721.00","109,537.00","145,957.00","72,201.00","73,756.00","62,902.00","75,516.00","6,142.00"
,,Legge elettorale comuni,68.85%,8,"210,258.00","100,721.00","109,537.00","144,764.00","71,541.00","73,223.00","63,480.00","63,026.00","16,162.00"
,,Orari esercizi commerciali,68.88%,9,"210,258.00","100,721.00","109,537.00","144,816.00","71,580.00","73,236.00","46,789.00","82,516.00","13,584.00"
,,Privatizzazione RAI,68.89%,5,"210,258.00","100,721.00","109,537.00","144,841.00","71,628.00","73,213.00","71,934.00","57,663.00","13,355.00"
,,Raccolta pubblicita' radiotelevisiva,69.39%,0,"210,258.00","100,721.00","109,537.00","145,906.00","72,183.00","73,723.00","61,297.00","76,548.00","6,551.00"
,,Rappresentanze sindacali (richiesta massimale),68.73%,1,"210,258.00","100,721.00","109,537.00","144,507.00","71,467.00","73,040.00","61,878.00","66,702.00","13,476.00"
,,Rappresentanze sindacali (richiesta minimale),68.70%,2,"210,258.00","100,721.00","109,537.00","144,451.00","71,413.00","73,038.00","74,667.00","52,312.00","15,158.00"
,,Soggiorno cautelare,68.89%,4,"210,258.00","100,721.00","109,537.00","144,857.00","71,631.00","73,226.00","91,850.00","34,427.00","16,358.00"
,,Trattenute contributi sindacali,68.86%,7,"210,258.00","100,721.00","109,537.00","144,779.00","71,599.00","73,180.00","70,304.00","58,417.00","14,114.00"
,Rovigo Total,,68.96%,45,"2,523,096.00","1,208,652.00","1,314,444.00","1,739,950.00","860,403.00","879,547.00","788,266.00","775,374.00","152,628.00"
,Treviso,Autorizzazione al commercio,66.21%,6,"642,118.00","310,091.00","332,027.00","425,164.00","209,061.00","216,103.00","139,900.00","251,668.00","28,039.00"
,,Concessioni televisive nazionali,66.88%,0,"642,118.00","310,091.00","332,027.00","429,445.00","211,401.00","218,044.00","192,164.00","223,478.00","10,102.00"
,,Contrattazione pubblico impiego,66.04%,3,"642,118.00","310,091.00","332,027.00","424,075.00","208,532.00","215,543.00","225,902.00","158,640.00","33,772.00"
,,Interruzioni pubblicitarie,66.82%,0,"642,118.00","310,091.00","332,027.00","429,085.00","211,174.00","217,911.00","201,013.00","215,373.00","9,949.00"
,,Legge elettorale comuni,66.35%,8,"642,118.00","310,091.00","332,027.00","426,070.00","209,631.00","216,439.00","204,793.00","186,315.00","29,332.00"
,,Orari esercizi commerciali,66.28%,9,"642,118.00","310,091.00","332,027.00","425,591.00","209,276.00","216,315.00","144,898.00","252,235.00","23,583.00"
,,Privatizzazione RAI,66.36%,5,"642,118.00","310,091.00","332,027.00","426,086.00","209,659.00","216,427.00","243,563.00","153,824.00","23,776.00"
,,Raccolta pubblicita' radiotelevisiva,66.79%,0,"642,118.00","310,091.00","332,027.00","428,840.00","211,085.00","217,755.00","196,010.00","217,579.00","11,851.00"
,,Rappresentanze sindacali (richiesta massimale),66.05%,1,"642,118.00","310,091.00","332,027.00","424,129.00","208,632.00","215,497.00","200,641.00","189,183.00","28,549.00"
,,Rappresentanze sindacali (richiesta minimale),65.99%,2,"642,118.00","310,091.00","332,027.00","423,735.00","208,350.00","215,385.00","215,549.00","170,895.00","31,951.00"
,,Soggiorno cautelare,66.37%,4,"642,118.00","310,091.00","332,027.00","426,146.00","209,700.00","216,446.00","311,808.00","84,040.00","25,370.00"
,,Trattenute contributi sindacali,66.26%,7,"642,118.00","310,091.00","332,027.00","425,480.00","209,337.00","216,143.00","238,166.00","155,423.00","26,436.00"
,Treviso Total,,66.37%,45,"7,705,416.00","3,721,092.00","3,984,324.00","5,113,846.00","2,515,838.00","2,598,008.00","2,514,407.00","2,258,653.00","282,710.00"
,Venezia,Autorizzazione al commercio,67.29%,6,"700,428.00","336,744.00","363,684.00","471,303.00","232,354.00","238,949.00","159,072.00","270,382.00","33,415.00"
,,Concessioni televisive nazionali,68.22%,0,"700,428.00","336,744.00","363,684.00","477,864.00","235,876.00","241,988.00","214,032.00","248,656.00","10,589.00"
,,Contrattazione pubblico impiego,67.11%,3,"700,428.00","336,744.00","363,684.00","470,027.00","231,978.00","238,049.00","279,334.00","145,957.00","36,386.00"
,,Interruzioni pubblicitarie,68.21%,0,"700,428.00","336,744.00","363,684.00","477,744.00","235,828.00","241,916.00","217,766.00","235,268.00","10,315.00"
,,Legge elettorale comuni,67.50%,8,"700,428.00","336,744.00","363,684.00","472,760.00","233,314.00","239,446.00","220,879.00","211,803.00","32,998.00"
,,Orari esercizi commerciali,67.49%,9,"700,428.00","336,744.00","363,684.00","472,699.00","232,627.00","240,072.00","169,356.00","267,879.00","28,299.00"
,,Privatizzazione RAI,67.52%,5,"700,428.00","336,744.00","363,684.00","472,961.00","233,354.00","239,607.00","256,068.00","183,089.00","26,818.00"
,,Raccolta pubblicita' radiotelevisiva,66.62%,0,"700,428.00","336,744.00","363,684.00","466,658.00","230,323.00","236,335.00","218,741.00","243,130.00","11,293.00"
,,Rappresentanze sindacali (richiesta massimale),68.85%,1,"700,428.00","336,744.00","363,684.00","482,238.00","237,956.00","244,282.00","223,762.00","207,424.00","31,206.00"
,,Rappresentanze sindacali (richiesta minimale),67.14%,2,"700,428.00","336,744.00","363,684.00","470,257.00","232,103.00","238,154.00","266,591.00","160,341.00","35,870.00"
,,Soggiorno cautelare,67.41%,4,"700,428.00","336,744.00","363,684.00","472,175.00","233,046.00","239,129.00","321,140.00","109,136.00","33,950.00"
,,Trattenute contributi sindacali,67.33%,7,"700,428.00","336,744.00","363,684.00","471,605.00","232,851.00","238,754.00","252,831.00","181,895.00","30,161.00"
,Venezia Total,,67.56%,45,"8,405,136.00","4,040,928.00","4,364,208.00","5,678,291.00","2,801,610.00","2,876,681.00","2,799,572.00","2,464,960.00","321,300.00"
,Verona,Autorizzazione al commercio,68.96%,6,"653,564.00","314,310.00","339,254.00","450,683.00","221,076.00","229,607.00","151,248.00","257,374.00","35,956.00"
,,Concessioni televisive nazionali,69.94%,0,"653,564.00","314,310.00","339,254.00","457,095.00","224,173.00","232,922.00","191,925.00","247,734.00","13,207.00"
,,Contrattazione pubblico impiego,68.67%,3,"653,564.00","314,310.00","339,254.00","448,772.00","220,263.00","228,509.00","248,694.00","151,918.00","31,687.00"
,,Interruzioni pubblicitarie,69.92%,0,"653,564.00","314,310.00","339,254.00","456,996.00","224,133.00","232,863.00","202,571.00","238,260.00","12,774.00"
,,Legge elettorale comuni,69.00%,8,"653,564.00","314,310.00","339,254.00","450,991.00","221,406.00","229,585.00","222,894.00","183,941.00","38,066.00"
,,Orari esercizi commerciali,69.04%,9,"653,564.00","314,310.00","339,254.00","451,210.00","221,308.00","229,902.00","163,942.00","251,621.00","30,529.00"
,,Privatizzazione RAI,66.71%,5,"653,564.00","314,310.00","339,254.00","435,993.00","214,243.00","221,750.00","238,927.00","176,493.00","30,799.00"
,,Raccolta pubblicita' radiotelevisiva,69.90%,0,"653,564.00","314,310.00","339,254.00","456,869.00","223,954.00","232,915.00","196,137.00","242,201.00","14,592.00"
,,Rappresentanze sindacali (richiesta massimale),68.70%,1,"653,564.00","314,310.00","339,254.00","448,985.00","220,273.00","228,712.00","217,690.00","188,983.00","23,926.00"
,,Rappresentanze sindacali (richiesta minimale),68.68%,2,"653,564.00","314,310.00","339,254.00","448,900.00","220,245.00","228,655.00","238,684.00","163,843.00","39,852.00"
,,Soggiorno cautelare,69.12%,4,"653,564.00","314,310.00","339,254.00","451,736.00","221,774.00","229,962.00","325,884.00","88,369.00","31,828.00"
,,Trattenute contributi sindacali,68.96%,7,"653,564.00","314,310.00","339,254.00","450,699.00","221,147.00","229,552.00","252,836.00","157,697.00","34,781.00"
,Verona Total,,68.97%,45,"7,842,768.00","3,771,720.00","4,071,048.00","5,408,929.00","2,653,995.00","2,754,934.00","2,651,432.00","2,348,434.00","337,997.00"
,Vicenza,Autorizzazione al commercio,67.13%,6,"638,287.00","308,453.00","329,834.00","428,461.00","209,068.00","219,393.00","129,998.00","263,846.00","29,124.00"
,,Concessioni televisive nazionali,67.76%,0,"638,287.00","308,453.00","329,834.00","432,498.00","211,390.00","221,108.00","196,396.00","221,754.00","11,038.00"
,,Contrattazione pubblico impiego,66.53%,3,"638,287.00","308,453.00","329,834.00","424,664.00","208,304.00","216,360.00","217,302.00","168,395.00","35,136.00"
,,Interruzioni pubblicitarie,67.83%,0,"638,287.00","308,453.00","329,834.00","432,944.00","211,582.00","221,362.00","205,746.00","213,306.00","10,651.00"
,,Legge elettorale comuni,68.99%,8,"638,287.00","308,453.00","329,834.00","440,335.00","215,105.00","225,230.00","198,409.00","193,433.00","31,503.00"
,,Orari esercizi commerciali,67.20%,9,"638,287.00","308,453.00","329,834.00","428,900.00","209,325.00","219,575.00","138,853.00","260,999.00","23,950.00"
,,Privatizzazione RAI,67.24%,5,"638,287.00","308,453.00","329,834.00","429,172.00","209,657.00","219,515.00","211,254.00","145,665.00","24,763.00"
,,Raccolta pubblicita' radiotelevisiva,67.80%,0,"638,287.00","308,453.00","329,834.00","432,773.00","216,856.00","215,917.00","200,208.00","216,415.00","12,438.00"
,,Rappresentanze sindacali (richiesta massimale),66.87%,1,"638,287.00","308,453.00","329,834.00","426,831.00","208,432.00","218,399.00","185,382.00","194,926.00","29,846.00"
,,Rappresentanze sindacali (richiesta minimale),66.89%,2,"638,287.00","308,453.00","329,834.00","426,928.00","208,409.00","218,519.00","209,251.00","178,224.00","33,680.00"
,,Soggiorno cautelare,67.22%,4,"638,287.00","308,453.00","329,834.00","429,066.00","209,548.00","219,518.00","312,270.00","85,573.00","26,045.00"
,,Trattenute contributi sindacali,67.08%,7,"638,287.00","308,453.00","329,834.00","428,188.00","209,105.00","219,083.00","225,761.00","168,789.00","28,981.00"
,Vicenza Total,,67.38%,45,"7,659,444.00","3,701,436.00","3,958,008.00","5,160,760.00","2,526,781.00","2,633,979.00","2,430,830.00","2,311,325.00","297,155.00"
VENETO Total,,,67.34%,315,"44,944,764.00","21,629,640.00","23,315,124.00","30,266,007.00","14,873,310.00","15,392,697.00","14,643,160.00","13,355,572.00","1,752,189.00"
Grand Total,,,57.49%,4635,"581,505,048.00","280,089,936.00","301,415,112.00","334,309,319.00","166,210,100.00","168,099,219.00","151,685,927.00","150,427,031.00","25,251,181.00"