REGIONE,PROVINCIA,QUESITO,Campo calcolato 1,SUM of NUM_REFERENDUM,SUM of ELETTORI,SUM of ELETTORI_M,SUM of ELETTORI_F,SUM of VOTANTI,SUM of VOTANTI_M,SUM of VOTANTI_F,SUM of VOTI_SI,SUM of VOTI_NO,SUM of SCHEDE_BIANCHE
 Total,,,#DIV/0!,0,0.00,0.00,0.00,0.00,0.00,0.00,0.00,0.00,0.00
ABRUZZO,CHIETI,Caccia,31.20%,3,"363,737.00","177,339.00","186,398.00","113,498.00","58,443.00","55,055.00","81,155.00","18,712.00","8,831.00"
,,Carriere dei magistrati,31.16%,4,"363,737.00","177,339.00","186,398.00","113,345.00","58,429.00","54,916.00","77,192.00","17,171.00","13,203.00"
,,Incarichi extragiudiziari dei magistrati,31.19%,6,"363,737.00","177,339.00","186,398.00","113,435.00","58,480.00","54,955.00","80,030.00","15,334.00","12,182.00"
,,Ministero per le politiche agricole,31.05%,7,"363,737.00","177,339.00","186,398.00","112,946.00","58,200.00","54,746.00","59,325.00","35,638.00","12,293.00"
,,Obiezione di coscienza,31.22%,2,"363,737.00","177,339.00","186,398.00","113,567.00","58,521.00","55,046.00","68,189.00","28,756.00","11,393.00"
,,Ordine dei giornalisti,31.11%,5,"363,737.00","177,339.00","186,398.00","113,176.00","58,320.00","54,856.00","61,441.00","31,491.00","13,858.00"
,,Privatizzazione,31.03%,1,"363,737.00","177,339.00","186,398.00","112,871.00","58,158.00","54,713.00","67,672.00","25,567.00","13,672.00"
,CHIETI Total,,31.14%,28,"2,546,159.00","1,241,373.00","1,304,786.00","792,838.00","408,551.00","384,287.00","495,004.00","172,669.00","85,432.00"
,L'AQUILA,Caccia,28.71%,3,"282,212.00","137,070.00","145,142.00","81,011.00","41,544.00","39,467.00","54,873.00","12,697.00","5,596.00"
,,Carriere dei magistrati,28.70%,4,"282,212.00","137,070.00","145,142.00","81,006.00","41,581.00","39,425.00","57,770.00","11,528.00","8,535.00"
,,Incarichi extragiudiziari dei magistrati,28.74%,6,"282,212.00","137,070.00","145,142.00","81,110.00","41,634.00","39,476.00","59,636.00","10,350.00","8,009.00"
,,Ministero per le politiche agricole,28.58%,7,"282,212.00","137,070.00","145,142.00","80,669.00","41,366.00","39,303.00","43,424.00","25,733.00","8,343.00"
,,Obiezione di coscienza,28.75%,2,"282,212.00","137,070.00","145,142.00","81,146.00","41,645.00","39,501.00","50,382.00","20,710.00","7,199.00"
,,Ordine dei giornalisti,28.61%,5,"282,212.00","137,070.00","145,142.00","80,738.00","41,421.00","39,317.00","45,988.00","22,139.00","9,383.00"
,,Privatizzazione,28.65%,1,"282,212.00","137,070.00","145,142.00","80,853.00","41,493.00","39,360.00","50,131.00","18,512.00","8,917.00"
,L'AQUILA Total,,28.68%,28,"1,975,484.00","959,490.00","1,015,994.00","566,533.00","290,684.00","275,849.00","362,204.00","121,669.00","55,982.00"
,PESCARA,Caccia,30.73%,3,"270,925.00","131,437.00","139,488.00","83,246.00","42,479.00","40,767.00","62,427.00","12,867.00","4,975.00"
,,Carriere dei magistrati,30.73%,4,"270,925.00","131,437.00","139,488.00","83,268.00","42,540.00","40,728.00","60,288.00","11,507.00","7,799.00"
,,Incarichi extragiudiziari dei magistrati,30.77%,6,"270,925.00","131,437.00","139,488.00","83,351.00","42,580.00","40,771.00","62,619.00","10,036.00","7,147.00"
,,Ministero per le politiche agricole,30.62%,7,"270,925.00","131,437.00","139,488.00","82,959.00","42,335.00","40,624.00","46,901.00","24,438.00","7,972.00"
,,Obiezione di coscienza,30.79%,2,"270,925.00","131,437.00","139,488.00","83,415.00","42,595.00","40,820.00","52,876.00","20,879.00","6,331.00"
,,Ordine dei giornalisti,30.66%,5,"270,925.00","131,437.00","139,488.00","83,079.00","42,430.00","40,649.00","47,263.00","23,622.00","8,284.00"
,,Privatizzazione,30.70%,1,"270,925.00","131,437.00","139,488.00","83,181.00","42,478.00","40,703.00","52,880.00","18,218.00","8,169.00"
,PESCARA Total,,30.71%,28,"1,896,475.00","920,059.00","976,416.00","582,499.00","297,437.00","285,062.00","385,254.00","121,567.00","50,677.00"
,TERAMO,Caccia,31.39%,3,"252,346.00","123,889.00","128,457.00","79,207.00","40,868.00","38,339.00","56,486.00","13,011.00","6,548.00"
,,Carriere dei magistrati,31.38%,4,"252,346.00","123,889.00","128,457.00","79,194.00","40,884.00","38,310.00","53,940.00","11,581.00","9,831.00"
,,Incarichi extragiudiziari dei magistrati,31.39%,6,"252,346.00","123,889.00","128,457.00","79,200.00","40,913.00","38,287.00","55,860.00","10,250.00","9,375.00"
,,Ministero per le politiche agricole,31.32%,7,"252,346.00","123,889.00","128,457.00","79,040.00","40,779.00","38,261.00","43,155.00","22,290.00","9,802.00"
,,Obiezione di coscienza,31.42%,2,"252,346.00","123,889.00","128,457.00","79,295.00","40,926.00","38,369.00","49,389.00","18,220.00","8,131.00"
,,Ordine dei giornalisti,31.35%,5,"252,346.00","123,889.00","128,457.00","79,118.00","40,802.00","38,316.00","44,008.00","20,681.00","10,481.00"
,,Privatizzazione,31.37%,1,"252,346.00","123,889.00","128,457.00","79,153.00","40,854.00","38,299.00","48,530.00","16,517.00","9,673.00"
,TERAMO Total,,31.37%,28,"1,766,422.00","867,223.00","899,199.00","554,207.00","286,026.00","268,181.00","351,368.00","112,550.00","63,841.00"
ABRUZZO Total,,,30.50%,112,"8,184,540.00","3,988,145.00","4,196,395.00","2,496,077.00","1,282,698.00","1,213,379.00","1,593,830.00","528,455.00","255,932.00"
BASILICATA,MATERA,Caccia,26.30%,3,"170,617.00","83,718.00","86,899.00","44,873.00","23,647.00","21,226.00","32,746.00","6,255.00","3,214.00"
,,Carriere dei magistrati,26.19%,4,"170,617.00","83,718.00","86,899.00","44,688.00","23,514.00","21,174.00","29,666.00","6,736.00","5,045.00"
,,Incarichi extragiudiziari dei magistrati,26.22%,6,"170,617.00","83,718.00","86,899.00","44,731.00","23,543.00","21,188.00","30,884.00","5,858.00","4,847.00"
,,Ministero per le politiche agricole,25.35%,7,"170,617.00","83,718.00","86,899.00","43,250.00","22,746.00","20,504.00","22,640.00","14,050.00","4,783.00"
,,Obiezione di coscienza,26.24%,2,"170,617.00","83,718.00","86,899.00","44,771.00","23,560.00","21,211.00","27,419.00","10,082.00","4,416.00"
,,Ordine dei giornalisti,26.13%,5,"170,617.00","83,718.00","86,899.00","44,589.00","23,441.00","21,148.00","23,633.00","12,169.00","5,493.00"
,,Privatizzazione,26.19%,1,"170,617.00","83,718.00","86,899.00","44,685.00","23,496.00","21,189.00","26,009.00","10,040.00","5,355.00"
,MATERA Total,,26.09%,28,"1,194,319.00","586,026.00","608,293.00","311,587.00","163,947.00","147,640.00","192,997.00","65,190.00","33,153.00"
,POTENZA,Caccia,23.32%,3,"356,342.00","175,509.00","180,833.00","83,112.00","44,267.00","38,845.00","56,968.00","13,707.00","8,189.00"
,,Carriere dei magistrati,23.30%,4,"356,342.00","175,509.00","180,833.00","83,026.00","44,251.00","38,775.00","53,020.00","13,128.00","12,088.00"
,,Incarichi extragiudiziari dei magistrati,23.33%,6,"356,342.00","175,509.00","180,833.00","83,125.00","44,310.00","38,815.00","54,961.00","11,887.00","11,501.00"
,,Ministero per le politiche agricole,23.25%,7,"356,342.00","175,509.00","180,833.00","82,844.00","44,119.00","38,725.00","40,586.00","25,882.00","11,369.00"
,,Obiezione di coscienza,23.34%,2,"356,342.00","175,509.00","180,833.00","83,181.00","44,321.00","38,860.00","48,629.00","19,459.00","10,630.00"
,,Ordine dei giornalisti,23.26%,5,"356,342.00","175,509.00","180,833.00","82,893.00","44,138.00","38,755.00","42,829.00","22,448.00","12,656.00"
,,Privatizzazione,23.27%,1,"356,342.00","175,509.00","180,833.00","82,911.00","44,168.00","38,743.00","45,883.00","19,828.00","12,002.00"
,POTENZA Total,,23.30%,28,"2,494,394.00","1,228,563.00","1,265,831.00","581,092.00","309,574.00","271,518.00","342,876.00","126,339.00","78,435.00"
BASILICATA Total,,,24.20%,56,"3,688,713.00","1,814,589.00","1,874,124.00","892,679.00","473,521.00","419,158.00","535,873.00","191,529.00","111,588.00"
CALABRIA,CATANZARO,Caccia,22.09%,3,"332,986.00","162,504.00","170,482.00","73,560.00","39,522.00","34,038.00","51,778.00","11,692.00","6,905.00"
,,Carriere dei magistrati,22.07%,4,"332,986.00","162,504.00","170,482.00","73,494.00","39,499.00","33,995.00","48,664.00","10,870.00","10,026.00"
,,Incarichi extragiudiziari dei magistrati,22.08%,6,"332,986.00","162,504.00","170,482.00","73,526.00","39,525.00","34,001.00","50,487.00","9,610.00","9,636.00"
,,Ministero per le politiche agricole,22.02%,7,"332,986.00","162,504.00","170,482.00","73,310.00","39,373.00","33,937.00","37,700.00","21,593.00","10,086.00"
,,Obiezione di coscienza,22.10%,2,"332,986.00","162,504.00","170,482.00","73,577.00","39,539.00","34,038.00","44,761.00","16,471.00","8,772.00"
,,Ordine dei giornalisti,22.03%,5,"332,986.00","162,504.00","170,482.00","73,348.00","39,389.00","33,959.00","39,813.00","18,998.00","10,504.00"
,,Privatizzazione,22.04%,1,"332,986.00","162,504.00","170,482.00","73,383.00","39,406.00","33,977.00","42,469.00","16,402.00","10,307.00"
,CATANZARO Total,,22.06%,28,"2,330,902.00","1,137,528.00","1,193,374.00","514,198.00","276,253.00","237,945.00","315,672.00","105,636.00","66,236.00"
,COSENZA,Caccia,22.61%,3,"644,882.00","316,872.00","328,010.00","145,777.00","78,020.00","67,757.00","100,360.00","23,021.00","14,949.00"
,,Carriere dei magistrati,22.60%,4,"644,882.00","316,872.00","328,010.00","145,744.00","78,032.00","67,712.00","93,206.00","22,217.00","21,159.00"
,,Incarichi extragiudiziari dei magistrati,22.61%,6,"644,882.00","316,872.00","328,010.00","145,812.00","78,061.00","67,751.00","96,587.00","20,287.00","20,208.00"
,,Ministero per le politiche agricole,22.55%,7,"644,882.00","316,872.00","328,010.00","145,440.00","77,824.00","67,616.00","73,991.00","41,561.00","21,047.00"
,,Obiezione di coscienza,22.63%,2,"644,882.00","316,872.00","328,010.00","145,918.00","78,120.00","67,798.00","87,650.00","31,339.00","18,618.00"
,,Ordine dei giornalisti,22.58%,5,"644,882.00","316,872.00","328,010.00","145,610.00","77,938.00","67,672.00","77,683.00","37,015.00","21,990.00"
,,Privatizzazione,22.58%,1,"644,882.00","316,872.00","328,010.00","145,629.00","77,959.00","67,670.00","82,640.00","32,266.00","21,433.00"
,COSENZA Total,,22.59%,28,"4,514,174.00","2,218,104.00","2,296,070.00","1,019,930.00","545,954.00","473,976.00","612,117.00","207,706.00","139,404.00"
,CROTONE,Caccia,14.89%,3,"146,029.00","72,045.00","73,984.00","21,739.00","12,035.00","9,704.00","14,967.00","3,790.00","2,154.00"
,,Carriere dei magistrati,14.87%,4,"146,029.00","72,045.00","73,984.00","21,708.00","12,023.00","9,685.00","13,951.00","3,614.00","3,157.00"
,,Incarichi extragiudiziari dei magistrati,14.87%,6,"146,029.00","72,045.00","73,984.00","21,721.00","12,024.00","9,697.00","14,412.00","3,283.00","3,043.00"
,,Ministero per le politiche agricole,14.86%,7,"146,029.00","72,045.00","73,984.00","21,704.00","12,014.00","9,690.00","11,084.00","6,538.00","3,070.00"
,,Obiezione di coscienza,14.88%,2,"146,029.00","72,045.00","73,984.00","21,730.00","12,022.00","9,708.00","13,058.00","5,040.00","2,739.00"
,,Ordine dei giornalisti,14.86%,5,"146,029.00","72,045.00","73,984.00","21,700.00","12,011.00","9,689.00","11,452.00","5,952.00","3,287.00"
,,Privatizzazione,14.87%,1,"146,029.00","72,045.00","73,984.00","21,714.00","12,027.00","9,687.00","12,519.00","4,876.00","3,295.00"
,CROTONE Total,,14.87%,28,"1,022,203.00","504,315.00","517,888.00","152,016.00","84,156.00","67,860.00","91,443.00","33,093.00","20,745.00"
,REGGIO CALABRIA,Caccia,17.85%,3,"513,978.00","249,037.00","264,941.00","91,731.00","48,745.00","42,986.00","58,601.00","18,950.00","9,048.00"
,,Carriere dei magistrati,17.88%,4,"513,978.00","249,037.00","264,941.00","91,924.00","48,870.00","43,054.00","58,182.00","15,654.00","12,040.00"
,,Incarichi extragiudiziari dei magistrati,17.90%,6,"513,978.00","249,037.00","264,941.00","92,002.00","48,899.00","43,103.00","60,466.00","14,033.00","11,897.00"
,,Ministero per le politiche agricole,17.76%,7,"513,978.00","249,037.00","264,941.00","91,264.00","48,476.00","42,788.00","43,542.00","30,254.00","12,602.00"
,,Obiezione di coscienza,17.90%,2,"513,978.00","249,037.00","264,941.00","92,023.00","48,914.00","43,109.00","53,036.00","22,631.00","11,046.00"
,,Ordine dei giornalisti,17.85%,5,"513,978.00","249,037.00","264,941.00","91,761.00","48,763.00","42,998.00","45,935.00","27,464.00","13,124.00"
,,Privatizzazione,17.86%,1,"513,978.00","249,037.00","264,941.00","91,802.00","48,795.00","43,007.00","50,046.00","20,676.00","13,010.00"
,REGGIO CALABRIA Total,,17.86%,28,"3,597,846.00","1,743,259.00","1,854,587.00","642,507.00","341,462.00","301,045.00","369,808.00","149,662.00","82,767.00"
,VIBO VALENTIA,Caccia,19.77%,3,"156,953.00","77,332.00","79,621.00","31,035.00","16,623.00","14,412.00","19,447.00","5,714.00","4,088.00"
,,Carriere dei magistrati,19.78%,4,"156,953.00","77,332.00","79,621.00","31,048.00","16,634.00","14,414.00","18,128.00","5,337.00","5,498.00"
,,Incarichi extragiudiziari dei magistrati,19.78%,6,"156,953.00","77,332.00","79,621.00","31,051.00","16,635.00","14,416.00","18,838.00","4,915.00","5,289.00"
,,Ministero per le politiche agricole,19.75%,7,"156,953.00","77,332.00","79,621.00","30,994.00","16,601.00","14,393.00","14,503.00","9,105.00","5,330.00"
,,Obiezione di coscienza,19.79%,2,"156,953.00","77,332.00","79,621.00","31,063.00","16,643.00","14,420.00","16,554.00","7,638.00","4,908.00"
,,Ordine dei giornalisti,19.74%,5,"156,953.00","77,332.00","79,621.00","30,982.00","16,590.00","14,392.00","14,633.00","8,491.00","5,579.00"
,,Privatizzazione,19.76%,1,"156,953.00","77,332.00","79,621.00","31,017.00","16,616.00","14,401.00","15,858.00","7,367.00","5,500.00"
,VIBO VALENTIA Total,,19.77%,28,"1,098,671.00","541,324.00","557,347.00","217,190.00","116,342.00","100,848.00","117,961.00","48,567.00","36,192.00"
CALABRIA Total,,,20.26%,140,"12,563,796.00","6,144,530.00","6,419,266.00","2,545,841.00","1,364,167.00","1,181,674.00","1,507,001.00","544,664.00","345,344.00"
CAMPANIA,AVELLINO,Caccia,20.68%,3,"408,912.00","200,547.00","208,365.00","84,580.00","45,169.00","39,411.00","60,263.00","14,356.00","7,321.00"
,,Carriere dei magistrati,20.68%,4,"408,912.00","200,547.00","208,365.00","84,577.00","45,166.00","39,411.00","57,750.00","13,449.00","10,402.00"
,,Incarichi extragiudiziari dei magistrati,20.70%,6,"408,912.00","200,547.00","208,365.00","84,659.00","45,223.00","39,436.00","59,897.00","11,942.00","9,886.00"
,,Ministero per le politiche agricole,20.65%,7,"408,912.00","200,547.00","208,365.00","84,444.00","45,024.00","39,420.00","43,840.00","26,935.00","10,480.00"
,,Obiezione di coscienza,20.67%,2,"408,912.00","200,547.00","208,365.00","84,540.00","45,106.00","39,434.00","52,211.00","19,835.00","9,204.00"
,,Ordine dei giornalisti,20.65%,5,"408,912.00","200,547.00","208,365.00","84,437.00","45,079.00","39,358.00","46,192.00","23,988.00","11,180.00"
,,Privatizzazione,20.65%,1,"408,912.00","200,547.00","208,365.00","84,435.00","45,073.00","39,362.00","50,302.00","20,088.00","10,811.00"
,AVELLINO Total,,20.67%,28,"2,862,384.00","1,403,829.00","1,458,555.00","591,672.00","315,840.00","275,832.00","370,455.00","130,593.00","69,284.00"
,BENEVENTO,Caccia,22.22%,3,"269,306.00","130,924.00","138,382.00","59,833.00","31,393.00","28,440.00","41,517.00","10,071.00","5,864.00"
,,Carriere dei magistrati,22.16%,4,"269,306.00","130,924.00","138,382.00","59,691.00","31,377.00","28,314.00","38,858.00","9,631.00","8,442.00"
,,Incarichi extragiudiziari dei magistrati,22.14%,6,"269,306.00","130,924.00","138,382.00","59,636.00","31,312.00","28,324.00","37,232.00","11,457.00",822.00
,,Ministero per le politiche agricole,22.12%,7,"269,306.00","130,924.00","138,382.00","59,571.00","31,283.00","28,288.00","32,507.00","16,542.00","7,853.00"
,,Obiezione di coscienza,22.19%,2,"269,306.00","130,924.00","138,382.00","59,768.00","31,426.00","28,342.00","34,940.00","14,524.00","7,764.00"
,,Ordine dei giornalisti,22.08%,5,"269,306.00","130,924.00","138,382.00","59,476.00","31,178.00","28,298.00","30,440.00","17,416.00","8,801.00"
,,Privatizzazione,21.93%,1,"269,306.00","130,924.00","138,382.00","59,046.00","31,031.00","28,015.00","33,855.00","13,559.00","8,734.00"
,BENEVENTO Total,,22.12%,28,"1,885,142.00","916,468.00","968,674.00","417,021.00","219,000.00","198,021.00","249,349.00","93,200.00","48,280.00"
,CASERTA,Caccia,22.85%,3,"677,942.00","328,221.00","349,721.00","154,886.00","81,413.00","73,473.00","107,172.00","27,387.00","14,886.00"
,,Carriere dei magistrati,22.84%,4,"677,942.00","328,221.00","349,721.00","154,840.00","81,396.00","73,444.00","100,236.00","27,491.00","21,056.00"
,,Incarichi extragiudiziari dei magistrati,22.85%,6,"677,942.00","328,221.00","349,721.00","154,888.00","81,427.00","73,461.00","104,396.00","23,946.00","20,565.00"
,,Ministero per le politiche agricole,22.81%,7,"677,942.00","328,221.00","349,721.00","154,623.00","81,250.00","73,373.00","77,977.00","49,111.00","21,167.00"
,,Obiezione di coscienza,22.85%,2,"677,942.00","328,221.00","349,721.00","154,910.00","81,442.00","73,468.00","91,416.00","39,128.00","18,715.00"
,,Ordine dei giornalisti,22.81%,5,"677,942.00","328,221.00","349,721.00","154,606.00","81,221.00","73,385.00","80,263.00","46,287.00","21,850.00"
,,Privatizzazione,22.82%,1,"677,942.00","328,221.00","349,721.00","154,699.00","81,317.00","73,382.00","89,238.00","38,031.00","20,618.00"
,CASERTA Total,,22.83%,28,"4,745,594.00","2,297,547.00","2,448,047.00","1,083,452.00","569,466.00","513,986.00","650,698.00","251,381.00","138,857.00"
,NAPOLI,Caccia,22.36%,3,"2,436,975.00","1,180,654.00","1,256,321.00","544,850.00","288,489.00","256,361.00","400,238.00","96,422.00","30,431.00"
,,Carriere dei magistrati,22.33%,4,"2,436,975.00","1,180,654.00","1,256,321.00","544,188.00","288,167.00","256,021.00","376,538.00","103,828.00","42,720.00"
,,Incarichi extragiudiziari dei magistrati,22.35%,6,"2,436,975.00","1,180,654.00","1,256,321.00","544,614.00","288,462.00","256,152.00","394,425.00","89,059.00","41,214.00"
,,Ministero per le politiche agricole,22.28%,7,"2,436,975.00","1,180,654.00","1,256,321.00","543,059.00","287,477.00","255,582.00","298,036.00","177,237.00","45,550.00"
,,Obiezione di coscienza,22.37%,2,"2,436,975.00","1,180,654.00","1,256,321.00","545,090.00","288,685.00","256,405.00","357,742.00","134,873.00","34,199.00"
,,Ordine dei giornalisti,22.30%,5,"2,436,975.00","1,180,654.00","1,256,321.00","543,545.00","287,766.00","255,779.00","298,207.00","179,381.00","44,534.00"
,,Privatizzazione,22.31%,1,"2,436,975.00","1,180,654.00","1,256,321.00","543,792.00","287,957.00","255,835.00","329,739.00","150,340.00","41,457.00"
,NAPOLI Total,,22.33%,28,"17,058,825.00","8,264,578.00","8,794,247.00","3,809,138.00","2,017,003.00","1,792,135.00","2,454,925.00","931,140.00","280,105.00"
,SALERNO,Caccia,28.96%,3,"900,817.00","437,919.00","462,898.00","260,897.00","134,491.00","126,406.00","183,911.00","45,004.00","22,816.00"
,,Carriere dei magistrati,28.94%,4,"900,817.00","437,919.00","462,898.00","260,731.00","134,394.00","126,337.00","174,346.00","43,411.00","32,266.00"
,,Incarichi extragiudiziari dei magistrati,28.96%,6,"900,817.00","437,919.00","462,898.00","260,856.00","134,507.00","126,349.00","180,997.00","38,733.00","30,939.00"
,,Ministero per le politiche agricole,28.89%,7,"900,817.00","437,919.00","462,898.00","260,239.00","133,989.00","126,250.00","135,515.00","82,093.00","31,808.00"
,,Obiezione di coscienza,28.96%,2,"900,817.00","437,919.00","462,898.00","260,850.00","134,474.00","126,376.00","159,431.00","63,227.00","28,537.00"
,,Ordine dei giornalisti,28.90%,5,"900,817.00","437,919.00","462,898.00","260,336.00","134,166.00","126,170.00","139,207.00","76,531.00","33,712.00"
,,Privatizzazione,28.91%,1,"900,817.00","437,919.00","462,898.00","260,420.00","134,197.00","126,223.00","154,953.00","61,619.00","32,669.00"
,SALERNO Total,,28.93%,28,"6,305,719.00","3,065,433.00","3,240,286.00","1,824,329.00","940,218.00","884,111.00","1,128,360.00","410,618.00","212,747.00"
CAMPANIA Total,,,23.51%,140,"32,857,664.00","15,947,855.00","16,909,809.00","7,725,612.00","4,061,527.00","3,664,085.00","4,853,787.00","1,816,932.00","749,273.00"
EMILIA-ROMAGNA,BOLOGNA,Caccia,29.36%,3,"792,963.00","376,335.00","416,628.00","232,816.00","117,050.00","115,766.00","182,210.00","36,400.00","10,224.00"
,,Carriere dei magistrati,29.10%,4,"792,963.00","376,335.00","416,628.00","230,781.00","116,234.00","114,547.00","175,949.00","29,811.00","19,485.00"
,,Incarichi extragiudiziari dei magistrati,29.18%,6,"792,963.00","376,335.00","416,628.00","231,354.00","116,564.00","114,790.00","182,703.00","26,309.00","17,302.00"
,,Ministero per le politiche agricole,28.95%,7,"792,963.00","376,335.00","416,628.00","229,587.00","115,483.00","114,104.00","133,397.00","70,710.00","19,937.00"
,,Obiezione di coscienza,29.41%,2,"792,963.00","376,335.00","416,628.00","233,178.00","117,348.00","115,830.00","158,633.00","57,389.00","12,936.00"
,,Ordine dei giornalisti,28.94%,5,"792,963.00","376,335.00","416,628.00","229,517.00","115,499.00","114,018.00","130,108.00","71,746.00","21,915.00"
,,Privatizzazione,29.10%,1,"792,963.00","376,335.00","416,628.00","230,778.00","116,202.00","114,576.00","148,846.00","56,891.00","19,421.00"
,BOLOGNA Total,,29.15%,28,"5,550,741.00","2,634,345.00","2,916,396.00","1,618,011.00","814,380.00","803,631.00","1,111,846.00","349,256.00","121,220.00"
,FERRARA,Caccia,37.08%,3,"314,652.00","148,895.00","165,757.00","116,661.00","58,161.00","58,500.00","87,455.00","18,800.00","7,652.00"
,,Carriere dei magistrati,36.91%,4,"314,652.00","148,895.00","165,757.00","116,148.00","57,934.00","58,214.00","85,326.00","14,962.00","12,434.00"
,,Incarichi extragiudiziari dei magistrati,36.95%,6,"314,652.00","148,895.00","165,757.00","116,278.00","57,996.00","58,282.00","87,496.00","13,879.00","11,700.00"
,,Ministero per le politiche agricole,36.84%,7,"314,652.00","148,895.00","165,757.00","115,916.00","57,805.00","58,111.00","67,937.00","32,909.00","11,700.00"
,,Obiezione di coscienza,37.10%,2,"314,652.00","148,895.00","165,757.00","116,728.00","58,199.00","58,529.00","76,703.00","27,786.00","9,309.00"
,,Ordine dei giornalisti,36.81%,5,"314,652.00","148,895.00","165,757.00","115,828.00","57,745.00","58,083.00","65,744.00","33,042.00","13,536.00"
,,Privatizzazione,36.93%,1,"314,652.00","148,895.00","165,757.00","116,201.00","57,930.00","58,271.00","75,978.00","24,536.00","12,160.00"
,FERRARA Total,,36.95%,28,"2,202,564.00","1,042,265.00","1,160,299.00","813,760.00","405,770.00","407,990.00","546,639.00","165,914.00","78,491.00"
,FORLI'-CESENA,Caccia,27.74%,3,"305,135.00","146,654.00","158,481.00","84,650.00","42,934.00","41,716.00","63,659.00","15,044.00","3,834.00"
,,Carriere dei magistrati,27.75%,4,"305,135.00","146,654.00","158,481.00","84,690.00","43,055.00","41,635.00","65,064.00","10,583.00","6,201.00"
,,Incarichi extragiudiziari dei magistrati,27.79%,6,"305,135.00","146,654.00","158,481.00","84,794.00","43,104.00","41,690.00","66,878.00","9,585.00","5,710.00"
,,Ministero per le politiche agricole,27.63%,7,"305,135.00","146,654.00","158,481.00","84,309.00","42,800.00","41,509.00","50,072.00","25,151.00","6,335.00"
,,Obiezione di coscienza,27.90%,2,"305,135.00","146,654.00","158,481.00","85,139.00","43,273.00","41,866.00","57,726.00","20,815.00","4,357.00"
,,Ordine dei giornalisti,27.63%,5,"305,135.00","146,654.00","158,481.00","84,312.00","42,835.00","41,477.00","48,324.00","25,823.00","7,214.00"
,,Privatizzazione,27.72%,1,"305,135.00","146,654.00","158,481.00","84,592.00","42,984.00","41,608.00","56,319.00","18,961.00","6,421.00"
,FORLI'-CESENA Total,,27.74%,28,"2,135,945.00","1,026,578.00","1,109,367.00","592,486.00","300,985.00","291,501.00","408,042.00","125,962.00","40,072.00"
,MODENA,Caccia,31.85%,3,"523,405.00","251,510.00","271,895.00","166,706.00","84,202.00","82,504.00","127,147.00","27,168.00","9,499.00"
,,Carriere dei magistrati,31.68%,4,"523,405.00","251,510.00","271,895.00","165,826.00","83,868.00","81,958.00","123,385.00","22,200.00","16,514.00"
,,Incarichi extragiudiziari dei magistrati,31.73%,6,"523,405.00","251,510.00","271,895.00","166,078.00","83,990.00","82,088.00","127,826.00","19,800.00","15,017.00"
,,Ministero per le politiche agricole,31.57%,7,"523,405.00","251,510.00","271,895.00","165,215.00","83,490.00","81,725.00","96,509.00","48,773.00","16,312.00"
,,Obiezione di coscienza,31.91%,2,"523,405.00","251,510.00","271,895.00","167,034.00","84,437.00","82,597.00","110,857.00","41,896.00","11,291.00"
,,Ordine dei giornalisti,31.54%,5,"523,405.00","251,510.00","271,895.00","165,061.00","83,429.00","81,632.00","92,536.00","49,963.00","18,550.00"
,,Privatizzazione,31.67%,1,"523,405.00","251,510.00","271,895.00","165,738.00","83,804.00","81,934.00","107,738.00","37,841.00","16,178.00"
,MODENA Total,,31.71%,28,"3,663,835.00","1,760,570.00","1,903,265.00","1,161,658.00","587,220.00","574,438.00","785,998.00","247,641.00","103,361.00"
,PARMA,Caccia,34.98%,3,"348,973.00","166,697.00","182,276.00","122,083.00","61,740.00","60,343.00","92,060.00","21,030.00","6,410.00"
,,Carriere dei magistrati,34.96%,4,"348,973.00","166,697.00","182,276.00","122,016.00","61,803.00","60,213.00","92,467.00","15,523.00","10,429.00"
,,Incarichi extragiudiziari dei magistrati,35.02%,6,"348,973.00","166,697.00","182,276.00","122,222.00","61,909.00","60,313.00","95,866.00","13,355.00","9,572.00"
,,Ministero per le politiche agricole,34.81%,7,"348,973.00","166,697.00","182,276.00","121,461.00","61,456.00","60,005.00","72,283.00","35,365.00","10,436.00"
,,Obiezione di coscienza,35.14%,2,"348,973.00","166,697.00","182,276.00","122,637.00","62,097.00","60,540.00","82,800.00","29,310.00","7,635.00"
,,Ordine dei giornalisti,34.77%,5,"348,973.00","166,697.00","182,276.00","121,348.00","61,449.00","59,899.00","69,806.00","35,813.00","12,079.00"
,,Privatizzazione,34.94%,1,"348,973.00","166,697.00","182,276.00","121,934.00","61,768.00","60,166.00","82,387.00","25,392.00","10,455.00"
,PARMA Total,,34.95%,28,"2,442,811.00","1,166,879.00","1,275,932.00","853,701.00","432,222.00","421,479.00","587,669.00","175,788.00","67,016.00"
,PIACENZA,Caccia,36.90%,3,"238,275.00","114,202.00","124,073.00","87,920.00","43,842.00","44,078.00","62,598.00","16,645.00","6,209.00"
,,Carriere dei magistrati,36.95%,4,"238,275.00","114,202.00","124,073.00","88,040.00","43,951.00","44,089.00","66,005.00","10,374.00","8,625.00"
,,Incarichi extragiudiziari dei magistrati,36.98%,6,"238,275.00","114,202.00","124,073.00","88,125.00","44,001.00","44,124.00","67,261.00","9,709.00","8,220.00"
,,Ministero per le politiche agricole,36.76%,7,"238,275.00","114,202.00","124,073.00","87,580.00","43,710.00","43,870.00","52,795.00","23,321.00","8,670.00"
,,Obiezione di coscienza,37.03%,2,"238,275.00","114,202.00","124,073.00","88,241.00","44,048.00","44,193.00","57,329.00","21,151.00","7,174.00"
,,Ordine dei giornalisti,36.79%,5,"238,275.00","114,202.00","124,073.00","87,662.00","43,728.00","43,934.00","49,332.00","25,042.00",149.00
,,Privatizzazione,36.94%,1,"238,275.00","114,202.00","124,073.00","88,030.00","43,951.00","44,079.00","58,957.00","17,334.00","8,639.00"
,PIACENZA Total,,36.91%,28,"1,667,925.00","799,414.00","868,511.00","615,598.00","307,231.00","308,367.00","414,277.00","123,576.00","47,686.00"
,RAVENNA,Caccia,26.14%,3,"306,315.00","146,470.00","159,845.00","80,056.00","40,518.00","39,538.00","59,195.00","14,969.00","4,149.00"
,,Carriere dei magistrati,26.08%,4,"306,315.00","146,470.00","159,845.00","79,883.00","40,479.00","39,404.00","60,149.00","10,330.00","7,131.00"
,,Incarichi extragiudiziari dei magistrati,26.10%,6,"306,315.00","146,470.00","159,845.00","79,962.00","40,523.00","39,439.00","62,261.00","9,084.00","6,545.00"
,,Ministero per le politiche agricole,25.96%,7,"306,315.00","146,470.00","159,845.00","79,513.00","40,250.00","39,263.00","45,279.00","24,998.00","6,962.00"
,,Obiezione di coscienza,26.28%,2,"306,315.00","146,470.00","159,845.00","80,498.00","40,765.00","39,733.00","53,783.00","19,930.00","4,979.00"
,,Ordine dei giornalisti,25.78%,5,"306,315.00","146,470.00","159,845.00","78,968.00","39,927.00","39,041.00","43,736.00","25,032.00","7,718.00"
,,Privatizzazione,26.12%,1,"306,315.00","146,470.00","159,845.00","80,000.00","40,424.00","39,576.00","51,052.00","19,321.00","7,079.00"
,RAVENNA Total,,26.06%,28,"2,144,205.00","1,025,290.00","1,118,915.00","558,880.00","282,886.00","275,994.00","375,455.00","123,664.00","44,563.00"
,REGGIO EMILIA,Caccia,27.80%,3,"368,192.00","177,122.00","191,070.00","102,363.00","52,359.00","50,004.00","76,409.00","18,601.00","5,615.00"
,,Carriere dei magistrati,27.70%,4,"368,192.00","177,122.00","191,070.00","101,999.00","52,257.00","49,742.00","76,419.00","13,619.00","9,591.00"
,,Incarichi extragiudiziari dei magistrati,27.76%,6,"368,192.00","177,122.00","191,070.00","102,220.00","52,369.00","49,851.00","79,057.00","12,271.00","8,671.00"
,,Ministero per le politiche agricole,27.60%,7,"368,192.00","177,122.00","191,070.00","101,610.00","51,985.00","49,625.00","58,413.00","31,383.00","9,488.00"
,,Obiezione di coscienza,27.91%,2,"368,192.00","177,122.00","191,070.00","102,745.00","52,603.00","50,142.00","68,364.00","25,934.00","6,623.00"
,,Ordine dei giornalisti,27.57%,5,"368,192.00","177,122.00","191,070.00","101,494.00","51,961.00","49,533.00","57,088.00","30,949.00","10,991.00"
,,Privatizzazione,27.68%,1,"368,192.00","177,122.00","191,070.00","101,928.00","52,211.00","49,717.00","64,479.00","25,552.00","9,476.00"
,REGGIO EMILIA Total,,27.72%,28,"2,577,344.00","1,239,854.00","1,337,490.00","714,359.00","365,745.00","348,614.00","480,229.00","158,309.00","60,455.00"
,RIMINI,Caccia,30.30%,3,"228,168.00","109,904.00","118,264.00","69,137.00","35,216.00","33,921.00","53,523.00","10,949.00","3,121.00"
,,Carriere dei magistrati,30.27%,4,"228,168.00","109,904.00","118,264.00","69,056.00","35,245.00","33,811.00","53,192.00","8,572.00","5,314.00"
,,Incarichi extragiudiziari dei magistrati,30.31%,6,"228,168.00","109,904.00","118,264.00","69,149.00","35,319.00","33,830.00","54,633.00","7,799.00","4,799.00"
,,Ministero per le politiche agricole,30.13%,7,"228,168.00","109,904.00","118,264.00","68,740.00","35,058.00","33,682.00","42,094.00","19,066.00","5,608.00"
,,Obiezione di coscienza,30.46%,2,"228,168.00","109,904.00","118,264.00","69,510.00","35,470.00","34,040.00","48,080.00","16,083.00","3,697.00"
,,Ordine dei giornalisti,30.13%,5,"228,168.00","109,904.00","118,264.00","68,748.00","35,059.00","33,689.00","39,549.00","21,202.00","5,985.00"
,,Privatizzazione,30.24%,1,"228,168.00","109,904.00","118,264.00","69,007.00","35,206.00","33,801.00","46,771.00","14,842.00","5,343.00"
,RIMINI Total,,30.26%,28,"1,597,176.00","769,328.00","827,848.00","483,347.00","246,573.00","236,774.00","337,842.00","98,513.00","33,867.00"
EMILIA-ROMAGNA Total,,,30.90%,252,"23,982,546.00","11,464,523.00","12,518,023.00","7,411,800.00","3,743,012.00","3,668,788.00","5,047,997.00","1,568,623.00","596,731.00"
FRIULI VENEZIA G.,GORIZIA,Caccia,37.27%,3,"123,601.00","58,464.00","65,137.00","46,069.00","22,592.00","23,477.00","36,843.00","6,477.00","1,942.00"
,,Carriere dei magistrati,36.93%,4,"123,601.00","58,464.00","65,137.00","45,643.00","22,398.00","23,245.00","35,857.00","5,089.00","3,564.00"
,,Incarichi extragiudiziari dei magistrati,36.98%,6,"123,601.00","58,464.00","65,137.00","45,704.00","22,425.00","23,279.00","36,834.00","4,620.00","3,184.00"
,,Ministero per le politiche agricole,36.77%,7,"123,601.00","58,464.00","65,137.00","45,452.00","22,276.00","23,176.00","29,206.00","11,393.00","3,744.00"
,,Obiezione di coscienza,37.19%,2,"123,601.00","58,464.00","65,137.00","45,969.00","22,547.00","23,422.00","30,641.00","11,713.00","2,695.00"
,,Ordine dei giornalisti,36.72%,5,"123,601.00","58,464.00","65,137.00","45,388.00","22,254.00","23,134.00","26,965.00","13,118.00","4,134.00"
,,Privatizzazione,36.89%,1,"123,601.00","58,464.00","65,137.00","45,600.00","22,372.00","23,228.00","31,341.00","9,552.00","3,488.00"
,GORIZIA Total,,36.97%,28,"865,207.00","409,248.00","455,959.00","319,825.00","156,864.00","162,961.00","227,687.00","61,962.00","22,751.00"
,PORDENONE,Caccia,31.81%,3,"255,226.00","123,220.00","132,006.00","81,192.00","41,269.00","39,923.00","62,474.00","14,072.00","3,254.00"
,,Carriere dei magistrati,31.83%,4,"255,226.00","123,220.00","132,006.00","81,238.00","41,356.00","39,882.00","64,905.00","8,885.00","5,605.00"
,,Incarichi extragiudiziari dei magistrati,31.87%,6,"255,226.00","123,220.00","132,006.00","81,350.00","41,416.00","39,934.00","66,546.00","8,164.00","4,933.00"
,,Ministero per le politiche agricole,31.66%,7,"255,226.00","123,220.00","132,006.00","80,815.00","41,125.00","39,690.00","54,209.00","19,266.00","5,488.00"
,,Obiezione di coscienza,31.92%,2,"255,226.00","123,220.00","132,006.00","81,465.00","41,444.00","40,021.00","55,791.00","20,021.00","4,131.00"
,,Ordine dei giornalisti,31.63%,5,"255,226.00","123,220.00","132,006.00","80,718.00","41,080.00","39,638.00","50,380.00","21,684.00","6,648.00"
,,Privatizzazione,31.79%,1,"255,226.00","123,220.00","132,006.00","81,129.00","41,273.00","39,856.00","59,247.00","14,575.00","5,349.00"
,PORDENONE Total,,31.79%,28,"1,786,582.00","862,540.00","924,042.00","567,907.00","288,963.00","278,944.00","413,552.00","106,667.00","35,408.00"
,TRIESTE,Caccia,32.24%,3,"225,310.00","103,928.00","121,382.00","72,646.00","35,237.00","37,409.00","60,752.00","8,381.00","2,378.00"
,,Carriere dei magistrati,31.88%,4,"225,310.00","103,928.00","121,382.00","71,826.00","34,898.00","36,928.00","57,737.00","8,028.00","4,509.00"
,,Incarichi extragiudiziari dei magistrati,31.95%,6,"225,310.00","103,928.00","121,382.00","71,976.00","34,989.00","36,987.00","59,341.00","7,018.00","3,970.00"
,,Ministero per le politiche agricole,31.68%,7,"225,310.00","103,928.00","121,382.00","71,369.00","34,668.00","36,701.00","46,020.00","18,337.00","5,261.00"
,,Obiezione di coscienza,32.06%,2,"225,310.00","103,928.00","121,382.00","72,234.00","35,062.00","37,172.00","48,589.00","19,190.00","3,196.00"
,,Ordine dei giornalisti,31.68%,5,"225,310.00","103,928.00","121,382.00","71,378.00","34,657.00","36,721.00","43,785.00","20,755.00","5,174.00"
,,Privatizzazione,31.85%,1,"225,310.00","103,928.00","121,382.00","71,753.00","34,838.00","36,915.00","50,350.00","15,357.00","4,395.00"
,TRIESTE Total,,31.90%,28,"1,577,170.00","727,496.00","849,674.00","503,182.00","244,349.00","258,833.00","366,574.00","97,066.00","28,883.00"
,UDINE,Caccia,30.80%,3,"479,819.00","230,454.00","249,365.00","147,763.00","74,238.00","73,525.00","111,841.00","26,945.00","6,555.00"
,,Carriere dei magistrati,30.73%,4,"479,819.00","230,454.00","249,365.00","147,466.00","74,264.00","73,202.00","116,615.00","16,838.00","10,719.00"
,,Incarichi extragiudiziari dei magistrati,30.76%,6,"479,819.00","230,454.00","249,365.00","147,612.00","74,429.00","73,183.00","119,715.00","15,262.00","9,607.00"
,,Ministero per le politiche agricole,30.57%,7,"479,819.00","230,454.00","249,365.00","146,683.00","73,883.00","72,800.00","97,386.00","35,522.00","10,669.00"
,,Obiezione di coscienza,30.81%,2,"479,819.00","230,454.00","249,365.00","147,838.00","74,409.00","73,429.00","97,218.00","39,849.00","8,328.00"
,,Ordine dei giornalisti,30.56%,5,"479,819.00","230,454.00","249,365.00","146,629.00","73,834.00","72,795.00","87,401.00","42,825.00","12,774.00"
,,Privatizzazione,30.67%,1,"479,819.00","230,454.00","249,365.00","147,160.00","74,051.00","73,109.00","103,671.00","29,531.00","10,596.00"
,UDINE Total,,30.70%,28,"3,358,733.00","1,613,178.00","1,745,555.00","1,031,151.00","519,108.00","512,043.00","733,847.00","206,772.00","69,248.00"
FRIULI VENEZIA G. Total,,,31.92%,112,"7,587,692.00","3,612,462.00","3,975,230.00","2,422,065.00","1,209,284.00","1,212,781.00","1,741,660.00","472,467.00","156,290.00"
LAZIO,FROSINONE,Caccia,27.91%,3,"439,356.00","214,634.00","224,722.00","122,622.00","64,283.00","58,339.00","82,162.00","23,462.00","12,024.00"
,,Carriere dei magistrati,27.93%,4,"439,356.00","214,634.00","224,722.00","122,692.00","64,355.00","58,337.00","79,556.00","20,151.00","16,903.00"
,,Incarichi extragiudiziari dei magistrati,27.93%,6,"439,356.00","214,634.00","224,722.00","122,717.00","64,359.00","58,358.00","82,263.00","18,238.00","16,193.00"
,,Ministero per le politiche agricole,27.86%,7,"439,356.00","214,634.00","224,722.00","122,413.00","64,176.00","58,237.00","59,830.00","35,662.00","15,686.00"
,,Obiezione di coscienza,27.94%,2,"439,356.00","214,634.00","224,722.00","122,776.00","64,370.00","58,406.00","70,761.00","31,416.00","14,955.00"
,,Ordine dei giornalisti,27.88%,5,"439,356.00","214,634.00","224,722.00","122,491.00","64,217.00","58,274.00","64,303.00","34,411.00","17,702.00"
,,Privatizzazione,27.85%,1,"439,356.00","214,634.00","224,722.00","122,369.00","64,166.00","58,203.00","70,773.00","28,526.00","16,275.00"
,FROSINONE Total,,27.90%,28,"3,075,492.00","1,502,438.00","1,573,054.00","858,080.00","449,926.00","408,154.00","509,648.00","191,866.00","109,738.00"
,LATINA,Caccia,31.07%,3,"425,306.00","207,281.00","218,025.00","132,141.00","67,612.00","64,529.00","98,868.00","21,738.00","7,351.00"
,,Carriere dei magistrati,31.00%,4,"425,306.00","207,281.00","218,025.00","131,828.00","67,492.00","64,336.00","94,275.00","20,428.00","11,822.00"
,,Incarichi extragiudiziari dei magistrati,31.03%,6,"425,306.00","207,281.00","218,025.00","131,982.00","67,574.00","64,408.00","98,031.00","17,882.00","11,045.00"
,,Ministero per le politiche agricole,30.93%,7,"425,306.00","207,281.00","218,025.00","131,559.00","67,322.00","64,237.00","72,479.00","42,275.00","11,545.00"
,,Obiezione di coscienza,31.06%,2,"425,306.00","207,281.00","218,025.00","132,084.00","67,597.00","64,487.00","82,117.00","35,352.00","9,905.00"
,,Ordine dei giornalisti,30.95%,5,"425,306.00","207,281.00","218,025.00","131,625.00","67,352.00","64,273.00","74,617.00","39,119.00","12,514.00"
,,Privatizzazione,30.97%,1,"425,306.00","207,281.00","218,025.00","131,731.00","67,439.00","64,292.00","83,896.00","30,439.00","11,865.00"
,LATINA Total,,31.00%,28,"2,977,142.00","1,450,967.00","1,526,175.00","922,950.00","472,388.00","450,562.00","604,283.00","207,233.00","76,047.00"
,RIETI,Caccia,31.12%,3,"125,308.00","60,317.00","64,991.00","38,992.00","19,895.00","19,097.00","26,230.00","8,233.00","2,903.00"
,,Carriere dei magistrati,31.18%,4,"125,308.00","60,317.00","64,991.00","39,069.00","19,964.00","19,105.00","26,033.00","6,381.00","4,424.00"
,,Incarichi extragiudiziari dei magistrati,31.23%,6,"125,308.00","60,317.00","64,991.00","39,128.00","19,975.00","19,153.00","27,048.00","5,796.00","4,186.00"
,,Ministero per le politiche agricole,30.96%,7,"125,308.00","60,317.00","64,991.00","38,801.00","19,806.00","18,995.00","18,418.00","14,006.00","4,299.00"
,,Obiezione di coscienza,31.25%,2,"125,308.00","60,317.00","64,991.00","39,158.00","19,986.00","19,172.00","22,214.00","11,060.00","3,899.00"
,,Ordine dei giornalisti,31.07%,5,"125,308.00","60,317.00","64,991.00","38,939.00","19,877.00","19,062.00","20,138.00","11,830.00","4,791.00"
,,Privatizzazione,31.13%,1,"125,308.00","60,317.00","64,991.00","39,003.00","19,914.00","19,089.00","21,702.00","10,555.00","4,638.00"
,RIETI Total,,31.13%,28,"877,156.00","422,219.00","454,937.00","273,090.00","139,417.00","133,673.00","161,783.00","67,861.00","29,140.00"
,ROMA,Caccia,33.23%,3,"3,215,950.00","1,533,304.00","1,682,646.00","1,068,753.00","537,328.00","531,425.00","820,329.00","191,196.00","32,652.00"
,,Carriere dei magistrati,32.91%,4,"3,215,950.00","1,533,304.00","1,682,646.00","1,058,526.00","532,514.00","526,012.00","782,325.00","184,178.00","57,457.00"
,,Incarichi extragiudiziari dei magistrati,33.11%,6,"3,215,950.00","1,533,304.00","1,682,646.00","1,064,896.00","536,246.00","528,650.00","825,511.00","158,295.00","49,760.00"
,,Ministero per le politiche agricole,32.83%,7,"3,215,950.00","1,533,304.00","1,682,646.00","1,055,696.00","530,941.00","524,755.00","555,028.00","406,649.00","59,084.00"
,,Obiezione di coscienza,33.33%,2,"3,215,950.00","1,533,304.00","1,682,646.00","1,071,897.00","538,981.00","532,916.00","669,284.00","333,263.00","42,729.00"
,,Ordine dei giornalisti,32.79%,5,"3,215,950.00","1,533,304.00","1,682,646.00","1,054,532.00","530,477.00","524,055.00","599,605.00","361,197.00","59,909.00"
,,Privatizzazione,33.14%,1,"3,215,950.00","1,533,304.00","1,682,646.00","1,065,832.00","536,267.00","529,565.00","634,561.00","338,072.00","57,836.00"
,ROMA Total,,33.05%,28,"22,511,650.00","10,733,128.00","11,778,522.00","7,440,132.00","3,742,754.00","3,697,378.00","4,886,643.00","1,972,850.00","359,427.00"
,VITERBO,Caccia,27.76%,3,"241,482.00","116,914.00","124,568.00","67,038.00","34,436.00","32,602.00","50,437.00","10,697.00","3,999.00"
,,Carriere dei magistrati,27.72%,4,"241,482.00","116,914.00","124,568.00","66,943.00","34,480.00","32,463.00","48,670.00","8,528.00","7,093.00"
,,Incarichi extragiudiziari dei magistrati,27.76%,6,"241,482.00","116,914.00","124,568.00","67,043.00","34,543.00","32,500.00","50,533.00","7,345.00","6,491.00"
,,Ministero per le politiche agricole,27.57%,7,"241,482.00","116,914.00","124,568.00","66,588.00","34,240.00","32,348.00","35,320.00","21,842.00","6,953.00"
,,Obiezione di coscienza,27.83%,2,"241,482.00","116,914.00","124,568.00","67,210.00","34,552.00","32,658.00","41,534.00","17,383.00","5,946.00"
,,Ordine dei giornalisti,27.60%,5,"241,482.00","116,914.00","124,568.00","66,644.00","34,280.00","32,364.00","38,339.00","17,599.00","8,004.00"
,,Privatizzazione,27.72%,1,"241,482.00","116,914.00","124,568.00","66,942.00","34,385.00","32,557.00","42,367.00","14,108.00","7,641.00"
,VITERBO Total,,27.71%,28,"1,690,374.00","818,398.00","871,976.00","468,408.00","240,916.00","227,492.00","307,200.00","97,502.00","46,127.00"
LAZIO Total,,,32.00%,140,"31,131,814.00","14,927,150.00","16,204,664.00","9,962,660.00","5,045,401.00","4,917,259.00","6,469,557.00","2,537,312.00","620,479.00"
LIGURIA,GENOVA,Caccia,30.93%,3,"818,584.00","382,894.00","435,690.00","253,187.00","125,604.00","127,583.00","191,553.00","44,506.00","10,762.00"
,,Carriere dei magistrati,30.89%,4,"818,584.00","382,894.00","435,690.00","252,881.00","125,677.00","127,204.00","192,057.00","34,722.00","17,654.00"
,,Incarichi extragiudiziari dei magistrati,30.96%,6,"818,584.00","382,894.00","435,690.00","253,452.00","125,989.00","127,463.00","201,147.00","29,020.00","15,617.00"
,,Ministero per le politiche agricole,30.74%,7,"818,584.00","382,894.00","435,690.00","251,626.00","124,910.00","126,716.00","149,532.00","74,492.00","18,910.00"
,,Obiezione di coscienza,31.07%,2,"818,584.00","382,894.00","435,690.00","254,323.00","126,362.00","127,961.00","168,383.00","66,312.00","12,886.00"
,,Ordine dei giornalisti,30.70%,5,"818,584.00","382,894.00","435,690.00","251,335.00","124,839.00","126,496.00","144,713.00","77,784.00","20,153.00"
,,Privatizzazione,30.89%,1,"818,584.00","382,894.00","435,690.00","252,830.00","125,639.00","127,191.00","162,700.00","64,070.00","17,445.00"
,GENOVA Total,,30.88%,28,"5,730,088.00","2,680,258.00","3,049,830.00","1,769,634.00","879,020.00","890,614.00","1,210,085.00","390,906.00","113,427.00"
,IMPERIA,Caccia,32.15%,3,"191,467.00","90,576.00","100,891.00","61,559.00","29,914.00","31,645.00","48,464.00","8,796.00","2,651.00"
,,Carriere dei magistrati,32.13%,4,"191,467.00","90,576.00","100,891.00","61,520.00","29,937.00","31,583.00","47,773.00","6,903.00","4,574.00"
,,Incarichi extragiudiziari dei magistrati,32.18%,6,"191,467.00","90,576.00","100,891.00","61,611.00","29,993.00","31,618.00","49,333.00","6,023.00","4,175.00"
,,Ministero per le politiche agricole,32.06%,7,"191,467.00","90,576.00","100,891.00","61,387.00","29,837.00","31,550.00","39,303.00","14,834.00","5,005.00"
,,Obiezione di coscienza,32.24%,2,"191,467.00","90,576.00","100,891.00","61,733.00","30,012.00","31,721.00","42,053.00","13,973.00","3,755.00"
,,Ordine dei giornalisti,32.03%,5,"191,467.00","90,576.00","100,891.00","61,322.00","29,825.00","31,497.00","37,696.00","15,923.00","5,358.00"
,,Privatizzazione,32.12%,1,"191,467.00","90,576.00","100,891.00","61,499.00","29,894.00","31,605.00","43,575.00","10,869.00","4,776.00"
,IMPERIA Total,,32.13%,28,"1,340,269.00","634,032.00","706,237.00","430,631.00","209,412.00","221,219.00","308,197.00","77,321.00","30,294.00"
,LA SPEZIA,Caccia,29.26%,3,"200,247.00","94,788.00","105,459.00","58,590.00","29,944.00","28,646.00","45,121.00","9,539.00","2,542.00"
,,Carriere dei magistrati,29.23%,4,"200,247.00","94,788.00","105,459.00","58,541.00","30,002.00","28,539.00","45,238.00","7,143.00","4,328.00"
,,Incarichi extragiudiziari dei magistrati,29.29%,6,"200,247.00","94,788.00","105,459.00","58,655.00","30,063.00","28,592.00","47,111.00","6,080.00","3,792.00"
,,Ministero per le politiche agricole,29.08%,7,"200,247.00","94,788.00","105,459.00","58,233.00","29,797.00","28,436.00","34,162.00","17,535.00","4,644.00"
,,Obiezione di coscienza,29.40%,2,"200,247.00","94,788.00","105,459.00","58,877.00","30,145.00","28,732.00","38,420.00","15,700.00","3,243.00"
,,Ordine dei giornalisti,29.09%,5,"200,247.00","94,788.00","105,459.00","58,257.00","29,828.00","28,429.00","34,513.00","16,663.00","5,136.00"
,,Privatizzazione,29.21%,1,"200,247.00","94,788.00","105,459.00","58,490.00","29,941.00","28,549.00","37,772.00","14,248.00","4,552.00"
,LA SPEZIA Total,,29.22%,28,"1,401,729.00","663,516.00","738,213.00","409,643.00","209,720.00","199,923.00","282,337.00","86,908.00","28,237.00"
,SAVONA,Caccia,34.68%,3,"251,634.00","118,263.00","133,371.00","87,264.00","42,706.00","44,558.00","65,416.00","14,655.00","4,514.00"
,,Carriere dei magistrati,34.74%,4,"251,634.00","118,263.00","133,371.00","87,415.00","42,863.00","44,552.00","65,947.00","10,705.00","7,320.00"
,,Incarichi extragiudiziari dei magistrati,34.79%,6,"251,634.00","118,263.00","133,371.00","87,531.00","42,931.00","44,600.00","68,552.00","9,134.00","6,564.00"
,,Ministero per le politiche agricole,34.60%,7,"251,634.00","118,263.00","133,371.00","87,058.00","42,657.00","44,401.00","52,994.00","23,131.00","7,446.00"
,,Obiezione di coscienza,34.88%,2,"251,634.00","118,263.00","133,371.00","87,780.00","43,036.00","44,744.00","58,405.00","20,807.00","5,635.00"
,,Ordine dei giornalisti,34.56%,5,"251,634.00","118,263.00","133,371.00","86,959.00","42,610.00","44,349.00","51,105.00","23,718.00","8,548.00"
,,Privatizzazione,34.72%,1,"251,634.00","118,263.00","133,371.00","87,359.00","42,836.00","44,523.00","58,542.00","17,626.00","7,609.00"
,SAVONA Total,,34.71%,28,"1,761,438.00","827,841.00","933,597.00","611,366.00","299,639.00","311,727.00","420,961.00","119,776.00","47,636.00"
LIGURIA Total,,,31.48%,112,"10,233,524.00","4,805,647.00","5,427,877.00","3,221,274.00","1,597,791.00","1,623,483.00","2,221,580.00","674,911.00","219,594.00"
LOMBARDIA,BERGAMO,Caccia,37.20%,3,"784,264.00","379,680.00","404,584.00","291,774.00","143,097.00","148,677.00","205,490.00","62,513.00","17,200.00"
,,Carriere dei magistrati,37.32%,4,"784,264.00","379,680.00","404,584.00","292,666.00","143,828.00","148,838.00","221,346.00","39,323.00","24,241.00"
,,Incarichi extragiudiziari dei magistrati,37.33%,6,"784,264.00","379,680.00","404,584.00","292,794.00","143,910.00","148,884.00","226,233.00","36,616.00","22,579.00"
,,Ministero per le politiche agricole,37.19%,7,"784,264.00","379,680.00","404,584.00","291,650.00","143,239.00","148,411.00","189,955.00","68,914.00","24,697.00"
,,Obiezione di coscienza,37.44%,2,"784,264.00","379,680.00","404,584.00","293,619.00","144,257.00","149,362.00","193,884.00","74,712.00","18,260.00"
,,Ordine dei giornalisti,37.14%,5,"784,264.00","379,680.00","404,584.00","291,285.00","143,015.00","148,270.00","168,398.00","86,952.00","27,578.00"
,,Privatizzazione,37.31%,1,"784,264.00","379,680.00","404,584.00","292,635.00","143,813.00","148,822.00","202,429.00","58,546.00","24,084.00"
,BERGAMO Total,,37.28%,28,"5,489,848.00","2,657,760.00","2,832,088.00","2,046,423.00","1,005,159.00","1,041,264.00","1,407,735.00","427,576.00","158,639.00"
,BRESCIA,Caccia,26.28%,3,"887,484.00","426,473.00","461,011.00","233,237.00","115,369.00","117,868.00","153,542.00","60,588.00","14,178.00"
,,Carriere dei magistrati,26.81%,4,"887,484.00","426,473.00","461,011.00","237,954.00","118,333.00","119,621.00","182,494.00","30,528.00","19,061.00"
,,Incarichi extragiudiziari dei magistrati,26.85%,6,"887,484.00","426,473.00","461,011.00","238,315.00","118,548.00","119,767.00","187,325.00","27,866.00","17,560.00"
,,Ministero per le politiche agricole,26.65%,7,"887,484.00","426,473.00","461,011.00","236,487.00","117,470.00","119,017.00","152,319.00","58,195.00","20,013.00"
,,Obiezione di coscienza,26.89%,2,"887,484.00","426,473.00","461,011.00","238,657.00","118,602.00","120,055.00","157,115.00","61,718.00","14,838.00"
,,Ordine dei giornalisti,26.62%,5,"887,484.00","426,473.00","461,011.00","236,217.00","117,359.00","118,858.00","140,279.00","67,393.00","22,450.00"
,,Privatizzazione,26.78%,1,"887,484.00","426,473.00","461,011.00","237,695.00","118,186.00","119,509.00","165,123.00","47,301.00","19,262.00"
,BRESCIA Total,,26.70%,28,"6,212,388.00","2,985,311.00","3,227,077.00","1,658,562.00","823,867.00","834,695.00","1,138,197.00","353,589.00","127,362.00"
,COMO,Caccia,38.74%,3,"451,669.00","216,402.00","235,267.00","174,973.00","86,607.00","88,366.00","132,283.00","30,409.00","7,755.00"
,,Carriere dei magistrati,38.74%,4,"451,669.00","216,402.00","235,267.00","174,985.00","86,905.00","88,080.00","136,403.00","21,561.00","11,380.00"
,,Incarichi extragiudiziari dei magistrati,38.49%,6,"451,669.00","216,402.00","235,267.00","173,839.00","86,189.00","87,650.00","138,876.00","20,119.00","10,854.00"
,,Ministero per le politiche agricole,38.31%,7,"451,669.00","216,402.00","235,267.00","173,049.00","85,737.00","87,312.00","116,606.00","40,048.00","12,091.00"
,,Obiezione di coscienza,38.88%,2,"451,669.00","216,402.00","235,267.00","175,622.00","87,028.00","88,594.00","118,201.00","43,833.00","8,755.00"
,,Ordine dei giornalisti,38.26%,5,"451,669.00","216,402.00","235,267.00","172,810.00","85,571.00","87,239.00","103,826.00","50,642.00","13,737.00"
,,Privatizzazione,38.74%,1,"451,669.00","216,402.00","235,267.00","174,978.00","86,732.00","88,246.00","126,867.00","30,639.00","11,705.00"
,COMO Total,,38.60%,28,"3,161,683.00","1,514,814.00","1,646,869.00","1,220,256.00","604,769.00","615,487.00","873,062.00","237,251.00","76,277.00"
,CREMONA,Caccia,38.84%,3,"281,539.00","134,247.00","147,292.00","109,359.00","54,143.00","55,216.00","75,363.00","22,932.00","8,068.00"
,,Carriere dei magistrati,38.96%,4,"281,539.00","134,247.00","147,292.00","109,681.00","54,429.00","55,252.00","81,071.00","14,181.00","10,987.00"
,,Incarichi extragiudiziari dei magistrati,38.99%,6,"281,539.00","134,247.00","147,292.00","109,786.00","54,493.00","55,293.00","83,205.00","12,888.00","10,358.00"
,,Ministero per le politiche agricole,38.81%,7,"281,539.00","134,247.00","147,292.00","109,275.00","54,174.00","55,101.00","67,928.00","26,943.00","10,897.00"
,,Obiezione di coscienza,39.08%,2,"281,539.00","134,247.00","147,292.00","110,018.00","54,520.00","55,498.00","71,098.00","27,219.00","8,689.00"
,,Ordine dei giornalisti,38.72%,5,"281,539.00","134,247.00","147,292.00","109,009.00","54,046.00","54,963.00","61,938.00","30,883.00","12,540.00"
,,Privatizzazione,38.92%,1,"281,539.00","134,247.00","147,292.00","109,567.00","54,360.00","55,207.00","73,933.00","20,835.00","11,228.00"
,CREMONA Total,,38.90%,28,"1,970,773.00","939,729.00","1,031,044.00","766,695.00","380,165.00","386,530.00","514,536.00","155,881.00","72,767.00"
,LECCO,Caccia,34.09%,3,"252,280.00","120,913.00","131,367.00","86,013.00","42,260.00","43,753.00","63,098.00","16,443.00","4,558.00"
,,Carriere dei magistrati,34.08%,4,"252,280.00","120,913.00","131,367.00","85,972.00","42,335.00","43,637.00","65,722.00","11,056.00","6,760.00"
,,Incarichi extragiudiziari dei magistrati,34.11%,6,"252,280.00","120,913.00","131,367.00","86,056.00","42,377.00","43,679.00","66,946.00","10,002.00","6,271.00"
,,Ministero per le politiche agricole,33.94%,7,"252,280.00","120,913.00","131,367.00","85,627.00","42,130.00","43,497.00","55,334.00","20,510.00","6,860.00"
,,Obiezione di coscienza,34.29%,2,"252,280.00","120,913.00","131,367.00","86,505.00","42,549.00","43,956.00","57,417.00","22,134.00","4,975.00"
,,Ordine dei giornalisti,33.86%,5,"252,280.00","120,913.00","131,367.00","85,431.00","42,015.00","43,416.00","48,665.00","26,012.00","8,030.00"
,,Privatizzazione,34.05%,1,"252,280.00","120,913.00","131,367.00","85,908.00","42,285.00","43,623.00","59,732.00","16,909.00","6,773.00"
,LECCO Total,,34.06%,28,"1,765,960.00","846,391.00","919,569.00","601,512.00","295,951.00","305,561.00","416,914.00","123,066.00","44,227.00"
,LODI,Caccia,38.51%,3,"160,435.00","77,205.00","83,230.00","61,783.00","30,999.00","30,784.00","43,157.00","12,681.00","4,008.00"
,,Carriere dei magistrati,38.56%,4,"160,435.00","77,205.00","83,230.00","61,868.00","31,090.00","30,778.00","45,635.00","8,569.00","5,409.00"
,,Incarichi extragiudiziari dei magistrati,38.60%,6,"160,435.00","77,205.00","83,230.00","61,927.00","31,120.00","30,807.00","46,566.00","7,964.00","5,221.00"
,,Ministero per le politiche agricole,38.41%,7,"160,435.00","77,205.00","83,230.00","61,623.00","30,950.00","30,673.00","38,160.00","15,454.00","5,550.00"
,,Obiezione di coscienza,38.69%,2,"160,435.00","77,205.00","83,230.00","62,070.00","31,192.00","30,878.00","40,917.00","14,992.00","4,236.00"
,,Ordine dei giornalisti,38.35%,5,"160,435.00","77,205.00","83,230.00","61,523.00","30,892.00","30,631.00","34,956.00","17,983.00","6,175.00"
,,Privatizzazione,38.53%,1,"160,435.00","77,205.00","83,230.00","61,815.00","31,074.00","30,741.00","41,330.00","12,740.00","5,402.00"
,LODI Total,,38.52%,28,"1,123,045.00","540,435.00","582,610.00","432,609.00","217,317.00","215,292.00","290,721.00","90,383.00","36,001.00"
,MANTOVA,Caccia,31.17%,3,"316,490.00","150,230.00","166,260.00","98,664.00","49,585.00","49,079.00","73,177.00","18,068.00","5,564.00"
,,Carriere dei magistrati,30.97%,4,"316,490.00","150,230.00","166,260.00","98,031.00","49,046.00","48,985.00","75,200.00","12,037.00","9,027.00"
,,Incarichi extragiudiziari dei magistrati,31.18%,6,"316,490.00","150,230.00","166,260.00","98,686.00","49,648.00","49,038.00","77,162.00","11,029.00","8,371.00"
,,Ministero per le politiche agricole,31.03%,7,"316,490.00","150,230.00","166,260.00","98,207.00","49,386.00","48,821.00","60,753.00","26,738.00","8,530.00"
,,Obiezione di coscienza,31.26%,2,"316,490.00","150,230.00","166,260.00","98,925.00","49,780.00","49,145.00","65,938.00","24,304.00","6,830.00"
,,Ordine dei giornalisti,30.99%,5,"316,490.00","150,230.00","166,260.00","98,093.00","49,316.00","48,777.00","58,440.00","27,045.00","10,211.00"
,,Privatizzazione,31.13%,1,"316,490.00","150,230.00","166,260.00","98,524.00","49,567.00","48,957.00","65,472.00","21,688.00","9,057.00"
,MANTOVA Total,,31.11%,28,"2,215,430.00","1,051,610.00","1,163,820.00","689,130.00","346,328.00","342,802.00","476,142.00","140,909.00","57,590.00"
,MILANO,Caccia,38.48%,3,"3,160,357.00","1,505,444.00","1,654,913.00","1,216,171.00","600,786.00","615,385.00","966,156.00","186,561.00","39,827.00"
,,Carriere dei magistrati,38.33%,4,"3,160,357.00","1,505,444.00","1,654,913.00","1,211,310.00","599,084.00","612,226.00","966,471.00","151,399.00","62,850.00"
,,Incarichi extragiudiziari dei magistrati,38.39%,6,"3,160,357.00","1,505,444.00","1,654,913.00","1,213,189.00","600,199.00","612,990.00","990,951.00","136,831.00","56,296.00"
,,Ministero per le politiche agricole,38.13%,7,"3,160,357.00","1,505,444.00","1,654,913.00","1,205,084.00","595,663.00","609,421.00","796,438.00","306,497.00","70,121.00"
,,Obiezione di coscienza,38.56%,2,"3,160,357.00","1,505,444.00","1,654,913.00","1,218,670.00","602,438.00","616,232.00","837,754.00","310,370.00","46,113.00"
,,Ordine dei giornalisti,38.07%,5,"3,160,357.00","1,505,444.00","1,654,913.00","1,203,003.00","594,817.00","608,186.00","730,672.00","362,298.00","77,449.00"
,,Privatizzazione,38.34%,1,"3,160,357.00","1,505,444.00","1,654,913.00","1,211,667.00","599,260.00","612,407.00","870,584.00","247,246.00","63,053.00"
,MILANO Total,,38.33%,28,"22,122,499.00","10,538,108.00","11,584,391.00","8,479,094.00","4,192,247.00","4,286,847.00","6,159,026.00","1,701,202.00","415,709.00"
,PAVIA,Caccia,37.87%,3,"428,749.00","202,803.00","225,946.00","162,388.00","80,688.00","81,700.00","116,131.00","31,114.00","10,775.00"
,,Carriere dei magistrati,37.94%,4,"428,749.00","202,803.00","225,946.00","162,647.00","80,808.00","81,839.00","120,632.00","21,085.00","15,428.00"
,,Incarichi extragiudiziari dei magistrati,37.97%,6,"428,749.00","202,803.00","225,946.00","162,778.00","80,894.00","81,884.00","123,216.00","19,327.00","14,827.00"
,,Ministero per le politiche agricole,37.81%,7,"428,749.00","202,803.00","225,946.00","162,127.00","80,474.00","81,653.00","100,280.00","40,512.00","15,364.00"
,,Obiezione di coscienza,37.99%,2,"428,749.00","202,803.00","225,946.00","162,890.00","80,936.00","81,954.00","105,836.00","39,540.00","12,828.00"
,,Ordine dei giornalisti,37.77%,5,"428,749.00","202,803.00","225,946.00","161,956.00","80,439.00","81,517.00","92,892.00","45,173.00","18,102.00"
,,Privatizzazione,37.93%,1,"428,749.00","202,803.00","225,946.00","162,610.00","80,781.00","81,829.00","111,541.00","29,888.00","15,569.00"
,PAVIA Total,,37.90%,28,"3,001,243.00","1,419,621.00","1,581,622.00","1,137,396.00","565,020.00","572,376.00","770,528.00","226,639.00","102,893.00"
,SONDRIO,Caccia,26.63%,3,"152,792.00","74,344.00","78,448.00","40,689.00","20,749.00","19,940.00","29,398.00","7,799.00","2,491.00"
,,Carriere dei magistrati,26.73%,4,"152,792.00","74,344.00","78,448.00","40,835.00","20,784.00","20,051.00","31,325.00","4,582.00","3,569.00"
,,Incarichi extragiudiziari dei magistrati,26.74%,6,"152,792.00","74,344.00","78,448.00","40,863.00","20,808.00","20,055.00","31,992.00","4,187.00","3,384.00"
,,Ministero per le politiche agricole,26.64%,7,"152,792.00","74,344.00","78,448.00","40,706.00","20,722.00","19,984.00","26,414.00","9,326.00","3,605.00"
,,Obiezione di coscienza,26.82%,2,"152,792.00","74,344.00","78,448.00","40,973.00","20,850.00","20,123.00","27,538.00","9,424.00","2,832.00"
,,Ordine dei giornalisti,26.59%,5,"152,792.00","74,344.00","78,448.00","40,620.00","20,671.00","19,949.00","23,948.00","10,814.00","4,378.00"
,,Privatizzazione,26.71%,1,"152,792.00","74,344.00","78,448.00","40,814.00","20,776.00","20,038.00","28,297.00","7,406.00","3,691.00"
,SONDRIO Total,,26.69%,28,"1,069,544.00","520,408.00","549,136.00","285,500.00","145,360.00","140,140.00","198,912.00","53,538.00","23,950.00"
,VARESE,Caccia,39.32%,3,"683,998.00","326,675.00","357,323.00","268,962.00","133,555.00","135,407.00","207,039.00","45,092.00","10,878.00"
,,Carriere dei magistrati,39.34%,4,"683,998.00","326,675.00","357,323.00","269,089.00","133,790.00","135,299.00","211,643.00","33,287.00","16,532.00"
,,Incarichi extragiudiziari dei magistrati,39.37%,6,"683,998.00","326,675.00","357,323.00","269,305.00","133,915.00","135,390.00","216,049.00","30,722.00","15,151.00"
,,Ministero per le politiche agricole,39.21%,7,"683,998.00","326,675.00","357,323.00","268,183.00","133,255.00","134,928.00","178,867.00","64,235.00","17,319.00"
,,Obiezione di coscienza,39.44%,2,"683,998.00","326,675.00","357,323.00","269,787.00","134,092.00","135,695.00","180,969.00","69,747.00","12,693.00"
,,Ordine dei giornalisti,39.14%,5,"683,998.00","326,675.00","357,323.00","267,724.00","133,005.00","134,719.00","160,432.00","79,534.00","19,710.00"
,,Privatizzazione,39.33%,1,"683,998.00","326,675.00","357,323.00","269,050.00","133,765.00","135,285.00","194,843.00","49,838.00","16,412.00"
,VARESE Total,,39.31%,28,"4,787,986.00","2,286,725.00","2,501,261.00","1,882,100.00","935,377.00","946,723.00","1,349,842.00","372,455.00","108,695.00"
LOMBARDIA Total,,,36.28%,308,"52,920,399.00","25,300,912.00","27,619,487.00","19,199,277.00","9,511,560.00","9,687,717.00","13,595,615.00","3,882,489.00","1,224,110.00"
MARCHE,ANCONA,Caccia,27.02%,3,"383,424.00","183,086.00","200,338.00","103,602.00","53,078.00","50,524.00","76,746.00","18,223.00","6,224.00"
,,Carriere dei magistrati,26.96%,4,"383,424.00","183,086.00","200,338.00","103,371.00","53,056.00","50,315.00","75,585.00","14,182.00","10,445.00"
,,Incarichi extragiudiziari dei magistrati,27.06%,6,"383,424.00","183,086.00","200,338.00","103,746.00","53,176.00","50,570.00","79,489.00","11,900.00","9,277.00"
,,Ministero per le politiche agricole,27.03%,7,"383,424.00","183,086.00","200,338.00","103,649.00","53,561.00","50,088.00","54,441.00","34,555.00","10,541.00"
,,Obiezione di coscienza,27.15%,2,"383,424.00","183,086.00","200,338.00","104,099.00","53,391.00","50,708.00","66,597.00","27,572.00","7,404.00"
,,Ordine dei giornalisti,26.83%,5,"383,424.00","183,086.00","200,338.00","102,884.00","52,783.00","50,101.00","55,845.00","32,326.00","11,497.00"
,,Privatizzazione,27.11%,1,"383,424.00","183,086.00","200,338.00","103,958.00","53,712.00","50,246.00","62,696.00","26,524.00","10,662.00"
,ANCONA Total,,27.02%,28,"2,683,968.00","1,281,602.00","1,402,366.00","725,309.00","372,757.00","352,552.00","471,399.00","165,282.00","66,050.00"
,ASCOLI PICENO,Caccia,29.94%,3,"312,286.00","150,855.00","161,431.00","93,497.00","47,653.00","45,844.00","65,282.00","17,855.00","6,490.00"
,,Carriere dei magistrati,30.01%,4,"312,286.00","150,855.00","161,431.00","93,727.00","47,835.00","45,892.00","65,755.00","13,372.00","10,314.00"
,,Incarichi extragiudiziari dei magistrati,30.04%,6,"312,286.00","150,855.00","161,431.00","93,811.00","47,889.00","45,922.00","68,369.00","11,815.00","9,373.00"
,,Ministero per le politiche agricole,29.89%,7,"312,286.00","150,855.00","161,431.00","93,340.00","47,586.00","45,754.00","50,516.00","28,198.00","10,019.00"
,,Obiezione di coscienza,30.06%,2,"312,286.00","150,855.00","161,431.00","93,873.00","47,901.00","45,972.00","57,306.00","24,782.00","8,328.00"
,,Ordine dei giornalisti,29.92%,5,"312,286.00","150,855.00","161,431.00","93,449.00","47,657.00","45,792.00","51,299.00","26,612.00","10,382.00"
,,Privatizzazione,29.99%,1,"312,286.00","150,855.00","161,431.00","93,643.00","47,771.00","45,872.00","58,127.00","20,421.00","11,293.00"
,ASCOLI PICENO Total,,29.98%,28,"2,186,002.00","1,055,985.00","1,130,017.00","655,340.00","334,292.00","321,048.00","416,654.00","143,055.00","66,199.00"
,MACERATA,Caccia,28.22%,3,"255,455.00","122,979.00","132,476.00","72,085.00","37,000.00","35,085.00","49,113.00","14,519.00","5,993.00"
,,Carriere dei magistrati,28.31%,4,"255,455.00","122,979.00","132,476.00","72,307.00","37,195.00","35,112.00","49,726.00","10,504.00","8,931.00"
,,Incarichi extragiudiziari dei magistrati,28.33%,6,"255,455.00","122,979.00","132,476.00","72,375.00","37,249.00","35,126.00","51,977.00","9,082.00","8,324.00"
,,Ministero per le politiche agricole,28.17%,7,"255,455.00","122,979.00","132,476.00","71,970.00","36,992.00","34,978.00","37,244.00","22,862.00","8,786.00"
,,Obiezione di coscienza,28.40%,2,"255,455.00","122,979.00","132,476.00","72,559.00","37,323.00","35,236.00","43,386.00","19,698.00","6,815.00"
,,Ordine dei giornalisti,28.23%,5,"255,455.00","122,979.00","132,476.00","72,104.00","37,076.00","35,028.00","37,125.00","21,843.00","9,832.00"
,,Privatizzazione,28.27%,1,"255,455.00","122,979.00","132,476.00","72,218.00","37,147.00","35,071.00","42,843.00","17,074.00","9,052.00"
,MACERATA Total,,28.28%,28,"1,788,185.00","860,853.00","927,332.00","505,618.00","259,982.00","245,636.00","311,414.00","115,582.00","57,733.00"
,PESARO E URBINO,Caccia,25.25%,3,"300,997.00","146,307.00","154,690.00","76,006.00","39,180.00","36,826.00","55,097.00","14,435.00","4,305.00"
,,Carriere dei magistrati,25.32%,4,"300,997.00","146,307.00","154,690.00","76,202.00","39,355.00","36,847.00","55,983.00","10,062.00","7,215.00"
,,Incarichi extragiudiziari dei magistrati,25.35%,6,"300,997.00","146,307.00","154,690.00","76,308.00","39,443.00","36,865.00","58,291.00","8,719.00","6,635.00"
,,Ministero per le politiche agricole,25.20%,7,"300,997.00","146,307.00","154,690.00","75,848.00","39,169.00","36,679.00","42,271.00","23,535.00","7,277.00"
,,Obiezione di coscienza,25.48%,2,"300,997.00","146,307.00","154,690.00","76,699.00","39,642.00","37,057.00","50,934.00","18,281.00","5,224.00"
,,Ordine dei giornalisti,25.20%,5,"300,997.00","146,307.00","154,690.00","75,861.00","39,181.00","36,680.00","42,053.00","22,855.00","8,115.00"
,,Privatizzazione,25.29%,1,"300,997.00","146,307.00","154,690.00","76,126.00","39,349.00","36,777.00","48,440.00","17,294.00","7,472.00"
,PESARO E URBINO Total,,25.30%,28,"2,106,979.00","1,024,149.00","1,082,830.00","533,050.00","275,319.00","257,731.00","353,069.00","115,181.00","46,243.00"
MARCHE Total,,,27.60%,112,"8,765,134.00","4,222,589.00","4,542,545.00","2,419,317.00","1,242,350.00","1,176,967.00","1,552,536.00","539,100.00","236,225.00"
MOLISE,CAMPOBASSO,Caccia,25.23%,3,"230,040.00","112,603.00","117,437.00","58,029.00","30,295.00","27,734.00","40,398.00","9,806.00","5,535.00"
,,Carriere dei magistrati,25.19%,4,"230,040.00","112,603.00","117,437.00","57,942.00","30,258.00","27,684.00","37,271.00","9,453.00","8,430.00"
,,Incarichi extragiudiziari dei magistrati,25.21%,6,"230,040.00","112,603.00","117,437.00","57,988.00","30,266.00","27,722.00","38,816.00","8,466.00","7,930.00"
,,Ministero per le politiche agricole,25.26%,7,"230,040.00","112,603.00","117,437.00","58,105.00","30,284.00","27,821.00","29,710.00","18,395.00","7,531.00"
,,Obiezione di coscienza,25.18%,2,"230,040.00","112,603.00","117,437.00","57,928.00","30,202.00","27,726.00","34,001.00","14,305.00","7,059.00"
,,Ordine dei giornalisti,25.12%,5,"230,040.00","112,603.00","117,437.00","57,775.00","30,118.00","27,657.00","30,181.00","15,967.00","8,829.00"
,,Privatizzazione,25.15%,1,"230,040.00","112,603.00","117,437.00","57,844.00","30,188.00","27,656.00","32,899.00","13,479.00","8,469.00"
,CAMPOBASSO Total,,25.19%,28,"1,610,280.00","788,221.00","822,059.00","405,611.00","211,611.00","194,000.00","243,276.00","89,871.00","53,783.00"
,ISERNIA,Caccia,23.48%,3,"91,326.00","44,627.00","46,699.00","21,447.00","11,273.00","10,174.00","14,984.00","3,520.00","2,134.00"
,,Carriere dei magistrati,23.41%,4,"91,326.00","44,627.00","46,699.00","21,383.00","11,231.00","10,152.00","13,987.00","3,277.00","3,116.00"
,,Incarichi extragiudiziari dei magistrati,23.42%,6,"91,326.00","44,627.00","46,699.00","21,393.00","11,237.00","10,156.00","14,450.00","2,946.00","3,120.00"
,,Ministero per le politiche agricole,23.27%,7,"91,326.00","44,627.00","46,699.00","21,252.00","11,152.00","10,100.00","10,879.00","6,534.00","3,125.00"
,,Obiezione di coscienza,23.51%,2,"91,326.00","44,627.00","46,699.00","21,475.00","11,294.00","10,181.00","12,662.00","5,035.00","2,841.00"
,,Ordine dei giornalisti,23.39%,5,"91,326.00","44,627.00","46,699.00","21,363.00","11,214.00","10,149.00","11,377.00","5,644.00","3,427.00"
,,Privatizzazione,23.37%,1,"91,326.00","44,627.00","46,699.00","21,339.00","11,209.00","10,130.00","12,424.00","4,725.00","3,201.00"
,ISERNIA Total,,23.41%,28,"639,282.00","312,389.00","326,893.00","149,652.00","78,610.00","71,042.00","90,763.00","31,681.00","20,964.00"
MOLISE Total,,,24.68%,56,"2,249,562.00","1,100,610.00","1,148,952.00","555,263.00","290,221.00","265,042.00","334,039.00","121,552.00","74,747.00"
PIEMONTE,ALESSANDRIA,Caccia,37.18%,3,"380,324.00","180,414.00","199,910.00","141,421.00","71,517.00","69,904.00","104,730.00","24,862.00","8,084.00"
,,Carriere dei magistrati,37.21%,4,"380,324.00","180,414.00","199,910.00","141,504.00","71,626.00","69,878.00","106,102.00","17,666.00","12,922.00"
,,Incarichi extragiudiziari dei magistrati,37.23%,6,"380,324.00","180,414.00","199,910.00","141,599.00","71,698.00","69,901.00","108,638.00","16,212.00",2.00
,,Ministero per le politiche agricole,37.12%,7,"380,324.00","180,414.00","199,910.00","141,163.00","71,445.00","69,718.00","86,914.00","37,171.00","12,346.00"
,,Obiezione di coscienza,37.29%,2,"380,324.00","180,414.00","199,910.00","141,825.00","71,766.00","70,059.00","92,236.00","34,798.00","10,617.00"
,,Ordine dei giornalisti,37.06%,5,"380,324.00","180,414.00","199,910.00","140,934.00","71,331.00","69,603.00","81,611.00","39,504.00","14,672.00"
,,Privatizzazione,37.17%,1,"380,324.00","180,414.00","199,910.00","141,351.00","71,564.00","69,787.00","96,223.00","27,111.00","13,198.00"
,ALESSANDRIA Total,,37.18%,28,"2,662,268.00","1,262,898.00","1,399,370.00","989,797.00","500,947.00","488,850.00","676,454.00","197,324.00","71,841.00"
,ASTI,Caccia,34.27%,3,"181,294.00","86,852.00","94,442.00","62,124.00","31,887.00","30,237.00","46,109.00","10,457.00","3,633.00"
,,Carriere dei magistrati,34.16%,4,"181,294.00","86,852.00","94,442.00","61,924.00","31,792.00","30,132.00","44,782.00","8,065.00","6,520.00"
,,Incarichi extragiudiziari dei magistrati,34.19%,6,"181,294.00","86,852.00","94,442.00","61,987.00","31,825.00","30,162.00","46,098.00","7,369.00","6,156.00"
,,Ministero per le politiche agricole,34.12%,7,"181,294.00","86,852.00","94,442.00","61,863.00","31,766.00","30,097.00","37,439.00","16,271.00","5,818.00"
,,Obiezione di coscienza,34.30%,2,"181,294.00","86,852.00","94,442.00","62,191.00","31,925.00","30,266.00","40,107.00","14,811.00","5,158.00"
,,Ordine dei giornalisti,34.06%,5,"181,294.00","86,852.00","94,442.00","61,751.00","31,688.00","30,063.00","35,202.00","16,687.00","7,281.00"
,,Privatizzazione,34.17%,1,"181,294.00","86,852.00","94,442.00","61,946.00","31,799.00","30,147.00","41,042.00","11,716.00","6,532.00"
,ASTI Total,,34.18%,28,"1,269,058.00","607,964.00","661,094.00","433,786.00","222,682.00","211,104.00","290,779.00","85,376.00","41,098.00"
,BIELLA,Caccia,40.35%,3,"166,129.00","78,302.00","87,827.00","67,028.00","32,938.00","34,090.00","50,173.00","10,523.00","4,036.00"
,,Carriere dei magistrati,40.25%,4,"166,129.00","78,302.00","87,827.00","66,872.00","32,885.00","33,987.00","49,729.00","7,882.00","6,381.00"
,,Incarichi extragiudiziari dei magistrati,40.28%,6,"166,129.00","78,302.00","87,827.00","66,923.00","32,911.00","34,012.00","50,745.00","7,434.00","6,056.00"
,,Ministero per le politiche agricole,40.18%,7,"166,129.00","78,302.00","87,827.00","66,756.00","32,818.00","33,938.00","42,537.00","15,001.00","6,393.00"
,,Obiezione di coscienza,40.38%,2,"166,129.00","78,302.00","87,827.00","67,081.00","32,988.00","34,093.00","43,596.00","16,179.00","4,892.00"
,,Ordine dei giornalisti,40.08%,5,"166,129.00","78,302.00","87,827.00","66,586.00","32,730.00","33,856.00","37,774.00","18,432.00","7,418.00"
,,Privatizzazione,40.27%,1,"166,129.00","78,302.00","87,827.00","66,897.00","32,902.00","33,995.00","46,891.00","10,921.00","6,232.00"
,BIELLA Total,,40.26%,28,"1,162,903.00","548,114.00","614,789.00","468,143.00","230,172.00","237,971.00","321,445.00","86,372.00","41,408.00"
,CUNEO,Caccia,35.06%,3,"465,964.00","226,687.00","239,277.00","163,373.00","83,906.00","79,467.00","119,373.00","27,643.00","11,163.00"
,,Carriere dei magistrati,34.96%,4,"465,964.00","226,687.00","239,277.00","162,908.00","83,751.00","79,157.00","115,973.00","20,335.00","19,443.00"
,,Incarichi extragiudiziari dei magistrati,35.01%,6,"465,964.00","226,687.00","239,277.00","163,114.00","83,836.00","79,278.00","119,738.00","18,446.00","18,178.00"
,,Ministero per le politiche agricole,34.89%,7,"465,964.00","226,687.00","239,277.00","162,566.00","83,571.00","78,995.00","98,140.00","40,079.00","17,770.00"
,,Obiezione di coscienza,35.11%,2,"465,964.00","226,687.00","239,277.00","163,611.00","84,063.00","79,548.00","104,748.00","38,509.00","14,603.00"
,,Ordine dei giornalisti,34.87%,5,"465,964.00","226,687.00","239,277.00","162,460.00","83,490.00","78,970.00","89,927.00","43,488.00","21,786.00"
,,Privatizzazione,34.93%,1,"465,964.00","226,687.00","239,277.00","162,745.00","83,668.00","79,077.00","104,835.00","30,925.00","19,618.00"
,CUNEO Total,,34.97%,28,"3,261,748.00","1,586,809.00","1,674,939.00","1,140,777.00","586,285.00","554,492.00","752,734.00","219,425.00","122,561.00"
,NOVARA,Caccia,37.73%,3,"289,914.00","137,670.00","152,244.00","109,376.00","54,451.00","54,925.00","80,918.00","19,324.00","5,971.00"
,,Carriere dei magistrati,37.70%,4,"289,914.00","137,670.00","152,244.00","109,310.00","54,492.00","54,818.00","82,123.00","13,990.00","9,318.00"
,,Incarichi extragiudiziari dei magistrati,37.75%,6,"289,914.00","137,670.00","152,244.00","109,434.00","54,553.00","54,881.00","84,219.00","12,853.00","8,754.00"
,,Ministero per le politiche agricole,37.56%,7,"289,914.00","137,670.00","152,244.00","108,903.00","54,242.00","54,661.00","67,929.00","27,742.00","9,409.00"
,,Obiezione di coscienza,37.83%,2,"289,914.00","137,670.00","152,244.00","109,677.00","54,656.00","55,021.00","71,851.00","27,343.00","7,202.00"
,,Ordine dei giornalisti,37.54%,5,"289,914.00","137,670.00","152,244.00","108,841.00","54,209.00","54,632.00","61,968.00","32,295.00","10,554.00"
,,Privatizzazione,37.67%,1,"289,914.00","137,670.00","152,244.00","109,215.00","54,423.00","54,792.00","75,174.00","20,738.00","9,280.00"
,NOVARA Total,,37.68%,28,"2,029,398.00","963,690.00","1,065,708.00","764,756.00","381,026.00","383,730.00","524,182.00","154,285.00","60,488.00"
,TORINO,Caccia,34.95%,3,"1,899,998.00","912,454.00","987,544.00","664,044.00","333,234.00","330,810.00","518,372.00","104,247.00","23,830.00"
,,Carriere dei magistrati,34.71%,4,"1,899,998.00","912,454.00","987,544.00","659,512.00","331,211.00","328,301.00","497,638.00","94,390.00","43,234.00"
,,Incarichi extragiudiziari dei magistrati,34.78%,6,"1,899,998.00","912,454.00","987,544.00","660,734.00","331,858.00","328,876.00","516,573.00","82,745.00","38,897.00"
,,Ministero per le politiche agricole,34.60%,7,"1,899,998.00","912,454.00","987,544.00","657,448.00","329,979.00","327,469.00","410,391.00","179,638.00","43,434.00"
,,Obiezione di coscienza,34.95%,2,"1,899,998.00","912,454.00","987,544.00","663,956.00","333,261.00","330,695.00","441,828.00","172,044.00","30,738.00"
,,Ordine dei giornalisti,34.61%,5,"1,899,998.00","912,454.00","987,544.00","657,569.00","330,123.00","327,446.00","382,652.00","201,900.00","48,458.00"
,,Privatizzazione,34.72%,1,"1,899,998.00","912,454.00","987,544.00","659,700.00","331,305.00","328,395.00","443,836.00","148,714.00","42,866.00"
,TORINO Total,,34.76%,28,"13,299,986.00","6,387,178.00","6,912,808.00","4,622,963.00","2,320,971.00","2,301,992.00","3,211,290.00","983,678.00","271,457.00"
,VERB.-CUS.OSSOLA,Caccia,32.20%,3,"144,492.00","69,198.00","75,294.00","46,520.00","23,141.00","23,379.00","35,713.00","7,387.00","2,119.00"
,,Carriere dei magistrati,32.13%,4,"144,492.00","69,198.00","75,294.00","46,423.00","23,104.00","23,319.00","35,889.00","5,251.00","3,547.00"
,,Incarichi extragiudiziari dei magistrati,32.16%,6,"144,492.00","69,198.00","75,294.00","46,467.00","23,131.00","23,336.00","36,663.00","4,887.00","3,260.00"
,,Ministero per le politiche agricole,32.04%,7,"144,492.00","69,198.00","75,294.00","46,299.00","23,024.00","23,275.00","30,519.00","10,402.00","3,696.00"
,,Obiezione di coscienza,32.23%,2,"144,492.00","69,198.00","75,294.00","46,568.00","23,175.00","23,393.00","31,519.00","10,914.00","2,689.00"
,,Ordine dei giornalisti,32.00%,5,"144,492.00","69,198.00","75,294.00","46,237.00","23,012.00","23,225.00","27,691.00","12,473.00","4,268.00"
,,Privatizzazione,32.12%,1,"144,492.00","69,198.00","75,294.00","46,411.00","23,092.00","23,319.00","32,737.00","8,367.00","3,240.00"
,VERB.-CUS.OSSOLA Total,,32.12%,28,"1,011,444.00","484,386.00","527,058.00","324,925.00","161,679.00","163,246.00","230,731.00","59,681.00","22,819.00"
,VERCELLI,Caccia,38.26%,3,"156,992.00","74,787.00","82,205.00","60,062.00","30,108.00","29,954.00","43,452.00","10,572.00","4,136.00"
,,Carriere dei magistrati,38.25%,4,"156,992.00","74,787.00","82,205.00","60,056.00","30,145.00","29,911.00","43,574.00","7,674.00","6,389.00"
,,Incarichi extragiudiziari dei magistrati,38.29%,6,"156,992.00","74,787.00","82,205.00","60,118.00","30,171.00","29,947.00","44,608.00","7,131.00","5,989.00"
,,Ministero per le politiche agricole,38.16%,7,"156,992.00","74,787.00","82,205.00","59,910.00","30,048.00","29,862.00","36,779.00","14,829.00","5,940.00"
,,Obiezione di coscienza,38.33%,2,"156,992.00","74,787.00","82,205.00","60,178.00","30,181.00","29,997.00","38,411.00","14,554.00","5,162.00"
,,Ordine dei giornalisti,38.13%,5,"156,992.00","74,787.00","82,205.00","59,857.00","29,990.00","29,867.00","33,535.00","16,613.00","7,191.00"
,,Privatizzazione,38.23%,1,"156,992.00","74,787.00","82,205.00","60,023.00","30,116.00","29,907.00","40,278.00","10,884.00","6,403.00"
,VERCELLI Total,,38.24%,28,"1,098,944.00","523,509.00","575,435.00","420,204.00","210,759.00","209,445.00","280,637.00","82,257.00","41,210.00"
PIEMONTE Total,,,35.53%,224,"25,795,749.00","12,364,548.00","13,431,201.00","9,165,351.00","4,614,521.00","4,550,830.00","6,288,252.00","1,868,398.00","672,882.00"
PUGLIA,BARI,Caccia,27.13%,3,"1,294,965.00","629,745.00","665,220.00","351,274.00","185,666.00","165,608.00","264,607.00","54,814.00","20,281.00"
,,Carriere dei magistrati,27.05%,4,"1,294,965.00","629,745.00","665,220.00","350,225.00","185,104.00","165,121.00","241,647.00","60,010.00","34,225.00"
,,Incarichi extragiudiziari dei magistrati,27.07%,6,"1,294,965.00","629,745.00","665,220.00","350,547.00","185,279.00","165,268.00","252,816.00","51,540.00","32,488.00"
,,Ministero per le politiche agricole,27.03%,7,"1,294,965.00","629,745.00","665,220.00","350,020.00","185,219.00","164,801.00","185,275.00","116,976.00","33,480.00"
,,Obiezione di coscienza,27.12%,2,"1,294,965.00","629,745.00","665,220.00","351,148.00","185,575.00","165,573.00","219,661.00","91,287.00","27,428.00"
,,Ordine dei giornalisti,27.02%,5,"1,294,965.00","629,745.00","665,220.00","349,879.00","184,857.00","165,022.00","187,082.00","111,631.00","36,698.00"
,,Privatizzazione,27.04%,1,"1,294,965.00","629,745.00","665,220.00","350,132.00","185,019.00","165,113.00","216,818.00","84,775.00","33,346.00"
,BARI Total,,27.06%,28,"9,064,755.00","4,408,215.00","4,656,540.00","2,453,225.00","1,296,719.00","1,156,506.00","1,567,906.00","571,033.00","217,946.00"
,BRINDISI,Caccia,24.55%,3,"339,404.00","162,811.00","176,593.00","83,321.00","42,841.00","40,480.00","59,228.00","14,070.00","7,216.00"
,,Carriere dei magistrati,24.55%,4,"339,404.00","162,811.00","176,593.00","83,313.00","42,868.00","40,445.00","54,150.00","13,973.00","11,614.00"
,,Incarichi extragiudiziari dei magistrati,24.56%,6,"339,404.00","162,811.00","176,593.00","83,350.00","42,887.00","40,463.00","56,130.00","12,478.00","11,282.00"
,,Ministero per le politiche agricole,24.52%,7,"339,404.00","162,811.00","176,593.00","83,210.00","42,802.00","40,408.00","42,535.00","26,098.00","11,106.00"
,,Obiezione di coscienza,24.57%,2,"339,404.00","162,811.00","176,593.00","83,406.00","42,909.00","40,497.00","49,237.00","21,038.00","9,864.00"
,,Ordine dei giornalisti,24.52%,5,"339,404.00","162,811.00","176,593.00","83,205.00","42,801.00","40,404.00","42,996.00","24,288.00","12,365.00"
,,Privatizzazione,24.58%,1,"339,404.00","162,811.00","176,593.00","83,439.00","42,934.00","40,505.00","48,860.00","19,112.00","11,498.00"
,BRINDISI Total,,24.55%,28,"2,375,828.00","1,139,677.00","1,236,151.00","583,244.00","300,042.00","283,202.00","353,136.00","131,057.00","74,945.00"
,FOGGIA,Caccia,23.70%,3,"578,377.00","281,716.00","296,661.00","137,062.00","72,607.00","64,455.00","98,481.00","22,788.00","10,289.00"
,,Carriere dei magistrati,23.67%,4,"578,377.00","281,716.00","296,661.00","136,889.00","72,515.00","64,374.00","90,888.00","23,500.00","15,883.00"
,,Incarichi extragiudiziari dei magistrati,23.68%,6,"578,377.00","281,716.00","296,661.00","136,971.00","72,555.00","64,416.00","94,757.00","20,474.00","15,456.00"
,,Ministero per le politiche agricole,23.64%,7,"578,377.00","281,716.00","296,661.00","136,735.00","72,398.00","64,337.00","67,800.00","46,880.00","15,439.00"
,,Obiezione di coscienza,23.69%,2,"578,377.00","281,716.00","296,661.00","137,005.00","72,583.00","64,422.00","81,851.00","35,789.00","13,260.00"
,,Ordine dei giornalisti,23.60%,5,"578,377.00","281,716.00","296,661.00","136,525.00","72,291.00","64,234.00","71,417.00","41,461.00","17,020.00"
,,Privatizzazione,23.65%,1,"578,377.00","281,716.00","296,661.00","136,767.00","72,393.00","64,374.00","81,827.00","32,328.00","15,531.00"
,FOGGIA Total,,23.66%,28,"4,048,639.00","1,972,012.00","2,076,627.00","957,954.00","507,342.00","450,612.00","587,021.00","223,220.00","102,878.00"
,LECCE,Caccia,24.97%,3,"694,157.00","331,465.00","362,692.00","173,338.00","87,101.00","86,237.00","127,342.00","24,699.00","14,927.00"
,,Carriere dei magistrati,24.93%,4,"694,157.00","331,465.00","362,692.00","173,069.00","86,948.00","86,121.00","114,229.00","25,614.00","25,330.00"
,,Incarichi extragiudiziari dei magistrati,24.94%,6,"694,157.00","331,465.00","362,692.00","173,155.00","87,004.00","86,151.00","118,630.00","22,402.00","24,518.00"
,,Ministero per le politiche agricole,24.88%,7,"694,157.00","331,465.00","362,692.00","172,706.00","86,705.00","86,001.00","88,892.00","51,083.00","24,779.00"
,,Obiezione di coscienza,24.96%,2,"694,157.00","331,465.00","362,692.00","173,235.00","87,002.00","86,233.00","103,076.00","41,357.00","21,465.00"
,,Ordine dei giornalisti,24.89%,5,"694,157.00","331,465.00","362,692.00","172,776.00","86,760.00","86,016.00","90,516.00","47,213.00","26,975.00"
,,Privatizzazione,24.92%,1,"694,157.00","331,465.00","362,692.00","172,953.00","86,885.00","86,068.00","101,700.00","37,554.00","25,566.00"
,LECCE Total,,24.93%,28,"4,859,099.00","2,320,255.00","2,538,844.00","1,211,232.00","608,405.00","602,827.00","744,385.00","249,922.00","163,560.00"
,TARANTO,Caccia,26.64%,3,"483,501.00","233,661.00","249,840.00","128,786.00","68,328.00","60,458.00","93,623.00","20,835.00","9,418.00"
,,Carriere dei magistrati,26.62%,4,"483,501.00","233,661.00","249,840.00","128,697.00","68,287.00","60,410.00","86,010.00","21,733.00","15,081.00"
,,Incarichi extragiudiziari dei magistrati,26.63%,6,"483,501.00","233,661.00","249,840.00","128,738.00","68,322.00","60,416.00","89,515.00","18,958.00","14,505.00"
,,Ministero per le politiche agricole,26.58%,7,"483,501.00","233,661.00","249,840.00","128,527.00","68,189.00","60,338.00","67,406.00","40,551.00","14,667.00"
,,Obiezione di coscienza,26.64%,2,"483,501.00","233,661.00","249,840.00","128,789.00","68,347.00","60,442.00","76,917.00","34,024.00","12,388.00"
,,Ordine dei giornalisti,26.58%,5,"483,501.00","233,661.00","249,840.00","128,535.00","68,188.00","60,347.00","67,515.00","39,076.00","15,914.00"
,,Privatizzazione,26.59%,1,"483,501.00","233,661.00","249,840.00","128,577.00","68,224.00","60,353.00","77,101.00","30,540.00","14,613.00"
,TARANTO Total,,26.61%,28,"3,384,507.00","1,635,627.00","1,748,880.00","900,649.00","477,885.00","422,764.00","558,087.00","205,717.00","96,586.00"
PUGLIA Total,,,25.73%,140,"23,732,828.00","11,475,786.00","12,257,042.00","6,106,304.00","3,190,393.00","2,915,911.00","3,810,535.00","1,380,949.00","655,915.00"
SARDEGNA,CAGLIARI,Caccia,25.50%,3,"645,085.00","314,983.00","330,102.00","164,490.00","81,506.00","82,984.00","123,474.00","29,530.00","7,147.00"
,,Carriere dei magistrati,25.51%,4,"645,085.00","314,983.00","330,102.00","164,552.00","81,659.00","82,893.00","122,327.00","23,679.00","12,749.00"
,,Incarichi extragiudiziari dei magistrati,25.53%,6,"645,085.00","314,983.00","330,102.00","164,714.00","81,715.00","82,999.00","127,748.00","19,899.00","11,563.00"
,,Ministero per le politiche agricole,25.42%,7,"645,085.00","314,983.00","330,102.00","163,988.00","81,297.00","82,691.00","94,945.00","49,423.00","13,531.00"
,,Obiezione di coscienza,25.57%,2,"645,085.00","314,983.00","330,102.00","164,947.00","81,833.00","83,114.00","108,922.00","41,059.00","10,113.00"
,,Ordine dei giornalisti,25.43%,5,"645,085.00","314,983.00","330,102.00","164,013.00","81,351.00","82,662.00","91,629.00","52,234.00","14,218.00"
,,Privatizzazione,25.47%,1,"645,085.00","314,983.00","330,102.00","164,320.00","81,532.00","82,788.00","107,280.00","37,545.00","13,357.00"
,CAGLIARI Total,,25.49%,28,"4,515,595.00","2,204,881.00","2,310,714.00","1,151,024.00","570,893.00","580,131.00","776,325.00","253,369.00","82,678.00"
,NUORO,Caccia,17.74%,3,"233,569.00","115,366.00","118,203.00","41,429.00","20,691.00","20,738.00","30,480.00","7,731.00","2,071.00"
,,Carriere dei magistrati,17.73%,4,"233,569.00","115,366.00","118,203.00","41,408.00","20,693.00","20,715.00","29,472.00","6,368.00","3,880.00"
,,Incarichi extragiudiziari dei magistrati,17.74%,6,"233,569.00","115,366.00","118,203.00","41,439.00","20,715.00","20,724.00","30,807.00","5,388.00","3,601.00"
,,Ministero per le politiche agricole,17.68%,7,"233,569.00","115,366.00","118,203.00","41,289.00","20,620.00","20,669.00","22,967.00","12,705.00","3,939.00"
,,Obiezione di coscienza,17.75%,2,"233,569.00","115,366.00","118,203.00","41,455.00","20,698.00","20,757.00","26,416.00","10,282.00","3,293.00"
,,Ordine dei giornalisti,17.67%,5,"233,569.00","115,366.00","118,203.00","41,278.00","20,620.00","20,658.00","22,951.00","12,141.00","4,420.00"
,,Privatizzazione,17.70%,1,"233,569.00","115,366.00","118,203.00","41,335.00","20,647.00","20,688.00","25,569.00","9,711.00","4,229.00"
,NUORO Total,,17.71%,28,"1,634,983.00","807,562.00","827,421.00","289,633.00","144,684.00","144,949.00","188,662.00","64,326.00","25,433.00"
,ORISTANO,Caccia,21.92%,3,"134,641.00","66,568.00","68,073.00","29,517.00","14,742.00","14,775.00","21,282.00","5,620.00","1,602.00"
,,Carriere dei magistrati,21.94%,4,"134,641.00","66,568.00","68,073.00","29,546.00","14,774.00","14,772.00","20,768.00","4,465.00","2,962.00"
,,Incarichi extragiudiziari dei magistrati,21.96%,6,"134,641.00","66,568.00","68,073.00","29,567.00","14,795.00","14,772.00","21,595.00","3,974.00","2,724.00"
,,Ministero per le politiche agricole,21.90%,7,"134,641.00","66,568.00","68,073.00","29,481.00","14,731.00","14,750.00","16,332.00","8,955.00","2,878.00"
,,Obiezione di coscienza,21.98%,2,"134,641.00","66,568.00","68,073.00","29,599.00","14,794.00","14,805.00","17,787.00","7,716.00","2,456.00"
,,Ordine dei giornalisti,21.90%,5,"134,641.00","66,568.00","68,073.00","29,480.00","14,733.00","14,747.00","15,749.00","9,023.00","3,367.00"
,,Privatizzazione,21.91%,1,"134,641.00","66,568.00","68,073.00","29,500.00","14,737.00","14,763.00","18,487.00","6,457.00","3,112.00"
,ORISTANO Total,,21.93%,28,"942,487.00","465,976.00","476,511.00","206,690.00","103,306.00","103,384.00","132,000.00","46,210.00","19,101.00"
,SASSARI,Caccia,25.39%,3,"390,826.00","191,857.00","198,969.00","99,224.00","49,531.00","49,693.00","71,885.00","19,096.00","5,315.00"
,,Carriere dei magistrati,25.14%,4,"390,826.00","191,857.00","198,969.00","98,235.00","48,703.00","49,532.00","66,633.00","15,705.00","8,957.00"
,,Incarichi extragiudiziari dei magistrati,25.33%,6,"390,826.00","191,857.00","198,969.00","98,991.00","49,370.00","49,621.00","73,896.00","13,590.00","8,178.00"
,,Ministero per le politiche agricole,25.25%,7,"390,826.00","191,857.00","198,969.00","98,690.00","49,105.00","49,585.00","55,061.00","30,714.00","9,237.00"
,,Obiezione di coscienza,25.36%,2,"390,826.00","191,857.00","198,969.00","99,099.00","49,387.00","49,712.00","63,243.00","24,887.00","7,519.00"
,,Ordine dei giornalisti,25.24%,5,"390,826.00","191,857.00","198,969.00","98,637.00","49,151.00","49,486.00","55,036.00","29,919.00","9,987.00"
,,Privatizzazione,25.33%,1,"390,826.00","191,857.00","198,969.00","98,979.00","49,542.00","49,437.00","63,062.00","22,283.00","9,580.00"
,SASSARI Total,,25.29%,28,"2,735,782.00","1,342,999.00","1,392,783.00","691,855.00","344,789.00","347,066.00","448,816.00","156,194.00","58,773.00"
SARDEGNA Total,,,23.80%,112,"9,828,847.00","4,821,418.00","5,007,429.00","2,339,202.00","1,163,672.00","1,175,530.00","1,545,803.00","520,099.00","185,985.00"
SICILIA,AGRIGENTO,Caccia,19.75%,3,"461,342.00","227,693.00","233,649.00","91,124.00","48,448.00","42,676.00","58,401.00","16,247.00","9,977.00"
,,Carriere dei magistrati,19.76%,4,"461,342.00","227,693.00","233,649.00","91,157.00","48,474.00","42,683.00","54,554.00","15,347.00","13,564.00"
,,Incarichi extragiudiziari dei magistrati,19.76%,6,"461,342.00","227,693.00","233,649.00","91,181.00","48,491.00","42,690.00","56,844.00","13,699.00","13,235.00"
,,Ministero per le politiche agricole,19.74%,7,"461,342.00","227,693.00","233,649.00","91,085.00","48,423.00","42,662.00","43,367.00","26,515.00","13,521.00"
,,Obiezione di coscienza,19.76%,2,"461,342.00","227,693.00","233,649.00","91,175.00","48,483.00","42,692.00","51,137.00","20,630.00","12,189.00"
,,Ordine dei giornalisti,19.75%,5,"461,342.00","227,693.00","233,649.00","91,100.00","48,437.00","42,663.00","44,240.00","24,753.00","14,400.00"
,,Privatizzazione,19.75%,1,"461,342.00","227,693.00","233,649.00","91,112.00","48,447.00","42,665.00","50,390.00","19,178.00","13,391.00"
,AGRIGENTO Total,,19.75%,28,"3,229,394.00","1,593,851.00","1,635,543.00","637,934.00","339,203.00","298,731.00","358,933.00","136,369.00","90,277.00"
,CALTANISSETTA,Caccia,24.14%,3,"275,364.00","134,866.00","140,498.00","66,472.00","34,428.00","32,044.00","42,313.00","12,599.00","7,139.00"
,,Carriere dei magistrati,24.15%,4,"275,364.00","134,866.00","140,498.00","66,497.00","34,447.00","32,050.00","40,442.00","11,766.00","9,312.00"
,,Incarichi extragiudiziari dei magistrati,24.15%,6,"275,364.00","134,866.00","140,498.00","66,500.00","34,451.00","32,049.00","41,900.00","10,500.00","9,281.00"
,,Ministero per le politiche agricole,24.12%,7,"275,364.00","134,866.00","140,498.00","66,409.00","34,393.00","32,016.00","32,816.00","19,284.00","9,392.00"
,,Obiezione di coscienza,24.14%,2,"275,364.00","134,866.00","140,498.00","66,474.00","34,429.00","32,045.00","37,240.00","16,155.00","8,381.00"
,,Ordine dei giornalisti,24.12%,5,"275,364.00","134,866.00","140,498.00","66,427.00","34,404.00","32,023.00","32,388.00","19,112.00","9,903.00"
,,Privatizzazione,24.13%,1,"275,364.00","134,866.00","140,498.00","66,446.00","34,415.00","32,031.00","36,995.00","14,857.00","9,181.00"
,CALTANISSETTA Total,,24.14%,28,"1,927,548.00","944,062.00","983,486.00","465,225.00","240,967.00","224,258.00","264,094.00","104,273.00","62,589.00"
,CATANIA,Caccia,31.41%,3,"892,106.00","430,290.00","461,816.00","280,204.00","143,719.00","136,485.00","196,083.00","46,662.00","20,159.00"
,,Carriere dei magistrati,31.39%,4,"892,106.00","430,290.00","461,816.00","280,001.00","143,664.00","136,337.00","183,669.00","47,731.00","28,114.00"
,,Incarichi extragiudiziari dei magistrati,31.40%,6,"892,106.00","430,290.00","461,816.00","280,105.00","143,734.00","136,371.00","190,200.00","42,827.00","27,211.00"
,,Ministero per le politiche agricole,31.35%,7,"892,106.00","430,290.00","461,816.00","279,662.00","143,453.00","136,209.00","151,244.00","79,565.00","28,410.00"
,,Obiezione di coscienza,31.42%,2,"892,106.00","430,290.00","461,816.00","280,263.00","143,797.00","136,466.00","168,236.00","68,819.00","24,439.00"
,,Ordine dei giornalisti,31.36%,5,"892,106.00","430,290.00","461,816.00","279,738.00","143,495.00","136,243.00","145,161.00","84,863.00","29,400.00"
,,Privatizzazione,31.38%,1,"892,106.00","430,290.00","461,816.00","279,914.00","143,614.00","136,300.00","169,244.00","60,958.00","28,410.00"
,CATANIA Total,,31.38%,28,"6,244,742.00","3,012,030.00","3,232,712.00","1,959,887.00","1,005,476.00","954,411.00","1,203,837.00","431,425.00","186,143.00"
,ENNA,Caccia,25.85%,3,"188,189.00","92,380.00","95,809.00","48,638.00","25,401.00","23,237.00","31,305.00","8,659.00","5,010.00"
,,Carriere dei magistrati,25.82%,4,"188,189.00","92,380.00","95,809.00","48,599.00","25,385.00","23,214.00","28,992.00","8,085.00","7,235.00"
,,Incarichi extragiudiziari dei magistrati,25.84%,6,"188,189.00","92,380.00","95,809.00","48,624.00","25,403.00","23,221.00","29,745.00","7,489.00","7,098.00"
,,Ministero per le politiche agricole,25.79%,7,"188,189.00","92,380.00","95,809.00","48,543.00","25,340.00","23,203.00","23,285.00","13,723.00","7,172.00"
,,Obiezione di coscienza,25.85%,2,"188,189.00","92,380.00","95,809.00","48,638.00","25,408.00","23,230.00","26,484.00","11,617.00","6,424.00"
,,Ordine dei giornalisti,25.80%,5,"188,189.00","92,380.00","95,809.00","48,545.00","25,352.00","23,193.00","23,184.00","13,213.00","7,745.00"
,,Privatizzazione,25.81%,1,"188,189.00","92,380.00","95,809.00","48,568.00","25,361.00","23,207.00","26,185.00","10,577.00","7,164.00"
,ENNA Total,,25.82%,28,"1,317,323.00","646,660.00","670,663.00","340,155.00","177,650.00","162,505.00","189,180.00","73,363.00","47,848.00"
,MESSINA,Caccia,30.10%,3,"574,183.00","274,409.00","299,774.00","172,848.00","88,639.00","84,209.00","109,342.00","31,655.00","20,151.00"
,,Carriere dei magistrati,30.11%,4,"574,183.00","274,409.00","299,774.00","172,864.00","88,673.00","84,191.00","104,751.00","28,220.00","26,706.00"
,,Incarichi extragiudiziari dei magistrati,30.11%,6,"574,183.00","274,409.00","299,774.00","172,887.00","88,691.00","84,196.00","107,804.00","26,287.00","25,932.00"
,,Ministero per le politiche agricole,30.15%,7,"574,183.00","274,409.00","299,774.00","173,101.00","89,091.00","84,010.00","83,298.00","48,595.00","27,304.00"
,,Obiezione di coscienza,30.28%,2,"574,183.00","274,409.00","299,774.00","173,857.00","88,728.00","85,129.00","95,162.00","41,585.00","24,139.00"
,,Ordine dei giornalisti,30.05%,5,"574,183.00","274,409.00","299,774.00","172,529.00","88,386.00","84,143.00","81,024.00","50,301.00","27,896.00"
,,Privatizzazione,30.07%,1,"574,183.00","274,409.00","299,774.00","172,649.00","88,522.00","84,127.00","94,843.00","36,891.00","27,056.00"
,MESSINA Total,,30.12%,28,"4,019,281.00","1,920,863.00","2,098,418.00","1,210,735.00","620,730.00","590,005.00","676,224.00","263,534.00","179,184.00"
,PALERMO,Caccia,27.85%,3,"1,062,491.00","511,295.00","551,196.00","295,852.00","157,351.00","138,501.00","203,164.00","53,394.00","21,806.00"
,,Carriere dei magistrati,27.82%,4,"1,062,491.00","511,295.00","551,196.00","295,593.00","157,228.00","138,365.00","188,238.00","55,939.00","30,690.00"
,,Incarichi extragiudiziari dei magistrati,27.84%,6,"1,062,491.00","511,295.00","551,196.00","295,837.00","157,398.00","138,439.00","196,176.00","49,668.00","29,848.00"
,,Ministero per le politiche agricole,27.76%,7,"1,062,491.00","511,295.00","551,196.00","294,909.00","156,893.00","138,016.00","150,376.00","91,480.00","31,761.00"
,,Obiezione di coscienza,27.84%,2,"1,062,491.00","511,295.00","551,196.00","295,830.00","157,516.00","138,314.00","175,449.00","75,281.00","26,029.00"
,,Ordine dei giornalisti,27.81%,5,"1,062,491.00","511,295.00","551,196.00","295,507.00","158,125.00","137,382.00","147,791.00","94,379.00","32,259.00"
,,Privatizzazione,27.79%,1,"1,062,491.00","511,295.00","551,196.00","295,262.00","157,045.00","138,217.00","173,330.00","69,498.00","30,186.00"
,PALERMO Total,,27.82%,28,"7,437,437.00","3,579,065.00","3,858,372.00","2,068,790.00","1,101,556.00","967,234.00","1,234,524.00","489,639.00","202,579.00"
,RAGUSA,Caccia,27.99%,3,"243,759.00","117,697.00","126,062.00","68,234.00","34,891.00","33,343.00","43,789.00","12,296.00","7,164.00"
,,Carriere dei magistrati,28.00%,4,"243,759.00","117,697.00","126,062.00","68,249.00","34,906.00","33,343.00","40,743.00","11,681.00","10,051.00"
,,Incarichi extragiudiziari dei magistrati,28.00%,6,"243,759.00","117,697.00","126,062.00","68,259.00","34,911.00","33,348.00","42,257.00","10,657.00","9,629.00"
,,Ministero per le politiche agricole,27.96%,7,"243,759.00","117,697.00","126,062.00","68,152.00","34,847.00","33,305.00","33,165.00","19,682.00","9,569.00"
,,Obiezione di coscienza,27.84%,2,"243,759.00","117,697.00","126,062.00","67,865.00","34,722.00","33,143.00","37,522.00","16,810.00","8,538.00"
,,Ordine dei giornalisti,27.90%,5,"243,759.00","117,697.00","126,062.00","68,017.00","34,767.00","33,250.00","32,454.00","19,567.00","10,309.00"
,,Privatizzazione,27.94%,1,"243,759.00","117,697.00","126,062.00","68,103.00","34,879.00","33,224.00","37,948.00","14,194.00","9,963.00"
,RAGUSA Total,,27.95%,28,"1,706,313.00","823,879.00","882,434.00","476,879.00","243,923.00","232,956.00","267,878.00","104,887.00","65,223.00"
,SIRACUSA,Caccia,26.84%,3,"347,745.00","170,651.00","177,094.00","93,318.00","48,881.00","44,437.00","67,682.00","14,843.00","5,988.00"
,,Carriere dei magistrati,26.82%,4,"347,745.00","170,651.00","177,094.00","93,265.00","48,849.00","44,416.00","63,270.00","15,197.00","9,094.00"
,,Incarichi extragiudiziari dei magistrati,26.83%,6,"347,745.00","170,651.00","177,094.00","93,290.00","48,873.00","44,417.00","65,671.00","13,448.00","8,647.00"
,,Ministero per le politiche agricole,26.78%,7,"347,745.00","170,651.00","177,094.00","93,128.00","48,774.00","44,354.00","50,996.00","27,437.00","9,045.00"
,,Obiezione di coscienza,26.82%,2,"347,745.00","170,651.00","177,094.00","93,277.00","48,859.00","44,418.00","57,797.00","22,665.00","7,605.00"
,,Ordine dei giornalisti,26.80%,5,"347,745.00","170,651.00","177,094.00","93,183.00","48,809.00","44,374.00","49,918.00","28,086.00","9,510.00"
,,Privatizzazione,26.80%,1,"347,745.00","170,651.00","177,094.00","93,193.00","48,814.00","44,379.00","58,127.00","20,081.00","9,077.00"
,SIRACUSA Total,,26.81%,28,"2,434,215.00","1,194,557.00","1,239,658.00","652,654.00","341,859.00","310,795.00","413,461.00","141,757.00","58,966.00"
,TRAPANI,Caccia,26.49%,3,"373,435.00","179,906.00","193,529.00","98,932.00","51,979.00","46,953.00","61,266.00","19,236.00","12,716.00"
,,Carriere dei magistrati,26.51%,4,"373,435.00","179,906.00","193,529.00","98,993.00","52,028.00","46,965.00","58,556.00","17,363.00","16,469.00"
,,Incarichi extragiudiziari dei magistrati,26.52%,6,"373,435.00","179,906.00","193,529.00","99,029.00","52,038.00","46,991.00","61,036.00","15,626.00","15,992.00"
,,Ministero per le politiche agricole,26.46%,7,"373,435.00","179,906.00","193,529.00","98,794.00","51,894.00","46,900.00","45,753.00","30,185.00","16,257.00"
,,Obiezione di coscienza,26.51%,2,"373,435.00","179,906.00","193,529.00","99,001.00","52,030.00","46,971.00","53,633.00","24,327.00","14,792.00"
,,Ordine dei giornalisti,26.46%,5,"373,435.00","179,906.00","193,529.00","98,823.00","51,909.00","46,914.00","46,220.00","28,958.00","17,148.00"
,,Privatizzazione,26.48%,1,"373,435.00","179,906.00","193,529.00","98,904.00","51,956.00","46,948.00","54,609.00","21,028.00","16,340.00"
,TRAPANI Total,,26.49%,28,"2,614,045.00","1,259,342.00","1,354,703.00","692,476.00","363,834.00","328,642.00","381,073.00","156,723.00","109,714.00"
SICILIA Total,,,27.50%,252,"30,930,298.00","14,974,309.00","15,955,989.00","8,504,735.00","4,435,198.00","4,069,537.00","4,989,204.00","1,901,970.00","1,002,523.00"
TOSCANA,AREZZO,Caccia,21.97%,3,"270,598.00","130,463.00","140,135.00","59,438.00","30,395.00","29,043.00","40,914.00","13,435.00","3,743.00"
,,Carriere dei magistrati,22.23%,4,"270,598.00","130,463.00","140,135.00","60,150.00","30,927.00","29,223.00","45,718.00","7,314.00","5,434.00"
,,Incarichi extragiudiziari dei magistrati,22.28%,6,"270,598.00","130,463.00","140,135.00","60,279.00","31,009.00","29,270.00","47,529.00","6,303.00","4,982.00"
,,Ministero per le politiche agricole,22.05%,7,"270,598.00","130,463.00","140,135.00","59,670.00","30,613.00","29,057.00","33,117.00","19,023.00","5,874.00"
,,Obiezione di coscienza,22.39%,2,"270,598.00","130,463.00","140,135.00","60,587.00","31,128.00","29,459.00","39,159.00","15,890.00","4,193.00"
,,Ordine dei giornalisti,22.09%,5,"270,598.00","130,463.00","140,135.00","59,782.00","30,696.00","29,086.00","34,299.00","17,349.00","6,501.00"
,,Privatizzazione,22.17%,1,"270,598.00","130,463.00","140,135.00","59,989.00","30,808.00","29,181.00","38,252.00","14,257.00","5,861.00"
,AREZZO Total,,22.17%,28,"1,894,186.00","913,241.00","980,945.00","419,895.00","215,576.00","204,319.00","278,988.00","93,571.00","36,588.00"
,FIRENZE,Caccia,25.02%,3,"811,727.00","385,322.00","426,405.00","203,126.00","101,955.00","101,171.00","148,054.00","41,077.00","9,610.00"
,,Carriere dei magistrati,24.87%,4,"811,727.00","385,322.00","426,405.00","201,917.00","101,706.00","100,211.00","150,787.00","27,850.00","17,189.00"
,,Incarichi extragiudiziari dei magistrati,24.97%,6,"811,727.00","385,322.00","426,405.00","202,713.00","102,176.00","100,537.00","159,210.00","23,422.00","14,542.00"
,,Ministero per le politiche agricole,24.65%,7,"811,727.00","385,322.00","426,405.00","200,051.00","100,635.00","99,416.00","107,444.00","68,135.00","18,292.00"
,,Obiezione di coscienza,25.37%,2,"811,727.00","385,322.00","426,405.00","205,904.00","103,618.00","102,286.00","136,350.00","54,379.00","10,724.00"
,,Ordine dei giornalisti,24.72%,5,"811,727.00","385,322.00","426,405.00","200,676.00","101,017.00","99,659.00","111,444.00","64,092.00","18,964.00"
,,Privatizzazione,24.89%,1,"811,727.00","385,322.00","426,405.00","202,038.00","101,750.00","100,288.00","120,196.00","58,088.00","17,491.00"
,FIRENZE Total,,24.93%,28,"5,682,089.00","2,697,254.00","2,984,835.00","1,416,425.00","712,857.00","703,568.00","933,485.00","337,043.00","106,812.00"
,GROSSETO,Caccia,24.38%,3,"187,664.00","89,749.00","97,915.00","45,752.00","23,094.00","22,658.00","31,881.00","10,121.00","2,569.00"
,,Carriere dei magistrati,24.75%,4,"187,664.00","89,749.00","97,915.00","46,451.00","23,459.00","22,992.00","35,379.00","5,518.00","4,011.00"
,,Incarichi extragiudiziari dei magistrati,24.79%,6,"187,664.00","89,749.00","97,915.00","46,531.00","23,505.00","23,026.00","36,686.00","4,779.00","3,624.00"
,,Ministero per le politiche agricole,24.55%,7,"187,664.00","89,749.00","97,915.00","46,075.00","23,278.00","22,797.00","25,886.00","14,710.00","4,006.00"
,,Obiezione di coscienza,24.93%,2,"187,664.00","89,749.00","97,915.00","46,777.00","23,610.00","23,167.00","29,961.00","12,286.00","3,255.00"
,,Ordine dei giornalisti,24.54%,5,"187,664.00","89,749.00","97,915.00","46,044.00","23,255.00","22,789.00","27,007.00","12,714.00","4,764.00"
,,Privatizzazione,24.67%,1,"187,664.00","89,749.00","97,915.00","46,303.00","23,364.00","22,939.00","29,770.00","10,619.00","4,365.00"
,GROSSETO Total,,24.66%,28,"1,313,648.00","628,243.00","685,405.00","323,933.00","163,565.00","160,368.00","216,570.00","70,747.00","26,594.00"
,LIVORNO,Caccia,26.02%,3,"291,298.00","138,728.00","152,570.00","75,794.00","38,505.00","37,289.00","55,649.00","15,006.00","3,681.00"
,,Carriere dei magistrati,26.06%,4,"291,298.00","138,728.00","152,570.00","75,907.00","38,675.00","37,232.00","57,282.00","10,323.00","6,284.00"
,,Incarichi extragiudiziari dei magistrati,26.12%,6,"291,298.00","138,728.00","152,570.00","76,079.00","38,761.00","37,318.00","60,436.00","8,356.00","5,470.00"
,,Ministero per le politiche agricole,25.89%,7,"291,298.00","138,728.00","152,570.00","75,404.00","38,385.00","37,019.00","41,995.00","24,715.00","6,621.00"
,,Obiezione di coscienza,26.31%,2,"291,298.00","138,728.00","152,570.00","76,641.00","39,026.00","37,615.00","50,419.00","20,578.00","4,285.00"
,,Ordine dei giornalisti,25.91%,5,"291,298.00","138,728.00","152,570.00","75,467.00","38,443.00","37,024.00","43,622.00","22,707.00","7,106.00"
,,Privatizzazione,26.06%,1,"291,298.00","138,728.00","152,570.00","75,900.00","38,638.00","37,262.00","46,210.00","21,106.00","6,522.00"
,LIVORNO Total,,26.05%,28,"2,039,086.00","971,096.00","1,067,990.00","531,192.00","270,433.00","260,759.00","355,613.00","122,791.00","39,969.00"
,LUCCA,Caccia,25.74%,3,"333,726.00","158,834.00","174,892.00","85,913.00","42,834.00","43,079.00","63,701.00","17,302.00","4,362.00"
,,Carriere dei magistrati,25.81%,4,"333,726.00","158,834.00","174,892.00","86,136.00","43,081.00","43,055.00","65,495.00","12,093.00","7,093.00"
,,Incarichi extragiudiziari dei magistrati,25.87%,6,"333,726.00","158,834.00","174,892.00","86,328.00","43,179.00","43,149.00","68,412.00","10,408.00","6,321.00"
,,Ministero per le politiche agricole,25.66%,7,"333,726.00","158,834.00","174,892.00","85,633.00","42,770.00","42,863.00","50,798.00","25,868.00","7,502.00"
,,Obiezione di coscienza,26.04%,2,"333,726.00","158,834.00","174,892.00","86,912.00","43,446.00","43,466.00","58,977.00","21,517.00","5,147.00"
,,Ordine dei giornalisti,25.69%,5,"333,726.00","158,834.00","174,892.00","85,738.00","42,858.00","42,880.00","50,510.00","24,788.00","7,746.00"
,,Privatizzazione,25.77%,1,"333,726.00","158,834.00","174,892.00","85,995.00","43,054.00","42,941.00","56,450.00","20,766.00","7,316.00"
,LUCCA Total,,25.80%,28,"2,336,082.00","1,111,838.00","1,224,244.00","602,655.00","301,222.00","301,433.00","414,343.00","132,742.00","45,487.00"
,MASSA-CARRARA,Caccia,26.52%,3,"178,902.00","85,254.00","93,648.00","47,450.00","24,052.00","23,398.00","34,796.00","8,410.00","1,721.00"
,,Carriere dei magistrati,26.63%,4,"178,902.00","85,254.00","93,648.00","47,650.00","24,176.00","23,474.00","35,398.00","6,169.00","3,919.00"
,,Incarichi extragiudiziari dei magistrati,26.70%,6,"178,902.00","85,254.00","93,648.00","47,764.00","24,238.00","23,526.00","36,909.00","5,242.00","3,551.00"
,,Ministero per le politiche agricole,26.25%,7,"178,902.00","85,254.00","93,648.00","46,969.00","23,842.00","23,127.00","27,277.00","13,648.00","4,257.00"
,,Obiezione di coscienza,26.70%,2,"178,902.00","85,254.00","93,648.00","47,770.00","24,248.00","23,522.00","31,437.00","11,444.00","3,067.00"
,,Ordine dei giornalisti,26.45%,5,"178,902.00","85,254.00","93,648.00","47,323.00","24,014.00","23,309.00","27,762.00","12,927.00","4,511.00"
,,Privatizzazione,26.56%,1,"178,902.00","85,254.00","93,648.00","47,515.00","24,132.00","23,383.00","29,968.00","11,302.00","4,086.00"
,MASSA-CARRARA Total,,26.55%,28,"1,252,314.00","596,778.00","655,536.00","332,441.00","168,702.00","163,739.00","223,547.00","69,142.00","25,112.00"
,PISA,Caccia,25.24%,3,"328,223.00","156,598.00","171,625.00","82,859.00","42,054.00","40,805.00","58,507.00","17,420.00","5,045.00"
,,Carriere dei magistrati,25.40%,4,"328,223.00","156,598.00","171,625.00","83,370.00","42,498.00","40,872.00","60,733.00","11,743.00","8,167.00"
,,Incarichi extragiudiziari dei magistrati,25.49%,6,"328,223.00","156,598.00","171,625.00","83,671.00","42,682.00","40,989.00","64,169.00","9,711.00","7,289.00"
,,Ministero per le politiche agricole,25.19%,7,"328,223.00","156,598.00","171,625.00","82,678.00","42,109.00","40,569.00","44,012.00","27,285.00","8,548.00"
,,Obiezione di coscienza,25.75%,2,"328,223.00","156,598.00","171,625.00","84,530.00","43,076.00","41,454.00","53,439.00","23,194.00","5,751.00"
,,Ordine dei giornalisti,25.25%,5,"328,223.00","156,598.00","171,625.00","82,876.00","42,210.00","40,666.00","45,953.00","24,860.00","9,169.00"
,,Privatizzazione,25.25%,1,"328,223.00","156,598.00","171,625.00","82,860.00","42,015.00","40,845.00","50,029.00","22,052.00","8,369.00"
,PISA Total,,25.37%,28,"2,297,561.00","1,096,186.00","1,201,375.00","582,844.00","296,644.00","286,200.00","376,842.00","136,265.00","52,338.00"
,PISTOIA,Caccia,24.79%,3,"232,065.00","110,404.00","121,661.00","57,522.00","28,760.00","28,762.00","40,254.00","11,871.00","3,874.00"
,,Carriere dei magistrati,24.87%,4,"232,065.00","110,404.00","121,661.00","57,716.00","28,949.00","28,767.00","42,211.00","7,712.00","5,747.00"
,,Incarichi extragiudiziari dei magistrati,24.93%,6,"232,065.00","110,404.00","121,661.00","57,862.00","29,042.00","28,820.00","44,000.00","6,694.00","5,222.00"
,,Ministero per le politiche agricole,24.73%,7,"232,065.00","110,404.00","121,661.00","57,382.00","28,735.00","28,647.00","31,885.00","17,335.00","6,072.00"
,,Obiezione di coscienza,25.11%,2,"232,065.00","110,404.00","121,661.00","58,271.00","29,200.00","29,071.00","37,782.00","14,644.00","4,189.00"
,,Ordine dei giornalisti,24.75%,5,"232,065.00","110,404.00","121,661.00","57,429.00","28,764.00","28,665.00","32,182.00","16,695.00","6,461.00"
,,Privatizzazione,24.85%,1,"232,065.00","110,404.00","121,661.00","57,669.00","28,913.00","28,756.00","35,928.00","13,780.00","5,866.00"
,PISTOIA Total,,24.86%,28,"1,624,455.00","772,828.00","851,627.00","403,851.00","202,363.00","201,488.00","264,242.00","88,731.00","37,431.00"
,PRATO,Caccia,24.71%,3,"185,934.00","89,615.00","96,319.00","45,935.00","23,182.00","22,753.00","34,117.00","7,094.00","3,098.00"
,,Carriere dei magistrati,24.70%,4,"185,934.00","89,615.00","96,319.00","45,923.00","23,224.00","22,699.00","27,550.00","12,661.00","3,867.00"
,,Incarichi extragiudiziari dei magistrati,24.74%,6,"185,934.00","89,615.00","96,319.00","45,995.00","23,260.00","22,735.00","35,373.00","5,601.00","3,082.00"
,,Ministero per le politiche agricole,24.57%,7,"185,934.00","89,615.00","96,319.00","45,689.00","23,052.00","22,637.00","26,793.00","13,335.00","3,798.00"
,,Obiezione di coscienza,24.92%,2,"185,934.00","89,615.00","96,319.00","46,331.00","23,424.00","22,907.00","30,531.00","11,982.00","2,453.00"
,,Ordine dei giornalisti,24.61%,5,"185,934.00","89,615.00","96,319.00","45,760.00","23,127.00","22,633.00","31,792.00","9,985.00","2,644.00"
,,Privatizzazione,24.73%,1,"185,934.00","89,615.00","96,319.00","45,988.00","23,249.00","22,739.00","29,859.00","10,733.00","3,557.00"
,PRATO Total,,24.71%,28,"1,301,538.00","627,305.00","674,233.00","321,621.00","162,518.00","159,103.00","216,015.00","71,391.00","22,499.00"
,SIENA,Caccia,19.11%,3,"216,221.00","103,224.00","112,997.00","41,324.00","21,293.00","20,031.00","28,113.00","9,673.00","2,686.00"
,,Carriere dei magistrati,19.41%,4,"216,221.00","103,224.00","112,997.00","41,979.00","21,786.00","20,193.00","31,376.00","5,444.00","4,114.00"
,,Incarichi extragiudiziari dei magistrati,19.49%,6,"216,221.00","103,224.00","112,997.00","42,147.00","21,883.00","20,264.00","32,897.00","4,656.00","3,003.00"
,,Ministero per le politiche agricole,19.20%,7,"216,221.00","103,224.00","112,997.00","41,524.00","21,509.00","20,015.00","21,603.00","14,577.00","4,265.00"
,,Obiezione di coscienza,19.68%,2,"216,221.00","103,224.00","112,997.00","42,552.00","22,062.00","20,490.00","27,218.00","11,476.00","2,959.00"
,,Ordine dei giornalisti,19.23%,5,"216,221.00","103,224.00","112,997.00","41,585.00","21,546.00","20,039.00","22,976.00","12,737.00","4,792.00"
,,Privatizzazione,19.36%,1,"216,221.00","103,224.00","112,997.00","41,871.00","21,722.00","20,149.00","25,547.00","10,874.00","4,345.00"
,SIENA Total,,19.36%,28,"1,513,547.00","722,568.00","790,979.00","292,982.00","151,801.00","141,181.00","189,730.00","69,437.00","26,164.00"
TOSCANA Total,,,24.60%,280,"21,254,506.00","10,137,337.00","11,117,169.00","5,227,839.00","2,645,681.00","2,582,158.00","3,469,375.00","1,191,860.00","418,994.00"
TRENTINO A.A.,BOLZANO,Caccia,29.84%,3,"369,895.00","180,242.00","189,653.00","110,382.00","55,054.00","55,328.00","72,682.00","22,296.00","13,425.00"
,,Carriere dei magistrati,29.80%,4,"369,895.00","180,242.00","189,653.00","110,234.00","55,002.00","55,232.00","78,788.00","13,380.00","15,828.00"
,,Incarichi extragiudiziari dei magistrati,29.82%,6,"369,895.00","180,242.00","189,653.00","110,302.00","55,081.00","55,221.00","79,763.00","13,325.00","15,184.00"
,,Ministero per le politiche agricole,30.03%,7,"369,895.00","180,242.00","189,653.00","111,068.00","54,795.00","56,273.00","64,833.00","25,587.00","17,118.00"
,,Obiezione di coscienza,29.89%,2,"369,895.00","180,242.00","189,653.00","110,568.00","55,151.00","55,417.00","74,937.00","22,613.00","11,080.00"
,,Ordine dei giornalisti,29.72%,5,"369,895.00","180,242.00","189,653.00","109,939.00","54,843.00","55,096.00","58,244.00","28,585.00","20,656.00"
,,Privatizzazione,29.76%,1,"369,895.00","180,242.00","189,653.00","110,064.00","54,931.00","55,133.00","66,576.00","23,260.00","17,852.00"
,BOLZANO Total,,29.84%,28,"2,589,265.00","1,261,694.00","1,327,571.00","772,557.00","384,857.00","387,700.00","495,823.00","149,046.00","111,143.00"
,TRENTO,Caccia,36.55%,3,"391,246.00","188,432.00","202,814.00","143,010.00","71,681.00","71,329.00","110,099.00","22,558.00","7,123.00"
,,Carriere dei magistrati,36.37%,4,"391,246.00","188,432.00","202,814.00","142,281.00","71,278.00","71,003.00","108,621.00","16,224.00","12,916.00"
,,Incarichi extragiudiziari dei magistrati,36.41%,6,"391,246.00","188,432.00","202,814.00","142,466.00","71,388.00","71,078.00","111,535.00","15,071.00","11,738.00"
,,Ministero per le politiche agricole,36.21%,7,"391,246.00","188,432.00","202,814.00","141,671.00","70,913.00","70,758.00","88,423.00","35,630.00","13,318.00"
,,Obiezione di coscienza,36.63%,2,"391,246.00","188,432.00","202,814.00","143,317.00","71,743.00","71,574.00","96,086.00","33,944.00","9,519.00"
,,Ordine dei giornalisti,36.23%,5,"391,246.00","188,432.00","202,814.00","141,734.00","70,968.00","70,766.00","82,346.00","39,565.00","15,095.00"
,,Privatizzazione,36.32%,1,"391,246.00","188,432.00","202,814.00","142,113.00","71,168.00","70,945.00","92,681.00","30,715.00","13,798.00"
,TRENTO Total,,36.39%,28,"2,738,722.00","1,319,024.00","1,419,698.00","996,592.00","499,139.00","497,453.00","689,791.00","193,707.00","83,507.00"
TRENTINO A.A. Total,,,33.20%,56,"5,327,987.00","2,580,718.00","2,747,269.00","1,769,149.00","883,996.00","885,153.00","1,185,614.00","342,753.00","194,650.00"
UMBRIA,PERUGIA,Caccia,22.20%,3,"517,884.00","248,867.00","269,017.00","114,991.00","58,847.00","56,144.00","78,901.00","26,605.00","6,384.00"
,,Carriere dei magistrati,22.39%,4,"517,884.00","248,867.00","269,017.00","115,932.00","59,595.00","56,337.00","84,972.00","16,254.00","9,896.00"
,,Incarichi extragiudiziari dei magistrati,22.43%,6,"517,884.00","248,867.00","269,017.00","116,184.00","59,743.00","56,441.00","89,930.00","13,754.00","8,675.00"
,,Ministero per le politiche agricole,22.21%,7,"517,884.00","248,867.00","269,017.00","114,998.00","59,018.00","55,980.00","59,763.00","40,865.00","10,220.00"
,,Obiezione di coscienza,22.50%,2,"517,884.00","248,867.00","269,017.00","116,520.00","59,852.00","56,668.00","73,804.00","31,600.00","7,543.00"
,,Ordine dei giornalisti,22.26%,5,"517,884.00","248,867.00","269,017.00","115,272.00","59,209.00","56,063.00","63,852.00","36,094.00","11,115.00"
,,Privatizzazione,22.34%,1,"517,884.00","248,867.00","269,017.00","115,681.00","59,451.00","56,230.00","71,010.00","29,747.00","10,185.00"
,PERUGIA Total,,22.33%,28,"3,625,188.00","1,742,069.00","1,883,119.00","809,578.00","415,715.00","393,863.00","522,232.00","194,919.00","64,018.00"
,TERNI,Caccia,21.02%,3,"192,574.00","92,033.00","100,541.00","40,483.00","20,722.00","19,761.00","27,196.00","9,597.00","2,286.00"
,,Carriere dei magistrati,21.33%,4,"192,574.00","92,033.00","100,541.00","41,080.00","21,154.00","19,926.00","30,601.00","5,406.00","3,304.00"
,,Incarichi extragiudiziari dei magistrati,21.38%,6,"192,574.00","92,033.00","100,541.00","41,179.00","21,197.00","19,982.00","31,982.00","4,690.00","2,744.00"
,,Ministero per le politiche agricole,21.12%,7,"192,574.00","92,033.00","100,541.00","40,681.00","20,909.00","19,772.00","20,953.00","14,495.00","3,641.00"
,,Obiezione di coscienza,21.45%,2,"192,574.00","92,033.00","100,541.00","41,302.00","21,257.00","20,045.00","25,702.00","11,560.00","2,565.00"
,,Ordine dei giornalisti,21.19%,5,"192,574.00","92,033.00","100,541.00","40,801.00","20,991.00","19,810.00","22,624.00","12,469.00","3,949.00"
,,Privatizzazione,21.21%,1,"192,574.00","92,033.00","100,541.00","40,844.00","20,993.00","19,851.00","24,848.00","10,580.00","3,694.00"
,TERNI Total,,21.24%,28,"1,348,018.00","644,231.00","703,787.00","286,370.00","147,223.00","139,147.00","183,906.00","68,797.00","22,183.00"
UMBRIA Total,,,22.04%,56,"4,973,206.00","2,386,300.00","2,586,906.00","1,095,948.00","562,938.00","533,010.00","706,138.00","263,716.00","86,201.00"
VALLE D'AOSTA,AOSTA,Caccia,30.55%,3,"101,990.00","50,017.00","51,973.00","31,153.00","16,075.00","15,078.00","22,658.00","4,554.00","1,757.00"
,,Carriere dei magistrati,30.46%,4,"101,990.00","50,017.00","51,973.00","31,067.00","16,051.00","15,016.00","22,428.00","3,280.00","3,007.00"
,,Incarichi extragiudiziari dei magistrati,30.49%,6,"101,990.00","50,017.00","51,973.00","31,101.00","16,068.00","15,033.00","23,109.00","2,872.00","2,774.00"
,,Ministero per le politiche agricole,30.39%,7,"101,990.00","50,017.00","51,973.00","30,993.00","16,007.00","14,986.00","19,012.00","6,792.00","2,824.00"
,,Obiezione di coscienza,30.61%,2,"101,990.00","50,017.00","51,973.00","31,220.00","16,112.00","15,108.00","20,523.00","6,182.00","2,260.00"
,,Ordine dei giornalisti,30.29%,5,"101,990.00","50,017.00","51,973.00","30,893.00","15,947.00","14,946.00","16,979.00","8,022.00","3,472.00"
,,Privatizzazione,30.38%,1,"101,990.00","50,017.00","51,973.00","30,986.00","16,022.00","14,964.00","19,849.00","5,585.00","3,120.00"
,AOSTA Total,,30.45%,28,"713,930.00","350,119.00","363,811.00","217,413.00","112,282.00","105,131.00","144,558.00","37,287.00","19,214.00"
VALLE D'AOSTA Total,,,30.45%,28,"713,930.00","350,119.00","363,811.00","217,413.00","112,282.00","105,131.00","144,558.00","37,287.00","19,214.00"
VENETO,BELLUNO,Caccia,28.50%,3,"197,933.00","94,258.00","103,675.00","56,420.00","28,733.00","27,687.00","43,880.00","9,472.00","2,133.00"
,,Carriere dei magistrati,28.44%,4,"197,933.00","94,258.00","103,675.00","56,297.00","28,739.00","27,558.00","45,191.00","5,806.00","3,979.00"
,,Incarichi extragiudiziari dei magistrati,28.48%,6,"197,933.00","94,258.00","103,675.00","56,366.00","28,776.00","27,590.00","46,189.00","5,424.00","3,508.00"
,,Ministero per le politiche agricole,28.33%,7,"197,933.00","94,258.00","103,675.00","56,080.00","28,613.00","27,467.00","38,097.00","12,890.00","3,831.00"
,,Obiezione di coscienza,28.57%,2,"197,933.00","94,258.00","103,675.00","56,554.00","28,837.00","27,717.00","38,007.00","14,228.00","2,957.00"
,,Ordine dei giornalisti,28.29%,5,"197,933.00","94,258.00","103,675.00","55,987.00","28,557.00","27,430.00","34,019.00","15,486.00","5,036.00"
,,Privatizzazione,28.39%,1,"197,933.00","94,258.00","103,675.00","56,186.00","28,684.00","27,502.00","40,230.00","10,425.00","4,203.00"
,BELLUNO Total,,28.43%,28,"1,385,531.00","659,806.00","725,725.00","393,890.00","200,939.00","192,951.00","285,613.00","73,731.00","25,647.00"
,PADOVA,Caccia,44.40%,3,"710,361.00","341,546.00","368,815.00","315,400.00","157,799.00","157,601.00","245,211.00","48,702.00","13,987.00"
,,Carriere dei magistrati,44.16%,4,"710,361.00","341,546.00","368,815.00","313,690.00","157,130.00","156,560.00","242,124.00","37,297.00","24,524.00"
,,Incarichi extragiudiziari dei magistrati,43.92%,6,"710,361.00","341,546.00","368,815.00","311,965.00","156,238.00","155,727.00","249,617.00","33,928.00","22,325.00"
,,Ministero per le politiche agricole,44.01%,7,"710,361.00","341,546.00","368,815.00","312,605.00","156,534.00","156,071.00","203,946.00","77,070.00","23,065.00"
,,Obiezione di coscienza,44.33%,2,"710,361.00","341,546.00","368,815.00","314,918.00","157,666.00","157,252.00","210,968.00","77,845.00","18,648.00"
,,Ordine dei giornalisti,43.97%,5,"710,361.00","341,546.00","368,815.00","312,372.00","156,435.00","155,937.00","182,799.00","92,718.00","27,754.00"
,,Privatizzazione,44.11%,1,"710,361.00","341,546.00","368,815.00","313,350.00","156,932.00","156,418.00","219,938.00","59,828.00","24,134.00"
,PADOVA Total,,44.13%,28,"4,972,527.00","2,390,822.00","2,581,705.00","2,194,300.00","1,098,734.00","1,095,566.00","1,554,603.00","427,388.00","154,437.00"
,ROVIGO,Caccia,39.99%,3,"211,472.00","101,088.00","110,384.00","84,558.00","42,831.00","41,727.00","60,445.00","15,067.00","6,620.00"
,,Carriere dei magistrati,39.92%,4,"211,472.00","101,088.00","110,384.00","84,424.00","42,812.00","41,612.00","59,751.00","11,350.00","9,913.00"
,,Incarichi extragiudiziari dei magistrati,39.96%,6,"211,472.00","101,088.00","110,384.00","84,506.00","42,883.00","41,623.00","61,734.00","10,393.00","9,505.00"
,,Ministero per le politiche agricole,39.81%,7,"211,472.00","101,088.00","110,384.00","84,178.00","42,663.00","41,515.00","49,111.00","22,253.00","9,944.00"
,,Obiezione di coscienza,39.97%,2,"211,472.00","101,088.00","110,384.00","84,533.00","42,880.00","41,653.00","52,865.00","21,133.00","8,036.00"
,,Ordine dei giornalisti,39.81%,5,"211,472.00","101,088.00","110,384.00","84,195.00","42,689.00","41,506.00","46,795.00","23,203.00","10,765.00"
,,Privatizzazione,39.89%,1,"211,472.00","101,088.00","110,384.00","84,356.00","42,777.00","41,579.00","54,687.00","16,944.00","9,649.00"
,ROVIGO Total,,39.91%,28,"1,480,304.00","707,616.00","772,688.00","590,750.00","299,535.00","291,215.00","385,388.00","120,343.00","64,432.00"
,TREVISO,Caccia,38.86%,3,"658,385.00","318,104.00","340,281.00","255,826.00","129,135.00","126,691.00","203,004.00","38,411.00","9,480.00"
,,Carriere dei magistrati,38.76%,4,"658,385.00","318,104.00","340,281.00","255,172.00","128,957.00","126,215.00","201,802.00","28,283.00","18,400.00"
,,Incarichi extragiudiziari dei magistrati,38.76%,6,"658,385.00","318,104.00","340,281.00","255,219.00","128,987.00","126,232.00","206,479.00","25,739.00","16,689.00"
,,Ministero per le politiche agricole,38.66%,7,"658,385.00","318,104.00","340,281.00","254,542.00","128,565.00","125,977.00","174,140.00","57,774.00","17,175.00"
,,Obiezione di coscienza,38.88%,2,"658,385.00","318,104.00","340,281.00","255,966.00","129,245.00","126,721.00","173,447.00","63,239.00","13,516.00"
,,Ordine dei giornalisti,38.60%,5,"658,385.00","318,104.00","340,281.00","254,132.00","128,321.00","125,811.00","157,451.00","67,914.00","21,777.00"
,,Privatizzazione,38.73%,1,"658,385.00","318,104.00","340,281.00","255,025.00","128,801.00","126,224.00","185,898.00","44,392.00","18,081.00"
,TREVISO Total,,38.75%,28,"4,608,695.00","2,226,728.00","2,381,967.00","1,785,882.00","902,011.00","883,871.00","1,302,221.00","325,752.00","115,118.00"
,VENEZIA,Caccia,38.85%,3,"713,128.00","342,249.00","370,879.00","277,043.00","140,010.00","137,033.00","216,543.00","42,067.00","11,230.00"
,,Carriere dei magistrati,38.64%,4,"713,128.00","342,249.00","370,879.00","275,555.00","139,341.00","136,214.00","211,282.00","35,363.00","19,398.00"
,,Incarichi extragiudiziari dei magistrati,38.71%,6,"713,128.00","342,249.00","370,879.00","276,029.00","139,576.00","136,453.00","202,472.00","29,599.00","16,234.00"
,,Ministero per le politiche agricole,38.62%,7,"713,128.00","342,249.00","370,879.00","275,437.00","139,661.00","135,776.00","180,296.00","65,778.00","19,352.00"
,,Obiezione di coscienza,38.82%,2,"713,128.00","342,249.00","370,879.00","276,842.00","139,911.00","136,931.00","187,823.00","67,040.00","14,255.00"
,,Ordine dei giornalisti,38.52%,5,"713,128.00","342,249.00","370,879.00","274,672.00","138,770.00","135,902.00","166,108.00","76,757.00","21,993.00"
,,Privatizzazione,38.61%,1,"713,128.00","342,249.00","370,879.00","275,361.00","139,235.00","136,126.00","188,715.00","57,966.00","18,957.00"
,VENEZIA Total,,38.68%,28,"4,991,896.00","2,395,743.00","2,596,153.00","1,930,939.00","976,504.00","954,435.00","1,353,239.00","374,570.00","121,419.00"
,VERONA,Caccia,38.75%,3,"670,664.00","322,090.00","348,574.00","259,854.00","129,629.00","130,225.00","201,092.00","41,493.00","12,133.00"
,,Carriere dei magistrati,38.68%,4,"670,664.00","322,090.00","348,574.00","259,386.00","129,593.00","129,793.00","204,539.00","28,663.00","19,594.00"
,,Incarichi extragiudiziari dei magistrati,38.73%,6,"670,664.00","322,090.00","348,574.00","259,715.00","129,775.00","129,940.00","209,767.00","25,652.00","17,284.00"
,,Ministero per le politiche agricole,38.53%,7,"670,664.00","322,090.00","348,574.00","258,403.00","129,034.00","129,369.00","170,924.00","61,423.00","19,561.00"
,,Obiezione di coscienza,38.81%,2,"670,664.00","322,090.00","348,574.00","260,317.00","130,011.00","130,306.00","178,071.00","62,019.00","14,762.00"
,,Ordine dei giornalisti,38.65%,5,"670,664.00","322,090.00","348,574.00","259,187.00","129,921.00","129,266.00","160,076.00","68,924.00","22,361.00"
,,Privatizzazione,38.65%,1,"670,664.00","322,090.00","348,574.00","259,243.00","129,528.00","129,715.00","186,485.00","46,587.00","19,359.00"
,VERONA Total,,38.68%,28,"4,694,648.00","2,254,630.00","2,440,018.00","1,816,105.00","907,491.00","908,614.00","1,310,954.00","334,761.00","125,054.00"
,VICENZA,Caccia,34.44%,3,"646,362.00","312,301.00","334,061.00","222,587.00","111,188.00","111,399.00","162,183.00","45,216.00","9,960.00"
,,Carriere dei magistrati,34.55%,4,"646,362.00","312,301.00","334,061.00","223,288.00","111,799.00","111,489.00","175,964.00","24,126.00","16,736.00"
,,Incarichi extragiudiziari dei magistrati,34.59%,6,"646,362.00","312,301.00","334,061.00","223,562.00","111,906.00","111,656.00","180,330.00","22,196.00","14,934.00"
,,Ministero per le politiche agricole,34.51%,7,"646,362.00","312,301.00","334,061.00","223,044.00","111,153.00","111,891.00","147,770.00","51,620.00","16,283.00"
,,Obiezione di coscienza,34.68%,2,"646,362.00","312,301.00","334,061.00","224,145.00","112,108.00","112,037.00","150,516.00","55,576.00","12,380.00"
,,Ordine dei giornalisti,34.35%,5,"646,362.00","312,301.00","334,061.00","222,023.00","110,997.00","111,026.00","134,599.00","60,796.00","20,292.00"
,,Privatizzazione,34.48%,1,"646,362.00","312,301.00","334,061.00","222,840.00","111,582.00","111,258.00","159,614.00","39,687.00","16,924.00"
,VICENZA Total,,34.51%,28,"4,524,534.00","2,186,107.00","2,338,427.00","1,561,489.00","780,733.00","780,756.00","1,110,976.00","299,217.00","107,509.00"
VENETO Total,,,38.54%,196,"26,658,135.00","12,821,452.00","13,836,683.00","10,273,355.00","5,165,947.00","5,107,408.00","7,302,994.00","1,955,762.00","713,616.00"
Grand Total,,,30.16%,2884,"343,380,870.00","165,240,999.00","178,139,871.00","103,551,161.00","52,596,160.00","50,955,001.00","68,895,948.00","22,340,828.00","8,540,293.00"