REGIONE,PROVINCIA,QUESITO,SUM of ELETTORI_TOT,SUM of ELETTORI_M,SUM of ELETTORI_F,SUM of VOTANTI,SUM of VOTANTI_M,SUM of VOTANTI_F,SUM of VOTI_SI,SUM of VOTI_NO,SUM of SKBIANCHE,AFFLUENZA
ABRUZZO,Chieti,PROCREAZIONE MEDICALMENTE ASSISTITA. Divieto di fecondazione eterologa. Abrogazione parziale,"322,286.00","155,152.00","167,134.00","71,332.00","35,742.00","35,590.00","51,077.00","15,519.00","3,415.00",22.13%
,,PROCREAZIONE MEDICALMENTE ASSISTITA. Limite alla ricerca clinica e sperimentale sugli embrioni. Abrogazione parziale.,"322,286.00","155,152.00","167,134.00","71,382.00","35,768.00","35,614.00","58,528.00","8,621.00","3,108.00",22.15%
,,PROCREAZIONE MEDICALMENTE ASSISTITA. Norme sui limiti all'accesso. Abrogazione parziale,"322,286.00","155,152.00","167,134.00","71,360.00","35,763.00","35,597.00","58,647.00","8,225.00","3,289.00",22.14%
,,"PROCREAZIONE MEDICALMENTE ASSISTITA. Norme sulle finalita', sui diritti dei soggetti coinvolti e sui limiti all'accesso. Abrogazione parziale","322,286.00","155,152.00","167,134.00","71,363.00","35,760.00","35,603.00","57,894.00","8,827.00","3,406.00",22.14%
,Chieti Total,,"1,289,144.00","620,608.00","668,536.00","285,437.00","143,033.00","142,404.00","226,146.00","41,192.00","13,218.00",22.14%
,L'Aquila,PROCREAZIONE MEDICALMENTE ASSISTITA. Divieto di fecondazione eterologa. Abrogazione parziale,"249,138.00","120,020.00","129,118.00","61,097.00","29,492.00","31,605.00","45,659.00","12,147.00","2,379.00",24.52%
,,PROCREAZIONE MEDICALMENTE ASSISTITA. Limite alla ricerca clinica e sperimentale sugli embrioni. Abrogazione parziale.,"249,138.00","120,020.00","129,118.00","61,155.00","29,531.00","31,624.00","52,163.00","6,127.00","2,052.00",24.55%
,,PROCREAZIONE MEDICALMENTE ASSISTITA. Norme sui limiti all'accesso. Abrogazione parziale,"249,138.00","120,020.00","129,118.00","61,122.00","29,502.00","31,620.00","52,417.00","5,722.00","2,159.00",24.53%
,,"PROCREAZIONE MEDICALMENTE ASSISTITA. Norme sulle finalita', sui diritti dei soggetti coinvolti e sui limiti all'accesso. Abrogazione parziale","249,138.00","120,020.00","129,118.00","61,144.00","29,522.00","31,622.00","51,710.00","6,303.00","2,292.00",24.54%
,L'Aquila Total,,"996,552.00","480,080.00","516,472.00","244,518.00","118,047.00","126,471.00","201,949.00","30,299.00","8,882.00",24.54%
,Pescara,PROCREAZIONE MEDICALMENTE ASSISTITA. Divieto di fecondazione eterologa. Abrogazione parziale,"251,682.00","120,240.00","131,442.00","60,837.00","29,416.00","31,421.00","44,226.00","13,150.00","2,493.00",24.17%
,,PROCREAZIONE MEDICALMENTE ASSISTITA. Limite alla ricerca clinica e sperimentale sugli embrioni. Abrogazione parziale.,"251,682.00","120,240.00","131,442.00","60,877.00","29,444.00","31,433.00","50,941.00","6,745.00","2,184.00",24.19%
,,PROCREAZIONE MEDICALMENTE ASSISTITA. Norme sui limiti all'accesso. Abrogazione parziale,"251,682.00","120,240.00","131,442.00","60,870.00","29,439.00","31,431.00","51,266.00","6,363.00","2,326.00",24.19%
,,"PROCREAZIONE MEDICALMENTE ASSISTITA. Norme sulle finalita', sui diritti dei soggetti coinvolti e sui limiti all'accesso. Abrogazione parziale","251,682.00","120,240.00","131,442.00","60,861.00","29,433.00","31,428.00","50,421.00","7,089.00","2,415.00",24.18%
,Pescara Total,,"1,006,728.00","480,960.00","525,768.00","243,445.00","117,732.00","125,713.00","196,854.00","33,347.00","9,418.00",24.18%
,Teramo,PROCREAZIONE MEDICALMENTE ASSISTITA. Divieto di fecondazione eterologa. Abrogazione parziale,"240,988.00","116,991.00","123,997.00","51,995.00","25,614.00","26,381.00","37,612.00","10,959.00","2,576.00",21.58%
,,PROCREAZIONE MEDICALMENTE ASSISTITA. Limite alla ricerca clinica e sperimentale sugli embrioni. Abrogazione parziale.,"240,988.00","116,991.00","123,997.00","52,026.00","25,631.00","26,395.00","42,699.00","6,179.00","2,350.00",21.59%
,,PROCREAZIONE MEDICALMENTE ASSISTITA. Norme sui limiti all'accesso. Abrogazione parziale,"240,988.00","116,991.00","123,997.00","52,104.00","25,619.00","26,485.00","42,726.00","5,921.00","2,445.00",21.62%
,,"PROCREAZIONE MEDICALMENTE ASSISTITA. Norme sulle finalita', sui diritti dei soggetti coinvolti e sui limiti all'accesso. Abrogazione parziale","240,988.00","116,991.00","123,997.00","52,006.00","25,620.00","26,386.00","42,270.00","6,415.00","2,546.00",21.58%
,Teramo Total,,"963,952.00","467,964.00","495,988.00","208,131.00","102,484.00","105,647.00","165,307.00","29,474.00","9,917.00",21.59%
ABRUZZO Total,,,"4,256,376.00","2,049,612.00","2,206,764.00","981,531.00","481,296.00","500,235.00","790,256.00","134,312.00","41,435.00",23.06%
BASILICATA,Matera,PROCREAZIONE MEDICALMENTE ASSISTITA. Divieto di fecondazione eterologa. Abrogazione parziale,"163,406.00","79,443.00","83,963.00","25,652.00","13,095.00","12,557.00","18,918.00","5,330.00",925.00,15.70%
,,PROCREAZIONE MEDICALMENTE ASSISTITA. Limite alla ricerca clinica e sperimentale sugli embrioni. Abrogazione parziale.,"163,406.00","79,443.00","83,963.00","25,675.00","13,096.00","12,579.00","21,968.00","2,485.00",764.00,15.71%
,,PROCREAZIONE MEDICALMENTE ASSISTITA. Norme sui limiti all'accesso. Abrogazione parziale,"163,406.00","79,443.00","83,963.00","25,673.00","13,098.00","12,575.00","22,026.00","2,386.00",810.00,15.71%
,,"PROCREAZIONE MEDICALMENTE ASSISTITA. Norme sulle finalita', sui diritti dei soggetti coinvolti e sui limiti all'accesso. Abrogazione parziale","163,406.00","79,443.00","83,963.00","25,672.00","13,097.00","12,575.00","21,782.00","2,563.00",879.00,15.71%
,Matera Total,,"653,624.00","317,772.00","335,852.00","102,672.00","52,386.00","50,286.00","84,694.00","12,764.00","3,378.00",15.71%
,Potenza,PROCREAZIONE MEDICALMENTE ASSISTITA. Divieto di fecondazione eterologa. Abrogazione parziale,"316,039.00","153,580.00","162,459.00","50,972.00","25,789.00","25,183.00","35,925.00","9,634.00","2,525.00",16.13%
,,PROCREAZIONE MEDICALMENTE ASSISTITA. Limite alla ricerca clinica e sperimentale sugli embrioni. Abrogazione parziale.,"316,039.00","153,580.00","162,459.00","50,993.00","25,791.00","25,202.00","40,094.00","5,611.00","2,327.00",16.14%
,,PROCREAZIONE MEDICALMENTE ASSISTITA. Norme sui limiti all'accesso. Abrogazione parziale,"316,039.00","153,580.00","162,459.00","50,980.00","25,789.00","25,191.00","40,864.00","5,510.00","2,503.00",16.13%
,,"PROCREAZIONE MEDICALMENTE ASSISTITA. Norme sulle finalita', sui diritti dei soggetti coinvolti e sui limiti all'accesso. Abrogazione parziale","316,039.00","153,580.00","162,459.00","50,982.00","25,790.00","25,192.00","39,826.00","5,559.00","2,623.00",16.13%
,Potenza Total,,"1,264,156.00","614,320.00","649,836.00","203,927.00","103,159.00","100,768.00","156,709.00","26,314.00","9,978.00",16.13%
BASILICATA Total,,,"1,917,780.00","932,092.00","985,688.00","306,599.00","155,545.00","151,054.00","241,403.00","39,078.00","13,356.00",15.99%
CALABRIA,Catanzaro,PROCREAZIONE MEDICALMENTE ASSISTITA. Divieto di fecondazione eterologa. Abrogazione parziale,"293,256.00","140,968.00","152,288.00","40,973.00","21,025.00","19,948.00","29,866.00","8,340.00","1,944.00",13.97%
,,PROCREAZIONE MEDICALMENTE ASSISTITA. Limite alla ricerca clinica e sperimentale sugli embrioni. Abrogazione parziale.,"293,256.00","140,968.00","152,288.00","40,903.00","21,055.00","19,848.00","34,237.00","4,244.00","1,725.00",13.95%
,,PROCREAZIONE MEDICALMENTE ASSISTITA. Norme sui limiti all'accesso. Abrogazione parziale,"293,256.00","140,968.00","152,288.00","40,948.00","21,050.00","19,898.00","34,441.00","3,956.00","1,826.00",13.96%
,,"PROCREAZIONE MEDICALMENTE ASSISTITA. Norme sulle finalita', sui diritti dei soggetti coinvolti e sui limiti all'accesso. Abrogazione parziale","293,256.00","140,968.00","152,288.00","40,949.00","21,049.00","19,900.00","33,826.00","4,440.00","1,935.00",13.96%
,Catanzaro Total,,"1,173,024.00","563,872.00","609,152.00","163,773.00","84,179.00","79,594.00","132,370.00","20,980.00","7,430.00",13.96%
,Cosenza,PROCREAZIONE MEDICALMENTE ASSISTITA. Divieto di fecondazione eterologa. Abrogazione parziale,"590,686.00","286,671.00","304,015.00","82,979.00","42,481.00","40,498.00","60,510.00","16,605.00","4,140.00",14.05%
,,PROCREAZIONE MEDICALMENTE ASSISTITA. Limite alla ricerca clinica e sperimentale sugli embrioni. Abrogazione parziale.,"590,686.00","286,671.00","304,015.00","83,038.00","42,522.00","40,516.00","68,989.00","8,823.00","3,622.00",14.06%
,,PROCREAZIONE MEDICALMENTE ASSISTITA. Norme sui limiti all'accesso. Abrogazione parziale,"590,686.00","286,671.00","304,015.00","83,902.00","42,806.00","41,096.00","69,214.00","8,389.00","3,847.00",14.20%
,,"PROCREAZIONE MEDICALMENTE ASSISTITA. Norme sulle finalita', sui diritti dei soggetti coinvolti e sui limiti all'accesso. Abrogazione parziale","590,686.00","286,671.00","304,015.00","83,012.00","42,500.00","40,512.00","68,419.00","8,930.00","4,119.00",14.05%
,Cosenza Total,,"2,362,744.00","1,146,684.00","1,216,060.00","332,931.00","170,309.00","162,622.00","267,132.00","42,747.00","15,728.00",14.09%
,Crotone,PROCREAZIONE MEDICALMENTE ASSISTITA. Divieto di fecondazione eterologa. Abrogazione parziale,"133,098.00","64,335.00","68,763.00","14,288.00","7,446.00","6,842.00","10,885.00","2,609.00",600.00,10.73%
,,PROCREAZIONE MEDICALMENTE ASSISTITA. Limite alla ricerca clinica e sperimentale sugli embrioni. Abrogazione parziale.,"133,098.00","64,335.00","68,763.00","14,294.00","7,457.00","6,837.00","12,197.00","1,389.00",523.00,10.74%
,,PROCREAZIONE MEDICALMENTE ASSISTITA. Norme sui limiti all'accesso. Abrogazione parziale,"133,098.00","64,335.00","68,763.00","14,293.00","7,459.00","6,834.00","12,306.00","1,258.00",558.00,10.74%
,,"PROCREAZIONE MEDICALMENTE ASSISTITA. Norme sulle finalita', sui diritti dei soggetti coinvolti e sui limiti all'accesso. Abrogazione parziale","133,098.00","64,335.00","68,763.00","14,294.00","7,460.00","6,834.00","12,143.00","1,403.00",566.00,10.74%
,Crotone Total,,"532,392.00","257,340.00","275,052.00","57,169.00","29,822.00","27,347.00","47,531.00","6,659.00","2,247.00",10.74%
,Reggio di Calabria,PROCREAZIONE MEDICALMENTE ASSISTITA. Divieto di fecondazione eterologa. Abrogazione parziale,"430,538.00","205,725.00","224,813.00","49,607.00","25,217.00","24,390.00","34,873.00","10,772.00","2,072.00",11.52%
,,PROCREAZIONE MEDICALMENTE ASSISTITA. Limite alla ricerca clinica e sperimentale sugli embrioni. Abrogazione parziale.,"430,538.00","205,725.00","224,813.00","49,679.00","25,260.00","24,419.00","40,544.00","5,203.00","1,860.00",11.54%
,,PROCREAZIONE MEDICALMENTE ASSISTITA. Norme sui limiti all'accesso. Abrogazione parziale,"430,538.00","205,725.00","224,813.00","50,347.00","25,600.00","24,747.00","40,935.00","4,953.00","1,944.00",11.69%
,,"PROCREAZIONE MEDICALMENTE ASSISTITA. Norme sulle finalita', sui diritti dei soggetti coinvolti e sui limiti all'accesso. Abrogazione parziale","430,538.00","205,725.00","224,813.00","49,682.00","25,254.00","24,428.00","40,285.00","5,510.00","2,027.00",11.54%
,Reggio di Calabria Total,,"1,722,152.00","822,900.00","899,252.00","199,315.00","101,331.00","97,984.00","156,637.00","26,438.00","7,903.00",11.57%
,Vibo Valentia,PROCREAZIONE MEDICALMENTE ASSISTITA. Divieto di fecondazione eterologa. Abrogazione parziale,"132,721.00","64,670.00","68,051.00","14,111.00","7,531.00","6,580.00","9,941.00","3,021.00",896.00,10.63%
,,PROCREAZIONE MEDICALMENTE ASSISTITA. Limite alla ricerca clinica e sperimentale sugli embrioni. Abrogazione parziale.,"132,721.00","64,670.00","68,051.00","14,140.00","7,550.00","6,590.00","11,551.00","1,553.00",731.00,10.65%
,,PROCREAZIONE MEDICALMENTE ASSISTITA. Norme sui limiti all'accesso. Abrogazione parziale,"132,721.00","64,670.00","68,051.00","14,332.00","7,641.00","6,691.00","11,603.00","1,456.00",810.00,10.80%
,,"PROCREAZIONE MEDICALMENTE ASSISTITA. Norme sulle finalita', sui diritti dei soggetti coinvolti e sui limiti all'accesso. Abrogazione parziale","132,721.00","64,670.00","68,051.00","14,134.00","7,544.00","6,590.00","11,442.00","1,560.00",851.00,10.65%
,Vibo Valentia Total,,"530,884.00","258,680.00","272,204.00","56,717.00","30,266.00","26,451.00","44,537.00","7,590.00","3,288.00",10.68%
CALABRIA Total,,,"6,321,196.00","3,049,476.00","3,271,720.00","809,905.00","415,907.00","393,998.00","648,207.00","104,414.00","36,596.00",12.81%
CAMPANIA,Avellino,PROCREAZIONE MEDICALMENTE ASSISTITA. Divieto di fecondazione eterologa. Abrogazione parziale,"348,790.00","168,959.00","179,831.00","57,204.00","28,730.00","28,474.00","41,204.00","12,289.00","2,758.00",16.40%
,,PROCREAZIONE MEDICALMENTE ASSISTITA. Limite alla ricerca clinica e sperimentale sugli embrioni. Abrogazione parziale.,"348,790.00","168,959.00","179,831.00","57,264.00","28,762.00","28,502.00","47,751.00","6,319.00","2,393.00",16.42%
,,PROCREAZIONE MEDICALMENTE ASSISTITA. Norme sui limiti all'accesso. Abrogazione parziale,"348,790.00","168,959.00","179,831.00","57,238.00","28,749.00","28,489.00","47,822.00","6,069.00","2,538.00",16.41%
,,"PROCREAZIONE MEDICALMENTE ASSISTITA. Norme sulle finalita', sui diritti dei soggetti coinvolti e sui limiti all'accesso. Abrogazione parziale","348,790.00","168,959.00","179,831.00","57,244.00","28,749.00","28,495.00","47,023.00","6,679.00","2,687.00",16.41%
,Avellino Total,,"1,395,160.00","675,836.00","719,324.00","228,950.00","114,990.00","113,960.00","183,800.00","31,356.00","10,376.00",16.41%
,Benevento,PROCREAZIONE MEDICALMENTE ASSISTITA. Divieto di fecondazione eterologa. Abrogazione parziale,"232,869.00","111,826.00","121,043.00","32,876.00","16,498.00","16,378.00","23,028.00","7,371.00","1,755.00",14.12%
,,PROCREAZIONE MEDICALMENTE ASSISTITA. Limite alla ricerca clinica e sperimentale sugli embrioni. Abrogazione parziale.,"232,869.00","111,826.00","121,043.00","32,903.00","16,515.00","16,388.00","26,697.00","4,001.00","1,570.00",14.13%
,,PROCREAZIONE MEDICALMENTE ASSISTITA. Norme sui limiti all'accesso. Abrogazione parziale,"232,869.00","111,826.00","121,043.00","32,897.00","16,513.00","16,384.00","26,733.00","3,775.00","1,702.00",14.13%
,,"PROCREAZIONE MEDICALMENTE ASSISTITA. Norme sulle finalita', sui diritti dei soggetti coinvolti e sui limiti all'accesso. Abrogazione parziale","232,869.00","111,826.00","121,043.00","32,887.00","16,504.00","16,383.00","26,228.00","4,226.00","1,768.00",14.12%
,Benevento Total,,"931,476.00","447,304.00","484,172.00","131,563.00","66,030.00","65,533.00","102,686.00","19,373.00","6,795.00",14.12%
,Caserta,PROCREAZIONE MEDICALMENTE ASSISTITA. Divieto di fecondazione eterologa. Abrogazione parziale,"677,709.00","326,247.00","351,462.00","84,723.00","42,658.00","42,065.00","60,075.00","19,326.00","3,832.00",12.50%
,,PROCREAZIONE MEDICALMENTE ASSISTITA. Limite alla ricerca clinica e sperimentale sugli embrioni. Abrogazione parziale.,"677,709.00","326,247.00","351,462.00","84,762.00","42,672.00","42,090.00","68,008.00","10,014.00","3,392.00",12.51%
,,PROCREAZIONE MEDICALMENTE ASSISTITA. Norme sui limiti all'accesso. Abrogazione parziale,"677,709.00","326,247.00","351,462.00","84,747.00","42,673.00","42,074.00","70,302.00","9,575.00","3,564.00",12.50%
,,"PROCREAZIONE MEDICALMENTE ASSISTITA. Norme sulle finalita', sui diritti dei soggetti coinvolti e sui limiti all'accesso. Abrogazione parziale","677,709.00","326,247.00","351,462.00","84,737.00","42,666.00","42,071.00","66,510.00","10,176.00","3,788.00",12.50%
,Caserta Total,,"2,710,836.00","1,304,988.00","1,405,848.00","338,969.00","170,669.00","168,300.00","264,895.00","49,091.00","14,576.00",12.50%
,Napoli,PROCREAZIONE MEDICALMENTE ASSISTITA. Divieto di fecondazione eterologa. Abrogazione parziale,"2,414,539.00","1,155,386.00","1,259,153.00","394,023.00","192,353.00","201,670.00","297,602.00","80,876.00","9,830.00",16.32%
,,PROCREAZIONE MEDICALMENTE ASSISTITA. Limite alla ricerca clinica e sperimentale sugli embrioni. Abrogazione parziale.,"2,414,539.00","1,155,386.00","1,259,153.00","393,858.00","192,467.00","201,391.00","341,605.00","38,645.00","8,547.00",16.31%
,,PROCREAZIONE MEDICALMENTE ASSISTITA. Norme sui limiti all'accesso. Abrogazione parziale,"2,414,539.00","1,155,386.00","1,259,153.00","393,919.00","192,493.00","201,426.00","344,934.00","34,866.00","9,058.00",16.31%
,,"PROCREAZIONE MEDICALMENTE ASSISTITA. Norme sulle finalita', sui diritti dei soggetti coinvolti e sui limiti all'accesso. Abrogazione parziale","2,414,539.00","1,155,386.00","1,259,153.00","393,988.00","192,531.00","201,457.00","340,037.00","39,080.00","9,660.00",16.32%
,Napoli Total,,"9,658,156.00","4,621,544.00","5,036,612.00","1,575,788.00","769,844.00","805,944.00","1,324,178.00","193,467.00","37,095.00",16.32%
,Salerno,PROCREAZIONE MEDICALMENTE ASSISTITA. Divieto di fecondazione eterologa. Abrogazione parziale,"867,648.00","420,733.00","446,915.00","143,680.00","71,024.00","72,656.00","103,965.00","30,711.00","6,622.00",16.56%
,,PROCREAZIONE MEDICALMENTE ASSISTITA. Limite alla ricerca clinica e sperimentale sugli embrioni. Abrogazione parziale.,"867,648.00","420,733.00","446,915.00","143,760.00","71,063.00","72,697.00","118,708.00","16,812.00","6,020.00",16.57%
,,PROCREAZIONE MEDICALMENTE ASSISTITA. Norme sui limiti all'accesso. Abrogazione parziale,"867,648.00","420,733.00","446,915.00","143,551.00","70,987.00","72,564.00","119,026.00","16,266.00","6,397.00",16.54%
,,"PROCREAZIONE MEDICALMENTE ASSISTITA. Norme sulle finalita', sui diritti dei soggetti coinvolti e sui limiti all'accesso. Abrogazione parziale","867,648.00","420,733.00","446,915.00","143,754.00","71,060.00","72,694.00","117,569.00","17,326.00","6,566.00",16.57%
,Salerno Total,,"3,470,592.00","1,682,932.00","1,787,660.00","574,745.00","284,134.00","290,611.00","459,268.00","81,115.00","25,605.00",16.56%
CAMPANIA Total,,,"18,166,220.00","8,732,604.00","9,433,616.00","2,850,015.00","1,405,667.00","1,444,348.00","2,334,827.00","374,402.00","94,447.00",15.69%
EMILIA-ROMAGNA,Bologna,PROCREAZIONE MEDICALMENTE ASSISTITA. Divieto di fecondazione eterologa. Abrogazione parziale,"765,883.00","363,820.00","402,063.00","365,081.00","172,868.00","192,213.00","299,394.00","54,338.00","8,632.00",47.67%
,,PROCREAZIONE MEDICALMENTE ASSISTITA. Limite alla ricerca clinica e sperimentale sugli embrioni. Abrogazione parziale.,"765,883.00","363,820.00","402,063.00","365,391.00","173,066.00","192,325.00","331,222.00","24,274.00","7,303.00",47.71%
,,PROCREAZIONE MEDICALMENTE ASSISTITA. Norme sui limiti all'accesso. Abrogazione parziale,"765,883.00","363,820.00","402,063.00","365,379.00","173,031.00","192,348.00","333,214.00","21,988.00","7,601.00",47.71%
,,"PROCREAZIONE MEDICALMENTE ASSISTITA. Norme sulle finalita', sui diritti dei soggetti coinvolti e sui limiti all'accesso. Abrogazione parziale","765,883.00","363,820.00","402,063.00","365,181.00","173,011.00","192,170.00","330,424.00","24,213.00","8,082.00",47.68%
,Bologna Total,,"3,063,532.00","1,455,280.00","1,608,252.00","1,461,032.00","691,976.00","769,056.00","1,294,254.00","124,813.00","31,618.00",47.69%
,Ferrara,PROCREAZIONE MEDICALMENTE ASSISTITA. Divieto di fecondazione eterologa. Abrogazione parziale,"299,206.00","141,636.00","157,570.00","130,052.00","61,221.00","68,831.00","104,915.00","20,723.00","3,382.00",43.47%
,,PROCREAZIONE MEDICALMENTE ASSISTITA. Limite alla ricerca clinica e sperimentale sugli embrioni. Abrogazione parziale.,"299,206.00","141,636.00","157,570.00","130,039.00","61,176.00","68,863.00","116,026.00","10,270.00","2,882.00",43.46%
,,PROCREAZIONE MEDICALMENTE ASSISTITA. Norme sui limiti all'accesso. Abrogazione parziale,"299,206.00","141,636.00","157,570.00","130,120.00","61,260.00","68,860.00","116,369.00","9,704.00","3,117.00",43.49%
,,"PROCREAZIONE MEDICALMENTE ASSISTITA. Norme sulle finalita', sui diritti dei soggetti coinvolti e sui limiti all'accesso. Abrogazione parziale","299,206.00","141,636.00","157,570.00","130,113.00","61,257.00","68,856.00","115,142.00","10,837.00","3,308.00",43.49%
,Ferrara Total,,"1,196,824.00","566,544.00","630,280.00","520,324.00","244,914.00","275,410.00","452,452.00","51,534.00","12,689.00",43.48%
,Forlì -Cesena,PROCREAZIONE MEDICALMENTE ASSISTITA. Divieto di fecondazione eterologa. Abrogazione parziale,"301,260.00","144,878.00","156,382.00","112,560.00","54,406.00","58,154.00","88,853.00","20,005.00","2,653.00",37.36%
,,PROCREAZIONE MEDICALMENTE ASSISTITA. Limite alla ricerca clinica e sperimentale sugli embrioni. Abrogazione parziale.,"301,260.00","144,878.00","156,382.00","112,647.00","54,506.00","58,141.00","99,860.00","9,670.00","2,187.00",37.39%
,,PROCREAZIONE MEDICALMENTE ASSISTITA. Norme sui limiti all'accesso. Abrogazione parziale,"301,260.00","144,878.00","156,382.00","112,635.00","54,500.00","58,135.00","100,028.00","9,197.00","2,413.00",37.39%
,,"PROCREAZIONE MEDICALMENTE ASSISTITA. Norme sulle finalita', sui diritti dei soggetti coinvolti e sui limiti all'accesso. Abrogazione parziale","301,260.00","144,878.00","156,382.00","112,615.00","54,449.00","58,166.00","98,866.00","10,143.00","2,559.00",37.38%
,Forlì -Cesena Total,,"1,205,040.00","579,512.00","625,528.00","450,457.00","217,861.00","232,596.00","387,607.00","49,015.00","9,812.00",37.38%
,Modena,PROCREAZIONE MEDICALMENTE ASSISTITA. Divieto di fecondazione eterologa. Abrogazione parziale,"518,432.00","249,485.00","268,947.00","221,374.00","105,810.00","115,564.00","177,686.00","35,955.00","6,033.00",42.70%
,,PROCREAZIONE MEDICALMENTE ASSISTITA. Limite alla ricerca clinica e sperimentale sugli embrioni. Abrogazione parziale.,"518,432.00","249,485.00","268,947.00","221,533.00","105,880.00","115,653.00","196,779.00","18,021.00","5,152.00",42.73%
,,PROCREAZIONE MEDICALMENTE ASSISTITA. Norme sui limiti all'accesso. Abrogazione parziale,"518,432.00","249,485.00","268,947.00","221,421.00","105,902.00","115,519.00","197,475.00","16,728.00","5,445.00",42.71%
,,"PROCREAZIONE MEDICALMENTE ASSISTITA. Norme sulle finalita', sui diritti dei soggetti coinvolti e sui limiti all'accesso. Abrogazione parziale","518,432.00","249,485.00","268,947.00","221,498.00","105,894.00","115,604.00","195,107.00","18,312.00","5,865.00",42.72%
,Modena Total,,"2,073,728.00","997,940.00","1,075,788.00","885,826.00","423,486.00","462,340.00","767,047.00","89,016.00","22,495.00",42.72%
,Parma,PROCREAZIONE MEDICALMENTE ASSISTITA. Divieto di fecondazione eterologa. Abrogazione parziale,"333,533.00","159,466.00","174,067.00","119,560.00","57,579.00","61,981.00","91,033.00","24,192.00","3,327.00",35.85%
,,PROCREAZIONE MEDICALMENTE ASSISTITA. Limite alla ricerca clinica e sperimentale sugli embrioni. Abrogazione parziale.,"333,533.00","159,466.00","174,067.00","119,694.00","57,651.00","62,043.00","105,056.00","10,999.00","2,601.00",35.89%
,,PROCREAZIONE MEDICALMENTE ASSISTITA. Norme sui limiti all'accesso. Abrogazione parziale,"333,533.00","159,466.00","174,067.00","119,654.00","57,637.00","62,017.00","105,179.00","10,603.00","2,842.00",35.87%
,,"PROCREAZIONE MEDICALMENTE ASSISTITA. Norme sulle finalita', sui diritti dei soggetti coinvolti e sui limiti all'accesso. Abrogazione parziale","333,533.00","159,466.00","174,067.00","119,532.00","57,619.00","61,913.00","103,602.00","11,867.00","3,140.00",35.84%
,Parma Total,,"1,334,132.00","637,864.00","696,268.00","478,440.00","230,486.00","247,954.00","404,870.00","57,661.00","11,910.00",35.86%
,Piacenza,PROCREAZIONE MEDICALMENTE ASSISTITA. Divieto di fecondazione eterologa. Abrogazione parziale,"216,151.00","103,286.00","112,865.00","62,432.00","30,083.00","32,349.00","45,579.00","13,770.00","2,303.00",28.88%
,,PROCREAZIONE MEDICALMENTE ASSISTITA. Limite alla ricerca clinica e sperimentale sugli embrioni. Abrogazione parziale.,"216,151.00","103,286.00","112,865.00","62,493.00","30,128.00","32,365.00","52,685.00","7,051.00","1,978.00",28.91%
,,PROCREAZIONE MEDICALMENTE ASSISTITA. Norme sui limiti all'accesso. Abrogazione parziale,"216,151.00","103,286.00","112,865.00","62,477.00","30,119.00","32,358.00","52,508.00","6,924.00","2,175.00",28.90%
,,"PROCREAZIONE MEDICALMENTE ASSISTITA. Norme sulle finalita', sui diritti dei soggetti coinvolti e sui limiti all'accesso. Abrogazione parziale","216,151.00","103,286.00","112,865.00","62,468.00","30,116.00","32,352.00","51,805.00","7,541.00","2,290.00",28.90%
,Piacenza Total,,"864,604.00","413,144.00","451,460.00","249,870.00","120,446.00","129,424.00","202,577.00","35,286.00","8,746.00",28.90%
,Ravenna,PROCREAZIONE MEDICALMENTE ASSISTITA. Divieto di fecondazione eterologa. Abrogazione parziale,"299,502.00","143,234.00","156,268.00","134,589.00","63,799.00","70,790.00","110,379.00","19,876.00","3,346.00",44.94%
,,PROCREAZIONE MEDICALMENTE ASSISTITA. Limite alla ricerca clinica e sperimentale sugli embrioni. Abrogazione parziale.,"299,502.00","143,234.00","156,268.00","134,603.00","63,872.00","70,731.00","122,217.00","8,957.00","2,620.00",44.94%
,,PROCREAZIONE MEDICALMENTE ASSISTITA. Norme sui limiti all'accesso. Abrogazione parziale,"299,502.00","143,234.00","156,268.00","134,696.00","63,864.00","70,832.00","122,425.00","8,563.00","2,851.00",44.97%
,,"PROCREAZIONE MEDICALMENTE ASSISTITA. Norme sulle finalita', sui diritti dei soggetti coinvolti e sui limiti all'accesso. Abrogazione parziale","299,502.00","143,234.00","156,268.00","134,666.00","63,851.00","70,815.00","121,250.00","9,407.00","3,085.00",44.96%
,Ravenna Total,,"1,198,008.00","572,936.00","625,072.00","538,554.00","255,386.00","283,168.00","476,271.00","46,803.00","11,902.00",44.95%
,Reggio nell'Emilia,PROCREAZIONE MEDICALMENTE ASSISTITA. Divieto di fecondazione eterologa. Abrogazione parziale,"378,896.00","183,339.00","195,557.00","166,953.00","80,461.00","86,492.00","134,874.00","26,422.00","4,440.00",44.06%
,,PROCREAZIONE MEDICALMENTE ASSISTITA. Limite alla ricerca clinica e sperimentale sugli embrioni. Abrogazione parziale.,"378,896.00","183,339.00","195,557.00","166,994.00","80,447.00","86,547.00","149,550.00","12,849.00","3,692.00",44.07%
,,PROCREAZIONE MEDICALMENTE ASSISTITA. Norme sui limiti all'accesso. Abrogazione parziale,"378,896.00","183,339.00","195,557.00","166,973.00","80,428.00","86,545.00","150,048.00","11,822.00","3,987.00",44.07%
,,"PROCREAZIONE MEDICALMENTE ASSISTITA. Norme sulle finalita', sui diritti dei soggetti coinvolti e sui limiti all'accesso. Abrogazione parziale","378,896.00","183,339.00","195,557.00","166,957.00","80,420.00","86,537.00","148,818.00","12,990.00","4,186.00",44.06%
,Reggio nell'Emilia Total,,"1,515,584.00","733,356.00","782,228.00","667,877.00","321,756.00","346,121.00","583,290.00","64,083.00","16,305.00",44.07%
,Rimini,PROCREAZIONE MEDICALMENTE ASSISTITA. Divieto di fecondazione eterologa. Abrogazione parziale,"229,874.00","110,674.00","119,200.00","79,121.00","38,336.00","40,785.00","61,466.00","15,022.00","1,982.00",34.42%
,,PROCREAZIONE MEDICALMENTE ASSISTITA. Limite alla ricerca clinica e sperimentale sugli embrioni. Abrogazione parziale.,"229,874.00","110,674.00","119,200.00","79,194.00","38,380.00","40,814.00","69,863.00","6,999.00","1,701.00",34.45%
,,PROCREAZIONE MEDICALMENTE ASSISTITA. Norme sui limiti all'accesso. Abrogazione parziale,"229,874.00","110,674.00","119,200.00","79,182.00","38,379.00","40,803.00","70,245.00","6,564.00","1,765.00",34.45%
,,"PROCREAZIONE MEDICALMENTE ASSISTITA. Norme sulle finalita', sui diritti dei soggetti coinvolti e sui limiti all'accesso. Abrogazione parziale","229,874.00","110,674.00","119,200.00","79,165.00","38,361.00","40,804.00","69,195.00","7,417.00","1,913.00",34.44%
,Rimini Total,,"919,496.00","442,696.00","476,800.00","316,662.00","153,456.00","163,206.00","270,769.00","36,002.00","7,361.00",34.44%
EMILIA-ROMAGNA Total,,,"13,370,948.00","6,399,272.00","6,971,676.00","5,569,042.00","2,659,767.00","2,909,275.00","4,839,137.00","554,213.00","132,838.00",41.65%
FRIULI VENEZIA.G.,Gorizia,PROCREAZIONE MEDICALMENTE ASSISTITA. Divieto di fecondazione eterologa. Abrogazione parziale,"116,300.00","55,517.00","60,783.00","43,819.00","20,839.00","22,980.00","33,034.00","9,084.00","1,239.00",37.68%
,,PROCREAZIONE MEDICALMENTE ASSISTITA. Limite alla ricerca clinica e sperimentale sugli embrioni. Abrogazione parziale.,"116,300.00","55,517.00","60,783.00","43,873.00","20,872.00","23,001.00","37,914.00","4,504.00","1,027.00",37.72%
,,PROCREAZIONE MEDICALMENTE ASSISTITA. Norme sui limiti all'accesso. Abrogazione parziale,"116,300.00","55,517.00","60,783.00","43,861.00","20,862.00","22,999.00","38,008.00","4,328.00","1,120.00",37.71%
,,"PROCREAZIONE MEDICALMENTE ASSISTITA. Norme sulle finalita', sui diritti dei soggetti coinvolti e sui limiti all'accesso. Abrogazione parziale","116,300.00","55,517.00","60,783.00","43,851.00","20,859.00","22,992.00","37,648.00","4,605.00","1,170.00",37.71%
,Gorizia Total,,"465,200.00","222,068.00","243,132.00","175,404.00","83,432.00","91,972.00","146,604.00","22,521.00","4,556.00",37.71%
,Pordenone,PROCREAZIONE MEDICALMENTE ASSISTITA. Divieto di fecondazione eterologa. Abrogazione parziale,"236,286.00","114,150.00","122,136.00","65,102.00","30,968.00","34,134.00","44,696.00","17,693.00","1,859.00",27.55%
,,PROCREAZIONE MEDICALMENTE ASSISTITA. Limite alla ricerca clinica e sperimentale sugli embrioni. Abrogazione parziale.,"236,286.00","114,150.00","122,136.00","65,189.00","31,022.00","34,167.00","53,299.00","9,529.00","1,589.00",27.59%
,,PROCREAZIONE MEDICALMENTE ASSISTITA. Norme sui limiti all'accesso. Abrogazione parziale,"236,286.00","114,150.00","122,136.00","65,173.00","31,011.00","34,162.00","53,684.00","9,007.00","1,712.00",27.58%
,,"PROCREAZIONE MEDICALMENTE ASSISTITA. Norme sulle finalita', sui diritti dei soggetti coinvolti e sui limiti all'accesso. Abrogazione parziale","236,286.00","114,150.00","122,136.00","65,144.00","30,998.00","34,146.00","52,770.00","9,777.00","1,882.00",27.57%
,Pordenone Total,,"945,144.00","456,600.00","488,544.00","260,608.00","123,999.00","136,609.00","204,449.00","46,006.00","7,042.00",27.57%
,Trieste,PROCREAZIONE MEDICALMENTE ASSISTITA. Divieto di fecondazione eterologa. Abrogazione parziale,"200,351.00","92,922.00","107,429.00","67,340.00","31,074.00","36,266.00","51,074.00","14,109.00","1,592.00",33.61%
,,PROCREAZIONE MEDICALMENTE ASSISTITA. Limite alla ricerca clinica e sperimentale sugli embrioni. Abrogazione parziale.,"200,351.00","92,922.00","107,429.00","67,438.00","31,135.00","36,303.00","59,837.00","5,868.00","1,210.00",33.66%
,,PROCREAZIONE MEDICALMENTE ASSISTITA. Norme sui limiti all'accesso. Abrogazione parziale,"200,351.00","92,922.00","107,429.00","67,425.00","31,120.00","36,305.00","59,851.00","5,683.00","1,332.00",33.65%
,,"PROCREAZIONE MEDICALMENTE ASSISTITA. Norme sulle finalita', sui diritti dei soggetti coinvolti e sui limiti all'accesso. Abrogazione parziale","200,351.00","92,922.00","107,429.00","67,414.00","31,113.00","36,301.00","59,292.00","6,062.00","1,332.00",33.65%
,Trieste Total,,"801,404.00","371,688.00","429,716.00","269,617.00","124,442.00","145,175.00","230,054.00","31,722.00","5,466.00",33.64%
,Udine,PROCREAZIONE MEDICALMENTE ASSISTITA. Divieto di fecondazione eterologa. Abrogazione parziale,"435,285.00","208,703.00","226,582.00","121,209.00","57,296.00","63,913.00","84,468.00","31,554.00","3,726.00",27.85%
,,PROCREAZIONE MEDICALMENTE ASSISTITA. Limite alla ricerca clinica e sperimentale sugli embrioni. Abrogazione parziale.,"435,285.00","208,703.00","226,582.00","121,373.00","57,400.00","63,973.00","100,304.00","16,572.00","3,114.00",27.88%
,,PROCREAZIONE MEDICALMENTE ASSISTITA. Norme sui limiti all'accesso. Abrogazione parziale,"435,285.00","208,703.00","226,582.00","121,333.00","57,371.00","63,962.00","100,902.00","15,721.00","3,331.00",27.87%
,,"PROCREAZIONE MEDICALMENTE ASSISTITA. Norme sulle finalita', sui diritti dei soggetti coinvolti e sui limiti all'accesso. Abrogazione parziale","435,285.00","208,703.00","226,582.00","121,320.00","57,364.00","63,956.00","99,320.00","16,887.00","3,593.00",27.87%
,Udine Total,,"1,741,140.00","834,812.00","906,328.00","485,235.00","229,431.00","255,804.00","384,994.00","80,734.00","13,764.00",27.87%
FRIULI VENEZIA.G. Total,,,"3,952,888.00","1,885,168.00","2,067,720.00","1,190,864.00","561,304.00","629,560.00","966,101.00","180,983.00","30,828.00",30.13%
LAZIO,Frosinone,PROCREAZIONE MEDICALMENTE ASSISTITA. Divieto di fecondazione eterologa. Abrogazione parziale,"403,768.00","195,528.00","208,240.00","82,872.00","41,054.00","41,818.00","59,668.00","17,403.00","3,952.00",20.52%
,,PROCREAZIONE MEDICALMENTE ASSISTITA. Limite alla ricerca clinica e sperimentale sugli embrioni. Abrogazione parziale.,"403,768.00","195,528.00","208,240.00","82,861.00","41,075.00","41,786.00","66,810.00","10,624.00","3,730.00",20.52%
,,PROCREAZIONE MEDICALMENTE ASSISTITA. Norme sui limiti all'accesso. Abrogazione parziale,"403,768.00","195,528.00","208,240.00","82,957.00","41,097.00","41,860.00","67,177.00","10,109.00","3,933.00",20.55%
,,"PROCREAZIONE MEDICALMENTE ASSISTITA. Norme sulle finalita', sui diritti dei soggetti coinvolti e sui limiti all'accesso. Abrogazione parziale","403,768.00","195,528.00","208,240.00","82,915.00","41,063.00","41,852.00","66,151.00","10,938.00","4,162.00",20.54%
,Frosinone Total,,"1,615,072.00","782,112.00","832,960.00","331,605.00","164,289.00","167,316.00","259,806.00","49,074.00","15,777.00",20.53%
,Latina,PROCREAZIONE MEDICALMENTE ASSISTITA. Divieto di fecondazione eterologa. Abrogazione parziale,"412,713.00","200,383.00","212,330.00","91,598.00","43,645.00","47,953.00","69,193.00","18,716.00","2,527.00",22.19%
,,PROCREAZIONE MEDICALMENTE ASSISTITA. Limite alla ricerca clinica e sperimentale sugli embrioni. Abrogazione parziale.,"412,713.00","200,383.00","212,330.00","91,855.00","43,688.00","48,167.00","77,944.00","10,332.00","2,253.00",22.26%
,,PROCREAZIONE MEDICALMENTE ASSISTITA. Norme sui limiti all'accesso. Abrogazione parziale,"412,713.00","200,383.00","212,330.00","91,755.00","43,614.00","48,141.00","78,642.00","9,704.00","2,362.00",22.23%
,,"PROCREAZIONE MEDICALMENTE ASSISTITA. Norme sulle finalita', sui diritti dei soggetti coinvolti e sui limiti all'accesso. Abrogazione parziale","412,713.00","200,383.00","212,330.00","91,573.00","43,575.00","47,998.00","77,429.00","10,513.00","2,512.00",22.19%
,Latina Total,,"1,650,852.00","801,532.00","849,320.00","366,781.00","174,522.00","192,259.00","303,208.00","49,265.00","9,654.00",22.22%
,Rieti,PROCREAZIONE MEDICALMENTE ASSISTITA. Divieto di fecondazione eterologa. Abrogazione parziale,"124,540.00","60,478.00","64,062.00","35,390.00","17,064.00","18,326.00","25,355.00","9,449.00","1,266.00",28.42%
,,PROCREAZIONE MEDICALMENTE ASSISTITA. Limite alla ricerca clinica e sperimentale sugli embrioni. Abrogazione parziale.,"124,540.00","60,478.00","64,062.00","35,434.00","17,090.00","18,344.00","28,974.00","3,899.00","1,139.00",28.45%
,,PROCREAZIONE MEDICALMENTE ASSISTITA. Norme sui limiti all'accesso. Abrogazione parziale,"124,540.00","60,478.00","64,062.00","35,386.00","17,049.00","18,337.00","28,990.00","3,722.00","1,244.00",28.41%
,,"PROCREAZIONE MEDICALMENTE ASSISTITA. Norme sulle finalita', sui diritti dei soggetti coinvolti e sui limiti all'accesso. Abrogazione parziale","124,540.00","60,478.00","64,062.00","35,383.00","17,050.00","18,333.00","28,695.00","4,083.00","1,273.00",28.41%
,Rieti Total,,"498,160.00","241,912.00","256,248.00","141,593.00","68,253.00","73,340.00","112,014.00","21,153.00","4,922.00",28.42%
,Roma,PROCREAZIONE MEDICALMENTE ASSISTITA. Divieto di fecondazione eterologa. Abrogazione parziale,"3,199,407.00","1,514,803.00","1,684,604.00","1,110,100.00","513,775.00","596,325.00","874,559.00","205,087.00","19,366.00",34.70%
,,PROCREAZIONE MEDICALMENTE ASSISTITA. Limite alla ricerca clinica e sperimentale sugli embrioni. Abrogazione parziale.,"3,199,407.00","1,514,803.00","1,684,604.00","1,111,082.00","514,616.00","596,466.00","990,680.00","93,647.00","16,599.00",34.73%
,,PROCREAZIONE MEDICALMENTE ASSISTITA. Norme sui limiti all'accesso. Abrogazione parziale,"3,199,407.00","1,514,803.00","1,684,604.00","1,111,008.00","514,362.00","596,646.00","1,001,531.00","82,309.00","17,319.00",34.73%
,,"PROCREAZIONE MEDICALMENTE ASSISTITA. Norme sulle finalita', sui diritti dei soggetti coinvolti e sui limiti all'accesso. Abrogazione parziale","3,199,407.00","1,514,803.00","1,684,604.00","1,110,825.00","514,251.00","596,574.00","989,919.00","92,045.00","18,612.00",34.72%
,Roma Total,,"12,797,628.00","6,059,212.00","6,738,416.00","4,443,015.00","2,057,004.00","2,386,011.00","3,856,689.00","473,088.00","71,896.00",34.72%
,Viterbo,PROCREAZIONE MEDICALMENTE ASSISTITA. Divieto di fecondazione eterologa. Abrogazione parziale,"248,639.00","120,640.00","127,999.00","63,273.00","30,435.00","32,838.00","48,820.00","11,745.00","1,968.00",25.45%
,,PROCREAZIONE MEDICALMENTE ASSISTITA. Limite alla ricerca clinica e sperimentale sugli embrioni. Abrogazione parziale.,"248,639.00","120,640.00","127,999.00","63,200.00","30,341.00","32,859.00","55,278.00","5,741.00","1,628.00",25.42%
,,PROCREAZIONE MEDICALMENTE ASSISTITA. Norme sui limiti all'accesso. Abrogazione parziale,"248,639.00","120,640.00","127,999.00","64,294.00","31,280.00","33,014.00","55,257.00","5,554.00","1,796.00",25.86%
,,"PROCREAZIONE MEDICALMENTE ASSISTITA. Norme sulle finalita', sui diritti dei soggetti coinvolti e sui limiti all'accesso. Abrogazione parziale","248,639.00","120,640.00","127,999.00","63,324.00","30,473.00","32,851.00","54,681.00","5,992.00","1,937.00",25.47%
,Viterbo Total,,"994,556.00","482,560.00","511,996.00","254,091.00","122,529.00","131,562.00","214,036.00","29,032.00","7,329.00",25.55%
LAZIO Total,,,"17,556,268.00","8,367,328.00","9,188,940.00","5,537,085.00","2,586,597.00","2,950,488.00","4,745,753.00","621,612.00","109,578.00",31.54%
LIGURIA,Genova,PROCREAZIONE MEDICALMENTE ASSISTITA. Divieto di fecondazione eterologa. Abrogazione parziale,"743,115.00","346,677.00","396,438.00","261,084.00","122,661.00","138,423.00","206,114.00","46,176.00","6,462.00",35.13%
,,PROCREAZIONE MEDICALMENTE ASSISTITA. Limite alla ricerca clinica e sperimentale sugli embrioni. Abrogazione parziale.,"743,115.00","346,677.00","396,438.00","261,493.00","122,807.00","138,686.00","234,282.00","19,704.00","5,249.00",35.19%
,,PROCREAZIONE MEDICALMENTE ASSISTITA. Norme sui limiti all'accesso. Abrogazione parziale,"743,115.00","346,677.00","396,438.00","261,331.00","122,791.00","138,540.00","235,483.00","18,284.00","5,505.00",35.17%
,,"PROCREAZIONE MEDICALMENTE ASSISTITA. Norme sulle finalita', sui diritti dei soggetti coinvolti e sui limiti all'accesso. Abrogazione parziale","743,115.00","346,677.00","396,438.00","261,325.00","122,804.00","138,521.00","232,943.00","20,190.00","5,983.00",35.17%
,Genova Total,,"2,972,460.00","1,386,708.00","1,585,752.00","1,045,233.00","491,063.00","554,170.00","908,822.00","104,354.00","23,199.00",35.16%
,Imperia,PROCREAZIONE MEDICALMENTE ASSISTITA. Divieto di fecondazione eterologa. Abrogazione parziale,"175,920.00","83,059.00","92,861.00","44,233.00","20,356.00","23,877.00","33,981.00","8,451.00","1,254.00",25.14%
,,PROCREAZIONE MEDICALMENTE ASSISTITA. Limite alla ricerca clinica e sperimentale sugli embrioni. Abrogazione parziale.,"175,920.00","83,059.00","92,861.00","44,315.00","20,398.00","23,917.00","38,690.00","4,136.00","1,078.00",25.19%
,,PROCREAZIONE MEDICALMENTE ASSISTITA. Norme sui limiti all'accesso. Abrogazione parziale,"175,920.00","83,059.00","92,861.00","44,296.00","20,387.00","23,909.00","38,880.00","3,779.00","1,149.00",25.18%
,,"PROCREAZIONE MEDICALMENTE ASSISTITA. Norme sulle finalita', sui diritti dei soggetti coinvolti e sui limiti all'accesso. Abrogazione parziale","175,920.00","83,059.00","92,861.00","44,288.00","20,383.00","23,905.00","38,353.00","4,160.00","1,232.00",25.18%
,Imperia Total,,"703,680.00","332,236.00","371,444.00","177,132.00","81,524.00","95,608.00","149,904.00","20,526.00","4,713.00",25.17%
,La Spezia,PROCREAZIONE MEDICALMENTE ASSISTITA. Divieto di fecondazione eterologa. Abrogazione parziale,"185,811.00","87,720.00","98,091.00","70,328.00","33,265.00","37,063.00","56,789.00","11,319.00","1,689.00",37.85%
,,PROCREAZIONE MEDICALMENTE ASSISTITA. Limite alla ricerca clinica e sperimentale sugli embrioni. Abrogazione parziale.,"185,811.00","87,720.00","98,091.00","70,409.00","33,307.00","37,102.00","63,972.00","4,624.00","1,321.00",37.89%
,,PROCREAZIONE MEDICALMENTE ASSISTITA. Norme sui limiti all'accesso. Abrogazione parziale,"185,811.00","87,720.00","98,091.00","70,425.00","33,308.00","37,117.00","64,258.00","4,263.00","1,421.00",37.90%
,,"PROCREAZIONE MEDICALMENTE ASSISTITA. Norme sulle finalita', sui diritti dei soggetti coinvolti e sui limiti all'accesso. Abrogazione parziale","185,811.00","87,720.00","98,091.00","70,383.00","33,295.00","37,088.00","63,612.00","4,766.00","1,536.00",37.88%
,La Spezia Total,,"743,244.00","350,880.00","392,364.00","281,545.00","133,175.00","148,370.00","248,631.00","24,972.00","5,967.00",37.88%
,Savona,PROCREAZIONE MEDICALMENTE ASSISTITA. Divieto di fecondazione eterologa. Abrogazione parziale,"235,790.00","110,554.00","125,236.00","80,999.00","37,967.00","43,032.00","62,818.00","14,836.00","2,440.00",34.35%
,,PROCREAZIONE MEDICALMENTE ASSISTITA. Limite alla ricerca clinica e sperimentale sugli embrioni. Abrogazione parziale.,"235,790.00","110,554.00","125,236.00","81,087.00","38,027.00","43,060.00","71,114.00","7,044.00","2,090.00",34.39%
,,PROCREAZIONE MEDICALMENTE ASSISTITA. Norme sui limiti all'accesso. Abrogazione parziale,"235,790.00","110,554.00","125,236.00","81,062.00","38,007.00","43,055.00","71,512.00","6,522.00","2,222.00",34.38%
,,"PROCREAZIONE MEDICALMENTE ASSISTITA. Norme sulle finalita', sui diritti dei soggetti coinvolti e sui limiti all'accesso. Abrogazione parziale","235,790.00","110,554.00","125,236.00","81,044.00","37,995.00","43,049.00","70,601.00","7,263.00","2,357.00",34.37%
,Savona Total,,"943,160.00","442,216.00","500,944.00","324,192.00","151,996.00","172,196.00","276,045.00","35,665.00","9,109.00",34.37%
LIGURIA Total,,,"5,362,544.00","2,512,040.00","2,850,504.00","1,828,102.00","857,758.00","970,344.00","1,583,402.00","185,517.00","42,988.00",34.09%
LOMBARDIA,Bergamo,PROCREAZIONE MEDICALMENTE ASSISTITA. Divieto di fecondazione eterologa. Abrogazione parziale,"794,459.00","385,983.00","408,476.00","166,156.00","80,305.00","85,851.00","115,461.00","43,514.00","5,477.00",20.91%
,,PROCREAZIONE MEDICALMENTE ASSISTITA. Limite alla ricerca clinica e sperimentale sugli embrioni. Abrogazione parziale.,"794,459.00","385,983.00","408,476.00","166,371.00","80,456.00","85,915.00","134,234.00","25,819.00","4,732.00",20.94%
,,PROCREAZIONE MEDICALMENTE ASSISTITA. Norme sui limiti all'accesso. Abrogazione parziale,"794,459.00","385,983.00","408,476.00","166,344.00","80,559.00","85,785.00","135,478.00","24,234.00","5,064.00",20.94%
,,"PROCREAZIONE MEDICALMENTE ASSISTITA. Norme sulle finalita', sui diritti dei soggetti coinvolti e sui limiti all'accesso. Abrogazione parziale","794,459.00","385,983.00","408,476.00","166,318.00","80,400.00","85,918.00","132,365.00","26,993.00","5,369.00",20.93%
,Bergamo Total,,"3,177,836.00","1,543,932.00","1,633,904.00","665,189.00","321,720.00","343,469.00","517,538.00","120,560.00","20,642.00",20.93%
,Brescia,PROCREAZIONE MEDICALMENTE ASSISTITA. Divieto di fecondazione eterologa. Abrogazione parziale,"897,558.00","432,700.00","464,858.00","188,992.00","90,519.00","98,473.00","138,284.00","42,728.00","5,878.00",21.06%
,,PROCREAZIONE MEDICALMENTE ASSISTITA. Limite alla ricerca clinica e sperimentale sugli embrioni. Abrogazione parziale.,"897,558.00","432,700.00","464,858.00","188,995.00","90,667.00","98,328.00","157,692.00","24,237.00","5,186.00",21.06%
,,PROCREAZIONE MEDICALMENTE ASSISTITA. Norme sui limiti all'accesso. Abrogazione parziale,"897,558.00","432,700.00","464,858.00","188,706.00","90,434.00","98,272.00","158,597.00","23,158.00","5,508.00",21.02%
,,"PROCREAZIONE MEDICALMENTE ASSISTITA. Norme sulle finalita', sui diritti dei soggetti coinvolti e sui limiti all'accesso. Abrogazione parziale","897,558.00","432,700.00","464,858.00","188,997.00","90,438.00","98,559.00","156,179.00","25,266.00","5,746.00",21.06%
,Brescia Total,,"3,590,232.00","1,730,800.00","1,859,432.00","755,690.00","362,058.00","393,632.00","610,752.00","115,389.00","22,318.00",21.05%
,Como,PROCREAZIONE MEDICALMENTE ASSISTITA. Divieto di fecondazione eterologa. Abrogazione parziale,"445,976.00","214,585.00","231,391.00","88,850.00","43,002.00","45,848.00","59,771.00","25,064.00","2,657.00",19.92%
,,PROCREAZIONE MEDICALMENTE ASSISTITA. Limite alla ricerca clinica e sperimentale sugli embrioni. Abrogazione parziale.,"445,976.00","214,585.00","231,391.00","88,950.00","43,066.00","45,884.00","71,517.00","13,953.00","2,268.00",19.95%
,,PROCREAZIONE MEDICALMENTE ASSISTITA. Norme sui limiti all'accesso. Abrogazione parziale,"445,976.00","214,585.00","231,391.00","88,886.00","43,042.00","45,844.00","71,719.00","13,655.00","2,547.00",19.93%
,,"PROCREAZIONE MEDICALMENTE ASSISTITA. Norme sulle finalita', sui diritti dei soggetti coinvolti e sui limiti all'accesso. Abrogazione parziale","445,976.00","214,585.00","231,391.00","88,896.00","43,049.00","45,847.00","70,126.00","14,794.00","2,655.00",19.93%
,Como Total,,"1,783,904.00","858,340.00","925,564.00","355,582.00","172,159.00","183,423.00","273,133.00","67,466.00","10,127.00",19.93%
,Cremona,PROCREAZIONE MEDICALMENTE ASSISTITA. Divieto di fecondazione eterologa. Abrogazione parziale,"277,805.00","133,268.00","144,537.00","68,080.00","33,154.00","34,926.00","49,235.00","15,634.00","2,481.00",24.51%
,,PROCREAZIONE MEDICALMENTE ASSISTITA. Limite alla ricerca clinica e sperimentale sugli embrioni. Abrogazione parziale.,"277,805.00","133,268.00","144,537.00","68,157.00","33,207.00","34,950.00","56,625.00","8,562.00","2,183.00",24.53%
,,PROCREAZIONE MEDICALMENTE ASSISTITA. Norme sui limiti all'accesso. Abrogazione parziale,"277,805.00","133,268.00","144,537.00","68,154.00","33,205.00","34,949.00","56,673.00","8,348.00","2,308.00",24.53%
,,"PROCREAZIONE MEDICALMENTE ASSISTITA. Norme sulle finalita', sui diritti dei soggetti coinvolti e sui limiti all'accesso. Abrogazione parziale","277,805.00","133,268.00","144,537.00","68,035.00","33,189.00","34,846.00","55,473.00","9,248.00","2,488.00",24.49%
,Cremona Total,,"1,111,220.00","533,072.00","578,148.00","272,426.00","132,755.00","139,671.00","218,006.00","41,792.00","9,460.00",24.52%
,Lecco,PROCREAZIONE MEDICALMENTE ASSISTITA. Divieto di fecondazione eterologa. Abrogazione parziale,"257,069.00","124,120.00","132,949.00","53,133.00","25,842.00","27,291.00","36,510.00","14,423.00","1,738.00",20.67%
,,PROCREAZIONE MEDICALMENTE ASSISTITA. Limite alla ricerca clinica e sperimentale sugli embrioni. Abrogazione parziale.,"257,069.00","124,120.00","132,949.00","53,160.00","25,926.00","27,234.00","43,751.00","7,403.00","1,407.00",20.68%
,,PROCREAZIONE MEDICALMENTE ASSISTITA. Norme sui limiti all'accesso. Abrogazione parziale,"257,069.00","124,120.00","132,949.00","53,139.00","25,907.00","27,232.00","43,938.00","7,112.00","1,564.00",20.67%
,,"PROCREAZIONE MEDICALMENTE ASSISTITA. Norme sulle finalita', sui diritti dei soggetti coinvolti e sui limiti all'accesso. Abrogazione parziale","257,069.00","124,120.00","132,949.00","53,116.00","25,895.00","27,221.00","42,983.00","7,875.00","1,693.00",20.66%
,Lecco Total,,"1,028,276.00","496,480.00","531,796.00","212,548.00","103,570.00","108,978.00","167,182.00","36,813.00","6,402.00",20.67%
,Lodi,PROCREAZIONE MEDICALMENTE ASSISTITA. Divieto di fecondazione eterologa. Abrogazione parziale,"166,763.00","80,721.00","86,042.00","41,780.00","20,622.00","21,158.00","30,138.00","9,832.00","1,281.00",25.05%
,,PROCREAZIONE MEDICALMENTE ASSISTITA. Limite alla ricerca clinica e sperimentale sugli embrioni. Abrogazione parziale.,"166,763.00","80,721.00","86,042.00","41,829.00","20,665.00","21,164.00","34,858.00","5,267.00","1,047.00",25.08%
,,PROCREAZIONE MEDICALMENTE ASSISTITA. Norme sui limiti all'accesso. Abrogazione parziale,"166,763.00","80,721.00","86,042.00","41,823.00","20,663.00","21,160.00","34,972.00","5,199.00","1,171.00",25.08%
,,"PROCREAZIONE MEDICALMENTE ASSISTITA. Norme sulle finalita', sui diritti dei soggetti coinvolti e sui limiti all'accesso. Abrogazione parziale","166,763.00","80,721.00","86,042.00","41,805.00","20,635.00","21,170.00","34,424.00","5,637.00","1,245.00",25.07%
,Lodi Total,,"667,052.00","322,884.00","344,168.00","167,237.00","82,585.00","84,652.00","134,392.00","25,935.00","4,744.00",25.07%
,Mantova,PROCREAZIONE MEDICALMENTE ASSISTITA. Divieto di fecondazione eterologa. Abrogazione parziale,"311,073.00","148,378.00","162,695.00","98,230.00","46,865.00","51,365.00","74,458.00","19,667.00","3,245.00",31.58%
,,PROCREAZIONE MEDICALMENTE ASSISTITA. Limite alla ricerca clinica e sperimentale sugli embrioni. Abrogazione parziale.,"311,073.00","148,378.00","162,695.00","98,227.00","46,926.00","51,301.00","85,329.00","9,516.00","2,669.00",31.58%
,,PROCREAZIONE MEDICALMENTE ASSISTITA. Norme sui limiti all'accesso. Abrogazione parziale,"311,073.00","148,378.00","162,695.00","98,311.00","46,914.00","51,397.00","85,394.00","9,180.00","2,953.00",31.60%
,,"PROCREAZIONE MEDICALMENTE ASSISTITA. Norme sulle finalita', sui diritti dei soggetti coinvolti e sui limiti all'accesso. Abrogazione parziale","311,073.00","148,378.00","162,695.00","98,295.00","46,907.00","51,388.00","84,202.00","10,159.00","3,123.00",31.60%
,Mantova Total,,"1,244,292.00","593,512.00","650,780.00","393,063.00","187,612.00","205,451.00","329,383.00","48,522.00","11,990.00",31.59%
,Milano,PROCREAZIONE MEDICALMENTE ASSISTITA. Divieto di fecondazione eterologa. Abrogazione parziale,"2,428,785.00","1,151,627.00","1,277,158.00","812,921.00","383,610.00","429,311.00","609,782.00","179,358.00","17,025.00",33.47%
,,PROCREAZIONE MEDICALMENTE ASSISTITA. Limite alla ricerca clinica e sperimentale sugli embrioni. Abrogazione parziale.,"2,428,785.00","1,151,627.00","1,277,158.00","814,130.00","384,310.00","429,820.00","714,752.00","79,573.00","13,749.00",33.52%
,,PROCREAZIONE MEDICALMENTE ASSISTITA. Norme sui limiti all'accesso. Abrogazione parziale,"2,428,785.00","1,151,627.00","1,277,158.00","813,973.00","384,210.00","429,763.00","719,738.00","73,697.00","14,686.00",33.51%
,,"PROCREAZIONE MEDICALMENTE ASSISTITA. Norme sulle finalita', sui diritti dei soggetti coinvolti e sui limiti all'accesso. Abrogazione parziale","2,428,785.00","1,151,627.00","1,277,158.00","813,700.00","384,114.00","429,586.00","708,445.00","83,292.00","15,884.00",33.50%
,Milano Total,,"9,715,140.00","4,606,508.00","5,108,632.00","3,254,724.00","1,536,244.00","1,718,480.00","2,752,717.00","415,920.00","61,344.00",33.50%
,Monza e della Brianza,PROCREAZIONE MEDICALMENTE ASSISTITA. Divieto di fecondazione eterologa. Abrogazione parziale,"609,276.00","293,944.00","315,332.00","168,115.00","81,506.00","86,609.00","120,520.00","41,957.00","3,883.00",27.59%
,,PROCREAZIONE MEDICALMENTE ASSISTITA. Limite alla ricerca clinica e sperimentale sugli embrioni. Abrogazione parziale.,"609,276.00","293,944.00","315,332.00","168,189.00","81,571.00","86,618.00","142,736.00","20,810.00","3,248.00",27.60%
,,PROCREAZIONE MEDICALMENTE ASSISTITA. Norme sui limiti all'accesso. Abrogazione parziale,"609,276.00","293,944.00","315,332.00","168,327.00","81,627.00","86,700.00","143,636.00","19,568.00","3,600.00",27.63%
,,"PROCREAZIONE MEDICALMENTE ASSISTITA. Norme sulle finalita', sui diritti dei soggetti coinvolti e sui limiti all'accesso. Abrogazione parziale","609,276.00","293,944.00","315,332.00","168,126.00","81,585.00","86,541.00","140,624.00","22,097.00","3,835.00",27.59%
,Monza e della Brianza Total,,"2,437,104.00","1,175,776.00","1,261,328.00","672,757.00","326,289.00","346,468.00","547,516.00","104,432.00","14,566.00",27.60%
,Pavia,PROCREAZIONE MEDICALMENTE ASSISTITA. Divieto di fecondazione eterologa. Abrogazione parziale,"420,185.00","199,999.00","220,186.00","120,465.00","58,185.00","62,280.00","87,096.00","27,382.00","4,307.00",28.67%
,,PROCREAZIONE MEDICALMENTE ASSISTITA. Limite alla ricerca clinica e sperimentale sugli embrioni. Abrogazione parziale.,"420,185.00","199,999.00","220,186.00","120,595.00","58,264.00","62,331.00","101,866.00","13,440.00","3,582.00",28.70%
,,PROCREAZIONE MEDICALMENTE ASSISTITA. Norme sui limiti all'accesso. Abrogazione parziale,"420,185.00","199,999.00","220,186.00","120,428.00","58,250.00","62,178.00","101,487.00","13,334.00","3,930.00",28.66%
,,"PROCREAZIONE MEDICALMENTE ASSISTITA. Norme sulle finalita', sui diritti dei soggetti coinvolti e sui limiti all'accesso. Abrogazione parziale","420,185.00","199,999.00","220,186.00","120,555.00","58,243.00","62,312.00","99,902.00","14,776.00","4,175.00",28.69%
,Pavia Total,,"1,680,740.00","799,996.00","880,744.00","482,043.00","232,942.00","249,101.00","390,351.00","68,932.00","15,994.00",28.68%
,Sondrio,PROCREAZIONE MEDICALMENTE ASSISTITA. Divieto di fecondazione eterologa. Abrogazione parziale,"145,688.00","70,716.00","74,972.00","23,319.00","10,856.00","12,463.00","16,445.00","5,596.00",837.00,16.01%
,,PROCREAZIONE MEDICALMENTE ASSISTITA. Limite alla ricerca clinica e sperimentale sugli embrioni. Abrogazione parziale.,"145,688.00","70,716.00","74,972.00","23,360.00","10,886.00","12,474.00","19,422.00","2,804.00",721.00,16.03%
,,PROCREAZIONE MEDICALMENTE ASSISTITA. Norme sui limiti all'accesso. Abrogazione parziale,"145,688.00","70,716.00","74,972.00","23,358.00","10,883.00","12,475.00","19,552.00","2,757.00",743.00,16.03%
,,"PROCREAZIONE MEDICALMENTE ASSISTITA. Norme sulle finalita', sui diritti dei soggetti coinvolti e sui limiti all'accesso. Abrogazione parziale","145,688.00","70,716.00","74,972.00","23,351.00","10,879.00","12,472.00","19,212.00","3,032.00",816.00,16.03%
,Sondrio Total,,"582,752.00","282,864.00","299,888.00","93,388.00","43,504.00","49,884.00","74,631.00","14,189.00","3,117.00",16.03%
,Varese,PROCREAZIONE MEDICALMENTE ASSISTITA. Divieto di fecondazione eterologa. Abrogazione parziale,"674,393.00","323,399.00","350,994.00","157,121.00","76,148.00","80,973.00","109,164.00","41,505.00","4,529.00",23.30%
,,PROCREAZIONE MEDICALMENTE ASSISTITA. Limite alla ricerca clinica e sperimentale sugli embrioni. Abrogazione parziale.,"674,393.00","323,399.00","350,994.00","157,306.00","76,230.00","81,076.00","129,174.00","22,349.00","3,989.00",23.33%
,,PROCREAZIONE MEDICALMENTE ASSISTITA. Norme sui limiti all'accesso. Abrogazione parziale,"674,393.00","323,399.00","350,994.00","157,309.00","76,210.00","81,099.00","129,926.00","21,353.00","4,234.00",23.33%
,,"PROCREAZIONE MEDICALMENTE ASSISTITA. Norme sulle finalita', sui diritti dei soggetti coinvolti e sui limiti all'accesso. Abrogazione parziale","674,393.00","323,399.00","350,994.00","157,245.00","76,196.00","81,049.00","127,028.00","23,952.00","4,571.00",23.32%
,Varese Total,,"2,697,572.00","1,293,596.00","1,403,976.00","628,981.00","304,784.00","324,197.00","495,292.00","109,159.00","17,323.00",23.32%
LOMBARDIA Total,,,"29,716,120.00","14,237,760.00","15,478,360.00","7,953,628.00","3,806,222.00","4,147,406.00","6,510,893.00","1,169,109.00","198,027.00",26.77%
MARCHE,Ancona,PROCREAZIONE MEDICALMENTE ASSISTITA. Divieto di fecondazione eterologa. Abrogazione parziale,"372,271.00","177,734.00","194,537.00","118,330.00","57,905.00","60,425.00","87,582.00","25,111.00","4,432.00",31.79%
,,PROCREAZIONE MEDICALMENTE ASSISTITA. Limite alla ricerca clinica e sperimentale sugli embrioni. Abrogazione parziale.,"372,271.00","177,734.00","194,537.00","118,522.00","58,003.00","60,519.00","101,103.00","12,331.00","3,887.00",31.84%
,,PROCREAZIONE MEDICALMENTE ASSISTITA. Norme sui limiti all'accesso. Abrogazione parziale,"372,271.00","177,734.00","194,537.00","118,481.00","58,005.00","60,476.00","101,361.00","11,804.00","4,130.00",31.83%
,,"PROCREAZIONE MEDICALMENTE ASSISTITA. Norme sulle finalita', sui diritti dei soggetti coinvolti e sui limiti all'accesso. Abrogazione parziale","372,271.00","177,734.00","194,537.00","118,455.00","57,993.00","60,462.00","100,170.00","12,723.00","4,300.00",31.82%
,Ancona Total,,"1,489,084.00","710,936.00","778,148.00","473,788.00","231,906.00","241,882.00","390,216.00","61,969.00","16,749.00",31.82%
,Ascoli Piceno,PROCREAZIONE MEDICALMENTE ASSISTITA. Divieto di fecondazione eterologa. Abrogazione parziale,"165,356.00","79,527.00","85,829.00","38,210.00","18,736.00","19,474.00","27,616.00","8,155.00","1,600.00",23.11%
,,PROCREAZIONE MEDICALMENTE ASSISTITA. Limite alla ricerca clinica e sperimentale sugli embrioni. Abrogazione parziale.,"165,356.00","79,527.00","85,829.00","38,226.00","18,742.00","19,484.00","31,533.00","4,062.00","1,428.00",23.12%
,,PROCREAZIONE MEDICALMENTE ASSISTITA. Norme sui limiti all'accesso. Abrogazione parziale,"165,356.00","79,527.00","85,829.00","38,226.00","18,747.00","19,479.00","31,909.00","4,003.00","1,506.00",23.12%
,,"PROCREAZIONE MEDICALMENTE ASSISTITA. Norme sulle finalita', sui diritti dei soggetti coinvolti e sui limiti all'accesso. Abrogazione parziale","165,356.00","79,527.00","85,829.00","38,219.00","18,741.00","19,478.00","31,264.00","4,357.00","1,586.00",23.11%
,Ascoli Piceno Total,,"661,424.00","318,108.00","343,316.00","152,881.00","74,966.00","77,915.00","122,322.00","20,577.00","6,120.00",23.11%
,Fermo,PROCREAZIONE MEDICALMENTE ASSISTITA. Divieto di fecondazione eterologa. Abrogazione parziale,"136,560.00","65,867.00","70,693.00","32,962.00","16,171.00","16,791.00","23,018.00","7,593.00","1,841.00",24.14%
,,PROCREAZIONE MEDICALMENTE ASSISTITA. Limite alla ricerca clinica e sperimentale sugli embrioni. Abrogazione parziale.,"136,560.00","65,867.00","70,693.00","32,984.00","16,186.00","16,798.00","26,966.00","3,988.00","1,557.00",24.15%
,,PROCREAZIONE MEDICALMENTE ASSISTITA. Norme sui limiti all'accesso. Abrogazione parziale,"136,560.00","65,867.00","70,693.00","32,973.00","16,179.00","16,794.00","26,791.00","3,988.00","1,687.00",24.15%
,,"PROCREAZIONE MEDICALMENTE ASSISTITA. Norme sulle finalita', sui diritti dei soggetti coinvolti e sui limiti all'accesso. Abrogazione parziale","136,560.00","65,867.00","70,693.00","32,971.00","16,177.00","16,794.00","26,466.00","4,246.00","1,751.00",24.14%
,Fermo Total,,"546,240.00","263,468.00","282,772.00","131,890.00","64,713.00","67,177.00","103,241.00","19,815.00","6,836.00",24.15%
,Macerata,PROCREAZIONE MEDICALMENTE ASSISTITA. Divieto di fecondazione eterologa. Abrogazione parziale,"246,990.00","118,567.00","128,423.00","53,918.00","26,676.00","27,242.00","37,923.00","12,535.00","2,621.00",21.83%
,,PROCREAZIONE MEDICALMENTE ASSISTITA. Limite alla ricerca clinica e sperimentale sugli embrioni. Abrogazione parziale.,"246,990.00","118,567.00","128,423.00","53,972.00","26,705.00","27,267.00","44,458.00","6,411.00","2,309.00",21.85%
,,PROCREAZIONE MEDICALMENTE ASSISTITA. Norme sui limiti all'accesso. Abrogazione parziale,"246,990.00","118,567.00","128,423.00","53,950.00","26,692.00","27,258.00","44,490.00","6,191.00","2,451.00",21.84%
,,"PROCREAZIONE MEDICALMENTE ASSISTITA. Norme sulle finalita', sui diritti dei soggetti coinvolti e sui limiti all'accesso. Abrogazione parziale","246,990.00","118,567.00","128,423.00","53,933.00","26,682.00","27,251.00","43,632.00","6,797.00","2,624.00",21.84%
,Macerata Total,,"987,960.00","474,268.00","513,692.00","215,773.00","106,755.00","109,018.00","170,503.00","31,934.00","10,005.00",21.84%
,Pesaro e Urbino,PROCREAZIONE MEDICALMENTE ASSISTITA. Divieto di fecondazione eterologa. Abrogazione parziale,"291,317.00","141,170.00","150,147.00","83,748.00","41,052.00","42,696.00","63,105.00","16,919.00","2,838.00",28.75%
,,PROCREAZIONE MEDICALMENTE ASSISTITA. Limite alla ricerca clinica e sperimentale sugli embrioni. Abrogazione parziale.,"291,317.00","141,170.00","150,147.00","83,832.00","41,200.00","42,632.00","71,798.00","8,688.00","2,437.00",28.78%
,,PROCREAZIONE MEDICALMENTE ASSISTITA. Norme sui limiti all'accesso. Abrogazione parziale,"291,317.00","141,170.00","150,147.00","83,820.00","41,194.00","42,626.00","72,160.00","8,158.00","2,609.00",28.77%
,,"PROCREAZIONE MEDICALMENTE ASSISTITA. Norme sulle finalita', sui diritti dei soggetti coinvolti e sui limiti all'accesso. Abrogazione parziale","291,317.00","141,170.00","150,147.00","83,796.00","41,176.00","42,620.00","71,009.00","9,068.00","2,815.00",28.76%
,Pesaro e Urbino Total,,"1,165,268.00","564,680.00","600,588.00","335,196.00","164,622.00","170,574.00","278,072.00","42,833.00","10,699.00",28.77%
MARCHE Total,,,"4,849,976.00","2,331,460.00","2,518,516.00","1,309,528.00","642,962.00","666,566.00","1,064,354.00","177,128.00","50,409.00",27.00%
MOLISE,Campobasso,PROCREAZIONE MEDICALMENTE ASSISTITA. Divieto di fecondazione eterologa. Abrogazione parziale,"190,392.00","91,816.00","98,576.00","34,540.00","17,522.00","17,018.00","24,102.00","7,921.00","1,787.00",18.14%
,,PROCREAZIONE MEDICALMENTE ASSISTITA. Limite alla ricerca clinica e sperimentale sugli embrioni. Abrogazione parziale.,"190,392.00","91,816.00","98,576.00","34,569.00","17,547.00","17,022.00","27,818.00","4,321.00","1,660.00",18.16%
,,PROCREAZIONE MEDICALMENTE ASSISTITA. Norme sui limiti all'accesso. Abrogazione parziale,"190,392.00","91,816.00","98,576.00","34,565.00","17,545.00","17,020.00","27,840.00","4,274.00","1,752.00",18.15%
,,"PROCREAZIONE MEDICALMENTE ASSISTITA. Norme sulle finalita', sui diritti dei soggetti coinvolti e sui limiti all'accesso. Abrogazione parziale","190,392.00","91,816.00","98,576.00","34,558.00","17,539.00","17,019.00","27,523.00","4,541.00","1,819.00",18.15%
,Campobasso Total,,"761,568.00","367,264.00","394,304.00","138,232.00","70,153.00","68,079.00","107,283.00","21,057.00","7,018.00",18.15%
,Isernia,PROCREAZIONE MEDICALMENTE ASSISTITA. Divieto di fecondazione eterologa. Abrogazione parziale,"74,825.00","36,367.00","38,458.00","13,110.00","6,498.00","6,612.00","9,188.00","2,890.00",800.00,17.52%
,,PROCREAZIONE MEDICALMENTE ASSISTITA. Limite alla ricerca clinica e sperimentale sugli embrioni. Abrogazione parziale.,"74,825.00","36,367.00","38,458.00","13,123.00","6,508.00","6,615.00","10,564.00","1,580.00",722.00,17.54%
,,PROCREAZIONE MEDICALMENTE ASSISTITA. Norme sui limiti all'accesso. Abrogazione parziale,"74,825.00","36,367.00","38,458.00","13,122.00","6,505.00","6,617.00","10,591.00","1,516.00",789.00,17.54%
,,"PROCREAZIONE MEDICALMENTE ASSISTITA. Norme sulle finalita', sui diritti dei soggetti coinvolti e sui limiti all'accesso. Abrogazione parziale","74,825.00","36,367.00","38,458.00","13,116.00","6,504.00","6,612.00","10,414.00","1,676.00",787.00,17.53%
,Isernia Total,,"299,300.00","145,468.00","153,832.00","52,471.00","26,015.00","26,456.00","40,757.00","7,662.00","3,098.00",17.53%
MOLISE Total,,,"1,060,868.00","512,732.00","548,136.00","190,703.00","96,168.00","94,535.00","148,040.00","28,719.00","10,116.00",17.98%
PIEMONTE,Alessandria,PROCREAZIONE MEDICALMENTE ASSISTITA. Divieto di fecondazione eterologa. Abrogazione parziale,"357,305.00","170,246.00","187,059.00","109,586.00","53,067.00","56,519.00","81,660.00","22,831.00","3,823.00",30.67%
,,PROCREAZIONE MEDICALMENTE ASSISTITA. Limite alla ricerca clinica e sperimentale sugli embrioni. Abrogazione parziale.,"357,305.00","170,246.00","187,059.00","109,690.00","53,136.00","56,554.00","93,711.00","11,444.00","3,270.00",30.70%
,,PROCREAZIONE MEDICALMENTE ASSISTITA. Norme sui limiti all'accesso. Abrogazione parziale,"357,305.00","170,246.00","187,059.00","109,673.00","53,115.00","56,558.00","93,533.00","11,321.00","3,584.00",30.69%
,,"PROCREAZIONE MEDICALMENTE ASSISTITA. Norme sulle finalita', sui diritti dei soggetti coinvolti e sui limiti all'accesso. Abrogazione parziale","357,305.00","170,246.00","187,059.00","110,014.00","53,394.00","56,620.00","92,101.00","12,764.00","3,731.00",30.79%
,Alessandria Total,,"1,429,220.00","680,984.00","748,236.00","438,963.00","212,712.00","226,251.00","361,005.00","58,360.00","14,408.00",30.71%
,Asti,PROCREAZIONE MEDICALMENTE ASSISTITA. Divieto di fecondazione eterologa. Abrogazione parziale,"173,158.00","82,796.00","90,362.00","42,271.00","20,328.00","21,943.00","29,216.00","10,528.00","1,816.00",24.41%
,,PROCREAZIONE MEDICALMENTE ASSISTITA. Limite alla ricerca clinica e sperimentale sugli embrioni. Abrogazione parziale.,"173,158.00","82,796.00","90,362.00","42,299.00","20,343.00","21,956.00","34,360.00","5,730.00","1,610.00",24.43%
,,PROCREAZIONE MEDICALMENTE ASSISTITA. Norme sui limiti all'accesso. Abrogazione parziale,"173,158.00","82,796.00","90,362.00","42,295.00","20,338.00","21,957.00","34,341.00","5,547.00","1,746.00",24.43%
,,"PROCREAZIONE MEDICALMENTE ASSISTITA. Norme sulle finalita', sui diritti dei soggetti coinvolti e sui limiti all'accesso. Abrogazione parziale","173,158.00","82,796.00","90,362.00","42,290.00","20,336.00","21,954.00","33,791.00","5,970.00","1,842.00",24.42%
,Asti Total,,"692,632.00","331,184.00","361,448.00","169,155.00","81,345.00","87,810.00","131,708.00","27,775.00","7,014.00",24.42%
,Biella,PROCREAZIONE MEDICALMENTE ASSISTITA. Divieto di fecondazione eterologa. Abrogazione parziale,"156,008.00","73,851.00","82,157.00","45,151.00","21,526.00","23,625.00","32,134.00","10,590.00","1,722.00",28.94%
,,PROCREAZIONE MEDICALMENTE ASSISTITA. Limite alla ricerca clinica e sperimentale sugli embrioni. Abrogazione parziale.,"156,008.00","73,851.00","82,157.00","45,201.00","21,559.00","23,642.00","37,554.00","5,491.00","1,501.00",28.97%
,,PROCREAZIONE MEDICALMENTE ASSISTITA. Norme sui limiti all'accesso. Abrogazione parziale,"156,008.00","73,851.00","82,157.00","45,192.00","21,548.00","23,644.00","37,502.00","5,434.00","1,621.00",28.97%
,,"PROCREAZIONE MEDICALMENTE ASSISTITA. Norme sulle finalita', sui diritti dei soggetti coinvolti e sui limiti all'accesso. Abrogazione parziale","156,008.00","73,851.00","82,157.00","45,181.00","21,542.00","23,639.00","36,934.00","5,868.00","1,712.00",28.96%
,Biella Total,,"624,032.00","295,404.00","328,628.00","180,725.00","86,175.00","94,550.00","144,124.00","27,383.00","6,556.00",28.96%
,Cuneo,PROCREAZIONE MEDICALMENTE ASSISTITA. Divieto di fecondazione eterologa. Abrogazione parziale,"354,245.00","172,409.00","181,836.00","77,993.00","37,534.00","40,459.00","51,153.00","21,298.00","4,659.00",22.02%
,,PROCREAZIONE MEDICALMENTE ASSISTITA. Limite alla ricerca clinica e sperimentale sugli embrioni. Abrogazione parziale.,"354,245.00","172,409.00","181,836.00","78,075.00","37,588.00","40,487.00","60,816.00","12,123.00","4,213.00",22.04%
,,PROCREAZIONE MEDICALMENTE ASSISTITA. Norme sui limiti all'accesso. Abrogazione parziale,"354,245.00","172,409.00","181,836.00","78,743.00","37,594.00","41,149.00","60,842.00","11,776.00","4,603.00",22.23%
,,"PROCREAZIONE MEDICALMENTE ASSISTITA. Norme sulle finalita', sui diritti dei soggetti coinvolti e sui limiti all'accesso. Abrogazione parziale","354,245.00","172,409.00","181,836.00","77,933.00","37,582.00","40,351.00","59,390.00","12,989.00","4,833.00",22.00%
,Cuneo Total,,"1,416,980.00","689,636.00","727,344.00","312,744.00","150,298.00","162,446.00","232,201.00","58,186.00","18,308.00",22.07%
,Novara,PROCREAZIONE MEDICALMENTE ASSISTITA. Divieto di fecondazione eterologa. Abrogazione parziale,"285,840.00","136,470.00","149,370.00","74,853.00","36,172.00","38,681.00","52,914.00","18,690.00","2,411.00",26.19%
,,PROCREAZIONE MEDICALMENTE ASSISTITA. Limite alla ricerca clinica e sperimentale sugli embrioni. Abrogazione parziale.,"285,840.00","136,470.00","149,370.00","75,369.00","36,657.00","38,712.00","62,315.00","9,610.00","2,103.00",26.37%
,,PROCREAZIONE MEDICALMENTE ASSISTITA. Norme sui limiti all'accesso. Abrogazione parziale,"285,840.00","136,470.00","149,370.00","74,916.00","36,208.00","38,708.00","62,570.00","9,721.00","2,215.00",26.21%
,,"PROCREAZIONE MEDICALMENTE ASSISTITA. Norme sulle finalita', sui diritti dei soggetti coinvolti e sui limiti all'accesso. Abrogazione parziale","285,840.00","136,470.00","149,370.00","74,953.00","36,206.00","38,747.00","60,993.00","10,725.00","2,388.00",26.22%
,Novara Total,,"1,143,360.00","545,880.00","597,480.00","300,091.00","145,243.00","154,848.00","238,792.00","48,746.00","9,117.00",26.25%
,Torino,PROCREAZIONE MEDICALMENTE ASSISTITA. Divieto di fecondazione eterologa. Abrogazione parziale,"1,815,343.00","868,503.00","946,840.00","614,524.00","292,745.00","321,779.00","454,828.00","137,698.00","14,601.00",33.85%
,,PROCREAZIONE MEDICALMENTE ASSISTITA. Limite alla ricerca clinica e sperimentale sugli embrioni. Abrogazione parziale.,"1,815,343.00","868,503.00","946,840.00","615,044.00","293,056.00","321,988.00","528,287.00","67,179.00","12,695.00",33.88%
,,PROCREAZIONE MEDICALMENTE ASSISTITA. Norme sui limiti all'accesso. Abrogazione parziale,"1,815,343.00","868,503.00","946,840.00","615,139.00","293,045.00","322,094.00","532,112.00","62,565.00","13,541.00",33.89%
,,"PROCREAZIONE MEDICALMENTE ASSISTITA. Norme sulle finalita', sui diritti dei soggetti coinvolti e sui limiti all'accesso. Abrogazione parziale","1,815,343.00","868,503.00","946,840.00","614,883.00","292,991.00","321,892.00","524,124.00","69,044.00","14,695.00",33.87%
,Torino Total,,"7,261,372.00","3,474,012.00","3,787,360.00","2,459,590.00","1,171,837.00","1,287,753.00","2,039,351.00","336,486.00","55,532.00",33.87%
,Verbano-Cusio-Ossola,PROCREAZIONE MEDICALMENTE ASSISTITA. Divieto di fecondazione eterologa. Abrogazione parziale,"131,726.00","63,125.00","68,601.00","34,917.00","16,607.00","18,310.00","26,477.00","6,888.00","1,114.00",26.51%
,,PROCREAZIONE MEDICALMENTE ASSISTITA. Limite alla ricerca clinica e sperimentale sugli embrioni. Abrogazione parziale.,"131,726.00","63,125.00","68,601.00","34,951.00","16,632.00","18,319.00","29,639.00","4,002.00",905.00,26.53%
,,PROCREAZIONE MEDICALMENTE ASSISTITA. Norme sui limiti all'accesso. Abrogazione parziale,"131,726.00","63,125.00","68,601.00","34,946.00","16,628.00","18,318.00","29,717.00","3,835.00","1,005.00",26.53%
,,"PROCREAZIONE MEDICALMENTE ASSISTITA. Norme sulle finalita', sui diritti dei soggetti coinvolti e sui limiti all'accesso. Abrogazione parziale","131,726.00","63,125.00","68,601.00","34,941.00","16,622.00","18,319.00","29,126.00","4,305.00","1,089.00",26.53%
,Verbano-Cusio-Ossola Total,,"526,904.00","252,500.00","274,404.00","139,755.00","66,489.00","73,266.00","114,959.00","19,030.00","4,113.00",26.52%
,Vercelli,PROCREAZIONE MEDICALMENTE ASSISTITA. Divieto di fecondazione eterologa. Abrogazione parziale,"148,295.00","70,753.00","77,542.00","41,839.00","20,145.00","21,694.00","29,983.00","9,648.00","1,566.00",28.21%
,,PROCREAZIONE MEDICALMENTE ASSISTITA. Limite alla ricerca clinica e sperimentale sugli embrioni. Abrogazione parziale.,"148,295.00","70,753.00","77,542.00","41,891.00","20,147.00","21,744.00","34,902.00","5,093.00","1,298.00",28.25%
,,PROCREAZIONE MEDICALMENTE ASSISTITA. Norme sui limiti all'accesso. Abrogazione parziale,"148,295.00","70,753.00","77,542.00","41,878.00","20,138.00","21,740.00","34,866.00","4,942.00","1,442.00",28.24%
,,"PROCREAZIONE MEDICALMENTE ASSISTITA. Norme sulle finalita', sui diritti dei soggetti coinvolti e sui limiti all'accesso. Abrogazione parziale","148,295.00","70,753.00","77,542.00","41,866.00","20,132.00","21,734.00","34,237.00","5,508.00","1,498.00",28.23%
,Vercelli Total,,"593,180.00","283,012.00","310,168.00","167,474.00","80,562.00","86,912.00","133,988.00","25,191.00","5,804.00",28.23%
PIEMONTE Total,,,"13,687,680.00","6,552,612.00","7,135,068.00","4,168,497.00","1,994,661.00","2,173,836.00","3,396,128.00","601,157.00","120,852.00",30.45%
PUGLIA,Bari,PROCREAZIONE MEDICALMENTE ASSISTITA. Divieto di fecondazione eterologa. Abrogazione parziale,"1,001,795.00","481,939.00","519,856.00","179,052.00","87,331.00","91,721.00","123,223.00","47,968.00","5,491.00",17.87%
,,PROCREAZIONE MEDICALMENTE ASSISTITA. Limite alla ricerca clinica e sperimentale sugli embrioni. Abrogazione parziale.,"1,001,795.00","481,939.00","519,856.00","179,198.00","87,423.00","91,775.00","151,884.00","20,698.00","4,391.00",17.89%
,,PROCREAZIONE MEDICALMENTE ASSISTITA. Norme sui limiti all'accesso. Abrogazione parziale,"1,001,795.00","481,939.00","519,856.00","179,159.00","87,409.00","91,750.00","152,319.00","19,749.00","4,789.00",17.88%
,,"PROCREAZIONE MEDICALMENTE ASSISTITA. Norme sulle finalita', sui diritti dei soggetti coinvolti e sui limiti all'accesso. Abrogazione parziale","1,001,795.00","481,939.00","519,856.00","179,147.00","87,390.00","91,757.00","149,725.00","22,007.00","5,199.00",17.88%
,Bari Total,,"4,007,180.00","1,927,756.00","2,079,424.00","716,556.00","349,553.00","367,003.00","577,151.00","110,422.00","19,870.00",17.88%
,Barletta- Andria-Trani,PROCREAZIONE MEDICALMENTE ASSISTITA. Divieto di fecondazione eterologa. Abrogazione parziale,"301,389.00","146,975.00","154,414.00","40,817.00","20,494.00","20,323.00","27,561.00","11,169.00","1,453.00",13.54%
,,PROCREAZIONE MEDICALMENTE ASSISTITA. Limite alla ricerca clinica e sperimentale sugli embrioni. Abrogazione parziale.,"301,389.00","146,975.00","154,414.00","40,835.00","20,506.00","20,329.00","33,494.00","5,464.00","1,260.00",13.55%
,,PROCREAZIONE MEDICALMENTE ASSISTITA. Norme sui limiti all'accesso. Abrogazione parziale,"301,389.00","146,975.00","154,414.00","40,834.00","20,502.00","20,332.00","33,615.00","5,213.00","1,398.00",13.55%
,,"PROCREAZIONE MEDICALMENTE ASSISTITA. Norme sulle finalita', sui diritti dei soggetti coinvolti e sui limiti all'accesso. Abrogazione parziale","301,389.00","146,975.00","154,414.00","40,826.00","20,500.00","20,326.00","32,917.00","5,674.00","1,475.00",13.55%
,Barletta- Andria-Trani Total,,"1,205,556.00","587,900.00","617,656.00","163,312.00","82,002.00","81,310.00","127,587.00","27,520.00","5,586.00",13.55%
,Brindisi,PROCREAZIONE MEDICALMENTE ASSISTITA. Divieto di fecondazione eterologa. Abrogazione parziale,"325,433.00","153,990.00","171,443.00","47,462.00","23,014.00","24,448.00","34,186.00","10,600.00","1,978.00",14.58%
,,PROCREAZIONE MEDICALMENTE ASSISTITA. Limite alla ricerca clinica e sperimentale sugli embrioni. Abrogazione parziale.,"325,433.00","153,990.00","171,443.00","47,492.00","23,038.00","24,454.00","39,780.00","5,407.00","1,676.00",14.59%
,,PROCREAZIONE MEDICALMENTE ASSISTITA. Norme sui limiti all'accesso. Abrogazione parziale,"325,433.00","153,990.00","171,443.00","47,486.00","23,033.00","24,453.00","39,898.00","5,154.00","1,801.00",14.59%
,,"PROCREAZIONE MEDICALMENTE ASSISTITA. Norme sulle finalita', sui diritti dei soggetti coinvolti e sui limiti all'accesso. Abrogazione parziale","325,433.00","153,990.00","171,443.00","47,484.00","23,032.00","24,452.00","39,480.00","5,528.00","1,871.00",14.59%
,Brindisi Total,,"1,301,732.00","615,960.00","685,772.00","189,924.00","92,117.00","97,807.00","153,344.00","26,689.00","7,326.00",14.59%
,Foggia,PROCREAZIONE MEDICALMENTE ASSISTITA. Divieto di fecondazione eterologa. Abrogazione parziale,"504,493.00","242,905.00","261,588.00","62,269.00","31,944.00","30,325.00","42,905.00","15,637.00","2,563.00",12.34%
,,PROCREAZIONE MEDICALMENTE ASSISTITA. Limite alla ricerca clinica e sperimentale sugli embrioni. Abrogazione parziale.,"504,493.00","242,905.00","261,588.00","62,305.00","31,969.00","30,336.00","51,028.00","7,995.00","2,166.00",12.35%
,,PROCREAZIONE MEDICALMENTE ASSISTITA. Norme sui limiti all'accesso. Abrogazione parziale,"504,493.00","242,905.00","261,588.00","62,299.00","31,966.00","30,333.00","51,227.00","7,599.00","2,346.00",12.35%
,,"PROCREAZIONE MEDICALMENTE ASSISTITA. Norme sulle finalita', sui diritti dei soggetti coinvolti e sui limiti all'accesso. Abrogazione parziale","504,493.00","242,905.00","261,588.00","62,282.00","31,955.00","30,327.00","50,635.00","7,993.00","2,513.00",12.35%
,Foggia Total,,"2,017,972.00","971,620.00","1,046,352.00","249,155.00","127,834.00","121,321.00","195,795.00","39,224.00","9,588.00",12.35%
,Lecce,PROCREAZIONE MEDICALMENTE ASSISTITA. Divieto di fecondazione eterologa. Abrogazione parziale,"655,186.00","307,378.00","347,808.00","96,587.00","46,884.00","49,703.00","70,565.00","20,968.00","4,035.00",14.74%
,,PROCREAZIONE MEDICALMENTE ASSISTITA. Limite alla ricerca clinica e sperimentale sugli embrioni. Abrogazione parziale.,"655,186.00","307,378.00","347,808.00","96,666.00","46,936.00","49,730.00","83,160.00","9,248.00","3,308.00",14.75%
,,PROCREAZIONE MEDICALMENTE ASSISTITA. Norme sui limiti all'accesso. Abrogazione parziale,"655,186.00","307,378.00","347,808.00","96,643.00","46,914.00","49,729.00","83,416.00","8,684.00","3,625.00",14.75%
,,"PROCREAZIONE MEDICALMENTE ASSISTITA. Norme sulle finalita', sui diritti dei soggetti coinvolti e sui limiti all'accesso. Abrogazione parziale","655,186.00","307,378.00","347,808.00","96,635.00","46,911.00","49,724.00","82,332.00","9,541.00","3,790.00",14.75%
,Lecce Total,,"2,620,744.00","1,229,512.00","1,391,232.00","386,531.00","187,645.00","198,886.00","319,473.00","48,441.00","14,758.00",14.75%
,Taranto,PROCREAZIONE MEDICALMENTE ASSISTITA. Divieto di fecondazione eterologa. Abrogazione parziale,"485,281.00","233,416.00","251,865.00","75,273.00","37,824.00","37,449.00","55,160.00","16,438.00","2,620.00",15.51%
,,PROCREAZIONE MEDICALMENTE ASSISTITA. Limite alla ricerca clinica e sperimentale sugli embrioni. Abrogazione parziale.,"485,281.00","233,416.00","251,865.00","75,316.00","37,858.00","37,458.00","63,455.00","8,621.00","2,307.00",15.52%
,,PROCREAZIONE MEDICALMENTE ASSISTITA. Norme sui limiti all'accesso. Abrogazione parziale,"485,281.00","233,416.00","251,865.00","75,306.00","37,851.00","37,455.00","63,593.00","8,200.00","2,452.00",15.52%
,,"PROCREAZIONE MEDICALMENTE ASSISTITA. Norme sulle finalita', sui diritti dei soggetti coinvolti e sui limiti all'accesso. Abrogazione parziale","485,281.00","233,416.00","251,865.00","75,279.00","37,829.00","37,450.00","62,736.00","8,980.00","2,566.00",15.51%
,Taranto Total,,"1,941,124.00","933,664.00","1,007,460.00","301,174.00","151,362.00","149,812.00","244,944.00","42,239.00","9,945.00",15.52%
PUGLIA Total,,,"13,094,308.00","6,266,412.00","6,827,896.00","2,006,652.00","990,513.00","1,016,139.00","1,618,294.00","294,535.00","67,073.00",15.32%
SARDEGNA,Cagliari,PROCREAZIONE MEDICALMENTE ASSISTITA. Divieto di fecondazione eterologa. Abrogazione parziale,"457,791.00","221,095.00","236,696.00","136,501.00","63,049.00","73,452.00","106,267.00","24,552.00","4,430.00",29.82%
,,PROCREAZIONE MEDICALMENTE ASSISTITA. Limite alla ricerca clinica e sperimentale sugli embrioni. Abrogazione parziale.,"457,791.00","221,095.00","236,696.00","136,607.00","63,115.00","73,492.00","118,206.00","13,065.00","4,215.00",29.84%
,,PROCREAZIONE MEDICALMENTE ASSISTITA. Norme sui limiti all'accesso. Abrogazione parziale,"457,791.00","221,095.00","236,696.00","136,614.00","63,108.00","73,506.00","119,811.00","11,548.00","4,207.00",29.84%
,,"PROCREAZIONE MEDICALMENTE ASSISTITA. Norme sulle finalita', sui diritti dei soggetti coinvolti e sui limiti all'accesso. Abrogazione parziale","457,791.00","221,095.00","236,696.00","136,592.00","63,105.00","73,487.00","118,636.00","12,305.00","4,423.00",29.84%
,Cagliari Total,,"1,831,164.00","884,380.00","946,784.00","546,314.00","252,377.00","293,937.00","462,920.00","61,470.00","17,275.00",29.83%
,Carbonia-Iglesias,PROCREAZIONE MEDICALMENTE ASSISTITA. Divieto di fecondazione eterologa. Abrogazione parziale,"111,808.00","54,448.00","57,360.00","25,908.00","12,220.00","13,688.00","20,458.00","4,246.00",852.00,23.17%
,,PROCREAZIONE MEDICALMENTE ASSISTITA. Limite alla ricerca clinica e sperimentale sugli embrioni. Abrogazione parziale.,"111,808.00","54,448.00","57,360.00","25,923.00","12,228.00","13,695.00","22,391.00","2,489.00",798.00,23.19%
,,PROCREAZIONE MEDICALMENTE ASSISTITA. Norme sui limiti all'accesso. Abrogazione parziale,"111,808.00","54,448.00","57,360.00","25,921.00","12,224.00","13,697.00","22,634.00","2,214.00",846.00,23.18%
,,"PROCREAZIONE MEDICALMENTE ASSISTITA. Norme sulle finalita', sui diritti dei soggetti coinvolti e sui limiti all'accesso. Abrogazione parziale","111,808.00","54,448.00","57,360.00","25,920.00","12,226.00","13,694.00","22,422.00","2,363.00",857.00,23.18%
,Carbonia-Iglesias Total,,"447,232.00","217,792.00","229,440.00","103,672.00","48,898.00","54,774.00","87,905.00","11,312.00","3,353.00",23.18%
,Medio Campidano,PROCREAZIONE MEDICALMENTE ASSISTITA. Divieto di fecondazione eterologa. Abrogazione parziale,"87,387.00","42,992.00","44,395.00","24,698.00","11,760.00","12,938.00","19,260.00","4,149.00","1,072.00",28.26%
,,PROCREAZIONE MEDICALMENTE ASSISTITA. Limite alla ricerca clinica e sperimentale sugli embrioni. Abrogazione parziale.,"87,387.00","42,992.00","44,395.00","24,726.00","11,774.00","12,952.00","20,966.00","2,503.00","1,034.00",28.29%
,,PROCREAZIONE MEDICALMENTE ASSISTITA. Norme sui limiti all'accesso. Abrogazione parziale,"87,387.00","42,992.00","44,395.00","24,724.00","11,772.00","12,952.00","21,044.00","2,368.00","1,084.00",28.29%
,,"PROCREAZIONE MEDICALMENTE ASSISTITA. Norme sulle finalita', sui diritti dei soggetti coinvolti e sui limiti all'accesso. Abrogazione parziale","87,387.00","42,992.00","44,395.00","24,717.00","11,770.00","12,947.00","20,950.00","2,411.00","1,127.00",28.28%
,Medio Campidano Total,,"349,548.00","171,968.00","177,580.00","98,865.00","47,076.00","51,789.00","82,220.00","11,431.00","4,317.00",28.28%
,Nuoro,PROCREAZIONE MEDICALMENTE ASSISTITA. Divieto di fecondazione eterologa. Abrogazione parziale,"134,840.00","65,586.00","69,254.00","36,540.00","16,956.00","19,584.00","28,818.00","5,885.00","1,496.00",27.10%
,,PROCREAZIONE MEDICALMENTE ASSISTITA. Limite alla ricerca clinica e sperimentale sugli embrioni. Abrogazione parziale.,"134,840.00","65,586.00","69,254.00","36,563.00","16,968.00","19,595.00","31,649.00","3,214.00","1,367.00",27.12%
,,PROCREAZIONE MEDICALMENTE ASSISTITA. Norme sui limiti all'accesso. Abrogazione parziale,"134,840.00","65,586.00","69,254.00","36,567.00","16,969.00","19,598.00","31,855.00","2,955.00","1,459.00",27.12%
,,"PROCREAZIONE MEDICALMENTE ASSISTITA. Norme sulle finalita', sui diritti dei soggetti coinvolti e sui limiti all'accesso. Abrogazione parziale","134,840.00","65,586.00","69,254.00","36,546.00","16,960.00","19,586.00","31,665.00","3,075.00","1,494.00",27.10%
,Nuoro Total,,"539,360.00","262,344.00","277,016.00","146,216.00","67,853.00","78,363.00","123,987.00","15,129.00","5,816.00",27.11%
,Ogliastra,PROCREAZIONE MEDICALMENTE ASSISTITA. Divieto di fecondazione eterologa. Abrogazione parziale,"48,534.00","23,713.00","24,821.00","11,939.00","5,521.00","6,418.00","9,681.00","1,709.00",433.00,24.60%
,,PROCREAZIONE MEDICALMENTE ASSISTITA. Limite alla ricerca clinica e sperimentale sugli embrioni. Abrogazione parziale.,"48,534.00","23,713.00","24,821.00","11,966.00","5,519.00","6,447.00","10,495.00",966.00,384.00,24.65%
,,PROCREAZIONE MEDICALMENTE ASSISTITA. Norme sui limiti all'accesso. Abrogazione parziale,"48,534.00","23,713.00","24,821.00","11,950.00","5,522.00","6,428.00","10,584.00",861.00,411.00,24.62%
,,"PROCREAZIONE MEDICALMENTE ASSISTITA. Norme sulle finalita', sui diritti dei soggetti coinvolti e sui limiti all'accesso. Abrogazione parziale","48,534.00","23,713.00","24,821.00","11,972.00","5,530.00","6,442.00","10,526.00",894.00,421.00,24.67%
,Ogliastra Total,,"194,136.00","94,852.00","99,284.00","47,827.00","22,092.00","25,735.00","41,286.00","4,430.00","1,649.00",24.64%
,Olbia-Tempio,PROCREAZIONE MEDICALMENTE ASSISTITA. Divieto di fecondazione eterologa. Abrogazione parziale,"117,709.00","58,267.00","59,442.00","25,312.00","12,013.00","13,299.00","19,464.00","4,290.00","1,317.00",21.50%
,,PROCREAZIONE MEDICALMENTE ASSISTITA. Limite alla ricerca clinica e sperimentale sugli embrioni. Abrogazione parziale.,"117,709.00","58,267.00","59,442.00","25,346.00","11,949.00","13,397.00","21,291.00","2,562.00","1,211.00",21.53%
,,PROCREAZIONE MEDICALMENTE ASSISTITA. Norme sui limiti all'accesso. Abrogazione parziale,"117,709.00","58,267.00","59,442.00","25,331.00","11,941.00","13,390.00","21,529.00","2,295.00","1,281.00",21.52%
,,"PROCREAZIONE MEDICALMENTE ASSISTITA. Norme sulle finalita', sui diritti dei soggetti coinvolti e sui limiti all'accesso. Abrogazione parziale","117,709.00","58,267.00","59,442.00","25,324.00","11,935.00","13,389.00","21,304.00","2,461.00","1,309.00",21.51%
,Olbia-Tempio Total,,"470,836.00","233,068.00","237,768.00","101,313.00","47,838.00","53,475.00","83,588.00","11,608.00","5,118.00",21.52%
,Oristano,PROCREAZIONE MEDICALMENTE ASSISTITA. Divieto di fecondazione eterologa. Abrogazione parziale,"141,370.00","68,838.00","72,532.00","34,875.00","16,189.00","18,686.00","25,767.00","6,730.00","1,862.00",24.67%
,,PROCREAZIONE MEDICALMENTE ASSISTITA. Limite alla ricerca clinica e sperimentale sugli embrioni. Abrogazione parziale.,"141,370.00","68,838.00","72,532.00","34,895.00","16,204.00","18,691.00","28,501.00","4,107.00","1,787.00",24.68%
,,PROCREAZIONE MEDICALMENTE ASSISTITA. Norme sui limiti all'accesso. Abrogazione parziale,"141,370.00","68,838.00","72,532.00","34,891.00","16,199.00","18,692.00","28,825.00","3,747.00","1,864.00",24.68%
,,"PROCREAZIONE MEDICALMENTE ASSISTITA. Norme sulle finalita', sui diritti dei soggetti coinvolti e sui limiti all'accesso. Abrogazione parziale","141,370.00","68,838.00","72,532.00","34,883.00","16,196.00","18,687.00","28,476.00","3,975.00","1,924.00",24.67%
,Oristano Total,,"565,480.00","275,352.00","290,128.00","139,544.00","64,788.00","74,756.00","111,569.00","18,559.00","7,437.00",24.68%
,Sassari,PROCREAZIONE MEDICALMENTE ASSISTITA. Divieto di fecondazione eterologa. Abrogazione parziale,"279,401.00","135,523.00","143,878.00","78,755.00","36,578.00","42,177.00","61,185.00","13,310.00","3,270.00",28.19%
,,PROCREAZIONE MEDICALMENTE ASSISTITA. Limite alla ricerca clinica e sperimentale sugli embrioni. Abrogazione parziale.,"279,401.00","135,523.00","143,878.00","78,802.00","36,617.00","42,185.00","67,109.00","7,797.00","3,110.00",28.20%
,,PROCREAZIONE MEDICALMENTE ASSISTITA. Norme sui limiti all'accesso. Abrogazione parziale,"279,401.00","135,523.00","143,878.00","78,810.00","36,612.00","42,198.00","67,803.00","6,935.00","3,221.00",28.21%
,,"PROCREAZIONE MEDICALMENTE ASSISTITA. Norme sulle finalita', sui diritti dei soggetti coinvolti e sui limiti all'accesso. Abrogazione parziale","279,401.00","135,523.00","143,878.00","78,801.00","36,607.00","42,194.00","67,239.00","7,420.00","3,343.00",28.20%
,Sassari Total,,"1,117,604.00","542,092.00","575,512.00","315,168.00","146,414.00","168,754.00","263,336.00","35,462.00","12,944.00",28.20%
SARDEGNA Total,,,"5,515,360.00","2,681,848.00","2,833,512.00","1,498,919.00","697,336.00","801,583.00","1,256,811.00","169,401.00","57,909.00",27.18%
SICILIA,Agrigento,PROCREAZIONE MEDICALMENTE ASSISTITA. Divieto di fecondazione eterologa. Abrogazione parziale,"364,041.00","173,311.00","190,730.00","46,884.00","24,085.00","22,799.00","32,992.00","10,688.00","2,088.00",12.88%
,,PROCREAZIONE MEDICALMENTE ASSISTITA. Limite alla ricerca clinica e sperimentale sugli embrioni. Abrogazione parziale.,"364,041.00","173,311.00","190,730.00","46,884.00","24,079.00","22,805.00","38,230.00","5,713.00","1,824.00",12.88%
,,PROCREAZIONE MEDICALMENTE ASSISTITA. Norme sui limiti all'accesso. Abrogazione parziale,"364,041.00","173,311.00","190,730.00","46,887.00","24,084.00","22,803.00","38,442.00","5,374.00","1,995.00",12.88%
,,"PROCREAZIONE MEDICALMENTE ASSISTITA. Norme sulle finalita', sui diritti dei soggetti coinvolti e sui limiti all'accesso. Abrogazione parziale","364,041.00","173,311.00","190,730.00","46,890.00","24,087.00","22,803.00","37,891.00","5,801.00","2,084.00",12.88%
,Agrigento Total,,"1,456,164.00","693,244.00","762,920.00","187,545.00","96,335.00","91,210.00","147,555.00","27,576.00","7,991.00",12.88%
,Caltanissetta,PROCREAZIONE MEDICALMENTE ASSISTITA. Divieto di fecondazione eterologa. Abrogazione parziale,"220,760.00","104,560.00","116,200.00","27,905.00","14,051.00","13,854.00","19,234.00","6,827.00","1,218.00",12.64%
,,PROCREAZIONE MEDICALMENTE ASSISTITA. Limite alla ricerca clinica e sperimentale sugli embrioni. Abrogazione parziale.,"220,760.00","104,560.00","116,200.00","27,931.00","14,064.00","13,867.00","22,363.00","3,859.00","1,116.00",12.65%
,,PROCREAZIONE MEDICALMENTE ASSISTITA. Norme sui limiti all'accesso. Abrogazione parziale,"220,760.00","104,560.00","116,200.00","27,929.00","14,064.00","13,865.00","22,465.00","3,720.00","1,154.00",12.65%
,,"PROCREAZIONE MEDICALMENTE ASSISTITA. Norme sulle finalita', sui diritti dei soggetti coinvolti e sui limiti all'accesso. Abrogazione parziale","220,760.00","104,560.00","116,200.00","27,924.00","14,062.00","13,862.00","22,176.00","3,926.00","1,211.00",12.65%
,Caltanissetta Total,,"883,040.00","418,240.00","464,800.00","111,689.00","56,241.00","55,448.00","86,238.00","18,332.00","4,699.00",12.65%
,Catania,PROCREAZIONE MEDICALMENTE ASSISTITA. Divieto di fecondazione eterologa. Abrogazione parziale,"865,409.00","412,556.00","452,853.00","148,461.00","71,470.00","76,991.00","104,555.00","36,416.00","4,533.00",17.16%
,,PROCREAZIONE MEDICALMENTE ASSISTITA. Limite alla ricerca clinica e sperimentale sugli embrioni. Abrogazione parziale.,"865,409.00","412,556.00","452,853.00","148,563.00","71,522.00","77,041.00","121,940.00","19,947.00","4,056.00",17.17%
,,PROCREAZIONE MEDICALMENTE ASSISTITA. Norme sui limiti all'accesso. Abrogazione parziale,"865,409.00","412,556.00","452,853.00","148,464.00","71,524.00","76,940.00","123,587.00","17,879.00","4,295.00",17.16%
,,"PROCREAZIONE MEDICALMENTE ASSISTITA. Norme sulle finalita', sui diritti dei soggetti coinvolti e sui limiti all'accesso. Abrogazione parziale","865,409.00","412,556.00","452,853.00","148,538.00","71,521.00","77,017.00","121,777.00","19,416.00","4,371.00",17.16%
,Catania Total,,"3,461,636.00","1,650,224.00","1,811,412.00","594,026.00","286,037.00","307,989.00","471,859.00","93,658.00","17,255.00",17.16%
,Enna,PROCREAZIONE MEDICALMENTE ASSISTITA. Divieto di fecondazione eterologa. Abrogazione parziale,"142,538.00","67,549.00","74,989.00","23,058.00","11,582.00","11,476.00","16,091.00","5,295.00",986.00,16.18%
,,PROCREAZIONE MEDICALMENTE ASSISTITA. Limite alla ricerca clinica e sperimentale sugli embrioni. Abrogazione parziale.,"142,538.00","67,549.00","74,989.00","23,073.00","11,590.00","11,483.00","18,624.00","2,921.00",891.00,16.19%
,,PROCREAZIONE MEDICALMENTE ASSISTITA. Norme sui limiti all'accesso. Abrogazione parziale,"142,538.00","67,549.00","74,989.00","23,069.00","11,591.00","11,478.00","18,831.00","2,668.00",945.00,16.18%
,,"PROCREAZIONE MEDICALMENTE ASSISTITA. Norme sulle finalita', sui diritti dei soggetti coinvolti e sui limiti all'accesso. Abrogazione parziale","142,538.00","67,549.00","74,989.00","23,468.00","11,764.00","11,704.00","18,600.00","2,874.00",964.00,16.46%
,Enna Total,,"570,152.00","270,196.00","299,956.00","92,668.00","46,527.00","46,141.00","72,146.00","13,758.00","3,786.00",16.25%
,Messina,PROCREAZIONE MEDICALMENTE ASSISTITA. Divieto di fecondazione eterologa. Abrogazione parziale,"531,063.00","251,298.00","279,765.00","81,780.00","39,294.00","42,486.00","54,786.00","20,553.00","4,271.00",15.40%
,,PROCREAZIONE MEDICALMENTE ASSISTITA. Limite alla ricerca clinica e sperimentale sugli embrioni. Abrogazione parziale.,"531,063.00","251,298.00","279,765.00","81,846.00","39,342.00","42,504.00","63,745.00","12,003.00","3,985.00",15.41%
,,PROCREAZIONE MEDICALMENTE ASSISTITA. Norme sui limiti all'accesso. Abrogazione parziale,"531,063.00","251,298.00","279,765.00","81,826.00","39,323.00","42,503.00","64,508.00","11,051.00","4,199.00",15.41%
,,"PROCREAZIONE MEDICALMENTE ASSISTITA. Norme sulle finalita', sui diritti dei soggetti coinvolti e sui limiti all'accesso. Abrogazione parziale","531,063.00","251,298.00","279,765.00","81,823.00","39,323.00","42,500.00","63,262.00","12,070.00","4,331.00",15.41%
,Messina Total,,"2,124,252.00","1,005,192.00","1,119,060.00","327,275.00","157,282.00","169,993.00","246,301.00","55,677.00","16,786.00",15.41%
,Palermo,PROCREAZIONE MEDICALMENTE ASSISTITA. Divieto di fecondazione eterologa. Abrogazione parziale,"1,003,298.00","475,705.00","527,593.00","164,828.00","80,683.00","84,145.00","113,509.00","42,452.00","5,305.00",16.43%
,,PROCREAZIONE MEDICALMENTE ASSISTITA. Limite alla ricerca clinica e sperimentale sugli embrioni. Abrogazione parziale.,"1,003,298.00","475,705.00","527,593.00","164,680.00","80,580.00","84,100.00","132,820.00","23,858.00","4,751.00",16.41%
,,PROCREAZIONE MEDICALMENTE ASSISTITA. Norme sui limiti all'accesso. Abrogazione parziale,"1,003,298.00","475,705.00","527,593.00","164,970.00","80,716.00","84,254.00","134,696.00","21,780.00","5,050.00",16.44%
,,"PROCREAZIONE MEDICALMENTE ASSISTITA. Norme sulle finalita', sui diritti dei soggetti coinvolti e sui limiti all'accesso. Abrogazione parziale","1,003,298.00","475,705.00","527,593.00","164,947.00","80,711.00","84,236.00","132,280.00","23,888.00","5,416.00",16.44%
,Palermo Total,,"4,013,192.00","1,902,820.00","2,110,372.00","659,425.00","322,690.00","336,735.00","513,305.00","111,978.00","20,522.00",16.43%
,Ragusa,PROCREAZIONE MEDICALMENTE ASSISTITA. Divieto di fecondazione eterologa. Abrogazione parziale,"237,764.00","113,797.00","123,967.00","36,650.00","18,231.00","18,419.00","25,061.00","8,978.00","1,605.00",15.41%
,,PROCREAZIONE MEDICALMENTE ASSISTITA. Limite alla ricerca clinica e sperimentale sugli embrioni. Abrogazione parziale.,"237,764.00","113,797.00","123,967.00","36,693.00","18,265.00","18,428.00","28,712.00","5,549.00","1,452.00",15.43%
,,PROCREAZIONE MEDICALMENTE ASSISTITA. Norme sui limiti all'accesso. Abrogazione parziale,"237,764.00","113,797.00","123,967.00","36,688.00","18,265.00","18,423.00","28,907.00","5,262.00","1,558.00",15.43%
,,"PROCREAZIONE MEDICALMENTE ASSISTITA. Norme sulle finalita', sui diritti dei soggetti coinvolti e sui limiti all'accesso. Abrogazione parziale","237,764.00","113,797.00","123,967.00","36,691.00","18,265.00","18,426.00","28,494.00","5,613.00","1,592.00",15.43%
,Ragusa Total,,"951,056.00","455,188.00","495,868.00","146,722.00","73,026.00","73,696.00","111,174.00","25,402.00","6,207.00",15.43%
,Siracusa,PROCREAZIONE MEDICALMENTE ASSISTITA. Divieto di fecondazione eterologa. Abrogazione parziale,"321,654.00","155,905.00","165,749.00","55,906.00","27,264.00","28,642.00","40,761.00","12,673.00","1,486.00",17.38%
,,PROCREAZIONE MEDICALMENTE ASSISTITA. Limite alla ricerca clinica e sperimentale sugli embrioni. Abrogazione parziale.,"321,654.00","155,905.00","165,749.00","55,932.00","27,270.00","28,662.00","47,117.00","6,520.00","1,355.00",17.39%
,,PROCREAZIONE MEDICALMENTE ASSISTITA. Norme sui limiti all'accesso. Abrogazione parziale,"321,654.00","155,905.00","165,749.00","55,936.00","27,282.00","28,654.00","47,319.00","6,266.00","1,429.00",17.39%
,,"PROCREAZIONE MEDICALMENTE ASSISTITA. Norme sulle finalita', sui diritti dei soggetti coinvolti e sui limiti all'accesso. Abrogazione parziale","321,654.00","155,905.00","165,749.00","55,931.00","27,278.00","28,653.00","46,714.00","6,796.00","1,498.00",17.39%
,Siracusa Total,,"1,286,616.00","623,620.00","662,996.00","223,705.00","109,094.00","114,611.00","181,911.00","32,255.00","5,768.00",17.39%
,Trapani,PROCREAZIONE MEDICALMENTE ASSISTITA. Divieto di fecondazione eterologa. Abrogazione parziale,"349,499.00","166,995.00","182,504.00","49,944.00","25,046.00","24,898.00","33,296.00","12,661.00","2,573.00",14.29%
,,PROCREAZIONE MEDICALMENTE ASSISTITA. Limite alla ricerca clinica e sperimentale sugli embrioni. Abrogazione parziale.,"349,499.00","166,995.00","182,504.00","49,964.00","25,036.00","24,928.00","38,548.00","7,685.00","2,372.00",14.30%
,,PROCREAZIONE MEDICALMENTE ASSISTITA. Norme sui limiti all'accesso. Abrogazione parziale,"349,499.00","166,995.00","182,504.00","49,980.00","25,039.00","24,941.00","38,698.00","7,322.00","2,561.00",14.30%
,,"PROCREAZIONE MEDICALMENTE ASSISTITA. Norme sulle finalita', sui diritti dei soggetti coinvolti e sui limiti all'accesso. Abrogazione parziale","349,499.00","166,995.00","182,504.00","49,951.00","25,034.00","24,917.00","37,951.00","7,923.00","2,676.00",14.29%
,Trapani Total,,"1,397,996.00","667,980.00","730,016.00","199,839.00","100,155.00","99,684.00","148,493.00","35,591.00","10,182.00",14.29%
SICILIA Total,,,"16,144,104.00","7,686,704.00","8,457,400.00","2,542,894.00","1,247,387.00","1,295,507.00","1,978,982.00","414,227.00","93,196.00",15.75%
TOSCANA,Arezzo,PROCREAZIONE MEDICALMENTE ASSISTITA. Divieto di fecondazione eterologa. Abrogazione parziale,"267,711.00","129,155.00","138,556.00","89,490.00","43,914.00","45,576.00","70,264.00","15,312.00","3,096.00",33.43%
,,PROCREAZIONE MEDICALMENTE ASSISTITA. Limite alla ricerca clinica e sperimentale sugli embrioni. Abrogazione parziale.,"267,711.00","129,155.00","138,556.00","89,628.00","43,990.00","45,638.00","78,918.00","7,424.00","2,539.00",33.48%
,,PROCREAZIONE MEDICALMENTE ASSISTITA. Norme sui limiti all'accesso. Abrogazione parziale,"267,711.00","129,155.00","138,556.00","89,612.00","43,965.00","45,647.00","78,919.00","6,926.00","2,838.00",33.47%
,,"PROCREAZIONE MEDICALMENTE ASSISTITA. Norme sulle finalita', sui diritti dei soggetti coinvolti e sui limiti all'accesso. Abrogazione parziale","267,711.00","129,155.00","138,556.00","89,589.00","43,951.00","45,638.00","78,092.00","7,982.00","2,921.00",33.46%
,Arezzo Total,,"1,070,844.00","516,620.00","554,224.00","358,319.00","175,820.00","182,499.00","306,193.00","37,644.00","11,394.00",33.46%
,Firenze,PROCREAZIONE MEDICALMENTE ASSISTITA. Divieto di fecondazione eterologa. Abrogazione parziale,"771,023.00","364,514.00","406,509.00","355,980.00","169,783.00","186,197.00","290,921.00","52,981.00","8,821.00",46.17%
,,PROCREAZIONE MEDICALMENTE ASSISTITA. Limite alla ricerca clinica e sperimentale sugli embrioni. Abrogazione parziale.,"771,023.00","364,514.00","406,509.00","356,072.00","169,984.00","186,088.00","324,099.00","21,756.00","7,031.00",46.18%
,,PROCREAZIONE MEDICALMENTE ASSISTITA. Norme sui limiti all'accesso. Abrogazione parziale,"771,023.00","364,514.00","406,509.00","356,044.00","169,933.00","186,111.00","325,748.00","19,754.00","7,490.00",46.18%
,,"PROCREAZIONE MEDICALMENTE ASSISTITA. Norme sulle finalita', sui diritti dei soggetti coinvolti e sui limiti all'accesso. Abrogazione parziale","771,023.00","364,514.00","406,509.00","355,983.00","169,915.00","186,068.00","322,251.00","22,456.00","8,088.00",46.17%
,Firenze Total,,"3,084,092.00","1,458,056.00","1,626,036.00","1,424,079.00","679,615.00","744,464.00","1,263,019.00","116,947.00","31,430.00",46.17%
,Grosseto,PROCREAZIONE MEDICALMENTE ASSISTITA. Divieto di fecondazione eterologa. Abrogazione parziale,"181,549.00","86,474.00","95,075.00","64,160.00","30,517.00","33,643.00","52,383.00","9,627.00","1,613.00",35.34%
,,PROCREAZIONE MEDICALMENTE ASSISTITA. Limite alla ricerca clinica e sperimentale sugli embrioni. Abrogazione parziale.,"181,549.00","86,474.00","95,075.00","64,216.00","30,561.00","33,655.00","57,851.00","4,565.00","1,307.00",35.37%
,,PROCREAZIONE MEDICALMENTE ASSISTITA. Norme sui limiti all'accesso. Abrogazione parziale,"181,549.00","86,474.00","95,075.00","64,208.00","30,550.00","33,658.00","58,008.00","4,212.00","1,464.00",35.37%
,,"PROCREAZIONE MEDICALMENTE ASSISTITA. Norme sulle finalita', sui diritti dei soggetti coinvolti e sui limiti all'accesso. Abrogazione parziale","181,549.00","86,474.00","95,075.00","64,193.00","30,541.00","33,652.00","57,461.00","4,718.00","1,512.00",35.36%
,Grosseto Total,,"726,196.00","345,896.00","380,300.00","256,777.00","122,169.00","134,608.00","225,703.00","23,122.00","5,896.00",35.36%
,Livorno,PROCREAZIONE MEDICALMENTE ASSISTITA. Divieto di fecondazione eterologa. Abrogazione parziale,"279,558.00","132,871.00","146,687.00","128,978.00","61,211.00","67,767.00","107,500.00","17,952.00","2,661.00",46.14%
,,PROCREAZIONE MEDICALMENTE ASSISTITA. Limite alla ricerca clinica e sperimentale sugli embrioni. Abrogazione parziale.,"279,558.00","132,871.00","146,687.00","129,079.00","61,272.00","67,807.00","119,089.00","7,265.00","2,070.00",46.17%
,,PROCREAZIONE MEDICALMENTE ASSISTITA. Norme sui limiti all'accesso. Abrogazione parziale,"279,558.00","132,871.00","146,687.00","129,076.00","61,265.00","67,811.00","119,525.00","6,525.00","2,242.00",46.17%
,,"PROCREAZIONE MEDICALMENTE ASSISTITA. Norme sulle finalita', sui diritti dei soggetti coinvolti e sui limiti all'accesso. Abrogazione parziale","279,558.00","132,871.00","146,687.00","129,260.00","61,251.00","68,009.00","118,555.00","7,352.00","2,394.00",46.24%
,Livorno Total,,"1,118,232.00","531,484.00","586,748.00","516,393.00","244,999.00","271,394.00","464,669.00","39,094.00","9,367.00",46.18%
,Lucca,PROCREAZIONE MEDICALMENTE ASSISTITA. Divieto di fecondazione eterologa. Abrogazione parziale,"312,780.00","148,688.00","164,092.00","97,158.00","45,779.00","51,379.00","71,580.00","19,858.00","2,773.00",31.06%
,,PROCREAZIONE MEDICALMENTE ASSISTITA. Limite alla ricerca clinica e sperimentale sugli embrioni. Abrogazione parziale.,"312,780.00","148,688.00","164,092.00","96,671.00","45,578.00","51,093.00","82,771.00","9,375.00","2,338.00",30.91%
,,PROCREAZIONE MEDICALMENTE ASSISTITA. Norme sui limiti all'accesso. Abrogazione parziale,"312,780.00","148,688.00","164,092.00","96,663.00","45,574.00","51,089.00","83,447.00","8,559.00","2,423.00",30.90%
,,"PROCREAZIONE MEDICALMENTE ASSISTITA. Norme sulle finalita', sui diritti dei soggetti coinvolti e sui limiti all'accesso. Abrogazione parziale","312,780.00","148,688.00","164,092.00","96,634.00","45,562.00","51,072.00","82,152.00","9,621.00","2,668.00",30.90%
,Lucca Total,,"1,251,120.00","594,752.00","656,368.00","387,126.00","182,493.00","204,633.00","319,950.00","47,413.00","10,202.00",30.94%
,Massa-Carrara,PROCREAZIONE MEDICALMENTE ASSISTITA. Divieto di fecondazione eterologa. Abrogazione parziale,"167,678.00","79,446.00","88,232.00","58,031.00","27,423.00","30,608.00","46,811.00","9,125.00","1,452.00",34.61%
,,PROCREAZIONE MEDICALMENTE ASSISTITA. Limite alla ricerca clinica e sperimentale sugli embrioni. Abrogazione parziale.,"167,678.00","79,446.00","88,232.00","58,083.00","27,452.00","30,631.00","52,340.00","4,050.00","1,182.00",34.64%
,,PROCREAZIONE MEDICALMENTE ASSISTITA. Norme sui limiti all'accesso. Abrogazione parziale,"167,678.00","79,446.00","88,232.00","58,070.00","27,446.00","30,624.00","52,590.00","3,718.00","1,243.00",34.63%
,,"PROCREAZIONE MEDICALMENTE ASSISTITA. Norme sulle finalita', sui diritti dei soggetti coinvolti e sui limiti all'accesso. Abrogazione parziale","167,678.00","79,446.00","88,232.00","58,062.00","27,435.00","30,627.00","51,974.00","4,189.00","1,332.00",34.63%
,Massa-Carrara Total,,"670,712.00","317,784.00","352,928.00","232,246.00","109,756.00","122,490.00","203,715.00","21,082.00","5,209.00",34.63%
,Pisa,PROCREAZIONE MEDICALMENTE ASSISTITA. Divieto di fecondazione eterologa. Abrogazione parziale,"321,021.00","153,646.00","167,375.00","134,541.00","64,524.00","70,017.00","107,222.00","22,018.00","3,626.00",41.91%
,,PROCREAZIONE MEDICALMENTE ASSISTITA. Limite alla ricerca clinica e sperimentale sugli embrioni. Abrogazione parziale.,"321,021.00","153,646.00","167,375.00","134,632.00","64,580.00","70,052.00","121,210.00","9,543.00","2,784.00",41.94%
,,PROCREAZIONE MEDICALMENTE ASSISTITA. Norme sui limiti all'accesso. Abrogazione parziale,"321,021.00","153,646.00","167,375.00","134,636.00","64,580.00","70,056.00","121,680.00","8,775.00","3,039.00",41.94%
,,"PROCREAZIONE MEDICALMENTE ASSISTITA. Norme sulle finalita', sui diritti dei soggetti coinvolti e sui limiti all'accesso. Abrogazione parziale","321,021.00","153,646.00","167,375.00","134,623.00","64,570.00","70,053.00","120,327.00","9,842.00","3,257.00",41.94%
,Pisa Total,,"1,284,084.00","614,584.00","669,500.00","538,432.00","258,254.00","280,178.00","470,439.00","50,178.00","12,706.00",41.93%
,Pistoia,PROCREAZIONE MEDICALMENTE ASSISTITA. Divieto di fecondazione eterologa. Abrogazione parziale,"227,626.00","108,537.00","119,089.00","81,505.00","39,083.00","42,422.00","64,492.00","13,694.00","2,459.00",35.81%
,,PROCREAZIONE MEDICALMENTE ASSISTITA. Limite alla ricerca clinica e sperimentale sugli embrioni. Abrogazione parziale.,"227,626.00","108,537.00","119,089.00","81,716.00","39,090.00","42,626.00","72,401.00","6,389.00","1,987.00",35.90%
,,PROCREAZIONE MEDICALMENTE ASSISTITA. Norme sui limiti all'accesso. Abrogazione parziale,"227,626.00","108,537.00","119,089.00","81,627.00","39,086.00","42,541.00","72,793.00","5,846.00","2,173.00",35.86%
,,"PROCREAZIONE MEDICALMENTE ASSISTITA. Norme sulle finalita', sui diritti dei soggetti coinvolti e sui limiti all'accesso. Abrogazione parziale","227,626.00","108,537.00","119,089.00","81,585.00","39,071.00","42,514.00","71,907.00","6,573.00","2,292.00",35.84%
,Pistoia Total,,"910,504.00","434,148.00","476,356.00","326,433.00","156,330.00","170,103.00","281,593.00","32,502.00","8,911.00",35.85%
,Prato,PROCREAZIONE MEDICALMENTE ASSISTITA. Divieto di fecondazione eterologa. Abrogazione parziale,"186,734.00","89,794.00","96,940.00","67,951.00","32,767.00","35,184.00","54,348.00","11,461.00","1,514.00",36.39%
,,PROCREAZIONE MEDICALMENTE ASSISTITA. Limite alla ricerca clinica e sperimentale sugli embrioni. Abrogazione parziale.,"186,734.00","89,794.00","96,940.00","68,056.00","32,820.00","35,236.00","60,826.00","5,342.00","1,256.00",36.45%
,,PROCREAZIONE MEDICALMENTE ASSISTITA. Norme sui limiti all'accesso. Abrogazione parziale,"186,734.00","89,794.00","96,940.00","68,057.00","32,819.00","35,238.00","61,112.00","4,564.00","1,340.00",36.45%
,,"PROCREAZIONE MEDICALMENTE ASSISTITA. Norme sulle finalita', sui diritti dei soggetti coinvolti e sui limiti all'accesso. Abrogazione parziale","186,734.00","89,794.00","96,940.00","68,035.00","32,805.00","35,230.00","60,252.00","5,663.00","1,462.00",36.43%
,Prato Total,,"746,936.00","359,176.00","387,760.00","272,099.00","131,211.00","140,888.00","236,538.00","27,030.00","5,572.00",36.43%
,Siena,PROCREAZIONE MEDICALMENTE ASSISTITA. Divieto di fecondazione eterologa. Abrogazione parziale,"212,173.00","101,321.00","110,852.00","93,159.00","45,558.00","47,601.00","76,720.00","12,821.00","2,958.00",43.91%
,,PROCREAZIONE MEDICALMENTE ASSISTITA. Limite alla ricerca clinica e sperimentale sugli embrioni. Abrogazione parziale.,"212,173.00","101,321.00","110,852.00","93,292.00","45,644.00","47,648.00","84,849.00","5,624.00","2,256.00",43.97%
,,PROCREAZIONE MEDICALMENTE ASSISTITA. Norme sui limiti all'accesso. Abrogazione parziale,"212,173.00","101,321.00","110,852.00","93,288.00","45,631.00","47,657.00","84,864.00","5,361.00","2,505.00",43.97%
,,"PROCREAZIONE MEDICALMENTE ASSISTITA. Norme sulle finalita', sui diritti dei soggetti coinvolti e sui limiti all'accesso. Abrogazione parziale","212,173.00","101,321.00","110,852.00","93,244.00","45,680.00","47,564.00","84,166.00","5,852.00","2,658.00",43.95%
,Siena Total,,"848,692.00","405,284.00","443,408.00","372,983.00","182,513.00","190,470.00","330,599.00","29,658.00","10,377.00",43.95%
TOSCANA Total,,,"11,711,412.00","5,577,784.00","6,133,628.00","4,684,887.00","2,243,160.00","2,441,727.00","4,102,418.00","424,670.00","111,064.00",40.00%
TRENTINO A.A.,Bolzano,PROCREAZIONE MEDICALMENTE ASSISTITA. Divieto di fecondazione eterologa. Abrogazione parziale,"364,628.00","177,937.00","186,691.00","60,580.00","27,508.00","33,072.00","42,641.00","15,243.00","2,160.00",16.61%
,,PROCREAZIONE MEDICALMENTE ASSISTITA. Limite alla ricerca clinica e sperimentale sugli embrioni. Abrogazione parziale.,"364,628.00","177,937.00","186,691.00","60,616.00","27,533.00","33,083.00","46,404.00","11,749.00","1,936.00",16.62%
,,PROCREAZIONE MEDICALMENTE ASSISTITA. Norme sui limiti all'accesso. Abrogazione parziale,"364,628.00","177,937.00","186,691.00","60,620.00","27,532.00","33,088.00","50,493.00","7,738.00","1,897.00",16.63%
,,"PROCREAZIONE MEDICALMENTE ASSISTITA. Norme sulle finalita', sui diritti dei soggetti coinvolti e sui limiti all'accesso. Abrogazione parziale","364,628.00","177,937.00","186,691.00","60,619.00","27,534.00","33,085.00","48,791.00","9,177.00","2,145.00",16.62%
,Bolzano Total,,"1,458,512.00","711,748.00","746,764.00","242,435.00","110,107.00","132,328.00","188,329.00","43,907.00","8,138.00",16.62%
,Trento,PROCREAZIONE MEDICALMENTE ASSISTITA. Divieto di fecondazione eterologa. Abrogazione parziale,"387,634.00","187,109.00","200,525.00","95,333.00","45,337.00","49,996.00","67,358.00","24,042.00","2,942.00",24.59%
,,PROCREAZIONE MEDICALMENTE ASSISTITA. Limite alla ricerca clinica e sperimentale sugli embrioni. Abrogazione parziale.,"387,634.00","187,109.00","200,525.00","95,455.00","45,422.00","50,033.00","79,727.00","12,263.00","2,588.00",24.63%
,,PROCREAZIONE MEDICALMENTE ASSISTITA. Norme sui limiti all'accesso. Abrogazione parziale,"387,634.00","187,109.00","200,525.00","95,431.00","45,402.00","50,029.00","80,455.00","11,322.00","2,747.00",24.62%
,,"PROCREAZIONE MEDICALMENTE ASSISTITA. Norme sulle finalita', sui diritti dei soggetti coinvolti e sui limiti all'accesso. Abrogazione parziale","387,634.00","187,109.00","200,525.00","95,409.00","45,387.00","50,022.00","79,163.00","12,314.00","3,058.00",24.61%
,Trento Total,,"1,550,536.00","748,436.00","802,100.00","381,628.00","181,548.00","200,080.00","306,703.00","59,941.00","11,335.00",24.61%
TRENTINO A.A. Total,,,"3,009,048.00","1,460,184.00","1,548,864.00","624,063.00","291,655.00","332,408.00","495,032.00","103,848.00","19,473.00",20.74%
UMBRIA,Perugia,PROCREAZIONE MEDICALMENTE ASSISTITA. Divieto di fecondazione eterologa. Abrogazione parziale,"505,157.00","242,036.00","263,121.00","144,591.00","71,073.00","73,518.00","108,897.00","29,198.00","4,840.00",28.62%
,,PROCREAZIONE MEDICALMENTE ASSISTITA. Limite alla ricerca clinica e sperimentale sugli embrioni. Abrogazione parziale.,"505,157.00","242,036.00","263,121.00","144,766.00","71,181.00","73,585.00","124,290.00","14,615.00","4,141.00",28.66%
,,PROCREAZIONE MEDICALMENTE ASSISTITA. Norme sui limiti all'accesso. Abrogazione parziale,"505,157.00","242,036.00","263,121.00","144,645.00","71,166.00","73,479.00","125,077.00","13,636.00","4,405.00",28.63%
,,"PROCREAZIONE MEDICALMENTE ASSISTITA. Norme sulle finalita', sui diritti dei soggetti coinvolti e sui limiti all'accesso. Abrogazione parziale","505,157.00","242,036.00","263,121.00","144,614.00","71,149.00","73,465.00","123,269.00","15,054.00","4,628.00",28.63%
,Perugia Total,,"2,020,628.00","968,144.00","1,052,484.00","578,616.00","284,569.00","294,047.00","481,533.00","72,503.00","18,014.00",28.64%
,Terni,PROCREAZIONE MEDICALMENTE ASSISTITA. Divieto di fecondazione eterologa. Abrogazione parziale,"186,111.00","88,553.00","97,558.00","60,548.00","29,587.00","30,961.00","47,257.00","10,793.00","1,754.00",32.53%
,,PROCREAZIONE MEDICALMENTE ASSISTITA. Limite alla ricerca clinica e sperimentale sugli embrioni. Abrogazione parziale.,"186,111.00","88,553.00","97,558.00","60,620.00","29,628.00","30,992.00","53,407.00","5,057.00","1,464.00",32.57%
,,PROCREAZIONE MEDICALMENTE ASSISTITA. Norme sui limiti all'accesso. Abrogazione parziale,"186,111.00","88,553.00","97,558.00","60,598.00","29,617.00","30,981.00","53,475.00","4,844.00","1,597.00",32.56%
,,"PROCREAZIONE MEDICALMENTE ASSISTITA. Norme sulle finalita', sui diritti dei soggetti coinvolti e sui limiti all'accesso. Abrogazione parziale","186,111.00","88,553.00","97,558.00","60,586.00","29,612.00","30,974.00","52,856.00","5,332.00","1,697.00",32.55%
,Terni Total,,"744,444.00","354,212.00","390,232.00","242,352.00","118,444.00","123,908.00","206,995.00","26,026.00","6,512.00",32.55%
UMBRIA Total,,,"2,765,072.00","1,322,356.00","1,442,716.00","820,968.00","403,013.00","417,955.00","688,528.00","98,529.00","24,526.00",29.69%
VALLE D'AOSTA,Aosta,PROCREAZIONE MEDICALMENTE ASSISTITA. Divieto di fecondazione eterologa. Abrogazione parziale,"100,401.00","49,055.00","51,346.00","26,553.00","12,721.00","13,832.00","19,217.00","5,941.00","1,090.00",26.45%
,,PROCREAZIONE MEDICALMENTE ASSISTITA. Limite alla ricerca clinica e sperimentale sugli embrioni. Abrogazione parziale.,"100,401.00","49,055.00","51,346.00","26,583.00","12,742.00","13,841.00","22,740.00","2,650.00",899.00,26.48%
,,PROCREAZIONE MEDICALMENTE ASSISTITA. Norme sui limiti all'accesso. Abrogazione parziale,"100,401.00","49,055.00","51,346.00","26,579.00","12,736.00","13,843.00","22,728.00","2,585.00",983.00,26.47%
,,"PROCREAZIONE MEDICALMENTE ASSISTITA. Norme sulle finalita', sui diritti dei soggetti coinvolti e sui limiti all'accesso. Abrogazione parziale","100,401.00","49,055.00","51,346.00","26,569.00","12,730.00","13,839.00","22,380.00","2,839.00","1,059.00",26.46%
,Aosta Total,,"401,604.00","196,220.00","205,384.00","106,284.00","50,929.00","55,355.00","87,065.00","14,015.00","4,031.00",26.46%
VALLE D'AOSTA Total,,,"401,604.00","196,220.00","205,384.00","106,284.00","50,929.00","55,355.00","87,065.00","14,015.00","4,031.00",26.46%
VENETO,Belluno,PROCREAZIONE MEDICALMENTE ASSISTITA. Divieto di fecondazione eterologa. Abrogazione parziale,"173,631.00","82,454.00","91,177.00","41,659.00","19,579.00","22,080.00","28,930.00","10,894.00","1,395.00",23.99%
,,PROCREAZIONE MEDICALMENTE ASSISTITA. Limite alla ricerca clinica e sperimentale sugli embrioni. Abrogazione parziale.,"173,631.00","82,454.00","91,177.00","41,734.00","19,623.00","22,111.00","34,633.00","5,459.00","1,231.00",24.04%
,,PROCREAZIONE MEDICALMENTE ASSISTITA. Norme sui limiti all'accesso. Abrogazione parziale,"173,631.00","82,454.00","91,177.00","41,722.00","19,617.00","22,105.00","34,842.00","5,125.00","1,335.00",24.03%
,,"PROCREAZIONE MEDICALMENTE ASSISTITA. Norme sulle finalita', sui diritti dei soggetti coinvolti e sui limiti all'accesso. Abrogazione parziale","173,631.00","82,454.00","91,177.00","41,705.00","19,608.00","22,097.00","34,274.00","5,566.00","1,441.00",24.02%
,Belluno Total,,"694,524.00","329,816.00","364,708.00","166,820.00","78,427.00","88,393.00","132,679.00","27,044.00","5,402.00",24.02%
,Padova,PROCREAZIONE MEDICALMENTE ASSISTITA. Divieto di fecondazione eterologa. Abrogazione parziale,"703,992.00","338,112.00","365,880.00","187,507.00","90,085.00","97,422.00","128,438.00","50,971.00","6,129.00",26.63%
,,PROCREAZIONE MEDICALMENTE ASSISTITA. Limite alla ricerca clinica e sperimentale sugli embrioni. Abrogazione parziale.,"703,992.00","338,112.00","365,880.00","187,727.00","90,183.00","97,544.00","153,627.00","26,940.00","5,241.00",26.67%
,,PROCREAZIONE MEDICALMENTE ASSISTITA. Norme sui limiti all'accesso. Abrogazione parziale,"703,992.00","338,112.00","365,880.00","187,944.00","90,260.00","97,684.00","154,896.00","25,302.00","5,633.00",26.70%
,,"PROCREAZIONE MEDICALMENTE ASSISTITA. Norme sulle finalita', sui diritti dei soggetti coinvolti e sui limiti all'accesso. Abrogazione parziale","703,992.00","338,112.00","365,880.00","187,650.00","90,129.00","97,521.00","151,597.00","28,018.00","6,196.00",26.66%
,Padova Total,,"2,815,968.00","1,352,448.00","1,463,520.00","750,828.00","360,657.00","390,171.00","588,558.00","131,231.00","23,199.00",26.66%
,Rovigo,PROCREAZIONE MEDICALMENTE ASSISTITA. Divieto di fecondazione eterologa. Abrogazione parziale,"204,174.00","97,886.00","106,288.00","55,512.00","26,976.00","28,536.00","40,947.00","12,216.00","1,833.00",27.19%
,,PROCREAZIONE MEDICALMENTE ASSISTITA. Limite alla ricerca clinica e sperimentale sugli embrioni. Abrogazione parziale.,"204,174.00","97,886.00","106,288.00","55,566.00","27,040.00","28,526.00","47,128.00","6,435.00","1,530.00",27.22%
,,PROCREAZIONE MEDICALMENTE ASSISTITA. Norme sui limiti all'accesso. Abrogazione parziale,"204,174.00","97,886.00","106,288.00","55,561.00","27,035.00","28,526.00","46,942.00","6,468.00","1,663.00",27.21%
,,"PROCREAZIONE MEDICALMENTE ASSISTITA. Norme sulle finalita', sui diritti dei soggetti coinvolti e sui limiti all'accesso. Abrogazione parziale","204,174.00","97,886.00","106,288.00","55,553.00","27,030.00","28,523.00","46,339.00","6,951.00","1,783.00",27.21%
,Rovigo Total,,"816,696.00","391,544.00","425,152.00","222,192.00","108,081.00","114,111.00","181,356.00","32,070.00","6,809.00",27.21%
,Treviso,PROCREAZIONE MEDICALMENTE ASSISTITA. Divieto di fecondazione eterologa. Abrogazione parziale,"646,434.00","312,263.00","334,171.00","162,400.00","77,488.00","84,912.00","109,922.00","45,718.00","5,254.00",25.12%
,,PROCREAZIONE MEDICALMENTE ASSISTITA. Limite alla ricerca clinica e sperimentale sugli embrioni. Abrogazione parziale.,"646,434.00","312,263.00","334,171.00","162,755.00","77,592.00","85,163.00","133,158.00","23,428.00","4,571.00",25.18%
,,PROCREAZIONE MEDICALMENTE ASSISTITA. Norme sui limiti all'accesso. Abrogazione parziale,"646,434.00","312,263.00","334,171.00","162,728.00","77,572.00","85,156.00","134,017.00","22,316.00","4,882.00",25.17%
,,"PROCREAZIONE MEDICALMENTE ASSISTITA. Norme sulle finalita', sui diritti dei soggetti coinvolti e sui limiti all'accesso. Abrogazione parziale","646,434.00","312,263.00","334,171.00","163,459.00","77,913.00","85,546.00","131,046.00","24,710.00","5,268.00",25.29%
,Treviso Total,,"2,585,736.00","1,249,052.00","1,336,684.00","651,342.00","310,565.00","340,777.00","508,143.00","116,172.00","19,975.00",25.19%
,Venezia,PROCREAZIONE MEDICALMENTE ASSISTITA. Divieto di fecondazione eterologa. Abrogazione parziale,"675,387.00","323,734.00","351,653.00","210,542.00","100,050.00","110,492.00","158,314.00","45,178.00","5,129.00",31.17%
,,PROCREAZIONE MEDICALMENTE ASSISTITA. Limite alla ricerca clinica e sperimentale sugli embrioni. Abrogazione parziale.,"675,387.00","323,734.00","351,653.00","210,795.00","100,262.00","110,533.00","181,301.00","23,407.00","4,312.00",31.21%
,,PROCREAZIONE MEDICALMENTE ASSISTITA. Norme sui limiti all'accesso. Abrogazione parziale,"675,387.00","323,734.00","351,653.00","210,718.00","100,163.00","110,555.00","182,589.00","21,703.00","4,682.00",31.20%
,,"PROCREAZIONE MEDICALMENTE ASSISTITA. Norme sulle finalita', sui diritti dei soggetti coinvolti e sui limiti all'accesso. Abrogazione parziale","675,387.00","323,734.00","351,653.00","210,673.00","100,141.00","110,532.00","179,961.00","23,863.00","5,022.00",31.19%
,Venezia Total,,"2,701,548.00","1,294,936.00","1,406,612.00","842,728.00","400,616.00","442,112.00","702,165.00","114,151.00","19,145.00",31.19%
,Verona,PROCREAZIONE MEDICALMENTE ASSISTITA. Divieto di fecondazione eterologa. Abrogazione parziale,"670,993.00","323,098.00","347,895.00","144,410.00","69,489.00","74,921.00","99,402.00","39,128.00","4,537.00",21.52%
,,PROCREAZIONE MEDICALMENTE ASSISTITA. Limite alla ricerca clinica e sperimentale sugli embrioni. Abrogazione parziale.,"670,993.00","323,098.00","347,895.00","144,636.00","69,634.00","75,002.00","120,407.00","19,115.00","3,877.00",21.56%
,,PROCREAZIONE MEDICALMENTE ASSISTITA. Norme sui limiti all'accesso. Abrogazione parziale,"670,993.00","323,098.00","347,895.00","144,576.00","69,598.00","74,978.00","120,526.00","18,632.00","4,201.00",21.55%
,,"PROCREAZIONE MEDICALMENTE ASSISTITA. Norme sulle finalita', sui diritti dei soggetti coinvolti e sui limiti all'accesso. Abrogazione parziale","670,993.00","323,098.00","347,895.00","144,530.00","69,572.00","74,958.00","117,502.00","21,202.00","4,543.00",21.54%
,Verona Total,,"2,683,972.00","1,292,392.00","1,391,580.00","578,152.00","278,293.00","299,859.00","457,837.00","98,077.00","17,158.00",21.54%
,Vicenza,PROCREAZIONE MEDICALMENTE ASSISTITA. Divieto di fecondazione eterologa. Abrogazione parziale,"631,340.00","305,833.00","325,507.00","140,787.00","67,694.00","73,093.00","94,734.00","40,012.00","4,663.00",22.30%
,,PROCREAZIONE MEDICALMENTE ASSISTITA. Limite alla ricerca clinica e sperimentale sugli embrioni. Abrogazione parziale.,"631,340.00","305,833.00","325,507.00","140,788.00","67,713.00","73,075.00","113,577.00","22,132.00","4,082.00",22.30%
,,PROCREAZIONE MEDICALMENTE ASSISTITA. Norme sui limiti all'accesso. Abrogazione parziale,"631,340.00","305,833.00","325,507.00","140,948.00","67,796.00","73,152.00","114,376.00","21,114.00","4,454.00",22.33%
,,"PROCREAZIONE MEDICALMENTE ASSISTITA. Norme sulle finalita', sui diritti dei soggetti coinvolti e sui limiti all'accesso. Abrogazione parziale","631,340.00","305,833.00","325,507.00","141,623.00","68,140.00","73,483.00","111,578.00","23,231.00","4,830.00",22.43%
,Vicenza Total,,"2,525,360.00","1,223,332.00","1,302,028.00","564,146.00","271,343.00","292,803.00","434,265.00","106,489.00","18,029.00",22.34%
VENETO Total,,,"14,823,804.00","7,133,520.00","7,690,284.00","3,776,208.00","1,807,982.00","1,968,226.00","3,005,003.00","625,234.00","109,717.00",25.47%
Grand Total,,,"187,683,576.00","89,887,184.00","97,796,392.00","48,756,374.00","23,395,829.00","25,360,545.00","40,500,634.00","6,315,103.00","1,368,459.00",25.98%