REGIONE,PROVINCIA,QUESITO,SUM of ELETTORI_TOT,SUM of ELETTORI_M,SUM of ELETTORI_F,SUM of VOTANTI,SUM of VOTANTI_M,SUM of VOTANTI_F,SUM of VOTI_SI,SUM of VOTI_NO,SUM of SKBIANCHE,AFFLUENZA
ABRUZZO,Chieti,Elezione del Senato della Repubblica. Abrogazione della possibilita' di collegamento tra liste e di attribuzione del premio di maggioranza ad una coalizione di liste,"325,271.00","157,101.00","168,170.00","53,442.00","28,917.00","24,525.00","41,134.00","8,680.00","2,071.00",16.43%
,,Elezione della Camera dei Deputati. Abrogazione della possibilita' di collegamento tra liste e di attribuzione del premio di maggioranza ad una coalizione di liste,"325,271.00","157,101.00","168,170.00","53,449.00","28,925.00","24,524.00","41,201.00","8,679.00","2,003.00",16.43%
,,Elezione della Camera dei Deputati. Abrogazione della possibilita' per uno stesso candidato di presentare la propria candidatura in piu' di una circoscrizione,"325,271.00","157,101.00","168,170.00","53,931.00","29,204.00","24,727.00","46,119.00","5,140.00","1,356.00",16.58%
,Chieti Total,,"975,813.00","471,303.00","504,510.00","160,822.00","87,046.00","73,776.00","128,454.00","22,499.00","5,430.00",16.48%
,L'Aquila,Elezione del Senato della Repubblica. Abrogazione della possibilita' di collegamento tra liste e di attribuzione del premio di maggioranza ad una coalizione di liste,"247,688.00","119,548.00","128,140.00","32,530.00","17,186.00","15,344.00","25,438.00","4,613.00","1,432.00",13.13%
,,Elezione della Camera dei Deputati. Abrogazione della possibilita' di collegamento tra liste e di attribuzione del premio di maggioranza ad una coalizione di liste,"247,688.00","119,548.00","128,140.00","32,534.00","17,190.00","15,344.00","25,446.00","4,618.00","1,426.00",13.14%
,,Elezione della Camera dei Deputati. Abrogazione della possibilita' per uno stesso candidato di presentare la propria candidatura in piu' di una circoscrizione,"247,688.00","119,548.00","128,140.00","32,869.00","17,375.00","15,494.00","28,104.00","2,915.00",932.00,13.27%
,L'Aquila Total,,"743,064.00","358,644.00","384,420.00","97,933.00","51,751.00","46,182.00","78,988.00","12,146.00","3,790.00",13.18%
,Pescara,Elezione del Senato della Repubblica. Abrogazione della possibilita' di collegamento tra liste e di attribuzione del premio di maggioranza ad una coalizione di liste,"256,577.00","122,612.00","133,965.00","40,614.00","21,323.00","19,291.00","31,979.00","6,178.00","1,408.00",15.83%
,,Elezione della Camera dei Deputati. Abrogazione della possibilita' di collegamento tra liste e di attribuzione del premio di maggioranza ad una coalizione di liste,"256,577.00","122,612.00","133,965.00","40,612.00","21,324.00","19,288.00","31,998.00","6,197.00","1,431.00",15.83%
,,Elezione della Camera dei Deputati. Abrogazione della possibilita' per uno stesso candidato di presentare la propria candidatura in piu' di una circoscrizione,"256,577.00","122,612.00","133,965.00","40,980.00","21,548.00","19,432.00","36,070.00","3,351.00",777.00,15.97%
,Pescara Total,,"769,731.00","367,836.00","401,895.00","122,206.00","64,195.00","58,011.00","100,047.00","15,726.00","3,616.00",15.88%
,Teramo,Elezione del Senato della Repubblica. Abrogazione della possibilita' di collegamento tra liste e di attribuzione del premio di maggioranza ad una coalizione di liste,"244,005.00","118,510.00","125,495.00","47,349.00","24,657.00","22,692.00","35,078.00","7,537.00","3,291.00",19.40%
,,Elezione della Camera dei Deputati. Abrogazione della possibilita' di collegamento tra liste e di attribuzione del premio di maggioranza ad una coalizione di liste,"244,005.00","118,510.00","125,495.00","47,352.00","24,659.00","22,693.00","35,089.00","7,564.00","3,274.00",19.41%
,,Elezione della Camera dei Deputati. Abrogazione della possibilita' per uno stesso candidato di presentare la propria candidatura in piu' di una circoscrizione,"244,005.00","118,510.00","125,495.00","47,756.00","24,901.00","22,855.00","39,266.00","4,711.00","2,523.00",19.57%
,Teramo Total,,"732,015.00","355,530.00","376,485.00","142,457.00","74,217.00","68,240.00","109,433.00","19,812.00","9,088.00",19.46%
ABRUZZO Total,,,"3,220,623.00","1,553,313.00","1,667,310.00","523,418.00","277,209.00","246,209.00","416,922.00","70,183.00","21,924.00",16.25%
BASILICATA,Matera,Elezione del Senato della Repubblica. Abrogazione della possibilita' di collegamento tra liste e di attribuzione del premio di maggioranza ad una coalizione di liste,"165,855.00","80,718.00","85,137.00","24,127.00","13,172.00","10,955.00","19,376.00","3,248.00",728.00,14.55%
,,Elezione della Camera dei Deputati. Abrogazione della possibilita' di collegamento tra liste e di attribuzione del premio di maggioranza ad una coalizione di liste,"165,855.00","80,718.00","85,137.00","24,126.00","13,173.00","10,953.00","19,434.00","3,207.00",736.00,14.55%
,,Elezione della Camera dei Deputati. Abrogazione della possibilita' per uno stesso candidato di presentare la propria candidatura in piu' di una circoscrizione,"165,855.00","80,718.00","85,137.00","24,323.00","13,293.00","11,030.00","21,358.00","1,849.00",450.00,14.67%
,Matera Total,,"497,565.00","242,154.00","255,411.00","72,576.00","39,638.00","32,938.00","60,168.00","8,304.00","1,914.00",14.59%
,Potenza,Elezione del Senato della Repubblica. Abrogazione della possibilita' di collegamento tra liste e di attribuzione del premio di maggioranza ad una coalizione di liste,"317,744.00","154,056.00","163,688.00","72,094.00","38,024.00","34,070.00","52,669.00","11,034.00","5,749.00",22.69%
,,Elezione della Camera dei Deputati. Abrogazione della possibilita' di collegamento tra liste e di attribuzione del premio di maggioranza ad una coalizione di liste,"317,744.00","154,056.00","163,688.00","72,099.00","38,025.00","34,074.00","52,690.00","11,036.00","5,755.00",22.69%
,,Elezione della Camera dei Deputati. Abrogazione della possibilita' per uno stesso candidato di presentare la propria candidatura in piu' di una circoscrizione,"317,744.00","154,056.00","163,688.00","72,989.00","38,550.00","34,439.00","58,851.00","7,310.00","4,525.00",22.97%
,Potenza Total,,"953,232.00","462,168.00","491,064.00","217,182.00","114,599.00","102,583.00","164,210.00","29,380.00","16,029.00",22.78%
BASILICATA Total,,,"1,450,797.00","704,322.00","746,475.00","289,758.00","154,237.00","135,521.00","224,378.00","37,684.00","17,943.00",19.97%
CALABRIA,Catanzaro,Elezione del Senato della Repubblica. Abrogazione della possibilita' di collegamento tra liste e di attribuzione del premio di maggioranza ad una coalizione di liste,"293,971.00","141,238.00","152,733.00","34,022.00","18,845.00","15,177.00","25,904.00","5,110.00","1,591.00",11.57%
,,Elezione della Camera dei Deputati. Abrogazione della possibilita' di collegamento tra liste e di attribuzione del premio di maggioranza ad una coalizione di liste,"293,971.00","141,238.00","152,733.00","34,025.00","18,849.00","15,176.00","25,949.00","5,146.00","1,573.00",11.57%
,,Elezione della Camera dei Deputati. Abrogazione della possibilita' per uno stesso candidato di presentare la propria candidatura in piu' di una circoscrizione,"293,971.00","141,238.00","152,733.00","34,212.00","18,966.00","15,246.00","28,591.00","3,315.00","1,078.00",11.64%
,Catanzaro Total,,"881,913.00","423,714.00","458,199.00","102,259.00","56,660.00","45,599.00","80,444.00","13,571.00","4,242.00",11.60%
,Cosenza,Elezione del Senato della Repubblica. Abrogazione della possibilita' di collegamento tra liste e di attribuzione del premio di maggioranza ad una coalizione di liste,"598,039.00","290,265.00","307,774.00","272,959.00","141,644.00","131,315.00","169,148.00","40,215.00","51,080.00",45.64%
,,Elezione della Camera dei Deputati. Abrogazione della possibilita' di collegamento tra liste e di attribuzione del premio di maggioranza ad una coalizione di liste,"598,039.00","290,265.00","307,774.00","274,099.00","142,229.00","131,870.00","169,823.00","40,310.00","51,696.00",45.83%
,,Elezione della Camera dei Deputati. Abrogazione della possibilita' per uno stesso candidato di presentare la propria candidatura in piu' di una circoscrizione,"598,039.00","290,265.00","307,774.00","275,686.00","143,191.00","132,495.00","187,149.00","30,800.00","46,173.00",46.10%
,Cosenza Total,,"1,794,117.00","870,795.00","923,322.00","822,744.00","427,064.00","395,680.00","526,120.00","111,325.00","148,949.00",45.86%
,Crotone,Elezione del Senato della Repubblica. Abrogazione della possibilita' di collegamento tra liste e di attribuzione del premio di maggioranza ad una coalizione di liste,"134,053.00","64,867.00","69,186.00","55,371.00","29,115.00","26,256.00","34,276.00","7,458.00","11,375.00",41.31%
,,Elezione della Camera dei Deputati. Abrogazione della possibilita' di collegamento tra liste e di attribuzione del premio di maggioranza ad una coalizione di liste,"134,053.00","64,867.00","69,186.00","55,374.00","29,121.00","26,253.00","34,257.00","7,469.00","11,406.00",41.31%
,,Elezione della Camera dei Deputati. Abrogazione della possibilita' per uno stesso candidato di presentare la propria candidatura in piu' di una circoscrizione,"134,053.00","64,867.00","69,186.00","55,660.00","29,284.00","26,376.00","36,688.00","6,291.00","10,571.00",41.52%
,Crotone Total,,"402,159.00","194,601.00","207,558.00","166,405.00","87,520.00","78,885.00","105,221.00","21,218.00","33,352.00",41.38%
,Reggio di Calabria,Elezione del Senato della Repubblica. Abrogazione della possibilita' di collegamento tra liste e di attribuzione del premio di maggioranza ad una coalizione di liste,"440,788.00","210,597.00","230,191.00","44,078.00","23,610.00","20,468.00","32,866.00","7,124.00","2,055.00",10.00%
,,Elezione della Camera dei Deputati. Abrogazione della possibilita' di collegamento tra liste e di attribuzione del premio di maggioranza ad una coalizione di liste,"440,788.00","210,597.00","230,191.00","44,079.00","23,609.00","20,470.00","32,836.00","7,165.00","2,046.00",10.00%
,,Elezione della Camera dei Deputati. Abrogazione della possibilita' per uno stesso candidato di presentare la propria candidatura in piu' di una circoscrizione,"440,788.00","210,597.00","230,191.00","44,301.00","23,756.00","20,545.00","36,257.00","4,761.00","1,457.00",10.05%
,Reggio di Calabria Total,,"1,322,364.00","631,791.00","690,573.00","132,458.00","70,975.00","61,483.00","101,959.00","19,050.00","5,558.00",10.02%
,Vibo Valentia,Elezione del Senato della Repubblica. Abrogazione della possibilita' di collegamento tra liste e di attribuzione del premio di maggioranza ad una coalizione di liste,"132,308.00","64,568.00","67,740.00","13,816.00","7,680.00","6,136.00","10,229.00","2,275.00",766.00,10.44%
,,Elezione della Camera dei Deputati. Abrogazione della possibilita' di collegamento tra liste e di attribuzione del premio di maggioranza ad una coalizione di liste,"132,308.00","64,568.00","67,740.00","13,815.00","7,680.00","6,135.00","10,258.00","2,265.00",766.00,10.44%
,,Elezione della Camera dei Deputati. Abrogazione della possibilita' per uno stesso candidato di presentare la propria candidatura in piu' di una circoscrizione,"132,308.00","64,568.00","67,740.00","13,898.00","7,734.00","6,164.00","11,315.00","1,508.00",563.00,10.50%
,Vibo Valentia Total,,"396,924.00","193,704.00","203,220.00","41,529.00","23,094.00","18,435.00","31,802.00","6,048.00","2,095.00",10.46%
CALABRIA Total,,,"4,797,477.00","2,314,605.00","2,482,872.00","1,265,395.00","665,313.00","600,082.00","845,546.00","171,212.00","194,196.00",26.38%
CAMPANIA,Avellino,Elezione del Senato della Repubblica. Abrogazione della possibilita' di collegamento tra liste e di attribuzione del premio di maggioranza ad una coalizione di liste,"354,781.00","172,516.00","182,265.00","84,035.00","44,074.00","39,961.00","61,461.00","12,478.00","7,733.00",23.69%
,,Elezione della Camera dei Deputati. Abrogazione della possibilita' di collegamento tra liste e di attribuzione del premio di maggioranza ad una coalizione di liste,"354,781.00","172,516.00","182,265.00","84,038.00","44,066.00","39,972.00","61,482.00","12,486.00","7,685.00",23.69%
,,Elezione della Camera dei Deputati. Abrogazione della possibilita' per uno stesso candidato di presentare la propria candidatura in piu' di una circoscrizione,"354,781.00","172,516.00","182,265.00","84,868.00","44,565.00","40,303.00","68,673.00","7,811.00","6,246.00",23.92%
,Avellino Total,,"1,064,343.00","517,548.00","546,795.00","252,941.00","132,705.00","120,236.00","191,616.00","32,775.00","21,664.00",23.76%
,Benevento,Elezione del Senato della Repubblica. Abrogazione della possibilita' di collegamento tra liste e di attribuzione del premio di maggioranza ad una coalizione di liste,"234,797.00","113,131.00","121,666.00","33,311.00","17,726.00","15,585.00","25,777.00","5,137.00","1,448.00",14.19%
,,Elezione della Camera dei Deputati. Abrogazione della possibilita' di collegamento tra liste e di attribuzione del premio di maggioranza ad una coalizione di liste,"234,797.00","113,131.00","121,666.00","33,309.00","17,731.00","15,578.00","25,802.00","5,120.00","1,447.00",14.19%
,,Elezione della Camera dei Deputati. Abrogazione della possibilita' per uno stesso candidato di presentare la propria candidatura in piu' di una circoscrizione,"234,797.00","113,131.00","121,666.00","33,548.00","17,858.00","15,690.00","28,601.00","3,186.00",970.00,14.29%
,Benevento Total,,"704,391.00","339,393.00","364,998.00","100,168.00","53,315.00","46,853.00","80,180.00","13,443.00","3,865.00",14.22%
,Caserta,Elezione del Senato della Repubblica. Abrogazione della possibilita' di collegamento tra liste e di attribuzione del premio di maggioranza ad una coalizione di liste,"702,721.00","338,522.00","364,199.00","81,766.00","43,443.00","38,323.00","62,157.00","13,482.00","3,608.00",11.64%
,,Elezione della Camera dei Deputati. Abrogazione della possibilita' di collegamento tra liste e di attribuzione del premio di maggioranza ad una coalizione di liste,"702,721.00","338,522.00","364,199.00","81,760.00","43,447.00","38,313.00","62,134.00","13,547.00","3,615.00",11.63%
,,Elezione della Camera dei Deputati. Abrogazione della possibilita' per uno stesso candidato di presentare la propria candidatura in piu' di una circoscrizione,"702,721.00","338,522.00","364,199.00","82,191.00","43,696.00","38,495.00","69,140.00","8,443.00","2,503.00",11.70%
,Caserta Total,,"2,108,163.00","1,015,566.00","1,092,597.00","245,717.00","130,586.00","115,131.00","193,431.00","35,472.00","9,726.00",11.66%
,Napoli,Elezione del Senato della Repubblica. Abrogazione della possibilita' di collegamento tra liste e di attribuzione del premio di maggioranza ad una coalizione di liste,"2,424,737.00","1,158,688.00","1,266,049.00","334,145.00","175,020.00","159,125.00","248,336.00","53,067.00","23,205.00",13.78%
,,Elezione della Camera dei Deputati. Abrogazione della possibilita' di collegamento tra liste e di attribuzione del premio di maggioranza ad una coalizione di liste,"2,424,737.00","1,158,688.00","1,266,049.00","334,123.00","174,955.00","159,168.00","248,265.00","53,469.00","23,070.00",13.78%
,,Elezione della Camera dei Deputati. Abrogazione della possibilita' per uno stesso candidato di presentare la propria candidatura in piu' di una circoscrizione,"2,424,737.00","1,158,688.00","1,266,049.00","336,429.00","176,273.00","160,156.00","275,779.00","33,638.00","19,213.00",13.87%
,Napoli Total,,"7,274,211.00","3,476,064.00","3,798,147.00","1,004,697.00","526,248.00","478,449.00","772,380.00","140,174.00","65,488.00",13.81%
,Salerno,Elezione del Senato della Repubblica. Abrogazione della possibilita' di collegamento tra liste e di attribuzione del premio di maggioranza ad una coalizione di liste,"879,130.00","424,284.00","454,846.00","153,119.00","80,321.00","72,798.00","118,695.00","22,659.00","8,428.00",17.42%
,,Elezione della Camera dei Deputati. Abrogazione della possibilita' di collegamento tra liste e di attribuzione del premio di maggioranza ad una coalizione di liste,"879,130.00","424,284.00","454,846.00","153,216.00","80,374.00","72,842.00","119,055.00","22,503.00","8,298.00",17.43%
,,Elezione della Camera dei Deputati. Abrogazione della possibilita' per uno stesso candidato di presentare la propria candidatura in piu' di una circoscrizione,"879,130.00","424,284.00","454,846.00","154,159.00","80,914.00","73,245.00","130,210.00","14,792.00","6,344.00",17.54%
,Salerno Total,,"2,637,390.00","1,272,852.00","1,364,538.00","460,494.00","241,609.00","218,885.00","367,960.00","59,954.00","23,070.00",17.46%
CAMPANIA Total,,,"13,788,498.00","6,621,423.00","7,167,075.00","2,064,017.00","1,084,463.00","979,554.00","1,605,567.00","281,818.00","123,813.00",14.97%
EMILIA-ROMAGNA,Bologna,Elezione del Senato della Repubblica. Abrogazione della possibilita' di collegamento tra liste e di attribuzione del premio di maggioranza ad una coalizione di liste,"764,602.00","363,803.00","400,799.00","293,998.00","142,812.00","151,186.00","212,967.00","52,783.00","21,847.00",38.45%
,,Elezione della Camera dei Deputati. Abrogazione della possibilita' di collegamento tra liste e di attribuzione del premio di maggioranza ad una coalizione di liste,"764,602.00","363,803.00","400,799.00","293,963.00","142,763.00","151,200.00","212,935.00","53,034.00","21,626.00",38.45%
,,Elezione della Camera dei Deputati. Abrogazione della possibilita' per uno stesso candidato di presentare la propria candidatura in piu' di una circoscrizione,"764,602.00","363,803.00","400,799.00","303,702.00","147,563.00","156,139.00","257,963.00","26,565.00","14,457.00",39.72%
,Bologna Total,,"2,293,806.00","1,091,409.00","1,202,397.00","891,663.00","433,138.00","458,525.00","683,865.00","132,382.00","57,930.00",38.87%
,Ferrara,Elezione del Senato della Repubblica. Abrogazione della possibilita' di collegamento tra liste e di attribuzione del premio di maggioranza ad una coalizione di liste,"294,605.00","139,847.00","154,758.00","143,167.00","69,796.00","73,371.00","97,415.00","26,602.00","15,464.00",48.60%
,,Elezione della Camera dei Deputati. Abrogazione della possibilita' di collegamento tra liste e di attribuzione del premio di maggioranza ad una coalizione di liste,"294,605.00","139,847.00","154,758.00","143,163.00","69,791.00","73,372.00","97,653.00","26,615.00","15,224.00",48.59%
,,Elezione della Camera dei Deputati. Abrogazione della possibilita' per uno stesso candidato di presentare la propria candidatura in piu' di una circoscrizione,"294,605.00","139,847.00","154,758.00","145,746.00","71,129.00","74,617.00","111,900.00","18,003.00","12,632.00",49.47%
,Ferrara Total,,"883,815.00","419,541.00","464,274.00","432,076.00","210,716.00","221,360.00","306,968.00","71,220.00","43,320.00",48.89%
,Forlì -Cesena,Elezione del Senato della Repubblica. Abrogazione della possibilita' di collegamento tra liste e di attribuzione del premio di maggioranza ad una coalizione di liste,"301,593.00","145,227.00","156,366.00","96,338.00","47,919.00","48,419.00","69,506.00","17,601.00","6,740.00",31.94%
,,Elezione della Camera dei Deputati. Abrogazione della possibilita' di collegamento tra liste e di attribuzione del premio di maggioranza ad una coalizione di liste,"301,593.00","145,227.00","156,366.00","96,321.00","47,914.00","48,407.00","69,646.00","17,507.00","6,722.00",31.94%
,,Elezione della Camera dei Deputati. Abrogazione della possibilita' per uno stesso candidato di presentare la propria candidatura in piu' di una circoscrizione,"301,593.00","145,227.00","156,366.00","98,686.00","49,223.00","49,463.00","81,417.00","10,208.00","5,012.00",32.72%
,Forlì -Cesena Total,,"904,779.00","435,681.00","469,098.00","291,345.00","145,056.00","146,289.00","220,569.00","45,316.00","18,474.00",32.20%
,Modena,Elezione del Senato della Repubblica. Abrogazione della possibilita' di collegamento tra liste e di attribuzione del premio di maggioranza ad una coalizione di liste,"517,710.00","249,490.00","268,220.00","155,726.00","77,020.00","78,706.00","117,918.00","26,760.00","8,651.00",30.08%
,,Elezione della Camera dei Deputati. Abrogazione della possibilita' di collegamento tra liste e di attribuzione del premio di maggioranza ad una coalizione di liste,"517,710.00","249,490.00","268,220.00","155,731.00","77,013.00","78,718.00","117,942.00","26,770.00","8,633.00",30.08%
,,Elezione della Camera dei Deputati. Abrogazione della possibilita' per uno stesso candidato di presentare la propria candidatura in piu' di una circoscrizione,"517,710.00","249,490.00","268,220.00","158,199.00","78,360.00","79,839.00","135,511.00","14,833.00","5,986.00",30.56%
,Modena Total,,"1,553,130.00","748,470.00","804,660.00","469,656.00","232,393.00","237,263.00","371,371.00","68,363.00","23,270.00",30.24%
,Parma,Elezione del Senato della Repubblica. Abrogazione della possibilita' di collegamento tra liste e di attribuzione del premio di maggioranza ad una coalizione di liste,"332,408.00","159,414.00","172,994.00","143,646.00","71,591.00","72,055.00","91,536.00","29,401.00","21,040.00",43.21%
,,Elezione della Camera dei Deputati. Abrogazione della possibilita' di collegamento tra liste e di attribuzione del premio di maggioranza ad una coalizione di liste,"332,408.00","159,414.00","172,994.00","143,643.00","71,586.00","72,057.00","91,875.00","29,348.00","20,750.00",43.21%
,,Elezione della Camera dei Deputati. Abrogazione della possibilita' per uno stesso candidato di presentare la propria candidatura in piu' di una circoscrizione,"332,408.00","159,414.00","172,994.00","147,662.00","73,697.00","73,965.00","111,209.00","18,324.00","16,789.00",44.42%
,Parma Total,,"997,224.00","478,242.00","518,982.00","434,951.00","216,874.00","218,077.00","294,620.00","77,073.00","58,579.00",43.62%
,Piacenza,Elezione del Senato della Repubblica. Abrogazione della possibilita' di collegamento tra liste e di attribuzione del premio di maggioranza ad una coalizione di liste,"218,254.00","104,778.00","113,476.00","45,046.00","22,749.00","22,297.00","34,203.00","8,207.00","1,704.00",20.64%
,,Elezione della Camera dei Deputati. Abrogazione della possibilita' di collegamento tra liste e di attribuzione del premio di maggioranza ad una coalizione di liste,"218,254.00","104,778.00","113,476.00","45,040.00","22,745.00","22,295.00","34,094.00","8,317.00","1,774.00",20.64%
,,Elezione della Camera dei Deputati. Abrogazione della possibilita' per uno stesso candidato di presentare la propria candidatura in piu' di una circoscrizione,"218,254.00","104,778.00","113,476.00","45,636.00","23,058.00","22,578.00","39,601.00","4,302.00","1,047.00",20.91%
,Piacenza Total,,"654,762.00","314,334.00","340,428.00","135,722.00","68,552.00","67,170.00","107,898.00","20,826.00","4,525.00",20.73%
,Ravenna,Elezione del Senato della Repubblica. Abrogazione della possibilita' di collegamento tra liste e di attribuzione del premio di maggioranza ad una coalizione di liste,"299,694.00","143,435.00","156,259.00","75,520.00","37,407.00","38,113.00","59,823.00","11,994.00","2,487.00",25.20%
,,Elezione della Camera dei Deputati. Abrogazione della possibilita' di collegamento tra liste e di attribuzione del premio di maggioranza ad una coalizione di liste,"299,694.00","143,435.00","156,259.00","75,518.00","37,402.00","38,116.00","59,701.00","12,144.00","2,466.00",25.20%
,,Elezione della Camera dei Deputati. Abrogazione della possibilita' per uno stesso candidato di presentare la propria candidatura in piu' di una circoscrizione,"299,694.00","143,435.00","156,259.00","77,122.00","38,279.00","38,843.00","68,698.00","6,269.00","1,259.00",25.73%
,Ravenna Total,,"899,082.00","430,305.00","468,777.00","228,160.00","113,088.00","115,072.00","188,222.00","30,407.00","6,212.00",25.38%
,Reggio nell'Emilia,Elezione del Senato della Repubblica. Abrogazione della possibilita' di collegamento tra liste e di attribuzione del premio di maggioranza ad una coalizione di liste,"384,502.00","186,937.00","197,565.00","95,808.00","48,269.00","47,539.00","75,509.00","15,972.00","3,121.00",24.92%
,,Elezione della Camera dei Deputati. Abrogazione della possibilita' di collegamento tra liste e di attribuzione del premio di maggioranza ad una coalizione di liste,"384,502.00","186,937.00","197,565.00","95,801.00","48,263.00","47,538.00","75,443.00","16,140.00","3,034.00",24.92%
,,Elezione della Camera dei Deputati. Abrogazione della possibilita' per uno stesso candidato di presentare la propria candidatura in piu' di una circoscrizione,"384,502.00","186,937.00","197,565.00","97,547.00","49,200.00","48,347.00","87,402.00","7,772.00","1,539.00",25.37%
,Reggio nell'Emilia Total,,"1,153,506.00","560,811.00","592,695.00","289,156.00","145,732.00","143,424.00","238,354.00","39,884.00","7,694.00",25.07%
,Rimini,Elezione del Senato della Repubblica. Abrogazione della possibilita' di collegamento tra liste e di attribuzione del premio di maggioranza ad una coalizione di liste,"233,060.00","112,091.00","120,969.00","101,177.00","51,208.00","49,969.00","67,708.00","19,164.00","11,473.00",43.41%
,,Elezione della Camera dei Deputati. Abrogazione della possibilita' di collegamento tra liste e di attribuzione del premio di maggioranza ad una coalizione di liste,"233,060.00","112,091.00","120,969.00","101,167.00","51,190.00","49,977.00","67,767.00","19,173.00","11,538.00",43.41%
,,Elezione della Camera dei Deputati. Abrogazione della possibilita' per uno stesso candidato di presentare la propria candidatura in piu' di una circoscrizione,"233,060.00","112,091.00","120,969.00","103,377.00","52,330.00","51,047.00","78,638.00","12,984.00","9,421.00",44.36%
,Rimini Total,,"699,180.00","336,273.00","362,907.00","305,721.00","154,728.00","150,993.00","214,113.00","51,321.00","32,432.00",43.73%
EMILIA-ROMAGNA Total,,,"10,039,284.00","4,815,066.00","5,224,218.00","3,478,450.00","1,720,277.00","1,758,173.00","2,625,980.00","536,792.00","252,436.00",34.65%
FRIULI VENEZIA G.,Gorizia,Elezione del Senato della Repubblica. Abrogazione della possibilita' di collegamento tra liste e di attribuzione del premio di maggioranza ad una coalizione di liste,"113,962.00","54,335.00","59,627.00","23,934.00","11,854.00","12,080.00","17,385.00","5,090.00",910.00,21.00%
,,Elezione della Camera dei Deputati. Abrogazione della possibilita' di collegamento tra liste e di attribuzione del premio di maggioranza ad una coalizione di liste,"113,962.00","54,335.00","59,627.00","23,930.00","11,852.00","12,078.00","17,291.00","5,177.00",907.00,21.00%
,,Elezione della Camera dei Deputati. Abrogazione della possibilita' per uno stesso candidato di presentare la propria candidatura in piu' di una circoscrizione,"113,962.00","54,335.00","59,627.00","24,631.00","12,227.00","12,404.00","21,402.00","2,455.00",403.00,21.61%
,Gorizia Total,,"341,886.00","163,005.00","178,881.00","72,495.00","35,933.00","36,562.00","56,078.00","12,722.00","2,220.00",21.20%
,Pordenone,Elezione del Senato della Repubblica. Abrogazione della possibilita' di collegamento tra liste e di attribuzione del premio di maggioranza ad una coalizione di liste,"235,690.00","113,807.00","121,883.00","42,992.00","21,882.00","21,110.00","32,455.00","8,345.00","1,343.00",18.24%
,,Elezione della Camera dei Deputati. Abrogazione della possibilita' di collegamento tra liste e di attribuzione del premio di maggioranza ad una coalizione di liste,"235,690.00","113,807.00","121,883.00","42,993.00","21,881.00","21,112.00","32,361.00","8,406.00","1,335.00",18.24%
,,Elezione della Camera dei Deputati. Abrogazione della possibilita' per uno stesso candidato di presentare la propria candidatura in piu' di una circoscrizione,"235,690.00","113,807.00","121,883.00","43,900.00","22,379.00","21,521.00","38,715.00","4,014.00",591.00,18.63%
,Pordenone Total,,"707,070.00","341,421.00","365,649.00","129,885.00","66,142.00","63,743.00","103,531.00","20,765.00","3,269.00",18.37%
,Trieste,Elezione del Senato della Repubblica. Abrogazione della possibilita' di collegamento tra liste e di attribuzione del premio di maggioranza ad una coalizione di liste,"193,903.00","90,085.00","103,818.00","32,813.00","16,065.00","16,748.00","23,482.00","7,356.00","1,244.00",16.92%
,,Elezione della Camera dei Deputati. Abrogazione della possibilita' di collegamento tra liste e di attribuzione del premio di maggioranza ad una coalizione di liste,"193,903.00","90,085.00","103,818.00","32,797.00","16,054.00","16,743.00","23,446.00","7,350.00","1,263.00",16.91%
,,Elezione della Camera dei Deputati. Abrogazione della possibilita' per uno stesso candidato di presentare la propria candidatura in piu' di una circoscrizione,"193,903.00","90,085.00","103,818.00","34,163.00","16,710.00","17,453.00","29,890.00","3,378.00",498.00,17.62%
,Trieste Total,,"581,709.00","270,255.00","311,454.00","99,773.00","48,829.00","50,944.00","76,818.00","18,084.00","3,005.00",17.15%
,Udine,Elezione del Senato della Repubblica. Abrogazione della possibilita' di collegamento tra liste e di attribuzione del premio di maggioranza ad una coalizione di liste,"432,244.00","207,607.00","224,637.00","80,651.00","40,672.00","39,979.00","60,794.00","15,225.00","2,773.00",18.66%
,,Elezione della Camera dei Deputati. Abrogazione della possibilita' di collegamento tra liste e di attribuzione del premio di maggioranza ad una coalizione di liste,"432,244.00","207,607.00","224,637.00","80,652.00","40,678.00","39,974.00","60,879.00","15,211.00","2,706.00",18.66%
,,Elezione della Camera dei Deputati. Abrogazione della possibilita' per uno stesso candidato di presentare la propria candidatura in piu' di una circoscrizione,"432,244.00","207,607.00","224,637.00","83,009.00","41,895.00","41,114.00","73,958.00","6,797.00","1,128.00",19.20%
,Udine Total,,"1,296,732.00","622,821.00","673,911.00","244,312.00","123,245.00","121,067.00","195,631.00","37,233.00","6,607.00",18.84%
FRIULI VENEZIA G. Total,,,"2,927,397.00","1,397,502.00","1,529,895.00","546,465.00","274,149.00","272,316.00","432,058.00","88,804.00","15,101.00",18.67%
LAZIO,Frosinone,Elezione del Senato della Repubblica. Abrogazione della possibilita' di collegamento tra liste e di attribuzione del premio di maggioranza ad una coalizione di liste,"417,921.00","203,087.00","214,834.00","205,270.00","105,201.00","100,069.00","125,279.00","34,621.00","35,134.00",49.12%
,,Elezione della Camera dei Deputati. Abrogazione della possibilita' di collegamento tra liste e di attribuzione del premio di maggioranza ad una coalizione di liste,"417,921.00","203,087.00","214,834.00","205,270.00","105,196.00","100,074.00","125,553.00","34,472.00","35,194.00",49.12%
,,Elezione della Camera dei Deputati. Abrogazione della possibilita' per uno stesso candidato di presentare la propria candidatura in piu' di una circoscrizione,"417,921.00","203,087.00","214,834.00","207,349.00","106,328.00","101,021.00","139,995.00","26,492.00","31,543.00",49.61%
,Frosinone Total,,"1,253,763.00","609,261.00","644,502.00","617,889.00","316,725.00","301,164.00","390,827.00","95,585.00","101,871.00",49.28%
,Latina,Elezione del Senato della Repubblica. Abrogazione della possibilita' di collegamento tra liste e di attribuzione del premio di maggioranza ad una coalizione di liste,"440,569.00","213,763.00","226,806.00","82,873.00","42,213.00","40,660.00","61,500.00","13,814.00","4,956.00",18.81%
,,Elezione della Camera dei Deputati. Abrogazione della possibilita' di collegamento tra liste e di attribuzione del premio di maggioranza ad una coalizione di liste,"440,569.00","213,763.00","226,806.00","82,881.00","42,214.00","40,667.00","61,430.00","13,974.00","4,920.00",18.81%
,,Elezione della Camera dei Deputati. Abrogazione della possibilita' per uno stesso candidato di presentare la propria candidatura in piu' di una circoscrizione,"440,569.00","213,763.00","226,806.00","83,684.00","42,628.00","41,056.00","68,783.00","8,831.00","3,882.00",18.99%
,Latina Total,,"1,321,707.00","641,289.00","680,418.00","249,438.00","127,055.00","122,383.00","191,713.00","36,619.00","13,758.00",18.87%
,Rieti,Elezione del Senato della Repubblica. Abrogazione della possibilita' di collegamento tra liste e di attribuzione del premio di maggioranza ad una coalizione di liste,"127,565.00","62,232.00","65,333.00","63,937.00","32,531.00","31,406.00","40,260.00","10,781.00","9,427.00",50.12%
,,Elezione della Camera dei Deputati. Abrogazione della possibilita' di collegamento tra liste e di attribuzione del premio di maggioranza ad una coalizione di liste,"127,565.00","62,232.00","65,333.00","63,929.00","32,533.00","31,396.00","40,249.00","10,870.00","9,399.00",50.11%
,,Elezione della Camera dei Deputati. Abrogazione della possibilita' per uno stesso candidato di presentare la propria candidatura in piu' di una circoscrizione,"127,565.00","62,232.00","65,333.00","65,219.00","33,232.00","31,987.00","45,939.00","8,063.00","8,103.00",51.13%
,Rieti Total,,"382,695.00","186,696.00","195,999.00","193,085.00","98,296.00","94,789.00","126,448.00","29,714.00","26,929.00",50.45%
,Roma,Elezione del Senato della Repubblica. Abrogazione della possibilita' di collegamento tra liste e di attribuzione del premio di maggioranza ad una coalizione di liste,"3,195,608.00","1,510,488.00","1,685,120.00","578,425.00","286,487.00","291,938.00","442,186.00","103,531.00","16,812.00",18.10%
,,Elezione della Camera dei Deputati. Abrogazione della possibilita' di collegamento tra liste e di attribuzione del premio di maggioranza ad una coalizione di liste,"3,195,608.00","1,510,488.00","1,685,120.00","578,424.00","286,472.00","291,952.00","441,739.00","104,046.00","16,747.00",18.10%
,,Elezione della Camera dei Deputati. Abrogazione della possibilita' per uno stesso candidato di presentare la propria candidatura in piu' di una circoscrizione,"3,195,608.00","1,510,488.00","1,685,120.00","591,216.00","292,727.00","298,489.00","517,275.00","53,406.00","9,625.00",18.50%
,Roma Total,,"9,586,824.00","4,531,464.00","5,055,360.00","1,748,065.00","865,686.00","882,379.00","1,401,200.00","260,983.00","43,184.00",18.23%
,Viterbo,Elezione del Senato della Repubblica. Abrogazione della possibilita' di collegamento tra liste e di attribuzione del premio di maggioranza ad una coalizione di liste,"251,896.00","122,110.00","129,786.00","39,409.00","20,272.00","19,137.00","30,742.00","6,217.00","1,364.00",15.64%
,,Elezione della Camera dei Deputati. Abrogazione della possibilita' di collegamento tra liste e di attribuzione del premio di maggioranza ad una coalizione di liste,"251,896.00","122,110.00","129,786.00","39,404.00","20,279.00","19,125.00","30,770.00","6,190.00","1,356.00",15.64%
,,Elezione della Camera dei Deputati. Abrogazione della possibilita' per uno stesso candidato di presentare la propria candidatura in piu' di una circoscrizione,"251,896.00","122,110.00","129,786.00","39,827.00","20,505.00","19,322.00","34,389.00","3,677.00",893.00,15.81%
,Viterbo Total,,"755,688.00","366,330.00","389,358.00","118,640.00","61,056.00","57,584.00","95,901.00","16,084.00","3,613.00",15.70%
LAZIO Total,,,"13,300,677.00","6,335,040.00","6,965,637.00","2,927,117.00","1,468,818.00","1,458,299.00","2,206,089.00","438,985.00","189,355.00",22.01%
LIGURIA,Genova,Elezione del Senato della Repubblica. Abrogazione della possibilita' di collegamento tra liste e di attribuzione del premio di maggioranza ad una coalizione di liste,"719,029.00","335,832.00","383,197.00","128,308.00","63,636.00","64,672.00","95,220.00","25,416.00","4,605.00",17.84%
,,Elezione della Camera dei Deputati. Abrogazione della possibilita' di collegamento tra liste e di attribuzione del premio di maggioranza ad una coalizione di liste,"719,029.00","335,832.00","383,197.00","128,317.00","63,630.00","64,687.00","95,212.00","25,475.00","4,558.00",17.85%
,,Elezione della Camera dei Deputati. Abrogazione della possibilita' per uno stesso candidato di presentare la propria candidatura in piu' di una circoscrizione,"719,029.00","335,832.00","383,197.00","131,984.00","65,464.00","66,520.00","115,847.00","11,950.00","2,203.00",18.36%
,Genova Total,,"2,157,087.00","1,007,496.00","1,149,591.00","388,609.00","192,730.00","195,879.00","306,279.00","62,841.00","11,366.00",18.02%
,Imperia,Elezione del Senato della Repubblica. Abrogazione della possibilita' di collegamento tra liste e di attribuzione del premio di maggioranza ad una coalizione di liste,"174,951.00","82,730.00","92,221.00","24,986.00","12,265.00","12,721.00","18,738.00","4,657.00",965.00,14.28%
,,Elezione della Camera dei Deputati. Abrogazione della possibilita' di collegamento tra liste e di attribuzione del premio di maggioranza ad una coalizione di liste,"174,951.00","82,730.00","92,221.00","24,976.00","12,253.00","12,723.00","18,646.00","4,738.00",959.00,14.28%
,,Elezione della Camera dei Deputati. Abrogazione della possibilita' per uno stesso candidato di presentare la propria candidatura in piu' di una circoscrizione,"174,951.00","82,730.00","92,221.00","25,458.00","12,509.00","12,949.00","21,866.00","2,578.00",513.00,14.55%
,Imperia Total,,"524,853.00","248,190.00","276,663.00","75,420.00","37,027.00","38,393.00","59,250.00","11,973.00","2,437.00",14.37%
,La Spezia,Elezione del Senato della Repubblica. Abrogazione della possibilita' di collegamento tra liste e di attribuzione del premio di maggioranza ad una coalizione di liste,"183,128.00","86,553.00","96,575.00","31,729.00","16,090.00","15,639.00","24,710.00","5,297.00","1,102.00",17.33%
,,Elezione della Camera dei Deputati. Abrogazione della possibilita' di collegamento tra liste e di attribuzione del premio di maggioranza ad una coalizione di liste,"183,128.00","86,553.00","96,575.00","31,723.00","16,088.00","15,635.00","24,647.00","5,371.00","1,083.00",17.32%
,,Elezione della Camera dei Deputati. Abrogazione della possibilita' per uno stesso candidato di presentare la propria candidatura in piu' di una circoscrizione,"183,128.00","86,553.00","96,575.00","32,454.00","16,472.00","15,982.00","28,806.00","2,627.00",526.00,17.72%
,La Spezia Total,,"549,384.00","259,659.00","289,725.00","95,906.00","48,650.00","47,256.00","78,163.00","13,295.00","2,711.00",17.46%
,Savona,Elezione del Senato della Repubblica. Abrogazione della possibilita' di collegamento tra liste e di attribuzione del premio di maggioranza ad una coalizione di liste,"232,873.00","109,493.00","123,380.00","92,786.00","45,400.00","47,386.00","58,621.00","19,086.00","11,044.00",39.84%
,,Elezione della Camera dei Deputati. Abrogazione della possibilita' di collegamento tra liste e di attribuzione del premio di maggioranza ad una coalizione di liste,"232,873.00","109,493.00","123,380.00","92,781.00","45,390.00","47,391.00","58,650.00","19,194.00","11,010.00",39.84%
,,Elezione della Camera dei Deputati. Abrogazione della possibilita' per uno stesso candidato di presentare la propria candidatura in piu' di una circoscrizione,"232,873.00","109,493.00","123,380.00","95,712.00","46,932.00","48,780.00","71,705.00","11,885.00","8,729.00",41.10%
,Savona Total,,"698,619.00","328,479.00","370,140.00","281,279.00","137,722.00","143,557.00","188,976.00","50,165.00","30,783.00",40.26%
LIGURIA Total,,,"3,929,943.00","1,843,824.00","2,086,119.00","841,214.00","416,129.00","425,085.00","632,668.00","138,274.00","47,297.00",21.41%
LOMBARDIA,Bergamo,Elezione del Senato della Repubblica. Abrogazione della possibilita' di collegamento tra liste e di attribuzione del premio di maggioranza ad una coalizione di liste,"807,016.00","393,141.00","413,875.00","144,303.00","72,750.00","71,553.00","101,202.00","32,889.00","7,247.00",17.88%
,,Elezione della Camera dei Deputati. Abrogazione della possibilita' di collegamento tra liste e di attribuzione del premio di maggioranza ad una coalizione di liste,"807,016.00","393,141.00","413,875.00","144,286.00","72,739.00","71,547.00","101,300.00","32,897.00","7,144.00",17.88%
,,Elezione della Camera dei Deputati. Abrogazione della possibilita' per uno stesso candidato di presentare la propria candidatura in piu' di una circoscrizione,"807,016.00","393,141.00","413,875.00","147,522.00","74,425.00","73,097.00","123,188.00","17,463.00","4,607.00",18.28%
,Bergamo Total,,"2,421,048.00","1,179,423.00","1,241,625.00","436,111.00","219,914.00","216,197.00","325,690.00","83,249.00","18,998.00",18.01%
,Brescia,Elezione del Senato della Repubblica. Abrogazione della possibilita' di collegamento tra liste e di attribuzione del premio di maggioranza ad una coalizione di liste,"907,382.00","439,112.00","468,270.00","143,923.00","72,742.00","71,181.00","102,404.00","30,894.00","7,976.00",15.86%
,,Elezione della Camera dei Deputati. Abrogazione della possibilita' di collegamento tra liste e di attribuzione del premio di maggioranza ad una coalizione di liste,"907,382.00","439,112.00","468,270.00","143,911.00","72,736.00","71,175.00","102,514.00","30,861.00","7,825.00",15.86%
,,Elezione della Camera dei Deputati. Abrogazione della possibilita' per uno stesso candidato di presentare la propria candidatura in piu' di una circoscrizione,"907,382.00","439,112.00","468,270.00","147,807.00","74,841.00","72,966.00","125,046.00","15,943.00","4,755.00",16.29%
,Brescia Total,,"2,722,146.00","1,317,336.00","1,404,810.00","435,641.00","220,319.00","215,322.00","329,964.00","77,698.00","20,556.00",16.00%
,Como,Elezione del Senato della Repubblica. Abrogazione della possibilita' di collegamento tra liste e di attribuzione del premio di maggioranza ad una coalizione di liste,"457,725.00","221,012.00","236,713.00","74,802.00","37,394.00","37,408.00","52,567.00","17,028.00","3,235.00",16.34%
,,Elezione della Camera dei Deputati. Abrogazione della possibilita' di collegamento tra liste e di attribuzione del premio di maggioranza ad una coalizione di liste,"457,725.00","221,012.00","236,713.00","74,803.00","37,390.00","37,413.00","52,560.00","17,062.00","3,246.00",16.34%
,,Elezione della Camera dei Deputati. Abrogazione della possibilita' per uno stesso candidato di presentare la propria candidatura in piu' di una circoscrizione,"457,725.00","221,012.00","236,713.00","76,880.00","38,448.00","38,432.00","64,947.00","8,687.00","1,794.00",16.80%
,Como Total,,"1,373,175.00","663,036.00","710,139.00","226,485.00","113,232.00","113,253.00","170,074.00","42,777.00","8,275.00",16.49%
,Cremona,Elezione del Senato della Repubblica. Abrogazione della possibilita' di collegamento tra liste e di attribuzione del premio di maggioranza ad una coalizione di liste,"278,006.00","133,669.00","144,337.00","68,113.00","33,980.00","34,133.00","46,316.00","14,446.00","5,382.00",24.50%
,,Elezione della Camera dei Deputati. Abrogazione della possibilita' di collegamento tra liste e di attribuzione del premio di maggioranza ad una coalizione di liste,"278,006.00","133,669.00","144,337.00","68,123.00","33,987.00","34,136.00","46,380.00","14,386.00","5,363.00",24.50%
,,Elezione della Camera dei Deputati. Abrogazione della possibilita' per uno stesso candidato di presentare la propria candidatura in piu' di una circoscrizione,"278,006.00","133,669.00","144,337.00","70,056.00","34,983.00","35,073.00","55,925.00","8,549.00","3,932.00",25.20%
,Cremona Total,,"834,018.00","401,007.00","433,011.00","206,292.00","102,950.00","103,342.00","148,621.00","37,381.00","14,677.00",24.73%
,Lecco,Elezione del Senato della Repubblica. Abrogazione della possibilita' di collegamento tra liste e di attribuzione del premio di maggioranza ad una coalizione di liste,"260,682.00","126,415.00","134,267.00","41,003.00","20,739.00","20,264.00","29,077.00","9,333.00","1,634.00",15.73%
,,Elezione della Camera dei Deputati. Abrogazione della possibilita' di collegamento tra liste e di attribuzione del premio di maggioranza ad una coalizione di liste,"260,682.00","126,415.00","134,267.00","41,005.00","20,738.00","20,267.00","29,066.00","9,391.00","1,616.00",15.73%
,,Elezione della Camera dei Deputati. Abrogazione della possibilita' per uno stesso candidato di presentare la propria candidatura in piu' di una circoscrizione,"260,682.00","126,415.00","134,267.00","42,281.00","21,377.00","20,904.00","36,622.00","4,186.00",793.00,16.22%
,Lecco Total,,"782,046.00","379,245.00","402,801.00","124,289.00","62,854.00","61,435.00","94,765.00","22,910.00","4,043.00",15.89%
,Lodi,Elezione del Senato della Repubblica. Abrogazione della possibilita' di collegamento tra liste e di attribuzione del premio di maggioranza ad una coalizione di liste,"170,509.00","82,844.00","87,665.00","31,930.00","16,310.00","15,620.00","23,390.00","6,653.00","1,105.00",18.73%
,,Elezione della Camera dei Deputati. Abrogazione della possibilita' di collegamento tra liste e di attribuzione del premio di maggioranza ad una coalizione di liste,"170,509.00","82,844.00","87,665.00","31,931.00","16,308.00","15,623.00","23,374.00","6,657.00","1,116.00",18.73%
,,Elezione della Camera dei Deputati. Abrogazione della possibilita' per uno stesso candidato di presentare la propria candidatura in piu' di una circoscrizione,"170,509.00","82,844.00","87,665.00","32,419.00","16,571.00","15,848.00","27,366.00","3,773.00",665.00,19.01%
,Lodi Total,,"511,527.00","248,532.00","262,995.00","96,280.00","49,189.00","47,091.00","74,130.00","17,083.00","2,886.00",18.82%
,Mantova,Elezione del Senato della Repubblica. Abrogazione della possibilita' di collegamento tra liste e di attribuzione del premio di maggioranza ad una coalizione di liste,"310,930.00","148,866.00","162,064.00","61,695.00","31,009.00","30,686.00","46,601.00","11,606.00","2,377.00",19.84%
,,Elezione della Camera dei Deputati. Abrogazione della possibilita' di collegamento tra liste e di attribuzione del premio di maggioranza ad una coalizione di liste,"310,930.00","148,866.00","162,064.00","61,691.00","31,006.00","30,685.00","46,697.00","11,566.00","2,338.00",19.84%
,,Elezione della Camera dei Deputati. Abrogazione della possibilita' per uno stesso candidato di presentare la propria candidatura in piu' di una circoscrizione,"310,930.00","148,866.00","162,064.00","62,521.00","31,441.00","31,080.00","53,871.00","6,312.00","1,464.00",20.11%
,Mantova Total,,"932,790.00","446,598.00","486,192.00","185,907.00","93,456.00","92,451.00","147,169.00","29,484.00","6,179.00",19.93%
,Milano,Elezione del Senato della Repubblica. Abrogazione della possibilita' di collegamento tra liste e di attribuzione del premio di maggioranza ad una coalizione di liste,"2,387,944.00","1,133,793.00","1,254,151.00","857,219.00","422,596.00","434,623.00","552,655.00","205,678.00","70,841.00",35.90%
,,Elezione della Camera dei Deputati. Abrogazione della possibilita' di collegamento tra liste e di attribuzione del premio di maggioranza ad una coalizione di liste,"2,387,944.00","1,133,793.00","1,254,151.00","857,198.00","422,577.00","434,621.00","552,685.00","206,569.00","69,861.00",35.90%
,,Elezione della Camera dei Deputati. Abrogazione della possibilita' per uno stesso candidato di presentare la propria candidatura in piu' di una circoscrizione,"2,387,944.00","1,133,793.00","1,254,151.00","899,345.00","442,804.00","456,541.00","708,830.00","117,629.00","51,403.00",37.66%
,Milano Total,,"7,163,832.00","3,401,379.00","3,762,453.00","2,613,762.00","1,287,977.00","1,325,785.00","1,814,170.00","529,876.00","192,105.00",36.49%
,Monza e della Brianza,Elezione del Senato della Repubblica. Abrogazione della possibilita' di collegamento tra liste e di attribuzione del premio di maggioranza ad una coalizione di liste,"620,873.00","300,004.00","320,869.00","122,733.00","62,008.00","60,725.00","86,280.00","27,936.00","5,459.00",19.77%
,,Elezione della Camera dei Deputati. Abrogazione della possibilita' di collegamento tra liste e di attribuzione del premio di maggioranza ad una coalizione di liste,"620,873.00","300,004.00","320,869.00","122,735.00","62,003.00","60,732.00","86,325.00","28,055.00","5,322.00",19.77%
,,Elezione della Camera dei Deputati. Abrogazione della possibilita' per uno stesso candidato di presentare la propria candidatura in piu' di una circoscrizione,"620,873.00","300,004.00","320,869.00","126,025.00","63,739.00","62,286.00","106,110.00","14,380.00","3,255.00",20.30%
,Monza e della Brianza Total,,"1,862,619.00","900,012.00","962,607.00","371,493.00","187,750.00","183,743.00","278,715.00","70,371.00","14,036.00",19.94%
,Pavia,Elezione del Senato della Repubblica. Abrogazione della possibilita' di collegamento tra liste e di attribuzione del premio di maggioranza ad una coalizione di liste,"427,462.00","204,437.00","223,025.00","82,467.00","41,657.00","40,810.00","59,325.00","17,181.00","3,761.00",19.29%
,,Elezione della Camera dei Deputati. Abrogazione della possibilita' di collegamento tra liste e di attribuzione del premio di maggioranza ad una coalizione di liste,"427,462.00","204,437.00","223,025.00","82,464.00","41,656.00","40,808.00","59,468.00","17,113.00","3,708.00",19.29%
,,Elezione della Camera dei Deputati. Abrogazione della possibilita' per uno stesso candidato di presentare la propria candidatura in piu' di una circoscrizione,"427,462.00","204,437.00","223,025.00","83,699.00","42,311.00","41,388.00","69,662.00","10,069.00","2,248.00",19.58%
,Pavia Total,,"1,282,386.00","613,311.00","669,075.00","248,630.00","125,624.00","123,006.00","188,455.00","44,363.00","9,717.00",19.39%
,Sondrio,Elezione del Senato della Repubblica. Abrogazione della possibilita' di collegamento tra liste e di attribuzione del premio di maggioranza ad una coalizione di liste,"146,152.00","70,917.00","75,235.00","15,629.00","7,974.00","7,655.00","11,073.00","3,403.00",732.00,10.69%
,,Elezione della Camera dei Deputati. Abrogazione della possibilita' di collegamento tra liste e di attribuzione del premio di maggioranza ad una coalizione di liste,"146,152.00","70,917.00","75,235.00","15,629.00","7,972.00","7,657.00","11,110.00","3,392.00",723.00,10.69%
,,Elezione della Camera dei Deputati. Abrogazione della possibilita' per uno stesso candidato di presentare la propria candidatura in piu' di una circoscrizione,"146,152.00","70,917.00","75,235.00","15,958.00","8,156.00","7,802.00","13,604.00","1,677.00",366.00,10.92%
,Sondrio Total,,"438,456.00","212,751.00","225,705.00","47,216.00","24,102.00","23,114.00","35,787.00","8,472.00","1,821.00",10.77%
,Varese,Elezione del Senato della Repubblica. Abrogazione della possibilita' di collegamento tra liste e di attribuzione del premio di maggioranza ad una coalizione di liste,"682,023.00","327,749.00","354,274.00","115,008.00","58,066.00","56,942.00","80,714.00","26,469.00","4,888.00",16.86%
,,Elezione della Camera dei Deputati. Abrogazione della possibilita' di collegamento tra liste e di attribuzione del premio di maggioranza ad una coalizione di liste,"682,023.00","327,749.00","354,274.00","115,001.00","58,066.00","56,935.00","80,744.00","26,514.00","4,859.00",16.86%
,,Elezione della Camera dei Deputati. Abrogazione della possibilita' per uno stesso candidato di presentare la propria candidatura in piu' di una circoscrizione,"682,023.00","327,749.00","354,274.00","118,169.00","59,775.00","58,394.00","99,122.00","13,980.00","2,823.00",17.33%
,Varese Total,,"2,046,069.00","983,247.00","1,062,822.00","348,178.00","175,907.00","172,271.00","260,580.00","66,963.00","12,570.00",17.02%
LOMBARDIA Total,,,"22,370,112.00","10,745,877.00","11,624,235.00","5,340,284.00","2,663,274.00","2,677,010.00","3,868,120.00","1,030,627.00","305,863.00",23.87%
MARCHE,Ancona,Elezione del Senato della Repubblica. Abrogazione della possibilita' di collegamento tra liste e di attribuzione del premio di maggioranza ad una coalizione di liste,"371,375.00","177,499.00","193,876.00","110,556.00","56,019.00","54,537.00","78,276.00","20,766.00","8,576.00",29.77%
,,Elezione della Camera dei Deputati. Abrogazione della possibilita' di collegamento tra liste e di attribuzione del premio di maggioranza ad una coalizione di liste,"371,375.00","177,499.00","193,876.00","110,577.00","56,024.00","54,553.00","78,487.00","20,668.00","8,474.00",29.78%
,,Elezione della Camera dei Deputati. Abrogazione della possibilita' per uno stesso candidato di presentare la propria candidatura in piu' di una circoscrizione,"371,375.00","177,499.00","193,876.00","113,875.00","57,742.00","56,133.00","93,719.00","11,619.00","6,212.00",30.66%
,Ancona Total,,"1,114,125.00","532,497.00","581,628.00","335,008.00","169,785.00","165,223.00","250,482.00","53,053.00","23,262.00",30.07%
,Ascoli Piceno,Elezione del Senato della Repubblica. Abrogazione della possibilita' di collegamento tra liste e di attribuzione del premio di maggioranza ad una coalizione di liste,"169,212.00","81,441.00","87,771.00","76,825.00","38,972.00","37,853.00","49,598.00","13,819.00","10,650.00",45.40%
,,Elezione della Camera dei Deputati. Abrogazione della possibilita' di collegamento tra liste e di attribuzione del premio di maggioranza ad una coalizione di liste,"169,212.00","81,441.00","87,771.00","76,868.00","39,017.00","37,851.00","49,587.00","13,777.00","10,639.00",45.43%
,,Elezione della Camera dei Deputati. Abrogazione della possibilita' per uno stesso candidato di presentare la propria candidatura in piu' di una circoscrizione,"169,212.00","81,441.00","87,771.00","78,281.00","39,758.00","38,523.00","57,723.00","9,137.00","8,937.00",46.26%
,Ascoli Piceno Total,,"507,636.00","244,323.00","263,313.00","231,974.00","117,747.00","114,227.00","156,908.00","36,733.00","30,226.00",45.70%
,Fermo,Elezione del Senato della Repubblica. Abrogazione della possibilita' di collegamento tra liste e di attribuzione del premio di maggioranza ad una coalizione di liste,"136,953.00","66,086.00","70,867.00","70,126.00","35,524.00","34,602.00","41,379.00","13,100.00","12,777.00",51.20%
,,Elezione della Camera dei Deputati. Abrogazione della possibilita' di collegamento tra liste e di attribuzione del premio di maggioranza ad una coalizione di liste,"136,953.00","66,086.00","70,867.00","70,126.00","35,525.00","34,601.00","41,507.00","13,061.00","12,703.00",51.20%
,,Elezione della Camera dei Deputati. Abrogazione della possibilita' per uno stesso candidato di presentare la propria candidatura in piu' di una circoscrizione,"136,953.00","66,086.00","70,867.00","71,500.00","36,271.00","35,229.00","49,260.00","9,113.00","10,636.00",52.21%
,Fermo Total,,"410,859.00","198,258.00","212,601.00","211,752.00","107,320.00","104,432.00","132,146.00","35,274.00","36,116.00",51.54%
,Macerata,Elezione del Senato della Repubblica. Abrogazione della possibilita' di collegamento tra liste e di attribuzione del premio di maggioranza ad una coalizione di liste,"247,611.00","118,836.00","128,775.00","50,621.00","26,096.00","24,525.00","36,810.00","9,156.00","3,357.00",20.44%
,,Elezione della Camera dei Deputati. Abrogazione della possibilita' di collegamento tra liste e di attribuzione del premio di maggioranza ad una coalizione di liste,"247,611.00","118,836.00","128,775.00","50,617.00","26,093.00","24,524.00","36,820.00","9,193.00","3,331.00",20.44%
,,Elezione della Camera dei Deputati. Abrogazione della possibilita' per uno stesso candidato di presentare la propria candidatura in piu' di una circoscrizione,"247,611.00","118,836.00","128,775.00","51,617.00","26,638.00","24,979.00","43,161.00","5,112.00","2,354.00",20.85%
,Macerata Total,,"742,833.00","356,508.00","386,325.00","152,855.00","78,827.00","74,028.00","116,791.00","23,461.00","9,042.00",20.58%
,Pesaro e Urbino,Elezione del Senato della Repubblica. Abrogazione della possibilita' di collegamento tra liste e di attribuzione del premio di maggioranza ad una coalizione di liste,"294,504.00","142,990.00","151,514.00","59,819.00","31,115.00","28,704.00","47,462.00","9,578.00","1,776.00",20.31%
,,Elezione della Camera dei Deputati. Abrogazione della possibilita' di collegamento tra liste e di attribuzione del premio di maggioranza ad una coalizione di liste,"294,504.00","142,990.00","151,514.00","59,814.00","31,114.00","28,700.00","47,502.00","9,532.00","1,808.00",20.31%
,,Elezione della Camera dei Deputati. Abrogazione della possibilita' per uno stesso candidato di presentare la propria candidatura in piu' di una circoscrizione,"294,504.00","142,990.00","151,514.00","60,820.00","31,673.00","29,147.00","54,286.00","4,857.00",924.00,20.65%
,Pesaro e Urbino Total,,"883,512.00","428,970.00","454,542.00","180,453.00","93,902.00","86,551.00","149,250.00","23,967.00","4,508.00",20.42%
MARCHE Total,,,"3,658,965.00","1,760,556.00","1,898,409.00","1,112,042.00","567,581.00","544,461.00","805,577.00","172,488.00","103,154.00",30.39%
MOLISE,Campobasso,Elezione del Senato della Repubblica. Abrogazione della possibilita' di collegamento tra liste e di attribuzione del premio di maggioranza ad una coalizione di liste,"189,833.00","91,591.00","98,242.00","29,476.00","15,860.00","13,616.00","21,916.00","5,390.00","1,333.00",15.53%
,,Elezione della Camera dei Deputati. Abrogazione della possibilita' di collegamento tra liste e di attribuzione del premio di maggioranza ad una coalizione di liste,"189,833.00","91,591.00","98,242.00","29,475.00","15,860.00","13,615.00","21,979.00","5,351.00","1,328.00",15.53%
,,Elezione della Camera dei Deputati. Abrogazione della possibilita' per uno stesso candidato di presentare la propria candidatura in piu' di una circoscrizione,"189,833.00","91,591.00","98,242.00","29,828.00","16,067.00","13,761.00","25,365.00","2,954.00",818.00,15.71%
,Campobasso Total,,"569,499.00","274,773.00","294,726.00","88,779.00","47,787.00","40,992.00","69,260.00","13,695.00","3,479.00",15.59%
,Isernia,Elezione del Senato della Repubblica. Abrogazione della possibilita' di collegamento tra liste e di attribuzione del premio di maggioranza ad una coalizione di liste,"73,742.00","35,845.00","37,897.00","12,003.00","6,452.00","5,551.00","9,193.00","1,964.00",534.00,16.28%
,,Elezione della Camera dei Deputati. Abrogazione della possibilita' di collegamento tra liste e di attribuzione del premio di maggioranza ad una coalizione di liste,"73,742.00","35,845.00","37,897.00","12,008.00","6,457.00","5,551.00","9,248.00","1,946.00",535.00,16.28%
,,Elezione della Camera dei Deputati. Abrogazione della possibilita' per uno stesso candidato di presentare la propria candidatura in piu' di una circoscrizione,"73,742.00","35,845.00","37,897.00","12,139.00","6,538.00","5,601.00","10,390.00","1,140.00",349.00,16.46%
,Isernia Total,,"221,226.00","107,535.00","113,691.00","36,150.00","19,447.00","16,703.00","28,831.00","5,050.00","1,418.00",16.34%
MOLISE Total,,,"790,725.00","382,308.00","408,417.00","124,929.00","67,234.00","57,695.00","98,091.00","18,745.00","4,897.00",15.80%
PIEMONTE,Alessandria,Elezione del Senato della Repubblica. Abrogazione della possibilita' di collegamento tra liste e di attribuzione del premio di maggioranza ad una coalizione di liste,"350,847.00","167,616.00","183,231.00","148,194.00","73,966.00","74,228.00","90,566.00","31,432.00","19,826.00",42.24%
,,Elezione della Camera dei Deputati. Abrogazione della possibilita' di collegamento tra liste e di attribuzione del premio di maggioranza ad una coalizione di liste,"350,847.00","167,616.00","183,231.00","148,196.00","73,968.00","74,228.00","90,586.00","31,495.00","19,882.00",42.24%
,,Elezione della Camera dei Deputati. Abrogazione della possibilita' per uno stesso candidato di presentare la propria candidatura in piu' di una circoscrizione,"350,847.00","167,616.00","183,231.00","151,695.00","75,853.00","75,842.00","108,982.00","20,971.00","16,001.00",43.24%
,Alessandria Total,,"1,052,541.00","502,848.00","549,693.00","448,085.00","223,787.00","224,298.00","290,134.00","83,898.00","55,709.00",42.57%
,Asti,Elezione del Senato della Repubblica. Abrogazione della possibilita' di collegamento tra liste e di attribuzione del premio di maggioranza ad una coalizione di liste,"171,189.00","82,160.00","89,029.00","29,938.00","15,319.00","14,619.00","20,768.00","6,663.00","1,477.00",17.49%
,,Elezione della Camera dei Deputati. Abrogazione della possibilita' di collegamento tra liste e di attribuzione del premio di maggioranza ad una coalizione di liste,"171,189.00","82,160.00","89,029.00","29,939.00","15,320.00","14,619.00","20,759.00","6,676.00","1,436.00",17.49%
,,Elezione della Camera dei Deputati. Abrogazione della possibilita' per uno stesso candidato di presentare la propria candidatura in piu' di una circoscrizione,"171,189.00","82,160.00","89,029.00","30,442.00","15,600.00","14,842.00","25,041.00","3,647.00",934.00,17.78%
,Asti Total,,"513,567.00","246,480.00","267,087.00","90,319.00","46,239.00","44,080.00","66,568.00","16,986.00","3,847.00",17.59%
,Biella,Elezione del Senato della Repubblica. Abrogazione della possibilita' di collegamento tra liste e di attribuzione del premio di maggioranza ad una coalizione di liste,"152,786.00","72,546.00","80,240.00","32,023.00","15,967.00","16,056.00","22,171.00","6,784.00","1,961.00",20.96%
,,Elezione della Camera dei Deputati. Abrogazione della possibilita' di collegamento tra liste e di attribuzione del premio di maggioranza ad una coalizione di liste,"152,786.00","72,546.00","80,240.00","32,020.00","15,961.00","16,059.00","22,138.00","6,804.00","1,988.00",20.96%
,,Elezione della Camera dei Deputati. Abrogazione della possibilita' per uno stesso candidato di presentare la propria candidatura in piu' di una circoscrizione,"152,786.00","72,546.00","80,240.00","32,742.00","16,340.00","16,402.00","26,713.00","3,794.00","1,353.00",21.43%
,Biella Total,,"458,358.00","217,638.00","240,720.00","96,785.00","48,268.00","48,517.00","71,022.00","17,382.00","5,302.00",21.12%
,Cuneo,Elezione del Senato della Repubblica. Abrogazione della possibilita' di collegamento tra liste e di attribuzione del premio di maggioranza ad una coalizione di liste,"453,069.00","220,949.00","232,120.00","108,399.00","54,215.00","54,184.00","69,727.00","24,268.00","9,984.00",23.93%
,,Elezione della Camera dei Deputati. Abrogazione della possibilita' di collegamento tra liste e di attribuzione del premio di maggioranza ad una coalizione di liste,"453,069.00","220,949.00","232,120.00","108,387.00","54,209.00","54,178.00","69,712.00","24,413.00","9,893.00",23.92%
,,Elezione della Camera dei Deputati. Abrogazione della possibilita' per uno stesso candidato di presentare la propria candidatura in piu' di una circoscrizione,"453,069.00","220,949.00","232,120.00","111,499.00","55,783.00","55,716.00","88,249.00","12,707.00","6,985.00",24.61%
,Cuneo Total,,"1,359,207.00","662,847.00","696,360.00","328,285.00","164,207.00","164,078.00","227,688.00","61,388.00","26,862.00",24.15%
,Novara,Elezione del Senato della Repubblica. Abrogazione della possibilita' di collegamento tra liste e di attribuzione del premio di maggioranza ad una coalizione di liste,"286,381.00","137,244.00","149,137.00","49,274.00","24,971.00","24,303.00","35,003.00","11,104.00","1,911.00",17.21%
,,Elezione della Camera dei Deputati. Abrogazione della possibilita' di collegamento tra liste e di attribuzione del premio di maggioranza ad una coalizione di liste,"286,381.00","137,244.00","149,137.00","49,271.00","24,965.00","24,306.00","34,876.00","11,248.00","1,916.00",17.20%
,,Elezione della Camera dei Deputati. Abrogazione della possibilita' per uno stesso candidato di presentare la propria candidatura in piu' di una circoscrizione,"286,381.00","137,244.00","149,137.00","50,273.00","25,500.00","24,773.00","42,543.00","5,715.00","1,085.00",17.55%
,Novara Total,,"859,143.00","411,732.00","447,411.00","148,818.00","75,436.00","73,382.00","112,422.00","28,067.00","4,912.00",17.32%
,Torino,Elezione del Senato della Repubblica. Abrogazione della possibilita' di collegamento tra liste e di attribuzione del premio di maggioranza ad una coalizione di liste,"1,792,298.00","857,813.00","934,485.00","634,771.00","316,502.00","318,269.00","399,464.00","157,495.00","53,053.00",35.42%
,,Elezione della Camera dei Deputati. Abrogazione della possibilita' di collegamento tra liste e di attribuzione del premio di maggioranza ad una coalizione di liste,"1,792,298.00","857,813.00","934,485.00","634,756.00","316,480.00","318,276.00","398,932.00","158,194.00","53,233.00",35.42%
,,Elezione della Camera dei Deputati. Abrogazione della possibilita' per uno stesso candidato di presentare la propria candidatura in piu' di una circoscrizione,"1,792,298.00","857,813.00","934,485.00","660,858.00","329,305.00","331,553.00","511,699.00","90,055.00","39,484.00",36.87%
,Torino Total,,"5,376,894.00","2,573,439.00","2,803,455.00","1,930,385.00","962,287.00","968,098.00","1,310,095.00","405,744.00","145,770.00",35.90%
,Verbano-Cusio-Ossola,Elezione del Senato della Repubblica. Abrogazione della possibilita' di collegamento tra liste e di attribuzione del premio di maggioranza ad una coalizione di liste,"132,603.00","63,782.00","68,821.00","20,499.00","10,394.00","10,105.00","14,971.00","4,203.00",827.00,15.46%
,,Elezione della Camera dei Deputati. Abrogazione della possibilita' di collegamento tra liste e di attribuzione del premio di maggioranza ad una coalizione di liste,"132,603.00","63,782.00","68,821.00","20,501.00","10,396.00","10,105.00","14,961.00","4,230.00",816.00,15.46%
,,Elezione della Camera dei Deputati. Abrogazione della possibilita' per uno stesso candidato di presentare la propria candidatura in piu' di una circoscrizione,"132,603.00","63,782.00","68,821.00","20,860.00","10,575.00","10,285.00","17,905.00","2,158.00",416.00,15.73%
,Verbano-Cusio-Ossola Total,,"397,809.00","191,346.00","206,463.00","61,860.00","31,365.00","30,495.00","47,837.00","10,591.00","2,059.00",15.55%
,Vercelli,Elezione del Senato della Repubblica. Abrogazione della possibilita' di collegamento tra liste e di attribuzione del premio di maggioranza ad una coalizione di liste,"145,166.00","69,417.00","75,749.00","27,476.00","13,871.00","13,605.00","19,465.00","5,854.00","1,336.00",18.93%
,,Elezione della Camera dei Deputati. Abrogazione della possibilita' di collegamento tra liste e di attribuzione del premio di maggioranza ad una coalizione di liste,"145,166.00","69,417.00","75,749.00","27,473.00","13,869.00","13,604.00","19,410.00","5,938.00","1,314.00",18.93%
,,Elezione della Camera dei Deputati. Abrogazione della possibilita' per uno stesso candidato di presentare la propria candidatura in piu' di una circoscrizione,"145,166.00","69,417.00","75,749.00","27,901.00","14,098.00","13,803.00","23,066.00","3,370.00",797.00,19.22%
,Vercelli Total,,"435,498.00","208,251.00","227,247.00","82,850.00","41,838.00","41,012.00","61,941.00","15,162.00","3,447.00",19.02%
PIEMONTE Total,,,"10,453,017.00","5,014,581.00","5,438,436.00","3,187,387.00","1,593,427.00","1,593,960.00","2,187,707.00","639,218.00","247,908.00",30.49%
PUGLIA,Bari,Elezione del Senato della Repubblica. Abrogazione della possibilita' di collegamento tra liste e di attribuzione del premio di maggioranza ad una coalizione di liste,"1,012,875.00","487,668.00","525,207.00","269,057.00","138,405.00","130,652.00","184,021.00","48,664.00","28,353.00",26.56%
,,Elezione della Camera dei Deputati. Abrogazione della possibilita' di collegamento tra liste e di attribuzione del premio di maggioranza ad una coalizione di liste,"1,012,875.00","487,668.00","525,207.00","269,057.00","138,407.00","130,650.00","183,961.00","49,576.00","27,396.00",26.56%
,,Elezione della Camera dei Deputati. Abrogazione della possibilita' per uno stesso candidato di presentare la propria candidatura in piu' di una circoscrizione,"1,012,875.00","487,668.00","525,207.00","273,864.00","140,839.00","133,025.00","214,077.00","29,964.00","23,089.00",27.04%
,Bari Total,,"3,038,625.00","1,463,004.00","1,575,621.00","811,978.00","417,651.00","394,327.00","582,059.00","128,204.00","78,838.00",26.72%
,Barletta- Andria-Trani,Elezione del Senato della Repubblica. Abrogazione della possibilita' di collegamento tra liste e di attribuzione del premio di maggioranza ad una coalizione di liste,"305,755.00","149,177.00","156,578.00","37,752.00","20,363.00","17,389.00","29,293.00","6,135.00","1,336.00",12.35%
,,Elezione della Camera dei Deputati. Abrogazione della possibilita' di collegamento tra liste e di attribuzione del premio di maggioranza ad una coalizione di liste,"305,755.00","149,177.00","156,578.00","37,757.00","20,374.00","17,383.00","29,292.00","6,144.00","1,327.00",12.35%
,,Elezione della Camera dei Deputati. Abrogazione della possibilita' per uno stesso candidato di presentare la propria candidatura in piu' di una circoscrizione,"305,755.00","149,177.00","156,578.00","37,960.00","20,474.00","17,486.00","32,434.00","3,794.00",884.00,12.42%
,Barletta- Andria-Trani Total,,"917,265.00","447,531.00","469,734.00","113,469.00","61,211.00","52,258.00","91,019.00","16,073.00","3,547.00",12.37%
,Brindisi,Elezione del Senato della Repubblica. Abrogazione della possibilita' di collegamento tra liste e di attribuzione del premio di maggioranza ad una coalizione di liste,"327,456.00","154,877.00","172,579.00","155,963.00","78,226.00","77,737.00","90,934.00","26,650.00","32,187.00",47.63%
,,Elezione della Camera dei Deputati. Abrogazione della possibilita' di collegamento tra liste e di attribuzione del premio di maggioranza ad una coalizione di liste,"327,456.00","154,877.00","172,579.00","155,996.00","78,234.00","77,762.00","91,077.00","26,499.00","32,297.00",47.64%
,,Elezione della Camera dei Deputati. Abrogazione della possibilita' per uno stesso candidato di presentare la propria candidatura in piu' di una circoscrizione,"327,456.00","154,877.00","172,579.00","157,493.00","79,078.00","78,415.00","101,740.00","20,919.00","29,030.00",48.10%
,Brindisi Total,,"982,368.00","464,631.00","517,737.00","469,452.00","235,538.00","233,914.00","283,751.00","74,068.00","93,514.00",47.79%
,Foggia,Elezione del Senato della Repubblica. Abrogazione della possibilita' di collegamento tra liste e di attribuzione del premio di maggioranza ad una coalizione di liste,"501,825.00","241,426.00","260,399.00","103,008.00","54,573.00","48,435.00","72,829.00","16,855.00","9,348.00",20.53%
,,Elezione della Camera dei Deputati. Abrogazione della possibilita' di collegamento tra liste e di attribuzione del premio di maggioranza ad una coalizione di liste,"501,825.00","241,426.00","260,399.00","103,027.00","54,584.00","48,443.00","72,991.00","16,915.00","9,241.00",20.53%
,,Elezione della Camera dei Deputati. Abrogazione della possibilita' per uno stesso candidato di presentare la propria candidatura in piu' di una circoscrizione,"501,825.00","241,426.00","260,399.00","103,926.00","55,074.00","48,852.00","81,267.00","11,410.00","7,680.00",20.71%
,Foggia Total,,"1,505,475.00","724,278.00","781,197.00","309,961.00","164,231.00","145,730.00","227,087.00","45,180.00","26,269.00",20.59%
,Lecce,Elezione del Senato della Repubblica. Abrogazione della possibilita' di collegamento tra liste e di attribuzione del premio di maggioranza ad una coalizione di liste,"662,519.00","311,382.00","351,137.00","284,289.00","139,879.00","144,410.00","164,756.00","46,469.00","62,231.00",42.91%
,,Elezione della Camera dei Deputati. Abrogazione della possibilita' di collegamento tra liste e di attribuzione del premio di maggioranza ad una coalizione di liste,"662,519.00","311,382.00","351,137.00","284,287.00","139,861.00","144,426.00","164,789.00","46,418.00","62,509.00",42.91%
,,Elezione della Camera dei Deputati. Abrogazione della possibilita' per uno stesso candidato di presentare la propria candidatura in piu' di una circoscrizione,"662,519.00","311,382.00","351,137.00","288,698.00","142,275.00","146,423.00","188,835.00","34,639.00","55,555.00",43.58%
,Lecce Total,,"1,987,557.00","934,146.00","1,053,411.00","857,274.00","422,015.00","435,259.00","518,380.00","127,526.00","180,295.00",43.13%
,Taranto,Elezione del Senato della Repubblica. Abrogazione della possibilita' di collegamento tra liste e di attribuzione del premio di maggioranza ad una coalizione di liste,"482,380.00","231,315.00","251,065.00","191,379.00","99,934.00","91,445.00","119,979.00","32,290.00","30,233.00",39.67%
,,Elezione della Camera dei Deputati. Abrogazione della possibilita' di collegamento tra liste e di attribuzione del premio di maggioranza ad una coalizione di liste,"482,380.00","231,315.00","251,065.00","191,333.00","99,914.00","91,419.00","120,079.00","32,746.00","30,392.00",39.66%
,,Elezione della Camera dei Deputati. Abrogazione della possibilita' per uno stesso candidato di presentare la propria candidatura in piu' di una circoscrizione,"482,380.00","231,315.00","251,065.00","193,286.00","100,978.00","92,308.00","132,867.00","25,099.00","27,234.00",40.07%
,Taranto Total,,"1,447,140.00","693,945.00","753,195.00","575,998.00","300,826.00","275,172.00","372,925.00","90,135.00","87,859.00",39.80%
PUGLIA Total,,,"9,878,430.00","4,727,535.00","5,150,895.00","3,138,132.00","1,601,472.00","1,536,660.00","2,075,221.00","481,186.00","470,322.00",31.77%
SARDEGNA,Cagliari,Elezione del Senato della Repubblica. Abrogazione della possibilita' di collegamento tra liste e di attribuzione del premio di maggioranza ad una coalizione di liste,"466,615.00","225,438.00","241,177.00","56,400.00","28,271.00","28,129.00","45,724.00","7,969.00","1,627.00",12.09%
,,Elezione della Camera dei Deputati. Abrogazione della possibilita' di collegamento tra liste e di attribuzione del premio di maggioranza ad una coalizione di liste,"466,615.00","225,438.00","241,177.00","56,400.00","28,273.00","28,127.00","45,714.00","8,043.00","1,585.00",12.09%
,,Elezione della Camera dei Deputati. Abrogazione della possibilita' per uno stesso candidato di presentare la propria candidatura in piu' di una circoscrizione,"466,615.00","225,438.00","241,177.00","57,340.00","28,759.00","28,581.00","51,617.00","4,140.00",824.00,12.29%
,Cagliari Total,,"1,399,845.00","676,314.00","723,531.00","170,140.00","85,303.00","84,837.00","143,055.00","20,152.00","4,036.00",12.15%
,Carbonia-Iglesias,Elezione del Senato della Repubblica. Abrogazione della possibilita' di collegamento tra liste e di attribuzione del premio di maggioranza ad una coalizione di liste,"111,780.00","54,348.00","57,432.00","11,715.00","6,078.00","5,637.00","9,581.00","1,596.00",315.00,10.48%
,,Elezione della Camera dei Deputati. Abrogazione della possibilita' di collegamento tra liste e di attribuzione del premio di maggioranza ad una coalizione di liste,"111,780.00","54,348.00","57,432.00","11,717.00","6,080.00","5,637.00","9,629.00","1,543.00",327.00,10.48%
,,Elezione della Camera dei Deputati. Abrogazione della possibilita' per uno stesso candidato di presentare la propria candidatura in piu' di una circoscrizione,"111,780.00","54,348.00","57,432.00","11,833.00","6,146.00","5,687.00","10,627.00",856.00,177.00,10.59%
,Carbonia-Iglesias Total,,"335,340.00","163,044.00","172,296.00","35,265.00","18,304.00","16,961.00","29,837.00","3,995.00",819.00,10.52%
,Medio Campidano,Elezione del Senato della Repubblica. Abrogazione della possibilita' di collegamento tra liste e di attribuzione del premio di maggioranza ad una coalizione di liste,"87,199.00","42,880.00","44,319.00","11,049.00","5,704.00","5,345.00","8,759.00","1,660.00",384.00,12.67%
,,Elezione della Camera dei Deputati. Abrogazione della possibilita' di collegamento tra liste e di attribuzione del premio di maggioranza ad una coalizione di liste,"87,199.00","42,880.00","44,319.00","11,048.00","5,704.00","5,344.00","8,792.00","1,668.00",364.00,12.67%
,,Elezione della Camera dei Deputati. Abrogazione della possibilita' per uno stesso candidato di presentare la propria candidatura in piu' di una circoscrizione,"87,199.00","42,880.00","44,319.00","11,183.00","5,784.00","5,399.00","9,719.00","1,036.00",222.00,12.82%
,Medio Campidano Total,,"261,597.00","128,640.00","132,957.00","33,280.00","17,192.00","16,088.00","27,270.00","4,364.00",970.00,12.72%
,Nuoro,Elezione del Senato della Repubblica. Abrogazione della possibilita' di collegamento tra liste e di attribuzione del premio di maggioranza ad una coalizione di liste,"133,772.00","64,932.00","68,840.00","15,674.00","7,712.00","7,962.00","13,113.00","1,913.00",395.00,11.72%
,,Elezione della Camera dei Deputati. Abrogazione della possibilita' di collegamento tra liste e di attribuzione del premio di maggioranza ad una coalizione di liste,"133,772.00","64,932.00","68,840.00","15,673.00","7,712.00","7,961.00","13,141.00","1,896.00",402.00,11.72%
,,Elezione della Camera dei Deputati. Abrogazione della possibilita' per uno stesso candidato di presentare la propria candidatura in piu' di una circoscrizione,"133,772.00","64,932.00","68,840.00","15,884.00","7,818.00","8,066.00","14,421.00","1,103.00",167.00,11.87%
,Nuoro Total,,"401,316.00","194,796.00","206,520.00","47,231.00","23,242.00","23,989.00","40,675.00","4,912.00",964.00,11.77%
,Ogliastra,Elezione del Senato della Repubblica. Abrogazione della possibilita' di collegamento tra liste e di attribuzione del premio di maggioranza ad una coalizione di liste,"48,253.00","23,597.00","24,656.00","4,796.00","2,406.00","2,390.00","3,919.00",616.00,162.00,9.94%
,,Elezione della Camera dei Deputati. Abrogazione della possibilita' di collegamento tra liste e di attribuzione del premio di maggioranza ad una coalizione di liste,"48,253.00","23,597.00","24,656.00","4,797.00","2,408.00","2,389.00","3,878.00",652.00,160.00,9.94%
,,Elezione della Camera dei Deputati. Abrogazione della possibilita' per uno stesso candidato di presentare la propria candidatura in piu' di una circoscrizione,"48,253.00","23,597.00","24,656.00","4,855.00","2,436.00","2,419.00","4,279.00",390.00,87.00,10.06%
,Ogliastra Total,,"144,759.00","70,791.00","73,968.00","14,448.00","7,250.00","7,198.00","12,076.00","1,658.00",409.00,9.98%
,Olbia-Tempio,Elezione del Senato della Repubblica. Abrogazione della possibilita' di collegamento tra liste e di attribuzione del premio di maggioranza ad una coalizione di liste,"122,966.00","61,275.00","61,691.00","11,394.00","5,919.00","5,475.00","9,406.00","1,421.00",353.00,9.27%
,,Elezione della Camera dei Deputati. Abrogazione della possibilita' di collegamento tra liste e di attribuzione del premio di maggioranza ad una coalizione di liste,"122,966.00","61,275.00","61,691.00","11,395.00","5,919.00","5,476.00","9,370.00","1,461.00",356.00,9.27%
,,Elezione della Camera dei Deputati. Abrogazione della possibilita' per uno stesso candidato di presentare la propria candidatura in piu' di una circoscrizione,"122,966.00","61,275.00","61,691.00","11,490.00","5,973.00","5,517.00","10,282.00",836.00,205.00,9.34%
,Olbia-Tempio Total,,"368,898.00","183,825.00","185,073.00","34,279.00","17,811.00","16,468.00","29,058.00","3,718.00",914.00,9.29%
,Oristano,Elezione del Senato della Repubblica. Abrogazione della possibilita' di collegamento tra liste e di attribuzione del premio di maggioranza ad una coalizione di liste,"141,090.00","68,831.00","72,259.00","16,956.00","8,457.00","8,499.00","13,743.00","2,353.00",500.00,12.02%
,,Elezione della Camera dei Deputati. Abrogazione della possibilita' di collegamento tra liste e di attribuzione del premio di maggioranza ad una coalizione di liste,"141,090.00","68,831.00","72,259.00","16,958.00","8,459.00","8,499.00","13,720.00","2,399.00",489.00,12.02%
,,Elezione della Camera dei Deputati. Abrogazione della possibilita' per uno stesso candidato di presentare la propria candidatura in piu' di una circoscrizione,"141,090.00","68,831.00","72,259.00","17,222.00","8,602.00","8,620.00","15,374.00","1,340.00",238.00,12.21%
,Oristano Total,,"423,270.00","206,493.00","216,777.00","51,136.00","25,518.00","25,618.00","42,837.00","6,092.00","1,227.00",12.08%
,Sassari,Elezione del Senato della Repubblica. Abrogazione della possibilita' di collegamento tra liste e di attribuzione del premio di maggioranza ad una coalizione di liste,"280,978.00","136,156.00","144,822.00","41,518.00","20,635.00","20,883.00","34,675.00","5,034.00","1,072.00",14.78%
,,Elezione della Camera dei Deputati. Abrogazione della possibilita' di collegamento tra liste e di attribuzione del premio di maggioranza ad una coalizione di liste,"280,978.00","136,156.00","144,822.00","41,505.00","20,630.00","20,875.00","34,634.00","5,101.00","1,050.00",14.77%
,,Elezione della Camera dei Deputati. Abrogazione della possibilita' per uno stesso candidato di presentare la propria candidatura in piu' di una circoscrizione,"280,978.00","136,156.00","144,822.00","41,961.00","20,868.00","21,093.00","38,017.00","2,913.00",478.00,14.93%
,Sassari Total,,"842,934.00","408,468.00","434,466.00","124,984.00","62,133.00","62,851.00","107,326.00","13,048.00","2,600.00",14.83%
SARDEGNA Total,,,"4,177,959.00","2,032,371.00","2,145,588.00","510,763.00","256,753.00","254,010.00","432,134.00","57,939.00","11,939.00",12.23%
SICILIA,Agrigento,Elezione del Senato della Repubblica. Abrogazione della possibilita' di collegamento tra liste e di attribuzione del premio di maggioranza ad una coalizione di liste,"362,448.00","172,766.00","189,682.00","42,997.00","22,849.00","20,148.00","30,492.00","6,828.00","3,336.00",11.86%
,,Elezione della Camera dei Deputati. Abrogazione della possibilita' di collegamento tra liste e di attribuzione del premio di maggioranza ad una coalizione di liste,"362,448.00","172,766.00","189,682.00","42,998.00","22,849.00","20,149.00","30,501.00","6,903.00","3,301.00",11.86%
,,Elezione della Camera dei Deputati. Abrogazione della possibilita' per uno stesso candidato di presentare la propria candidatura in piu' di una circoscrizione,"362,448.00","172,766.00","189,682.00","43,282.00","23,027.00","20,255.00","34,113.00","4,323.00","2,728.00",11.94%
,Agrigento Total,,"1,087,344.00","518,298.00","569,046.00","129,277.00","68,725.00","60,552.00","95,106.00","18,054.00","9,365.00",11.89%
,Caltanissetta,Elezione del Senato della Repubblica. Abrogazione della possibilita' di collegamento tra liste e di attribuzione del premio di maggioranza ad una coalizione di liste,"219,796.00","104,095.00","115,701.00","47,147.00","23,895.00","23,252.00","30,329.00","8,621.00","5,777.00",21.45%
,,Elezione della Camera dei Deputati. Abrogazione della possibilita' di collegamento tra liste e di attribuzione del premio di maggioranza ad una coalizione di liste,"219,796.00","104,095.00","115,701.00","47,151.00","23,899.00","23,252.00","30,454.00","8,627.00","5,718.00",21.45%
,,Elezione della Camera dei Deputati. Abrogazione della possibilita' per uno stesso candidato di presentare la propria candidatura in piu' di una circoscrizione,"219,796.00","104,095.00","115,701.00","47,605.00","24,147.00","23,458.00","34,700.00","5,786.00","4,923.00",21.66%
,Caltanissetta Total,,"659,388.00","312,285.00","347,103.00","141,903.00","71,941.00","69,962.00","95,483.00","23,034.00","16,418.00",21.52%
,Catania,Elezione del Senato della Repubblica. Abrogazione della possibilita' di collegamento tra liste e di attribuzione del premio di maggioranza ad una coalizione di liste,"886,183.00","422,761.00","463,422.00","125,328.00","63,730.00","61,598.00","88,983.00","22,343.00","7,139.00",14.14%
,,Elezione della Camera dei Deputati. Abrogazione della possibilita' di collegamento tra liste e di attribuzione del premio di maggioranza ad una coalizione di liste,"886,183.00","422,761.00","463,422.00","125,325.00","63,733.00","61,592.00","88,929.00","22,540.00","6,997.00",14.14%
,,Elezione della Camera dei Deputati. Abrogazione della possibilita' per uno stesso candidato di presentare la propria candidatura in piu' di una circoscrizione,"886,183.00","422,761.00","463,422.00","126,329.00","64,288.00","62,041.00","100,793.00","13,936.00","5,471.00",14.26%
,Catania Total,,"2,658,549.00","1,268,283.00","1,390,266.00","376,982.00","191,751.00","185,231.00","278,705.00","58,819.00","19,607.00",14.18%
,Enna,Elezione del Senato della Repubblica. Abrogazione della possibilita' di collegamento tra liste e di attribuzione del premio di maggioranza ad una coalizione di liste,"142,073.00","67,348.00","74,725.00","20,085.00","10,620.00","9,465.00","14,387.00","3,214.00","1,154.00",14.14%
,,Elezione della Camera dei Deputati. Abrogazione della possibilita' di collegamento tra liste e di attribuzione del premio di maggioranza ad una coalizione di liste,"142,073.00","67,348.00","74,725.00","20,083.00","10,620.00","9,463.00","14,405.00","3,234.00","1,135.00",14.14%
,,Elezione della Camera dei Deputati. Abrogazione della possibilita' per uno stesso candidato di presentare la propria candidatura in piu' di una circoscrizione,"142,073.00","67,348.00","74,725.00","20,261.00","10,723.00","9,538.00","16,116.00","2,086.00",841.00,14.26%
,Enna Total,,"426,219.00","202,044.00","224,175.00","60,429.00","31,963.00","28,466.00","44,908.00","8,534.00","3,130.00",14.18%
,Messina,Elezione del Senato della Repubblica. Abrogazione della possibilita' di collegamento tra liste e di attribuzione del premio di maggioranza ad una coalizione di liste,"529,905.00","251,107.00","278,798.00","66,988.00","34,187.00","32,801.00","46,376.00","11,785.00","4,661.00",12.64%
,,Elezione della Camera dei Deputati. Abrogazione della possibilita' di collegamento tra liste e di attribuzione del premio di maggioranza ad una coalizione di liste,"529,905.00","251,107.00","278,798.00","66,983.00","34,186.00","32,797.00","46,440.00","11,810.00","4,624.00",12.64%
,,Elezione della Camera dei Deputati. Abrogazione della possibilita' per uno stesso candidato di presentare la propria candidatura in piu' di una circoscrizione,"529,905.00","251,107.00","278,798.00","67,400.00","34,418.00","32,982.00","52,133.00","7,854.00","3,596.00",12.72%
,Messina Total,,"1,589,715.00","753,321.00","836,394.00","201,371.00","102,791.00","98,580.00","144,949.00","31,449.00","12,881.00",12.67%
,Palermo,Elezione del Senato della Repubblica. Abrogazione della possibilita' di collegamento tra liste e di attribuzione del premio di maggioranza ad una coalizione di liste,"1,016,655.00","482,299.00","534,356.00","121,534.00","63,985.00","57,549.00","81,277.00","25,054.00","7,215.00",11.95%
,,Elezione della Camera dei Deputati. Abrogazione della possibilita' di collegamento tra liste e di attribuzione del premio di maggioranza ad una coalizione di liste,"1,016,655.00","482,299.00","534,356.00","121,526.00","63,986.00","57,540.00","81,655.00","24,933.00","7,194.00",11.95%
,,Elezione della Camera dei Deputati. Abrogazione della possibilita' per uno stesso candidato di presentare la propria candidatura in piu' di una circoscrizione,"1,016,655.00","482,299.00","534,356.00","122,628.00","64,609.00","58,019.00","93,585.00","16,287.00","5,609.00",12.06%
,Palermo Total,,"3,049,965.00","1,446,897.00","1,603,068.00","365,688.00","192,580.00","173,108.00","256,517.00","66,274.00","20,018.00",11.99%
,Ragusa,Elezione del Senato della Repubblica. Abrogazione della possibilita' di collegamento tra liste e di attribuzione del premio di maggioranza ad una coalizione di liste,"241,292.00","115,551.00","125,741.00","31,436.00","16,143.00","15,293.00","22,330.00","5,532.00","1,675.00",13.03%
,,Elezione della Camera dei Deputati. Abrogazione della possibilita' di collegamento tra liste e di attribuzione del premio di maggioranza ad una coalizione di liste,"241,292.00","115,551.00","125,741.00","31,442.00","16,148.00","15,294.00","22,409.00","5,499.00","1,664.00",13.03%
,,Elezione della Camera dei Deputati. Abrogazione della possibilita' per uno stesso candidato di presentare la propria candidatura in piu' di una circoscrizione,"241,292.00","115,551.00","125,741.00","31,652.00","16,275.00","15,377.00","24,827.00","3,777.00","1,310.00",13.12%
,Ragusa Total,,"723,876.00","346,653.00","377,223.00","94,530.00","48,566.00","45,964.00","69,566.00","14,808.00","4,649.00",13.06%
,Siracusa,Elezione del Senato della Repubblica. Abrogazione della possibilita' di collegamento tra liste e di attribuzione del premio di maggioranza ad una coalizione di liste,"324,892.00","157,528.00","167,364.00","44,678.00","23,124.00","21,554.00","31,862.00","7,720.00","2,995.00",13.75%
,,Elezione della Camera dei Deputati. Abrogazione della possibilita' di collegamento tra liste e di attribuzione del premio di maggioranza ad una coalizione di liste,"324,892.00","157,528.00","167,364.00","44,681.00","23,127.00","21,554.00","31,884.00","7,694.00","3,040.00",13.75%
,,Elezione della Camera dei Deputati. Abrogazione della possibilita' per uno stesso candidato di presentare la propria candidatura in piu' di una circoscrizione,"324,892.00","157,528.00","167,364.00","44,970.00","23,297.00","21,673.00","35,690.00","4,988.00","2,423.00",13.84%
,Siracusa Total,,"974,676.00","472,584.00","502,092.00","134,329.00","69,548.00","64,781.00","99,436.00","20,402.00","8,458.00",13.78%
,Trapani,Elezione del Senato della Repubblica. Abrogazione della possibilita' di collegamento tra liste e di attribuzione del premio di maggioranza ad una coalizione di liste,"350,223.00","167,109.00","183,114.00","65,634.00","33,674.00","31,960.00","43,410.00","11,083.00","7,254.00",18.74%
,,Elezione della Camera dei Deputati. Abrogazione della possibilita' di collegamento tra liste e di attribuzione del premio di maggioranza ad una coalizione di liste,"350,223.00","167,109.00","183,114.00","65,652.00","33,688.00","31,964.00","43,620.00","11,048.00","7,225.00",18.75%
,,Elezione della Camera dei Deputati. Abrogazione della possibilita' per uno stesso candidato di presentare la propria candidatura in piu' di una circoscrizione,"350,223.00","167,109.00","183,114.00","66,040.00","33,904.00","32,136.00","48,426.00","7,796.00","6,288.00",18.86%
,Trapani Total,,"1,050,669.00","501,327.00","549,342.00","197,326.00","101,266.00","96,060.00","135,456.00","29,927.00","20,767.00",18.78%
SICILIA Total,,,"12,220,401.00","5,821,692.00","6,398,709.00","1,701,835.00","879,131.00","822,704.00","1,220,126.00","271,301.00","115,293.00",13.93%
TOSCANA,Arezzo,Elezione del Senato della Repubblica. Abrogazione della possibilita' di collegamento tra liste e di attribuzione del premio di maggioranza ad una coalizione di liste,"267,531.00","128,907.00","138,624.00","100,997.00","51,517.00","49,480.00","67,272.00","17,616.00","13,141.00",37.75%
,,Elezione della Camera dei Deputati. Abrogazione della possibilita' di collegamento tra liste e di attribuzione del premio di maggioranza ad una coalizione di liste,"267,531.00","128,907.00","138,624.00","100,972.00","51,499.00","49,473.00","67,259.00","17,587.00","13,180.00",37.74%
,,Elezione della Camera dei Deputati. Abrogazione della possibilita' per uno stesso candidato di presentare la propria candidatura in piu' di una circoscrizione,"267,531.00","128,907.00","138,624.00","103,969.00","53,131.00","50,838.00","79,253.00","11,622.00","10,477.00",38.86%
,Arezzo Total,,"802,593.00","386,721.00","415,872.00","305,938.00","156,147.00","149,791.00","213,784.00","46,825.00","36,798.00",38.12%
,Firenze,Elezione del Senato della Repubblica. Abrogazione della possibilita' di collegamento tra liste e di attribuzione del premio di maggioranza ad una coalizione di liste,"761,622.00","360,222.00","401,400.00","246,925.00","121,500.00","125,425.00","174,794.00","45,195.00","20,328.00",32.42%
,,Elezione della Camera dei Deputati. Abrogazione della possibilita' di collegamento tra liste e di attribuzione del premio di maggioranza ad una coalizione di liste,"761,622.00","360,222.00","401,400.00","246,917.00","121,489.00","125,428.00","175,006.00","45,330.00","20,214.00",32.42%
,,Elezione della Camera dei Deputati. Abrogazione della possibilita' per uno stesso candidato di presentare la propria candidatura in piu' di una circoscrizione,"761,622.00","360,222.00","401,400.00","258,138.00","126,893.00","131,245.00","215,435.00","24,066.00","13,795.00",33.89%
,Firenze Total,,"2,284,866.00","1,080,666.00","1,204,200.00","751,980.00","369,882.00","382,098.00","565,235.00","114,591.00","54,337.00",32.91%
,Grosseto,Elezione del Senato della Repubblica. Abrogazione della possibilita' di collegamento tra liste e di attribuzione del premio di maggioranza ad una coalizione di liste,"180,827.00","86,125.00","94,702.00","80,900.00","40,423.00","40,477.00","53,094.00","14,063.00","10,611.00",44.74%
,,Elezione della Camera dei Deputati. Abrogazione della possibilita' di collegamento tra liste e di attribuzione del premio di maggioranza ad una coalizione di liste,"180,827.00","86,125.00","94,702.00","80,983.00","40,445.00","40,538.00","53,195.00","14,090.00","10,552.00",44.78%
,,Elezione della Camera dei Deputati. Abrogazione della possibilita' per uno stesso candidato di presentare la propria candidatura in piu' di una circoscrizione,"180,827.00","86,125.00","94,702.00","83,450.00","41,699.00","41,751.00","62,304.00","9,711.00","8,692.00",46.15%
,Grosseto Total,,"542,481.00","258,375.00","284,106.00","245,333.00","122,567.00","122,766.00","168,593.00","37,864.00","29,855.00",45.22%
,Livorno,Elezione del Senato della Repubblica. Abrogazione della possibilita' di collegamento tra liste e di attribuzione del premio di maggioranza ad una coalizione di liste,"275,496.00","130,895.00","144,601.00","67,760.00","33,724.00","34,036.00","50,993.00","10,958.00","4,426.00",24.60%
,,Elezione della Camera dei Deputati. Abrogazione della possibilita' di collegamento tra liste e di attribuzione del premio di maggioranza ad una coalizione di liste,"275,496.00","130,895.00","144,601.00","67,754.00","33,713.00","34,041.00","50,896.00","11,073.00","4,388.00",24.59%
,,Elezione della Camera dei Deputati. Abrogazione della possibilita' per uno stesso candidato di presentare la propria candidatura in piu' di una circoscrizione,"275,496.00","130,895.00","144,601.00","69,246.00","34,487.00","34,759.00","58,580.00","6,441.00","3,083.00",25.14%
,Livorno Total,,"826,488.00","392,685.00","433,803.00","204,760.00","101,924.00","102,836.00","160,469.00","28,472.00","11,897.00",24.77%
,Lucca,Elezione del Senato della Repubblica. Abrogazione della possibilita' di collegamento tra liste e di attribuzione del premio di maggioranza ad una coalizione di liste,"315,870.00","150,477.00","165,393.00","73,871.00","37,146.00","36,725.00","50,890.00","14,501.00","5,825.00",23.39%
,,Elezione della Camera dei Deputati. Abrogazione della possibilita' di collegamento tra liste e di attribuzione del premio di maggioranza ad una coalizione di liste,"315,870.00","150,477.00","165,393.00","73,874.00","37,148.00","36,726.00","50,946.00","14,541.00","5,767.00",23.39%
,,Elezione della Camera dei Deputati. Abrogazione della possibilita' per uno stesso candidato di presentare la propria candidatura in piu' di una circoscrizione,"315,870.00","150,477.00","165,393.00","75,604.00","38,052.00","37,552.00","60,144.00","8,840.00","4,364.00",23.94%
,Lucca Total,,"947,610.00","451,431.00","496,179.00","223,349.00","112,346.00","111,003.00","161,980.00","37,882.00","15,956.00",23.57%
,Massa-Carrara,Elezione del Senato della Repubblica. Abrogazione della possibilita' di collegamento tra liste e di attribuzione del premio di maggioranza ad una coalizione di liste,"165,508.00","78,547.00","86,961.00","26,671.00","13,565.00","13,106.00","20,330.00","4,677.00",914.00,16.11%
,,Elezione della Camera dei Deputati. Abrogazione della possibilita' di collegamento tra liste e di attribuzione del premio di maggioranza ad una coalizione di liste,"165,508.00","78,547.00","86,961.00","26,668.00","13,562.00","13,106.00","20,316.00","4,687.00",932.00,16.11%
,,Elezione della Camera dei Deputati. Abrogazione della possibilita' per uno stesso candidato di presentare la propria candidatura in piu' di una circoscrizione,"165,508.00","78,547.00","86,961.00","27,205.00","13,868.00","13,337.00","23,593.00","2,557.00",484.00,16.44%
,Massa-Carrara Total,,"496,524.00","235,641.00","260,883.00","80,544.00","40,995.00","39,549.00","64,239.00","11,921.00","2,330.00",16.22%
,Pisa,Elezione del Senato della Repubblica. Abrogazione della possibilita' di collegamento tra liste e di attribuzione del premio di maggioranza ad una coalizione di liste,"326,860.00","156,383.00","170,477.00","62,545.00","31,693.00","30,852.00","48,531.00","10,730.00","2,171.00",19.14%
,,Elezione della Camera dei Deputati. Abrogazione della possibilita' di collegamento tra liste e di attribuzione del premio di maggioranza ad una coalizione di liste,"326,860.00","156,383.00","170,477.00","62,548.00","31,701.00","30,847.00","48,578.00","10,767.00","2,116.00",19.14%
,,Elezione della Camera dei Deputati. Abrogazione della possibilita' per uno stesso candidato di presentare la propria candidatura in piu' di una circoscrizione,"326,860.00","156,383.00","170,477.00","64,212.00","32,612.00","31,600.00","57,019.00","5,288.00","1,089.00",19.65%
,Pisa Total,,"980,580.00","469,149.00","511,431.00","189,305.00","96,006.00","93,299.00","154,128.00","26,785.00","5,376.00",19.31%
,Pistoia,Elezione del Senato della Repubblica. Abrogazione della possibilita' di collegamento tra liste e di attribuzione del premio di maggioranza ad una coalizione di liste,"228,733.00","109,310.00","119,423.00","53,640.00","26,802.00","26,838.00","39,056.00","9,399.00","3,629.00",23.45%
,,Elezione della Camera dei Deputati. Abrogazione della possibilita' di collegamento tra liste e di attribuzione del premio di maggioranza ad una coalizione di liste,"228,733.00","109,310.00","119,423.00","53,639.00","26,801.00","26,838.00","39,038.00","9,450.00","3,614.00",23.45%
,,Elezione della Camera dei Deputati. Abrogazione della possibilita' per uno stesso candidato di presentare la propria candidatura in piu' di una circoscrizione,"228,733.00","109,310.00","119,423.00","54,962.00","27,507.00","27,455.00","45,622.00","5,409.00","2,672.00",24.03%
,Pistoia Total,,"686,199.00","327,930.00","358,269.00","162,241.00","81,110.00","81,131.00","123,716.00","24,258.00","9,915.00",23.64%
,Prato,Elezione del Senato della Repubblica. Abrogazione della possibilita' di collegamento tra liste e di attribuzione del premio di maggioranza ad una coalizione di liste,"184,689.00","88,617.00","96,072.00","94,309.00","46,767.00","47,542.00","62,485.00","17,506.00","11,148.00",51.06%
,,Elezione della Camera dei Deputati. Abrogazione della possibilita' di collegamento tra liste e di attribuzione del premio di maggioranza ad una coalizione di liste,"184,689.00","88,617.00","96,072.00","94,288.00","46,765.00","47,523.00","62,432.00","17,448.00","11,246.00",51.05%
,,Elezione della Camera dei Deputati. Abrogazione della possibilita' per uno stesso candidato di presentare la propria candidatura in piu' di una circoscrizione,"184,689.00","88,617.00","96,072.00","96,980.00","48,059.00","48,921.00","73,304.00","11,793.00","9,146.00",52.51%
,Prato Total,,"554,067.00","265,851.00","288,216.00","285,577.00","141,591.00","143,986.00","198,221.00","46,747.00","31,540.00",51.54%
,Siena,Elezione del Senato della Repubblica. Abrogazione della possibilita' di collegamento tra liste e di attribuzione del premio di maggioranza ad una coalizione di liste,"209,590.00","100,077.00","109,513.00","42,147.00","22,014.00","20,133.00","33,191.00","6,747.00","1,584.00",20.11%
,,Elezione della Camera dei Deputati. Abrogazione della possibilita' di collegamento tra liste e di attribuzione del premio di maggioranza ad una coalizione di liste,"209,590.00","100,077.00","109,513.00","42,139.00","22,010.00","20,129.00","33,114.00","6,808.00","1,596.00",20.11%
,,Elezione della Camera dei Deputati. Abrogazione della possibilita' per uno stesso candidato di presentare la propria candidatura in piu' di una circoscrizione,"209,590.00","100,077.00","109,513.00","43,112.00","22,568.00","20,544.00","38,483.00","3,358.00",793.00,20.57%
,Siena Total,,"628,770.00","300,231.00","328,539.00","127,398.00","66,592.00","60,806.00","104,788.00","16,913.00","3,973.00",20.26%
TOSCANA Total,,,"8,750,178.00","4,168,680.00","4,581,498.00","2,576,425.00","1,289,160.00","1,287,265.00","1,915,153.00","392,258.00","201,977.00",29.44%
TRENTINO A.A.,Bolzano,Elezione del Senato della Repubblica. Abrogazione della possibilita' di collegamento tra liste e di attribuzione del premio di maggioranza ad una coalizione di liste,"371,214.00","181,531.00","189,683.00","45,177.00","22,613.00","22,564.00","18,242.00","23,803.00","2,317.00",12.17%
,,Elezione della Camera dei Deputati. Abrogazione della possibilita' di collegamento tra liste e di attribuzione del premio di maggioranza ad una coalizione di liste,"371,214.00","181,531.00","189,683.00","45,174.00","22,610.00","22,564.00","18,949.00","23,072.00","2,343.00",12.17%
,,Elezione della Camera dei Deputati. Abrogazione della possibilita' per uno stesso candidato di presentare la propria candidatura in piu' di una circoscrizione,"371,214.00","181,531.00","189,683.00","45,822.00","22,955.00","22,867.00","37,158.00","6,195.00","1,667.00",12.34%
,Bolzano Total,,"1,113,642.00","544,593.00","569,049.00","136,173.00","68,178.00","67,995.00","74,349.00","53,070.00","6,327.00",12.23%
,Trento,Elezione del Senato della Repubblica. Abrogazione della possibilita' di collegamento tra liste e di attribuzione del premio di maggioranza ad una coalizione di liste,"393,037.00","190,130.00","202,907.00","64,062.00","31,970.00","32,092.00","46,306.00","13,485.00","2,902.00",16.30%
,,Elezione della Camera dei Deputati. Abrogazione della possibilita' di collegamento tra liste e di attribuzione del premio di maggioranza ad una coalizione di liste,"393,037.00","190,130.00","202,907.00","64,062.00","31,967.00","32,095.00","46,189.00","13,619.00","2,879.00",16.30%
,,Elezione della Camera dei Deputati. Abrogazione della possibilita' per uno stesso candidato di presentare la propria candidatura in piu' di una circoscrizione,"393,037.00","190,130.00","202,907.00","65,831.00","32,867.00","32,964.00","57,735.00","5,790.00","1,337.00",16.75%
,Trento Total,,"1,179,111.00","570,390.00","608,721.00","193,955.00","96,804.00","97,151.00","150,230.00","32,894.00","7,118.00",16.45%
TRENTINO A.A. Total,,,"2,292,753.00","1,114,983.00","1,177,770.00","330,128.00","164,982.00","165,146.00","224,579.00","85,964.00","13,445.00",14.40%
UMBRIA,Perugia,Elezione del Senato della Repubblica. Abrogazione della possibilita' di collegamento tra liste e di attribuzione del premio di maggioranza ad una coalizione di liste,"505,734.00","242,516.00","263,218.00","122,748.00","63,613.00","59,135.00","90,963.00","19,942.00","8,212.00",24.27%
,,Elezione della Camera dei Deputati. Abrogazione della possibilita' di collegamento tra liste e di attribuzione del premio di maggioranza ad una coalizione di liste,"505,734.00","242,516.00","263,218.00","122,727.00","63,603.00","59,124.00","90,880.00","19,904.00","8,398.00",24.27%
,,Elezione della Camera dei Deputati. Abrogazione della possibilita' per uno stesso candidato di presentare la propria candidatura in piu' di una circoscrizione,"505,734.00","242,516.00","263,218.00","124,972.00","64,797.00","60,175.00","103,717.00","12,054.00","6,185.00",24.71%
,Perugia Total,,"1,517,202.00","727,548.00","789,654.00","370,447.00","192,013.00","178,434.00","285,560.00","51,900.00","22,795.00",24.42%
,Terni,Elezione del Senato della Repubblica. Abrogazione della possibilita' di collegamento tra liste e di attribuzione del premio di maggioranza ad una coalizione di liste,"183,874.00","87,580.00","96,294.00","71,358.00","35,929.00","35,429.00","49,643.00","11,681.00","7,311.00",38.81%
,,Elezione della Camera dei Deputati. Abrogazione della possibilita' di collegamento tra liste e di attribuzione del premio di maggioranza ad una coalizione di liste,"183,874.00","87,580.00","96,294.00","71,357.00","35,923.00","35,434.00","49,812.00","11,644.00","7,218.00",38.81%
,,Elezione della Camera dei Deputati. Abrogazione della possibilita' per uno stesso candidato di presentare la propria candidatura in piu' di una circoscrizione,"183,874.00","87,580.00","96,294.00","72,796.00","36,707.00","36,089.00","57,385.00","7,343.00","5,742.00",39.59%
,Terni Total,,"551,622.00","262,740.00","288,882.00","215,511.00","108,559.00","106,952.00","156,840.00","30,668.00","20,271.00",39.07%
UMBRIA Total,,,"2,068,824.00","990,288.00","1,078,536.00","585,958.00","300,572.00","285,386.00","442,400.00","82,568.00","43,066.00",28.32%
VALLE D'AOSTA,Aosta,Elezione del Senato della Repubblica. Abrogazione della possibilita' di collegamento tra liste e di attribuzione del premio di maggioranza ad una coalizione di liste,"100,618.00","49,184.00","51,434.00","15,980.00","8,142.00","7,838.00","10,084.00","4,404.00",986.00,15.88%
,,Elezione della Camera dei Deputati. Abrogazione della possibilita' di collegamento tra liste e di attribuzione del premio di maggioranza ad una coalizione di liste,"100,618.00","49,184.00","51,434.00","15,977.00","8,138.00","7,839.00","10,078.00","4,419.00",968.00,15.88%
,,Elezione della Camera dei Deputati. Abrogazione della possibilita' per uno stesso candidato di presentare la propria candidatura in piu' di una circoscrizione,"100,618.00","49,184.00","51,434.00","16,400.00","8,363.00","8,037.00","13,905.00","1,616.00",496.00,16.30%
,Aosta Total,,"301,854.00","147,552.00","154,302.00","48,357.00","24,643.00","23,714.00","34,067.00","10,439.00","2,450.00",16.02%
VALLE D'AOSTA Total,,,"301,854.00","147,552.00","154,302.00","48,357.00","24,643.00","23,714.00","34,067.00","10,439.00","2,450.00",16.02%
VENETO,Belluno,Elezione del Senato della Repubblica. Abrogazione della possibilita' di collegamento tra liste e di attribuzione del premio di maggioranza ad una coalizione di liste,"171,269.00","81,835.00","89,434.00","60,152.00","30,249.00","29,903.00","36,678.00","13,294.00","7,718.00",35.12%
,,Elezione della Camera dei Deputati. Abrogazione della possibilita' di collegamento tra liste e di attribuzione del premio di maggioranza ad una coalizione di liste,"171,269.00","81,835.00","89,434.00","60,155.00","30,254.00","29,901.00","36,725.00","13,384.00","7,605.00",35.12%
,,Elezione della Camera dei Deputati. Abrogazione della possibilita' per uno stesso candidato di presentare la propria candidatura in piu' di una circoscrizione,"171,269.00","81,835.00","89,434.00","62,799.00","31,599.00","31,200.00","47,248.00","7,834.00","5,750.00",36.67%
,Belluno Total,,"513,807.00","245,505.00","268,302.00","183,106.00","92,102.00","91,004.00","120,651.00","34,512.00","21,073.00",35.64%
,Padova,Elezione del Senato della Repubblica. Abrogazione della possibilita' di collegamento tra liste e di attribuzione del premio di maggioranza ad una coalizione di liste,"706,981.00","340,208.00","366,773.00","204,316.00","101,150.00","103,166.00","139,877.00","44,657.00","14,824.00",28.90%
,,Elezione della Camera dei Deputati. Abrogazione della possibilita' di collegamento tra liste e di attribuzione del premio di maggioranza ad una coalizione di liste,"706,981.00","340,208.00","366,773.00","204,353.00","101,144.00","103,209.00","139,839.00","44,853.00","14,745.00",28.91%
,,Elezione della Camera dei Deputati. Abrogazione della possibilita' per uno stesso candidato di presentare la propria candidatura in piu' di una circoscrizione,"706,981.00","340,208.00","366,773.00","212,355.00","105,156.00","107,199.00","175,650.00","22,918.00","10,082.00",30.04%
,Padova Total,,"2,120,943.00","1,020,624.00","1,100,319.00","621,024.00","307,450.00","313,574.00","455,366.00","112,428.00","39,651.00",29.28%
,Rovigo,Elezione del Senato della Repubblica. Abrogazione della possibilita' di collegamento tra liste e di attribuzione del premio di maggioranza ad una coalizione di liste,"201,825.00","97,060.00","104,765.00","76,652.00","38,697.00","37,955.00","48,351.00","15,905.00","9,973.00",37.98%
,,Elezione della Camera dei Deputati. Abrogazione della possibilita' di collegamento tra liste e di attribuzione del premio di maggioranza ad una coalizione di liste,"201,825.00","97,060.00","104,765.00","76,649.00","38,690.00","37,959.00","48,403.00","15,933.00","9,936.00",37.98%
,,Elezione della Camera dei Deputati. Abrogazione della possibilita' per uno stesso candidato di presentare la propria candidatura in piu' di una circoscrizione,"201,825.00","97,060.00","104,765.00","78,662.00","39,773.00","38,889.00","57,864.00","10,494.00","8,226.00",38.98%
,Rovigo Total,,"605,475.00","291,180.00","314,295.00","231,963.00","117,160.00","114,803.00","154,618.00","42,332.00","28,135.00",38.31%
,Treviso,Elezione del Senato della Repubblica. Abrogazione della possibilita' di collegamento tra liste e di attribuzione del premio di maggioranza ad una coalizione di liste,"652,961.00","316,010.00","336,951.00","121,679.00","61,229.00","60,450.00","85,577.00","26,995.00","6,398.00",18.63%
,,Elezione della Camera dei Deputati. Abrogazione della possibilita' di collegamento tra liste e di attribuzione del premio di maggioranza ad una coalizione di liste,"652,961.00","316,010.00","336,951.00","121,677.00","61,242.00","60,435.00","85,686.00","27,098.00","6,213.00",18.63%
,,Elezione della Camera dei Deputati. Abrogazione della possibilita' per uno stesso candidato di presentare la propria candidatura in piu' di una circoscrizione,"652,961.00","316,010.00","336,951.00","125,211.00","63,127.00","62,084.00","107,353.00","12,352.00","3,556.00",19.18%
,Treviso Total,,"1,958,883.00","948,030.00","1,010,853.00","368,567.00","185,598.00","182,969.00","278,616.00","66,445.00","16,167.00",18.82%
,Venezia,Elezione del Senato della Repubblica. Abrogazione della possibilita' di collegamento tra liste e di attribuzione del premio di maggioranza ad una coalizione di liste,"671,984.00","322,079.00","349,905.00","261,456.00","130,688.00","130,768.00","167,627.00","58,788.00","26,225.00",38.91%
,,Elezione della Camera dei Deputati. Abrogazione della possibilita' di collegamento tra liste e di attribuzione del premio di maggioranza ad una coalizione di liste,"671,984.00","322,079.00","349,905.00","261,440.00","130,679.00","130,761.00","167,509.00","59,240.00","25,885.00",38.91%
,,Elezione della Camera dei Deputati. Abrogazione della possibilita' per uno stesso candidato di presentare la propria candidatura in piu' di una circoscrizione,"671,984.00","322,079.00","349,905.00","269,498.00","134,893.00","134,605.00","204,381.00","37,437.00","20,369.00",40.10%
,Venezia Total,,"2,015,952.00","966,237.00","1,049,715.00","792,394.00","396,260.00","396,134.00","539,517.00","155,465.00","72,479.00",39.31%
,Verona,Elezione del Senato della Repubblica. Abrogazione della possibilita' di collegamento tra liste e di attribuzione del premio di maggioranza ad una coalizione di liste,"678,992.00","327,606.00","351,386.00","116,097.00","58,273.00","57,824.00","84,531.00","24,140.00","5,268.00",17.10%
,,Elezione della Camera dei Deputati. Abrogazione della possibilita' di collegamento tra liste e di attribuzione del premio di maggioranza ad una coalizione di liste,"678,992.00","327,606.00","351,386.00","115,961.00","58,201.00","57,760.00","84,452.00","24,179.00","5,212.00",17.08%
,,Elezione della Camera dei Deputati. Abrogazione della possibilita' per uno stesso candidato di presentare la propria candidatura in piu' di una circoscrizione,"678,992.00","327,606.00","351,386.00","119,098.00","59,840.00","59,258.00","103,364.00","11,062.00","3,100.00",17.54%
,Verona Total,,"2,036,976.00","982,818.00","1,054,158.00","351,156.00","176,314.00","174,842.00","272,347.00","59,381.00","13,580.00",17.24%
,Vicenza,Elezione del Senato della Repubblica. Abrogazione della possibilita' di collegamento tra liste e di attribuzione del premio di maggioranza ad una coalizione di liste,"639,632.00","310,514.00","329,118.00","137,929.00","68,632.00","69,297.00","95,843.00","28,834.00","10,108.00",21.56%
,,Elezione della Camera dei Deputati. Abrogazione della possibilita' di collegamento tra liste e di attribuzione del premio di maggioranza ad una coalizione di liste,"639,632.00","310,514.00","329,118.00","137,916.00","68,618.00","69,298.00","95,883.00","28,834.00","10,092.00",21.56%
,,Elezione della Camera dei Deputati. Abrogazione della possibilita' per uno stesso candidato di presentare la propria candidatura in piu' di una circoscrizione,"639,632.00","310,514.00","329,118.00","141,903.00","70,709.00","71,194.00","118,997.00","13,669.00","6,889.00",22.19%
,Vicenza Total,,"1,918,896.00","931,542.00","987,354.00","417,748.00","207,959.00","209,789.00","310,723.00","71,337.00","27,089.00",21.77%
VENETO Total,,,"11,170,932.00","5,385,936.00","5,784,996.00","2,965,958.00","1,482,843.00","1,483,115.00","2,131,838.00","541,900.00","218,174.00",26.55%
Grand Total,,,"141,588,846.00","67,877,454.00","73,711,392.00","33,558,032.00","16,951,667.00","16,606,365.00","24,424,221.00","5,548,385.00","2,600,553.00",23.70%