REGIONE,PROVINCIA,NUM_REFERENDUM,QUESITO,ELETTORI,ELETTORI_M,ELETTORI_F,VOTANTI,VOTANTI_M,VOTANTI_F,VOTI_SI,VOTI_NO,SCHEDE_BIANCHE,AFFLUENZA
PIEMONTE,ALESSANDRIA,1.00,DIVORZIO,347.00,0,0,324.00,0,0,180.00,136.00,5.00,93.37%
PIEMONTE,ALESSANDRIA,1.00,DIVORZIO,"1,052.00",0,0,919.00,0,0,361.00,510.00,42.00,87.36%
PIEMONTE,ALESSANDRIA,1.00,DIVORZIO,412.00,0,0,372.00,0,0,139.00,222.00,7.00,90.29%
PIEMONTE,ALESSANDRIA,1.00,DIVORZIO,631.00,0,0,587.00,0,0,228.00,321.00,28.00,93.03%
PIEMONTE,ALESSANDRIA,1.00,DIVORZIO,431.00,0,0,370.00,0,0,204.00,155.00,11.00,85.85%
PIEMONTE,ALESSANDRIA,1.00,DIVORZIO,704.00,0,0,629.00,0,0,160.00,449.00,16.00,89.35%
PIEMONTE,ALESSANDRIA,1.00,DIVORZIO,387.00,0,0,355.00,0,0,183.00,156.00,13.00,91.73%
PIEMONTE,ALESSANDRIA,1.00,DIVORZIO,261.00,0,0,234.00,0,0,125.00,105.00,4.00,89.66%
PIEMONTE,ALESSANDRIA,1.00,DIVORZIO,314.00,0,0,254.00,0,0,138.00,100.00,13.00,80.89%
PIEMONTE,ALESSANDRIA,1.00,DIVORZIO,"1,179.00",0,0,946.00,0,0,402.00,506.00,25.00,80.24%
PIEMONTE,ALESSANDRIA,1.00,DIVORZIO,"1,922.00",0,0,"1,789.00",0,0,524.00,"1,209.00",41.00,93.08%
PIEMONTE,ALESSANDRIA,1.00,DIVORZIO,247.00,0,0,207.00,0,0,109.00,87.00,8.00,83.81%
PIEMONTE,ALESSANDRIA,1.00,DIVORZIO,346.00,0,0,313.00,0,0,109.00,182.00,21.00,90.46%
PIEMONTE,ALESSANDRIA,1.00,DIVORZIO,401.00,0,0,362.00,0,0,173.00,173.00,15.00,90.27%
PIEMONTE,ALESSANDRIA,1.00,DIVORZIO,588.00,0,0,517.00,0,0,242.00,255.00,15.00,87.93%
PIEMONTE,ALESSANDRIA,1.00,DIVORZIO,"1,187.00",0,0,"1,091.00",0,0,420.00,642.00,23.00,91.91%
PIEMONTE,ALESSANDRIA,1.00,DIVORZIO,634.00,0,0,564.00,0,0,187.00,353.00,15.00,88.96%
PIEMONTE,ALESSANDRIA,1.00,DIVORZIO,"1,539.00",0,0,"1,447.00",0,0,558.00,856.00,24.00,94.02%
PIEMONTE,ALESSANDRIA,1.00,DIVORZIO,"1,301.00",0,0,"1,197.00",0,0,290.00,868.00,31.00,92.01%
PIEMONTE,ALESSANDRIA,1.00,DIVORZIO,"1,236.00",0,0,"1,081.00",0,0,428.00,596.00,41.00,87.46%
PIEMONTE,ALESSANDRIA,1.00,DIVORZIO,734.00,0,0,678.00,0,0,232.00,418.00,22.00,92.37%
PIEMONTE,ALESSANDRIA,1.00,DIVORZIO,692.00,0,0,592.00,0,0,234.00,338.00,14.00,85.55%
PIEMONTE,ALESSANDRIA,1.00,DIVORZIO,144.00,0,0,136.00,0,0,77.00,57.00,1.00,94.44%
PIEMONTE,ALESSANDRIA,1.00,DIVORZIO,"3,338.00",0,0,"2,989.00",0,0,"1,155.00","1,733.00",74.00,89.54%
PIEMONTE,ALESSANDRIA,1.00,DIVORZIO,584.00,0,0,539.00,0,0,210.00,310.00,10.00,92.29%
PIEMONTE,ALESSANDRIA,1.00,DIVORZIO,431.00,0,0,339.00,0,0,163.00,152.00,24.00,78.65%
PIEMONTE,ALESSANDRIA,1.00,DIVORZIO,340.00,0,0,283.00,0,0,89.00,188.00,5.00,83.24%
PIEMONTE,ALESSANDRIA,1.00,DIVORZIO,467.00,0,0,379.00,0,0,111.00,246.00,17.00,81.16%
PIEMONTE,ALESSANDRIA,1.00,DIVORZIO,345.00,0,0,319.00,0,0,148.00,154.00,15.00,92.46%
PIEMONTE,ALESSANDRIA,1.00,DIVORZIO,799.00,0,0,740.00,0,0,287.00,430.00,17.00,92.62%
PIEMONTE,ALESSANDRIA,1.00,DIVORZIO,604.00,0,0,538.00,0,0,179.00,338.00,17.00,89.07%
PIEMONTE,ALESSANDRIA,1.00,DIVORZIO,"1,422.00",0,0,"1,259.00",0,0,598.00,589.00,58.00,88.54%
PIEMONTE,ALESSANDRIA,1.00,DIVORZIO,121.00,0,0,116.00,0,0,50.00,65.00,0.00,95.87%
PIEMONTE,ALESSANDRIA,1.00,DIVORZIO,"1,265.00",0,0,"1,150.00",0,0,375.00,742.00,28.00,90.91%
PIEMONTE,ALESSANDRIA,1.00,DIVORZIO,982.00,0,0,827.00,0,0,234.00,558.00,27.00,84.22%
PIEMONTE,ALESSANDRIA,1.00,DIVORZIO,214.00,0,0,195.00,0,0,53.00,125.00,14.00,91.12%
PIEMONTE,ALESSANDRIA,1.00,DIVORZIO,"1,287.00",0,0,"1,167.00",0,0,363.00,756.00,35.00,90.68%
PIEMONTE,ALESSANDRIA,1.00,DIVORZIO,"1,269.00",0,0,"1,133.00",0,0,369.00,710.00,44.00,89.28%
PIEMONTE,ALESSANDRIA,1.00,DIVORZIO,715.00,0,0,670.00,0,0,370.00,273.00,17.00,93.71%
PIEMONTE,ALESSANDRIA,1.00,DIVORZIO,"1,111.00",0,0,978.00,0,0,320.00,608.00,38.00,88.03%
PIEMONTE,ALESSANDRIA,1.00,DIVORZIO,290.00,0,0,253.00,0,0,77.00,167.00,8.00,87.24%
PIEMONTE,ALESSANDRIA,1.00,DIVORZIO,258.00,0,0,210.00,0,0,48.00,144.00,9.00,81.40%
PIEMONTE,ALESSANDRIA,1.00,DIVORZIO,350.00,0,0,255.00,0,0,146.00,99.00,9.00,72.86%
PIEMONTE,ALESSANDRIA,1.00,DIVORZIO,660.00,0,0,592.00,0,0,230.00,345.00,13.00,89.70%
PIEMONTE,ALESSANDRIA,1.00,DIVORZIO,486.00,0,0,359.00,0,0,175.00,168.00,13.00,73.87%
PIEMONTE,ALESSANDRIA,1.00,DIVORZIO,375.00,0,0,342.00,0,0,124.00,201.00,14.00,91.20%
PIEMONTE,ALESSANDRIA,1.00,DIVORZIO,635.00,0,0,576.00,0,0,199.00,355.00,19.00,90.71%
PIEMONTE,ALESSANDRIA,1.00,DIVORZIO,363.00,0,0,324.00,0,0,105.00,208.00,7.00,89.26%
PIEMONTE,ALESSANDRIA,1.00,DIVORZIO,537.00,0,0,489.00,0,0,171.00,300.00,12.00,91.06%
PIEMONTE,ALESSANDRIA,1.00,DIVORZIO,240.00,0,0,221.00,0,0,98.00,113.00,6.00,92.08%
PIEMONTE,ALESSANDRIA,1.00,DIVORZIO,482.00,0,0,407.00,0,0,214.00,177.00,8.00,84.44%
PIEMONTE,ALESSANDRIA,1.00,DIVORZIO,"1,460.00",0,0,"1,328.00",0,0,351.00,925.00,39.00,90.96%
PIEMONTE,ALESSANDRIA,1.00,DIVORZIO,520.00,0,0,431.00,0,0,112.00,302.00,14.00,82.88%
PIEMONTE,ALESSANDRIA,1.00,DIVORZIO,616.00,0,0,563.00,0,0,273.00,262.00,23.00,91.40%
PIEMONTE,ALESSANDRIA,1.00,DIVORZIO,577.00,0,0,518.00,0,0,85.00,422.00,10.00,89.77%
PIEMONTE,ALESSANDRIA,1.00,DIVORZIO,"1,233.00",0,0,"1,100.00",0,0,425.00,627.00,30.00,89.21%
PIEMONTE,ALESSANDRIA,1.00,DIVORZIO,"23,665.00",0,0,"22,183.00",0,0,"4,870.00","16,838.00",353.00,93.74%
PIEMONTE,ALESSANDRIA,1.00,DIVORZIO,"1,143.00",0,0,"1,060.00",0,0,458.00,563.00,21.00,92.74%
PIEMONTE,ALESSANDRIA,1.00,DIVORZIO,535.00,0,0,449.00,0,0,223.00,206.00,11.00,83.93%
PIEMONTE,ALESSANDRIA,1.00,DIVORZIO,253.00,0,0,222.00,0,0,68.00,139.00,12.00,87.75%
PIEMONTE,ALESSANDRIA,1.00,DIVORZIO,184.00,0,0,173.00,0,0,70.00,100.00,2.00,94.02%
PIEMONTE,ALESSANDRIA,1.00,DIVORZIO,427.00,0,0,374.00,0,0,195.00,164.00,9.00,87.59%
PIEMONTE,ALESSANDRIA,1.00,DIVORZIO,816.00,0,0,713.00,0,0,196.00,492.00,18.00,87.38%
PIEMONTE,ALESSANDRIA,1.00,DIVORZIO,"9,557.00",0,0,"8,970.00",0,0,"2,086.00","6,682.00",157.00,93.86%
PIEMONTE,ALESSANDRIA,1.00,DIVORZIO,"1,127.00",0,0,"1,020.00",0,0,380.00,614.00,19.00,90.51%
PIEMONTE,ALESSANDRIA,1.00,DIVORZIO,"1,462.00",0,0,"1,299.00",0,0,287.00,963.00,41.00,88.85%
PIEMONTE,ALESSANDRIA,1.00,DIVORZIO,281.00,0,0,266.00,0,0,139.00,123.00,3.00,94.66%
PIEMONTE,ALESSANDRIA,1.00,DIVORZIO,750.00,0,0,645.00,0,0,249.00,368.00,18.00,86.00%
PIEMONTE,ALESSANDRIA,1.00,DIVORZIO,818.00,0,0,742.00,0,0,311.00,397.00,22.00,90.71%
PIEMONTE,ALESSANDRIA,1.00,DIVORZIO,551.00,0,0,523.00,0,0,143.00,362.00,16.00,94.92%
PIEMONTE,ALESSANDRIA,1.00,DIVORZIO,666.00,0,0,617.00,0,0,204.00,391.00,15.00,92.64%
PIEMONTE,ALESSANDRIA,1.00,DIVORZIO,463.00,0,0,440.00,0,0,145.00,287.00,5.00,95.03%
PIEMONTE,ALESSANDRIA,1.00,DIVORZIO,595.00,0,0,557.00,0,0,234.00,305.00,12.00,93.61%
PIEMONTE,ALESSANDRIA,1.00,DIVORZIO,376.00,0,0,342.00,0,0,130.00,202.00,10.00,90.96%
PIEMONTE,ALESSANDRIA,1.00,DIVORZIO,"3,381.00",0,0,"3,210.00",0,0,797.00,"2,354.00",49.00,94.94%
PIEMONTE,ALESSANDRIA,1.00,DIVORZIO,"1,585.00",0,0,"1,398.00",0,0,359.00,975.00,51.00,88.20%
PIEMONTE,ALESSANDRIA,1.00,DIVORZIO,674.00,0,0,612.00,0,0,210.00,369.00,24.00,90.80%
PIEMONTE,ALESSANDRIA,1.00,DIVORZIO,406.00,0,0,364.00,0,0,119.00,233.00,10.00,89.66%
PIEMONTE,ALESSANDRIA,1.00,DIVORZIO,"1,159.00",0,0,896.00,0,0,227.00,629.00,30.00,77.31%
PIEMONTE,ALESSANDRIA,1.00,DIVORZIO,425.00,0,0,378.00,0,0,170.00,191.00,12.00,88.94%
PIEMONTE,ALESSANDRIA,1.00,DIVORZIO,"3,279.00",0,0,"3,071.00",0,0,850.00,"2,134.00",56.00,93.66%
PIEMONTE,ALESSANDRIA,1.00,DIVORZIO,438.00,0,0,389.00,0,0,118.00,263.00,6.00,88.81%
PIEMONTE,ALESSANDRIA,1.00,DIVORZIO,"1,772.00",0,0,"1,659.00",0,0,615.00,994.00,33.00,93.62%
PIEMONTE,ALESSANDRIA,1.00,DIVORZIO,"1,077.00",0,0,971.00,0,0,395.00,545.00,21.00,90.16%
PIEMONTE,ALESSANDRIA,1.00,DIVORZIO,"1,515.00",0,0,"1,418.00",0,0,486.00,888.00,36.00,93.60%
PIEMONTE,ALESSANDRIA,1.00,DIVORZIO,646.00,0,0,571.00,0,0,191.00,364.00,14.00,88.39%
PIEMONTE,ALESSANDRIA,1.00,DIVORZIO,"1,396.00",0,0,"1,245.00",0,0,423.00,766.00,47.00,89.18%
PIEMONTE,ALESSANDRIA,1.00,DIVORZIO,307.00,0,0,281.00,0,0,67.00,206.00,8.00,91.53%
PIEMONTE,ALESSANDRIA,1.00,DIVORZIO,211.00,0,0,186.00,0,0,102.00,74.00,9.00,88.15%
PIEMONTE,ALESSANDRIA,1.00,DIVORZIO,"1,170.00",0,0,"1,083.00",0,0,295.00,757.00,17.00,92.56%
PIEMONTE,ALESSANDRIA,1.00,DIVORZIO,293.00,0,0,245.00,0,0,113.00,118.00,12.00,83.62%
PIEMONTE,ALESSANDRIA,1.00,DIVORZIO,"1,354.00",0,0,"1,183.00",0,0,480.00,653.00,43.00,87.37%
PIEMONTE,ALESSANDRIA,1.00,DIVORZIO,541.00,0,0,486.00,0,0,222.00,236.00,26.00,89.83%
PIEMONTE,ALESSANDRIA,1.00,DIVORZIO,"3,751.00",0,0,"3,388.00",0,0,"1,440.00","1,807.00",102.00,90.32%
PIEMONTE,ALESSANDRIA,1.00,DIVORZIO,539.00,0,0,502.00,0,0,170.00,320.00,8.00,93.14%
PIEMONTE,ALESSANDRIA,1.00,DIVORZIO,943.00,0,0,874.00,0,0,270.00,575.00,24.00,92.68%
PIEMONTE,ALESSANDRIA,1.00,DIVORZIO,"3,656.00",0,0,"3,356.00",0,0,"1,198.00","2,029.00",104.00,91.79%
PIEMONTE,ALESSANDRIA,1.00,DIVORZIO,511.00,0,0,445.00,0,0,227.00,192.00,23.00,87.08%
PIEMONTE,ALESSANDRIA,1.00,DIVORZIO,392.00,0,0,344.00,0,0,171.00,153.00,15.00,87.76%
PIEMONTE,ALESSANDRIA,1.00,DIVORZIO,491.00,0,0,448.00,0,0,130.00,303.00,13.00,91.24%
PIEMONTE,ALESSANDRIA,1.00,DIVORZIO,944.00,0,0,853.00,0,0,304.00,521.00,23.00,90.36%
PIEMONTE,ALESSANDRIA,1.00,DIVORZIO,671.00,0,0,599.00,0,0,233.00,337.00,27.00,89.27%
PIEMONTE,ALESSANDRIA,1.00,DIVORZIO,"4,514.00",0,0,"4,105.00",0,0,"1,060.00","2,933.00",93.00,90.94%
PIEMONTE,ALESSANDRIA,1.00,DIVORZIO,"1,362.00",0,0,"1,210.00",0,0,441.00,719.00,30.00,88.84%
PIEMONTE,ALESSANDRIA,1.00,DIVORZIO,"1,392.00",0,0,"1,278.00",0,0,372.00,863.00,33.00,91.81%
PIEMONTE,ALESSANDRIA,1.00,DIVORZIO,"1,581.00",0,0,"1,476.00",0,0,486.00,955.00,23.00,93.36%
PIEMONTE,ALESSANDRIA,1.00,DIVORZIO,288.00,0,0,255.00,0,0,108.00,126.00,17.00,88.54%
PIEMONTE,ALESSANDRIA,1.00,DIVORZIO,"1,624.00",0,0,"1,437.00",0,0,434.00,952.00,35.00,88.49%
PIEMONTE,ALESSANDRIA,1.00,DIVORZIO,369.00,0,0,353.00,0,0,116.00,225.00,8.00,95.66%
PIEMONTE,ALESSANDRIA,1.00,DIVORZIO,"1,500.00",0,0,"1,369.00",0,0,499.00,823.00,38.00,91.27%
PIEMONTE,ALESSANDRIA,1.00,DIVORZIO,"1,246.00",0,0,"1,099.00",0,0,387.00,675.00,28.00,88.20%
PIEMONTE,ALESSANDRIA,1.00,DIVORZIO,910.00,0,0,857.00,0,0,191.00,641.00,22.00,94.18%
PIEMONTE,ALESSANDRIA,1.00,DIVORZIO,370.00,0,0,345.00,0,0,165.00,167.00,10.00,93.24%
PIEMONTE,ALESSANDRIA,1.00,DIVORZIO,573.00,0,0,497.00,0,0,201.00,264.00,30.00,86.74%
PIEMONTE,ALESSANDRIA,1.00,DIVORZIO,632.00,0,0,562.00,0,0,198.00,349.00,10.00,88.92%
PIEMONTE,ALESSANDRIA,1.00,DIVORZIO,"1,105.00",0,0,"1,027.00",0,0,380.00,607.00,31.00,92.94%
PIEMONTE,ALESSANDRIA,1.00,DIVORZIO,"21,999.00",0,0,"20,341.00",0,0,"5,516.00","14,355.00",319.00,92.46%
PIEMONTE,ALESSANDRIA,1.00,DIVORZIO,285.00,0,0,261.00,0,0,74.00,173.00,12.00,91.58%
PIEMONTE,ALESSANDRIA,1.00,DIVORZIO,614.00,0,0,544.00,0,0,187.00,342.00,13.00,88.60%
PIEMONTE,ALESSANDRIA,1.00,DIVORZIO,"16,808.00",0,0,"15,800.00",0,0,"3,502.00","11,924.00",285.00,94.00%
PIEMONTE,ALESSANDRIA,1.00,DIVORZIO,"1,130.00",0,0,"1,008.00",0,0,347.00,629.00,21.00,89.20%
PIEMONTE,ALESSANDRIA,1.00,DIVORZIO,"1,172.00",0,0,"1,044.00",0,0,363.00,651.00,25.00,89.08%
PIEMONTE,ALESSANDRIA,1.00,DIVORZIO,"1,412.00",0,0,"1,289.00",0,0,383.00,851.00,47.00,91.29%
PIEMONTE,ALESSANDRIA,1.00,DIVORZIO,"2,168.00",0,0,"1,993.00",0,0,641.00,"1,296.00",33.00,91.93%
PIEMONTE,ALESSANDRIA,1.00,DIVORZIO,673.00,0,0,583.00,0,0,272.00,295.00,8.00,86.63%
PIEMONTE,ALESSANDRIA,1.00,DIVORZIO,729.00,0,0,649.00,0,0,241.00,380.00,24.00,89.03%
PIEMONTE,ALESSANDRIA,1.00,DIVORZIO,353.00,0,0,304.00,0,0,137.00,157.00,9.00,86.12%
PIEMONTE,ALESSANDRIA,1.00,DIVORZIO,"1,598.00",0,0,"1,476.00",0,0,334.00,"1,091.00",41.00,92.37%
PIEMONTE,ALESSANDRIA,1.00,DIVORZIO,556.00,0,0,509.00,0,0,192.00,305.00,8.00,91.55%
PIEMONTE,ALESSANDRIA,1.00,DIVORZIO,"1,005.00",0,0,886.00,0,0,321.00,544.00,19.00,88.16%
PIEMONTE,ALESSANDRIA,1.00,DIVORZIO,"1,097.00",0,0,981.00,0,0,336.00,608.00,27.00,89.43%
PIEMONTE,ALESSANDRIA,1.00,DIVORZIO,156.00,0,0,139.00,0,0,59.00,76.00,4.00,89.10%
PIEMONTE,ALESSANDRIA,1.00,DIVORZIO,800.00,0,0,725.00,0,0,317.00,371.00,34.00,90.63%
MARCHE,ANCONA,1.00,DIVORZIO,"1,821.00",0,0,"1,737.00",0,0,876.00,803.00,31.00,95.39%
MARCHE,ANCONA,1.00,DIVORZIO,"76,249.00",0,0,"71,320.00",0,0,"22,724.00","47,146.00",939.00,93.54%
MARCHE,ANCONA,1.00,DIVORZIO,"5,365.00",0,0,"4,854.00",0,0,"1,819.00","2,886.00",107.00,90.48%
MARCHE,ANCONA,1.00,DIVORZIO,937.00,0,0,889.00,0,0,422.00,421.00,37.00,94.88%
MARCHE,ANCONA,1.00,DIVORZIO,"1,713.00",0,0,"1,563.00",0,0,747.00,720.00,59.00,91.24%
MARCHE,ANCONA,1.00,DIVORZIO,"3,997.00",0,0,"3,768.00",0,0,"1,948.00","1,647.00",104.00,94.27%
MARCHE,ANCONA,1.00,DIVORZIO,751.00,0,0,704.00,0,0,285.00,393.00,12.00,93.74%
MARCHE,ANCONA,1.00,DIVORZIO,"1,430.00",0,0,"1,360.00",0,0,413.00,907.00,15.00,95.10%
MARCHE,ANCONA,1.00,DIVORZIO,662.00,0,0,606.00,0,0,250.00,329.00,15.00,91.54%
MARCHE,ANCONA,1.00,DIVORZIO,"9,075.00",0,0,"8,382.00",0,0,"3,262.00","4,763.00",209.00,92.36%
MARCHE,ANCONA,1.00,DIVORZIO,"1,082.00",0,0,996.00,0,0,477.00,484.00,27.00,92.05%
MARCHE,ANCONA,1.00,DIVORZIO,"2,181.00",0,0,"2,019.00",0,0,643.00,"1,303.00",47.00,92.57%
MARCHE,ANCONA,1.00,DIVORZIO,"2,010.00",0,0,"1,714.00",0,0,993.00,652.00,44.00,85.27%
MARCHE,ANCONA,1.00,DIVORZIO,"9,120.00",0,0,"8,707.00",0,0,"2,227.00","6,225.00",166.00,95.47%
MARCHE,ANCONA,1.00,DIVORZIO,"3,938.00",0,0,"3,671.00",0,0,"2,113.00","1,447.00",67.00,93.22%
MARCHE,ANCONA,1.00,DIVORZIO,"3,741.00",0,0,"3,563.00",0,0,"1,580.00","1,861.00",66.00,95.24%
MARCHE,ANCONA,1.00,DIVORZIO,"21,071.00",0,0,"19,222.00",0,0,"7,891.00","10,766.00",346.00,91.22%
MARCHE,ANCONA,1.00,DIVORZIO,"17,749.00",0,0,"16,565.00",0,0,"5,217.00","10,872.00",286.00,93.33%
MARCHE,ANCONA,1.00,DIVORZIO,"5,796.00",0,0,"5,506.00",0,0,"3,373.00","1,911.00",119.00,95.00%
MARCHE,ANCONA,1.00,DIVORZIO,"1,908.00",0,0,"1,627.00",0,0,844.00,725.00,35.00,85.27%
MARCHE,ANCONA,1.00,DIVORZIO,"29,356.00",0,0,"28,050.00",0,0,"8,367.00","18,977.00",455.00,95.55%
MARCHE,ANCONA,1.00,DIVORZIO,"7,187.00",0,0,"6,767.00",0,0,"3,330.00","3,097.00",206.00,94.16%
MARCHE,ANCONA,1.00,DIVORZIO,"2,779.00",0,0,"2,635.00",0,0,"1,000.00","1,561.00",42.00,94.82%
MARCHE,ANCONA,1.00,DIVORZIO,642.00,0,0,601.00,0,0,240.00,333.00,20.00,93.61%
MARCHE,ANCONA,1.00,DIVORZIO,"1,136.00",0,0,"1,092.00",0,0,415.00,634.00,27.00,96.13%
MARCHE,ANCONA,1.00,DIVORZIO,"1,837.00",0,0,"1,759.00",0,0,599.00,"1,118.00",31.00,95.75%
MARCHE,ANCONA,1.00,DIVORZIO,"4,143.00",0,0,"3,879.00",0,0,"1,561.00","2,175.00",91.00,93.63%
MARCHE,ANCONA,1.00,DIVORZIO,906.00,0,0,796.00,0,0,237.00,538.00,12.00,87.86%
MARCHE,ANCONA,1.00,DIVORZIO,"1,175.00",0,0,"1,111.00",0,0,387.00,689.00,14.00,94.55%
MARCHE,ANCONA,1.00,DIVORZIO,"2,844.00",0,0,"2,655.00",0,0,726.00,"1,802.00",76.00,93.35%
MARCHE,ANCONA,1.00,DIVORZIO,"1,345.00",0,0,"1,276.00",0,0,457.00,782.00,24.00,94.87%
MARCHE,ANCONA,1.00,DIVORZIO,"1,820.00",0,0,"1,661.00",0,0,739.00,854.00,37.00,91.26%
MARCHE,ANCONA,1.00,DIVORZIO,995.00,0,0,937.00,0,0,560.00,324.00,34.00,94.17%
MARCHE,ANCONA,1.00,DIVORZIO,"16,805.00",0,0,"15,914.00",0,0,"8,105.00","7,188.00",361.00,94.70%
MARCHE,ANCONA,1.00,DIVORZIO,"4,273.00",0,0,"3,939.00",0,0,"2,288.00","1,471.00",106.00,92.18%
MARCHE,ANCONA,1.00,DIVORZIO,"2,503.00",0,0,"2,325.00",0,0,"1,256.00",967.00,71.00,92.89%
MARCHE,ANCONA,1.00,DIVORZIO,713.00,0,0,639.00,0,0,273.00,341.00,19.00,89.62%
MARCHE,ANCONA,1.00,DIVORZIO,"1,379.00",0,0,"1,304.00",0,0,598.00,641.00,32.00,94.56%
MARCHE,ANCONA,1.00,DIVORZIO,"1,931.00",0,0,"1,675.00",0,0,799.00,806.00,48.00,86.74%
MARCHE,ANCONA,1.00,DIVORZIO,"1,080.00",0,0,"1,014.00",0,0,433.00,545.00,24.00,93.89%
MARCHE,ANCONA,1.00,DIVORZIO,"1,221.00",0,0,"1,166.00",0,0,552.00,561.00,34.00,95.50%
MARCHE,ANCONA,1.00,DIVORZIO,701.00,0,0,656.00,0,0,288.00,324.00,22.00,93.58%
MARCHE,ANCONA,1.00,DIVORZIO,"2,496.00",0,0,"2,368.00",0,0,911.00,"1,367.00",49.00,94.87%
MARCHE,ANCONA,1.00,DIVORZIO,"5,607.00",0,0,"5,092.00",0,0,"2,234.00","2,735.00",76.00,90.82%
MARCHE,ANCONA,1.00,DIVORZIO,"28,194.00",0,0,"25,998.00",0,0,"7,846.00","17,420.00",430.00,92.21%
MARCHE,ANCONA,1.00,DIVORZIO,"2,081.00",0,0,"1,955.00",0,0,658.00,"1,228.00",50.00,93.95%
MARCHE,ANCONA,1.00,DIVORZIO,"2,541.00",0,0,"2,338.00",0,0,886.00,"1,326.00",78.00,92.01%
MARCHE,ANCONA,1.00,DIVORZIO,"2,220.00",0,0,"2,095.00",0,0,696.00,"1,298.00",65.00,94.37%
MARCHE,ANCONA,1.00,DIVORZIO,"1,683.00",0,0,"1,586.00",0,0,695.00,821.00,38.00,94.24%
VALLE D'AOSTA,AOSTA,1.00,DIVORZIO,248.00,0,0,197.00,0,0,86.00,99.00,11.00,79.44%
VALLE D'AOSTA,AOSTA,1.00,DIVORZIO,436.00,0,0,350.00,0,0,112.00,220.00,14.00,80.28%
VALLE D'AOSTA,AOSTA,1.00,DIVORZIO,"27,213.00",0,0,"24,892.00",0,0,"5,143.00","19,150.00",437.00,91.47%
VALLE D'AOSTA,AOSTA,1.00,DIVORZIO,919.00,0,0,663.00,0,0,148.00,478.00,32.00,72.14%
VALLE D'AOSTA,AOSTA,1.00,DIVORZIO,561.00,0,0,479.00,0,0,132.00,324.00,17.00,85.38%
VALLE D'AOSTA,AOSTA,1.00,DIVORZIO,252.00,0,0,208.00,0,0,80.00,117.00,7.00,82.54%
VALLE D'AOSTA,AOSTA,1.00,DIVORZIO,848.00,0,0,721.00,0,0,280.00,395.00,39.00,85.02%
VALLE D'AOSTA,AOSTA,1.00,DIVORZIO,928.00,0,0,757.00,0,0,199.00,533.00,20.00,81.57%
VALLE D'AOSTA,AOSTA,1.00,DIVORZIO,121.00,0,0,118.00,0,0,44.00,71.00,1.00,97.52%
VALLE D'AOSTA,AOSTA,1.00,DIVORZIO,183.00,0,0,144.00,0,0,71.00,60.00,12.00,78.69%
VALLE D'AOSTA,AOSTA,1.00,DIVORZIO,388.00,0,0,289.00,0,0,65.00,208.00,14.00,74.48%
VALLE D'AOSTA,AOSTA,1.00,DIVORZIO,761.00,0,0,577.00,0,0,168.00,391.00,17.00,75.82%
VALLE D'AOSTA,AOSTA,1.00,DIVORZIO,547.00,0,0,449.00,0,0,153.00,264.00,27.00,82.08%
VALLE D'AOSTA,AOSTA,1.00,DIVORZIO,452.00,0,0,364.00,0,0,120.00,234.00,9.00,80.53%
VALLE D'AOSTA,AOSTA,1.00,DIVORZIO,689.00,0,0,576.00,0,0,139.00,389.00,43.00,83.60%
VALLE D'AOSTA,AOSTA,1.00,DIVORZIO,104.00,0,0,87.00,0,0,34.00,44.00,7.00,83.65%
VALLE D'AOSTA,AOSTA,1.00,DIVORZIO,511.00,0,0,428.00,0,0,65.00,348.00,14.00,83.76%
VALLE D'AOSTA,AOSTA,1.00,DIVORZIO,406.00,0,0,307.00,0,0,102.00,180.00,21.00,75.62%
VALLE D'AOSTA,AOSTA,1.00,DIVORZIO,"1,090.00",0,0,956.00,0,0,209.00,696.00,41.00,87.71%
VALLE D'AOSTA,AOSTA,1.00,DIVORZIO,"3,081.00",0,0,"2,710.00",0,0,558.00,"2,056.00",84.00,87.96%
VALLE D'AOSTA,AOSTA,1.00,DIVORZIO,"1,241.00",0,0,"1,049.00",0,0,335.00,651.00,53.00,84.53%
VALLE D'AOSTA,AOSTA,1.00,DIVORZIO,"1,707.00",0,0,"1,459.00",0,0,410.00,994.00,46.00,85.47%
VALLE D'AOSTA,AOSTA,1.00,DIVORZIO,"1,677.00",0,0,"1,443.00",0,0,239.00,"1,157.00",43.00,86.05%
VALLE D'AOSTA,AOSTA,1.00,DIVORZIO,357.00,0,0,265.00,0,0,144.00,110.00,10.00,74.23%
VALLE D'AOSTA,AOSTA,1.00,DIVORZIO,158.00,0,0,137.00,0,0,68.00,61.00,7.00,86.71%
VALLE D'AOSTA,AOSTA,1.00,DIVORZIO,372.00,0,0,301.00,0,0,122.00,173.00,5.00,80.91%
VALLE D'AOSTA,AOSTA,1.00,DIVORZIO,"1,055.00",0,0,890.00,0,0,210.00,621.00,49.00,84.36%
VALLE D'AOSTA,AOSTA,1.00,DIVORZIO,438.00,0,0,277.00,0,0,95.00,164.00,8.00,63.24%
VALLE D'AOSTA,AOSTA,1.00,DIVORZIO,487.00,0,0,418.00,0,0,96.00,307.00,13.00,85.83%
VALLE D'AOSTA,AOSTA,1.00,DIVORZIO,666.00,0,0,526.00,0,0,121.00,373.00,23.00,78.98%
VALLE D'AOSTA,AOSTA,1.00,DIVORZIO,"1,169.00",0,0,"1,057.00",0,0,240.00,789.00,22.00,90.42%
VALLE D'AOSTA,AOSTA,1.00,DIVORZIO,188.00,0,0,174.00,0,0,28.00,142.00,4.00,92.55%
VALLE D'AOSTA,AOSTA,1.00,DIVORZIO,553.00,0,0,443.00,0,0,110.00,311.00,21.00,80.11%
VALLE D'AOSTA,AOSTA,1.00,DIVORZIO,787.00,0,0,692.00,0,0,200.00,457.00,27.00,87.93%
VALLE D'AOSTA,AOSTA,1.00,DIVORZIO,350.00,0,0,307.00,0,0,110.00,181.00,13.00,87.71%
VALLE D'AOSTA,AOSTA,1.00,DIVORZIO,306.00,0,0,268.00,0,0,122.00,125.00,19.00,87.58%
VALLE D'AOSTA,AOSTA,1.00,DIVORZIO,997.00,0,0,893.00,0,0,167.00,674.00,45.00,89.57%
VALLE D'AOSTA,AOSTA,1.00,DIVORZIO,311.00,0,0,247.00,0,0,93.00,137.00,13.00,79.42%
VALLE D'AOSTA,AOSTA,1.00,DIVORZIO,83.00,0,0,66.00,0,0,9.00,57.00,0.00,79.52%
VALLE D'AOSTA,AOSTA,1.00,DIVORZIO,"1,078.00",0,0,867.00,0,0,200.00,625.00,37.00,80.43%
VALLE D'AOSTA,AOSTA,1.00,DIVORZIO,507.00,0,0,436.00,0,0,111.00,303.00,13.00,86.00%
VALLE D'AOSTA,AOSTA,1.00,DIVORZIO,389.00,0,0,294.00,0,0,89.00,197.00,6.00,75.58%
VALLE D'AOSTA,AOSTA,1.00,DIVORZIO,942.00,0,0,761.00,0,0,166.00,565.00,26.00,80.79%
VALLE D'AOSTA,AOSTA,1.00,DIVORZIO,"1,043.00",0,0,900.00,0,0,205.00,654.00,36.00,86.29%
VALLE D'AOSTA,AOSTA,1.00,DIVORZIO,"1,421.00",0,0,"1,191.00",0,0,365.00,763.00,53.00,83.81%
VALLE D'AOSTA,AOSTA,1.00,DIVORZIO,128.00,0,0,101.00,0,0,36.00,45.00,18.00,78.91%
VALLE D'AOSTA,AOSTA,1.00,DIVORZIO,123.00,0,0,110.00,0,0,52.00,49.00,8.00,89.43%
VALLE D'AOSTA,AOSTA,1.00,DIVORZIO,336.00,0,0,236.00,0,0,42.00,181.00,4.00,70.24%
VALLE D'AOSTA,AOSTA,1.00,DIVORZIO,455.00,0,0,413.00,0,0,87.00,309.00,15.00,90.77%
VALLE D'AOSTA,AOSTA,1.00,DIVORZIO,249.00,0,0,199.00,0,0,81.00,112.00,4.00,79.92%
VALLE D'AOSTA,AOSTA,1.00,DIVORZIO,367.00,0,0,327.00,0,0,88.00,215.00,19.00,89.10%
VALLE D'AOSTA,AOSTA,1.00,DIVORZIO,"2,585.00",0,0,"2,276.00",0,0,289.00,"1,914.00",50.00,88.05%
VALLE D'AOSTA,AOSTA,1.00,DIVORZIO,572.00,0,0,491.00,0,0,167.00,312.00,12.00,85.84%
VALLE D'AOSTA,AOSTA,1.00,DIVORZIO,"1,524.00",0,0,"1,265.00",0,0,344.00,867.00,47.00,83.01%
VALLE D'AOSTA,AOSTA,1.00,DIVORZIO,80.00,0,0,68.00,0,0,25.00,41.00,1.00,85.00%
VALLE D'AOSTA,AOSTA,1.00,DIVORZIO,188.00,0,0,131.00,0,0,32.00,88.00,7.00,69.68%
VALLE D'AOSTA,AOSTA,1.00,DIVORZIO,314.00,0,0,274.00,0,0,107.00,153.00,10.00,87.26%
VALLE D'AOSTA,AOSTA,1.00,DIVORZIO,"1,258.00",0,0,"1,070.00",0,0,233.00,795.00,36.00,85.06%
VALLE D'AOSTA,AOSTA,1.00,DIVORZIO,295.00,0,0,227.00,0,0,52.00,157.00,14.00,76.95%
VALLE D'AOSTA,AOSTA,1.00,DIVORZIO,731.00,0,0,618.00,0,0,121.00,484.00,10.00,84.54%
VALLE D'AOSTA,AOSTA,1.00,DIVORZIO,217.00,0,0,162.00,0,0,69.00,85.00,7.00,74.65%
VALLE D'AOSTA,AOSTA,1.00,DIVORZIO,132.00,0,0,116.00,0,0,73.00,39.00,4.00,87.88%
VALLE D'AOSTA,AOSTA,1.00,DIVORZIO,"1,155.00",0,0,941.00,0,0,153.00,767.00,16.00,81.47%
VALLE D'AOSTA,AOSTA,1.00,DIVORZIO,435.00,0,0,338.00,0,0,129.00,197.00,10.00,77.70%
VALLE D'AOSTA,AOSTA,1.00,DIVORZIO,"3,453.00",0,0,"3,006.00",0,0,692.00,"2,209.00",81.00,87.05%
VALLE D'AOSTA,AOSTA,1.00,DIVORZIO,"1,754.00",0,0,"1,564.00",0,0,300.00,"1,214.00",31.00,89.17%
VALLE D'AOSTA,AOSTA,1.00,DIVORZIO,374.00,0,0,314.00,0,0,152.00,142.00,14.00,83.96%
VALLE D'AOSTA,AOSTA,1.00,DIVORZIO,218.00,0,0,184.00,0,0,130.00,47.00,7.00,84.40%
VALLE D'AOSTA,AOSTA,1.00,DIVORZIO,433.00,0,0,357.00,0,0,122.00,211.00,14.00,82.45%
VALLE D'AOSTA,AOSTA,1.00,DIVORZIO,191.00,0,0,130.00,0,0,44.00,77.00,6.00,68.06%
VALLE D'AOSTA,AOSTA,1.00,DIVORZIO,"1,284.00",0,0,"1,134.00",0,0,446.00,656.00,29.00,88.32%
VALLE D'AOSTA,AOSTA,1.00,DIVORZIO,867.00,0,0,757.00,0,0,263.00,437.00,43.00,87.31%
VALLE D'AOSTA,AOSTA,1.00,DIVORZIO,"1,896.00",0,0,"1,699.00",0,0,333.00,"1,316.00",37.00,89.61%
VALLE D'AOSTA,AOSTA,1.00,DIVORZIO,691.00,0,0,590.00,0,0,128.00,445.00,14.00,85.38%
TOSCANA,AREZZO,1.00,DIVORZIO,"4,498.00",0,0,"4,244.00",0,0,"1,218.00","2,928.00",62.00,94.35%
TOSCANA,AREZZO,1.00,DIVORZIO,"63,475.00",0,0,"60,343.00",0,0,"20,592.00","38,579.00",738.00,95.07%
TOSCANA,AREZZO,1.00,DIVORZIO,"1,341.00",0,0,"1,200.00",0,0,490.00,680.00,22.00,89.49%
TOSCANA,AREZZO,1.00,DIVORZIO,"7,593.00",0,0,"7,301.00",0,0,"1,924.00","5,165.00",78.00,96.15%
TOSCANA,AREZZO,1.00,DIVORZIO,"5,872.00",0,0,"5,664.00",0,0,"1,547.00","3,968.00",90.00,96.46%
TOSCANA,AREZZO,1.00,DIVORZIO,"2,397.00",0,0,"2,272.00",0,0,761.00,"1,468.00",26.00,94.79%
TOSCANA,AREZZO,1.00,DIVORZIO,"1,495.00",0,0,"1,366.00",0,0,531.00,794.00,29.00,91.37%
TOSCANA,AREZZO,1.00,DIVORZIO,"2,414.00",0,0,"2,239.00",0,0,793.00,"1,405.00",30.00,92.75%
TOSCANA,AREZZO,1.00,DIVORZIO,"1,664.00",0,0,"1,573.00",0,0,741.00,785.00,38.00,94.53%
TOSCANA,AREZZO,1.00,DIVORZIO,"2,373.00",0,0,"2,193.00",0,0,944.00,"1,202.00",33.00,92.41%
TOSCANA,AREZZO,1.00,DIVORZIO,899.00,0,0,853.00,0,0,358.00,473.00,13.00,94.88%
TOSCANA,AREZZO,1.00,DIVORZIO,"7,955.00",0,0,"7,550.00",0,0,"3,892.00","3,466.00",127.00,94.91%
TOSCANA,AREZZO,1.00,DIVORZIO,"4,550.00",0,0,"4,359.00",0,0,"1,146.00","3,148.00",42.00,95.80%
TOSCANA,AREZZO,1.00,DIVORZIO,675.00,0,0,621.00,0,0,289.00,321.00,7.00,92.00%
TOSCANA,AREZZO,1.00,DIVORZIO,"1,717.00",0,0,"1,564.00",0,0,645.00,879.00,32.00,91.09%
TOSCANA,AREZZO,1.00,DIVORZIO,"4,889.00",0,0,"4,667.00",0,0,"1,715.00","2,809.00",80.00,95.46%
TOSCANA,AREZZO,1.00,DIVORZIO,"16,772.00",0,0,"15,724.00",0,0,"5,378.00","9,988.00",231.00,93.75%
TOSCANA,AREZZO,1.00,DIVORZIO,"5,356.00",0,0,"5,095.00",0,0,"1,582.00","3,385.00",86.00,95.13%
TOSCANA,AREZZO,1.00,DIVORZIO,"2,221.00",0,0,"2,078.00",0,0,793.00,"1,240.00",31.00,93.56%
TOSCANA,AREZZO,1.00,DIVORZIO,"2,812.00",0,0,"2,637.00",0,0,"1,118.00","1,453.00",44.00,93.78%
TOSCANA,AREZZO,1.00,DIVORZIO,"2,497.00",0,0,"2,356.00",0,0,784.00,"1,475.00",69.00,94.35%
TOSCANA,AREZZO,1.00,DIVORZIO,"1,470.00",0,0,"1,386.00",0,0,575.00,770.00,28.00,94.29%
TOSCANA,AREZZO,1.00,DIVORZIO,407.00,0,0,383.00,0,0,172.00,202.00,7.00,94.10%
TOSCANA,AREZZO,1.00,DIVORZIO,"1,475.00",0,0,"1,360.00",0,0,546.00,776.00,32.00,92.20%
TOSCANA,AREZZO,1.00,DIVORZIO,"5,430.00",0,0,"5,178.00",0,0,"1,909.00","3,123.00",97.00,95.36%
TOSCANA,AREZZO,1.00,DIVORZIO,"16,712.00",0,0,"15,981.00",0,0,"5,124.00","10,434.00",300.00,95.63%
TOSCANA,AREZZO,1.00,DIVORZIO,690.00,0,0,610.00,0,0,223.00,371.00,13.00,88.41%
TOSCANA,AREZZO,1.00,DIVORZIO,"1,989.00",0,0,"1,900.00",0,0,567.00,"1,285.00",34.00,95.53%
TOSCANA,AREZZO,1.00,DIVORZIO,"2,836.00",0,0,"2,699.00",0,0,"1,116.00","1,497.00",67.00,95.17%
TOSCANA,AREZZO,1.00,DIVORZIO,"3,023.00",0,0,"2,793.00",0,0,"1,099.00","1,629.00",49.00,92.39%
TOSCANA,AREZZO,1.00,DIVORZIO,"4,237.00",0,0,"4,025.00",0,0,"1,607.00","2,304.00",83.00,95.00%
TOSCANA,AREZZO,1.00,DIVORZIO,"2,323.00",0,0,"2,200.00",0,0,"1,044.00","1,118.00",29.00,94.71%
TOSCANA,AREZZO,1.00,DIVORZIO,"14,744.00",0,0,"14,270.00",0,0,"3,992.00","10,001.00",196.00,96.79%
TOSCANA,AREZZO,1.00,DIVORZIO,"11,982.00",0,0,"11,317.00",0,0,"2,982.00","8,125.00",143.00,94.45%
TOSCANA,AREZZO,1.00,DIVORZIO,"1,467.00",0,0,"1,262.00",0,0,662.00,569.00,9.00,86.03%
TOSCANA,AREZZO,1.00,DIVORZIO,"2,433.00",0,0,"2,333.00",0,0,731.00,"1,548.00",39.00,95.89%
TOSCANA,AREZZO,1.00,DIVORZIO,"2,783.00",0,0,"2,707.00",0,0,949.00,"1,710.00",34.00,97.27%
TOSCANA,AREZZO,1.00,DIVORZIO,"1,046.00",0,0,931.00,0,0,468.00,432.00,23.00,89.01%
TOSCANA,AREZZO,1.00,DIVORZIO,"6,828.00",0,0,"6,478.00",0,0,"2,514.00","3,789.00",118.00,94.87%
MARCHE,ASCOLI PICENO,1.00,DIVORZIO,"3,840.00",0,0,"2,704.00",0,0,"1,314.00","1,303.00",51.00,70.42%
MARCHE,ASCOLI PICENO,1.00,DIVORZIO,"1,837.00",0,0,"1,629.00",0,0,800.00,795.00,20.00,88.68%
MARCHE,ASCOLI PICENO,1.00,DIVORZIO,"1,006.00",0,0,939.00,0,0,422.00,476.00,17.00,93.34%
MARCHE,ASCOLI PICENO,1.00,DIVORZIO,"3,184.00",0,0,"2,934.00",0,0,"1,338.00","1,496.00",53.00,92.15%
MARCHE,ASCOLI PICENO,1.00,DIVORZIO,"1,439.00",0,0,"1,302.00",0,0,702.00,576.00,13.00,90.48%
MARCHE,ASCOLI PICENO,1.00,DIVORZIO,"1,772.00",0,0,"1,493.00",0,0,867.00,583.00,20.00,84.26%
MARCHE,ASCOLI PICENO,1.00,DIVORZIO,"39,124.00",0,0,"35,187.00",0,0,"15,830.00","18,519.00",428.00,89.94%
MARCHE,ASCOLI PICENO,1.00,DIVORZIO,622.00,0,0,585.00,0,0,241.00,306.00,27.00,94.05%
MARCHE,ASCOLI PICENO,1.00,DIVORZIO,"1,127.00",0,0,"1,041.00",0,0,446.00,545.00,28.00,92.37%
MARCHE,ASCOLI PICENO,1.00,DIVORZIO,"1,213.00",0,0,"1,132.00",0,0,613.00,483.00,13.00,93.32%
MARCHE,ASCOLI PICENO,1.00,DIVORZIO,"2,879.00",0,0,"2,669.00",0,0,"1,075.00","1,468.00",63.00,92.71%
MARCHE,ASCOLI PICENO,1.00,DIVORZIO,"2,010.00",0,0,"1,843.00",0,0,"1,186.00",593.00,41.00,91.69%
MARCHE,ASCOLI PICENO,1.00,DIVORZIO,"1,077.00",0,0,981.00,0,0,285.00,667.00,17.00,91.09%
MARCHE,ASCOLI PICENO,1.00,DIVORZIO,"1,590.00",0,0,"1,474.00",0,0,504.00,918.00,28.00,92.70%
MARCHE,ASCOLI PICENO,1.00,DIVORZIO,"2,029.00",0,0,"1,901.00",0,0,"1,049.00",777.00,48.00,93.69%
MARCHE,ASCOLI PICENO,1.00,DIVORZIO,870.00,0,0,815.00,0,0,421.00,364.00,13.00,93.68%
MARCHE,ASCOLI PICENO,1.00,DIVORZIO,"2,825.00",0,0,"2,570.00",0,0,"1,192.00","1,265.00",58.00,90.97%
MARCHE,ASCOLI PICENO,1.00,DIVORZIO,"2,701.00",0,0,"2,523.00",0,0,951.00,"1,500.00",51.00,93.41%
MARCHE,ASCOLI PICENO,1.00,DIVORZIO,"24,007.00",0,0,"22,598.00",0,0,"8,680.00","13,131.00",415.00,94.13%
MARCHE,ASCOLI PICENO,1.00,DIVORZIO,"2,052.00",0,0,"1,697.00",0,0,"1,034.00",608.00,24.00,82.70%
MARCHE,ASCOLI PICENO,1.00,DIVORZIO,"1,357.00",0,0,"1,188.00",0,0,692.00,456.00,20.00,87.55%
MARCHE,ASCOLI PICENO,1.00,DIVORZIO,697.00,0,0,649.00,0,0,460.00,159.00,20.00,93.11%
MARCHE,ASCOLI PICENO,1.00,DIVORZIO,"6,670.00",0,0,"5,971.00",0,0,"2,270.00","3,539.00",88.00,89.52%
MARCHE,ASCOLI PICENO,1.00,DIVORZIO,"2,006.00",0,0,"1,868.00",0,0,797.00,976.00,61.00,93.12%
MARCHE,ASCOLI PICENO,1.00,DIVORZIO,886.00,0,0,830.00,0,0,517.00,258.00,29.00,93.68%
MARCHE,ASCOLI PICENO,1.00,DIVORZIO,852.00,0,0,792.00,0,0,305.00,452.00,23.00,92.96%
MARCHE,ASCOLI PICENO,1.00,DIVORZIO,959.00,0,0,864.00,0,0,481.00,357.00,13.00,90.09%
MARCHE,ASCOLI PICENO,1.00,DIVORZIO,875.00,0,0,840.00,0,0,314.00,488.00,30.00,96.00%
MARCHE,ASCOLI PICENO,1.00,DIVORZIO,"1,218.00",0,0,"1,139.00",0,0,650.00,439.00,20.00,93.51%
MARCHE,ASCOLI PICENO,1.00,DIVORZIO,608.00,0,0,567.00,0,0,241.00,301.00,20.00,93.26%
MARCHE,ASCOLI PICENO,1.00,DIVORZIO,"2,050.00",0,0,"1,877.00",0,0,755.00,"1,087.00",25.00,91.56%
MARCHE,ASCOLI PICENO,1.00,DIVORZIO,"2,039.00",0,0,"1,882.00",0,0,992.00,826.00,41.00,92.30%
MARCHE,ASCOLI PICENO,1.00,DIVORZIO,"1,323.00",0,0,"1,236.00",0,0,597.00,594.00,38.00,93.42%
MARCHE,ASCOLI PICENO,1.00,DIVORZIO,549.00,0,0,493.00,0,0,262.00,215.00,15.00,89.80%
MARCHE,ASCOLI PICENO,1.00,DIVORZIO,605.00,0,0,557.00,0,0,418.00,129.00,7.00,92.07%
MARCHE,ASCOLI PICENO,1.00,DIVORZIO,"1,761.00",0,0,"1,640.00",0,0,832.00,743.00,41.00,93.13%
MARCHE,ASCOLI PICENO,1.00,DIVORZIO,"1,130.00",0,0,"1,021.00",0,0,649.00,325.00,30.00,90.35%
MARCHE,ASCOLI PICENO,1.00,DIVORZIO,"1,045.00",0,0,767.00,0,0,498.00,246.00,13.00,73.40%
MARCHE,ASCOLI PICENO,1.00,DIVORZIO,725.00,0,0,661.00,0,0,410.00,225.00,14.00,91.17%
MARCHE,ASCOLI PICENO,1.00,DIVORZIO,"4,493.00",0,0,"4,204.00",0,0,"1,972.00","2,005.00",133.00,93.57%
MARCHE,ASCOLI PICENO,1.00,DIVORZIO,"7,505.00",0,0,"7,085.00",0,0,"3,005.00","3,720.00",190.00,94.40%
MARCHE,ASCOLI PICENO,1.00,DIVORZIO,469.00,0,0,440.00,0,0,225.00,194.00,18.00,93.82%
MARCHE,ASCOLI PICENO,1.00,DIVORZIO,876.00,0,0,796.00,0,0,417.00,341.00,25.00,90.87%
MARCHE,ASCOLI PICENO,1.00,DIVORZIO,723.00,0,0,646.00,0,0,487.00,130.00,21.00,89.35%
MARCHE,ASCOLI PICENO,1.00,DIVORZIO,"3,477.00",0,0,"3,232.00",0,0,"1,036.00","2,133.00",26.00,92.95%
MARCHE,ASCOLI PICENO,1.00,DIVORZIO,434.00,0,0,400.00,0,0,243.00,141.00,8.00,92.17%
MARCHE,ASCOLI PICENO,1.00,DIVORZIO,"1,910.00",0,0,"1,764.00",0,0,"1,068.00",605.00,43.00,92.36%
MARCHE,ASCOLI PICENO,1.00,DIVORZIO,"1,749.00",0,0,"1,623.00",0,0,873.00,661.00,60.00,92.80%
MARCHE,ASCOLI PICENO,1.00,DIVORZIO,"4,294.00",0,0,"4,030.00",0,0,"1,119.00","2,726.00",101.00,93.85%
MARCHE,ASCOLI PICENO,1.00,DIVORZIO,512.00,0,0,476.00,0,0,264.00,189.00,11.00,92.97%
MARCHE,ASCOLI PICENO,1.00,DIVORZIO,639.00,0,0,592.00,0,0,284.00,292.00,12.00,92.64%
MARCHE,ASCOLI PICENO,1.00,DIVORZIO,960.00,0,0,892.00,0,0,478.00,362.00,32.00,92.92%
MARCHE,ASCOLI PICENO,1.00,DIVORZIO,507.00,0,0,469.00,0,0,284.00,145.00,24.00,92.50%
MARCHE,ASCOLI PICENO,1.00,DIVORZIO,"4,161.00",0,0,"3,888.00",0,0,"1,582.00","2,175.00",83.00,93.44%
MARCHE,ASCOLI PICENO,1.00,DIVORZIO,615.00,0,0,575.00,0,0,367.00,183.00,13.00,93.50%
MARCHE,ASCOLI PICENO,1.00,DIVORZIO,242.00,0,0,219.00,0,0,136.00,70.00,5.00,90.50%
MARCHE,ASCOLI PICENO,1.00,DIVORZIO,"1,225.00",0,0,"1,126.00",0,0,473.00,611.00,26.00,91.92%
MARCHE,ASCOLI PICENO,1.00,DIVORZIO,"2,115.00",0,0,"2,003.00",0,0,"1,017.00",877.00,64.00,94.70%
MARCHE,ASCOLI PICENO,1.00,DIVORZIO,775.00,0,0,722.00,0,0,326.00,369.00,12.00,93.16%
MARCHE,ASCOLI PICENO,1.00,DIVORZIO,"10,154.00",0,0,"9,449.00",0,0,"3,567.00","5,549.00",193.00,93.06%
MARCHE,ASCOLI PICENO,1.00,DIVORZIO,"12,255.00",0,0,"11,249.00",0,0,"3,542.00","7,219.00",296.00,91.79%
MARCHE,ASCOLI PICENO,1.00,DIVORZIO,"1,099.00",0,0,"1,019.00",0,0,539.00,424.00,31.00,92.72%
MARCHE,ASCOLI PICENO,1.00,DIVORZIO,"3,502.00",0,0,"3,211.00",0,0,"1,418.00","1,674.00",46.00,91.69%
MARCHE,ASCOLI PICENO,1.00,DIVORZIO,"1,788.00",0,0,"1,477.00",0,0,864.00,563.00,23.00,82.61%
MARCHE,ASCOLI PICENO,1.00,DIVORZIO,882.00,0,0,809.00,0,0,377.00,394.00,18.00,91.72%
MARCHE,ASCOLI PICENO,1.00,DIVORZIO,"29,784.00",0,0,"26,651.00",0,0,"10,335.00","15,716.00",354.00,89.48%
MARCHE,ASCOLI PICENO,1.00,DIVORZIO,"1,163.00",0,0,"1,080.00",0,0,660.00,394.00,14.00,92.86%
MARCHE,ASCOLI PICENO,1.00,DIVORZIO,"9,785.00",0,0,"9,205.00",0,0,"3,681.00","5,120.00",232.00,94.07%
MARCHE,ASCOLI PICENO,1.00,DIVORZIO,"1,845.00",0,0,"1,664.00",0,0,636.00,957.00,40.00,90.19%
MARCHE,ASCOLI PICENO,1.00,DIVORZIO,424.00,0,0,390.00,0,0,309.00,79.00,2.00,91.98%
MARCHE,ASCOLI PICENO,1.00,DIVORZIO,"3,150.00",0,0,"2,772.00",0,0,"1,259.00","1,458.00",33.00,88.00%
MARCHE,ASCOLI PICENO,1.00,DIVORZIO,"1,395.00",0,0,"1,347.00",0,0,846.00,427.00,41.00,96.56%
MARCHE,ASCOLI PICENO,1.00,DIVORZIO,"1,581.00",0,0,"1,330.00",0,0,898.00,389.00,17.00,84.12%
PIEMONTE,ASTI,1.00,DIVORZIO,"1,467.00",0,0,"1,309.00",0,0,483.00,761.00,45.00,89.23%
PIEMONTE,ASTI,1.00,DIVORZIO,372.00,0,0,312.00,0,0,117.00,185.00,6.00,83.87%
PIEMONTE,ASTI,1.00,DIVORZIO,850.00,0,0,770.00,0,0,357.00,368.00,35.00,90.59%
PIEMONTE,ASTI,1.00,DIVORZIO,527.00,0,0,417.00,0,0,166.00,234.00,12.00,79.13%
PIEMONTE,ASTI,1.00,DIVORZIO,"55,780.00",0,0,"51,081.00",0,0,"13,904.00","35,876.00",820.00,91.58%
PIEMONTE,ASTI,1.00,DIVORZIO,289.00,0,0,270.00,0,0,109.00,155.00,2.00,93.43%
PIEMONTE,ASTI,1.00,DIVORZIO,760.00,0,0,689.00,0,0,224.00,435.00,23.00,90.66%
PIEMONTE,ASTI,1.00,DIVORZIO,365.00,0,0,326.00,0,0,85.00,234.00,3.00,89.32%
PIEMONTE,ASTI,1.00,DIVORZIO,268.00,0,0,234.00,0,0,89.00,140.00,3.00,87.31%
PIEMONTE,ASTI,1.00,DIVORZIO,442.00,0,0,396.00,0,0,127.00,253.00,11.00,89.59%
PIEMONTE,ASTI,1.00,DIVORZIO,768.00,0,0,695.00,0,0,223.00,445.00,18.00,90.49%
PIEMONTE,ASTI,1.00,DIVORZIO,"1,283.00",0,0,"1,160.00",0,0,633.00,494.00,20.00,90.41%
PIEMONTE,ASTI,1.00,DIVORZIO,"1,120.00",0,0,"1,003.00",0,0,334.00,641.00,18.00,89.55%
PIEMONTE,ASTI,1.00,DIVORZIO,"1,292.00",0,0,"1,156.00",0,0,440.00,669.00,33.00,89.47%
PIEMONTE,ASTI,1.00,DIVORZIO,"1,319.00",0,0,"1,204.00",0,0,527.00,621.00,40.00,91.28%
PIEMONTE,ASTI,1.00,DIVORZIO,493.00,0,0,434.00,0,0,157.00,248.00,18.00,88.03%
PIEMONTE,ASTI,1.00,DIVORZIO,"8,006.00",0,0,"7,239.00",0,0,"2,168.00","4,857.00",141.00,90.42%
PIEMONTE,ASTI,1.00,DIVORZIO,434.00,0,0,385.00,0,0,171.00,202.00,7.00,88.71%
PIEMONTE,ASTI,1.00,DIVORZIO,209.00,0,0,167.00,0,0,67.00,97.00,2.00,79.90%
PIEMONTE,ASTI,1.00,DIVORZIO,759.00,0,0,676.00,0,0,227.00,431.00,13.00,89.06%
PIEMONTE,ASTI,1.00,DIVORZIO,493.00,0,0,437.00,0,0,132.00,290.00,7.00,88.64%
PIEMONTE,ASTI,1.00,DIVORZIO,"2,653.00",0,0,"2,440.00",0,0,"1,131.00","1,223.00",63.00,91.97%
PIEMONTE,ASTI,1.00,DIVORZIO,"1,046.00",0,0,922.00,0,0,309.00,585.00,18.00,88.15%
PIEMONTE,ASTI,1.00,DIVORZIO,585.00,0,0,512.00,0,0,277.00,211.00,12.00,87.52%
PIEMONTE,ASTI,1.00,DIVORZIO,"1,685.00",0,0,"1,529.00",0,0,584.00,876.00,53.00,90.74%
PIEMONTE,ASTI,1.00,DIVORZIO,200.00,0,0,177.00,0,0,95.00,73.00,4.00,88.50%
PIEMONTE,ASTI,1.00,DIVORZIO,181.00,0,0,172.00,0,0,86.00,83.00,2.00,95.03%
PIEMONTE,ASTI,1.00,DIVORZIO,"1,175.00",0,0,"1,103.00",0,0,306.00,775.00,19.00,93.87%
PIEMONTE,ASTI,1.00,DIVORZIO,907.00,0,0,860.00,0,0,200.00,641.00,15.00,94.82%
PIEMONTE,ASTI,1.00,DIVORZIO,803.00,0,0,680.00,0,0,334.00,329.00,9.00,84.68%
PIEMONTE,ASTI,1.00,DIVORZIO,"1,990.00",0,0,"1,740.00",0,0,841.00,802.00,74.00,87.44%
PIEMONTE,ASTI,1.00,DIVORZIO,383.00,0,0,342.00,0,0,146.00,186.00,7.00,89.30%
PIEMONTE,ASTI,1.00,DIVORZIO,309.00,0,0,287.00,0,0,177.00,100.00,9.00,92.88%
PIEMONTE,ASTI,1.00,DIVORZIO,425.00,0,0,371.00,0,0,199.00,159.00,9.00,87.29%
PIEMONTE,ASTI,1.00,DIVORZIO,256.00,0,0,206.00,0,0,112.00,85.00,6.00,80.47%
PIEMONTE,ASTI,1.00,DIVORZIO,460.00,0,0,435.00,0,0,137.00,290.00,6.00,94.57%
PIEMONTE,ASTI,1.00,DIVORZIO,519.00,0,0,445.00,0,0,151.00,266.00,19.00,85.74%
PIEMONTE,ASTI,1.00,DIVORZIO,169.00,0,0,148.00,0,0,51.00,93.00,4.00,87.57%
PIEMONTE,ASTI,1.00,DIVORZIO,348.00,0,0,304.00,0,0,175.00,116.00,10.00,87.36%
PIEMONTE,ASTI,1.00,DIVORZIO,948.00,0,0,879.00,0,0,559.00,290.00,22.00,92.72%
PIEMONTE,ASTI,1.00,DIVORZIO,215.00,0,0,202.00,0,0,125.00,67.00,8.00,93.95%
PIEMONTE,ASTI,1.00,DIVORZIO,"1,244.00",0,0,"1,113.00",0,0,462.00,602.00,36.00,89.47%
PIEMONTE,ASTI,1.00,DIVORZIO,161.00,0,0,149.00,0,0,73.00,69.00,7.00,92.55%
PIEMONTE,ASTI,1.00,DIVORZIO,182.00,0,0,154.00,0,0,87.00,58.00,6.00,84.62%
PIEMONTE,ASTI,1.00,DIVORZIO,214.00,0,0,167.00,0,0,88.00,71.00,8.00,78.04%
PIEMONTE,ASTI,1.00,DIVORZIO,309.00,0,0,253.00,0,0,117.00,128.00,5.00,81.88%
PIEMONTE,ASTI,1.00,DIVORZIO,505.00,0,0,411.00,0,0,142.00,244.00,18.00,81.39%
PIEMONTE,ASTI,1.00,DIVORZIO,518.00,0,0,453.00,0,0,175.00,268.00,8.00,87.45%
PIEMONTE,ASTI,1.00,DIVORZIO,318.00,0,0,283.00,0,0,112.00,159.00,10.00,88.99%
PIEMONTE,ASTI,1.00,DIVORZIO,"4,199.00",0,0,"3,749.00",0,0,"1,861.00","1,764.00",71.00,89.28%
PIEMONTE,ASTI,1.00,DIVORZIO,437.00,0,0,388.00,0,0,153.00,210.00,14.00,88.79%
PIEMONTE,ASTI,1.00,DIVORZIO,589.00,0,0,514.00,0,0,205.00,283.00,21.00,87.27%
PIEMONTE,ASTI,1.00,DIVORZIO,968.00,0,0,834.00,0,0,497.00,309.00,19.00,86.16%
PIEMONTE,ASTI,1.00,DIVORZIO,579.00,0,0,530.00,0,0,226.00,288.00,10.00,91.54%
PIEMONTE,ASTI,1.00,DIVORZIO,557.00,0,0,464.00,0,0,217.00,232.00,11.00,83.30%
PIEMONTE,ASTI,1.00,DIVORZIO,706.00,0,0,649.00,0,0,319.00,316.00,12.00,91.93%
PIEMONTE,ASTI,1.00,DIVORZIO,709.00,0,0,631.00,0,0,271.00,334.00,24.00,89.00%
PIEMONTE,ASTI,1.00,DIVORZIO,"1,619.00",0,0,"1,372.00",0,0,449.00,861.00,45.00,84.74%
PIEMONTE,ASTI,1.00,DIVORZIO,"1,566.00",0,0,"1,424.00",0,0,668.00,686.00,52.00,90.93%
PIEMONTE,ASTI,1.00,DIVORZIO,376.00,0,0,317.00,0,0,132.00,174.00,5.00,84.31%
PIEMONTE,ASTI,1.00,DIVORZIO,420.00,0,0,368.00,0,0,137.00,221.00,7.00,87.62%
PIEMONTE,ASTI,1.00,DIVORZIO,236.00,0,0,186.00,0,0,75.00,97.00,12.00,78.81%
PIEMONTE,ASTI,1.00,DIVORZIO,384.00,0,0,349.00,0,0,190.00,156.00,3.00,90.89%
PIEMONTE,ASTI,1.00,DIVORZIO,299.00,0,0,274.00,0,0,92.00,175.00,5.00,91.64%
PIEMONTE,ASTI,1.00,DIVORZIO,"1,310.00",0,0,"1,152.00",0,0,442.00,668.00,32.00,87.94%
PIEMONTE,ASTI,1.00,DIVORZIO,"1,693.00",0,0,"1,513.00",0,0,538.00,935.00,28.00,89.37%
PIEMONTE,ASTI,1.00,DIVORZIO,615.00,0,0,493.00,0,0,151.00,320.00,16.00,80.16%
PIEMONTE,ASTI,1.00,DIVORZIO,894.00,0,0,802.00,0,0,296.00,465.00,21.00,89.71%
PIEMONTE,ASTI,1.00,DIVORZIO,"2,967.00",0,0,"2,612.00",0,0,951.00,"1,582.00",50.00,88.04%
PIEMONTE,ASTI,1.00,DIVORZIO,650.00,0,0,533.00,0,0,224.00,289.00,19.00,82.00%
PIEMONTE,ASTI,1.00,DIVORZIO,740.00,0,0,663.00,0,0,314.00,328.00,19.00,89.59%
PIEMONTE,ASTI,1.00,DIVORZIO,343.00,0,0,317.00,0,0,138.00,169.00,5.00,92.42%
PIEMONTE,ASTI,1.00,DIVORZIO,699.00,0,0,611.00,0,0,288.00,281.00,23.00,87.41%
PIEMONTE,ASTI,1.00,DIVORZIO,617.00,0,0,553.00,0,0,253.00,277.00,18.00,89.63%
PIEMONTE,ASTI,1.00,DIVORZIO,"1,056.00",0,0,985.00,0,0,432.00,522.00,26.00,93.28%
PIEMONTE,ASTI,1.00,DIVORZIO,"1,691.00",0,0,"1,488.00",0,0,625.00,824.00,27.00,88.00%
PIEMONTE,ASTI,1.00,DIVORZIO,"1,143.00",0,0,"1,025.00",0,0,437.00,555.00,25.00,89.68%
PIEMONTE,ASTI,1.00,DIVORZIO,"1,312.00",0,0,"1,149.00",0,0,449.00,655.00,36.00,87.58%
PIEMONTE,ASTI,1.00,DIVORZIO,175.00,0,0,152.00,0,0,84.00,60.00,4.00,86.86%
PIEMONTE,ASTI,1.00,DIVORZIO,"7,054.00",0,0,"6,420.00",0,0,"2,029.00","4,226.00",101.00,91.01%
PIEMONTE,ASTI,1.00,DIVORZIO,145.00,0,0,128.00,0,0,42.00,81.00,3.00,88.28%
PIEMONTE,ASTI,1.00,DIVORZIO,469.00,0,0,392.00,0,0,143.00,236.00,8.00,83.58%
PIEMONTE,ASTI,1.00,DIVORZIO,493.00,0,0,427.00,0,0,157.00,249.00,16.00,86.61%
PIEMONTE,ASTI,1.00,DIVORZIO,494.00,0,0,428.00,0,0,127.00,270.00,25.00,86.64%
PIEMONTE,ASTI,1.00,DIVORZIO,189.00,0,0,173.00,0,0,55.00,108.00,10.00,91.53%
PIEMONTE,ASTI,1.00,DIVORZIO,558.00,0,0,495.00,0,0,201.00,277.00,12.00,88.71%
PIEMONTE,ASTI,1.00,DIVORZIO,"1,323.00",0,0,"1,186.00",0,0,369.00,766.00,42.00,89.64%
PIEMONTE,ASTI,1.00,DIVORZIO,235.00,0,0,219.00,0,0,112.00,104.00,2.00,93.19%
PIEMONTE,ASTI,1.00,DIVORZIO,"1,144.00",0,0,"1,032.00",0,0,350.00,656.00,19.00,90.21%
PIEMONTE,ASTI,1.00,DIVORZIO,579.00,0,0,508.00,0,0,249.00,244.00,11.00,87.74%
PIEMONTE,ASTI,1.00,DIVORZIO,291.00,0,0,233.00,0,0,125.00,92.00,12.00,80.07%
PIEMONTE,ASTI,1.00,DIVORZIO,531.00,0,0,463.00,0,0,219.00,225.00,14.00,87.19%
PIEMONTE,ASTI,1.00,DIVORZIO,879.00,0,0,795.00,0,0,346.00,423.00,19.00,90.44%
PIEMONTE,ASTI,1.00,DIVORZIO,752.00,0,0,653.00,0,0,268.00,357.00,13.00,86.84%
PIEMONTE,ASTI,1.00,DIVORZIO,406.00,0,0,342.00,0,0,133.00,197.00,10.00,84.24%
PIEMONTE,ASTI,1.00,DIVORZIO,"1,302.00",0,0,"1,171.00",0,0,329.00,806.00,29.00,89.94%
PIEMONTE,ASTI,1.00,DIVORZIO,"5,030.00",0,0,"4,492.00",0,0,"2,404.00","1,933.00",107.00,89.30%
PIEMONTE,ASTI,1.00,DIVORZIO,189.00,0,0,166.00,0,0,66.00,90.00,4.00,87.83%
PIEMONTE,ASTI,1.00,DIVORZIO,616.00,0,0,527.00,0,0,198.00,313.00,11.00,85.55%
PIEMONTE,ASTI,1.00,DIVORZIO,794.00,0,0,706.00,0,0,304.00,375.00,16.00,88.92%
PIEMONTE,ASTI,1.00,DIVORZIO,590.00,0,0,518.00,0,0,202.00,284.00,25.00,87.80%
PIEMONTE,ASTI,1.00,DIVORZIO,278.00,0,0,250.00,0,0,140.00,95.00,6.00,89.93%
PIEMONTE,ASTI,1.00,DIVORZIO,578.00,0,0,519.00,0,0,124.00,382.00,12.00,89.79%
PIEMONTE,ASTI,1.00,DIVORZIO,167.00,0,0,152.00,0,0,49.00,97.00,3.00,91.02%
PIEMONTE,ASTI,1.00,DIVORZIO,351.00,0,0,312.00,0,0,148.00,151.00,5.00,88.89%
PIEMONTE,ASTI,1.00,DIVORZIO,406.00,0,0,371.00,0,0,123.00,238.00,9.00,91.38%
PIEMONTE,ASTI,1.00,DIVORZIO,124.00,0,0,116.00,0,0,71.00,40.00,4.00,93.55%
PIEMONTE,ASTI,1.00,DIVORZIO,"1,263.00",0,0,"1,073.00",0,0,478.00,546.00,39.00,84.96%
PIEMONTE,ASTI,1.00,DIVORZIO,791.00,0,0,702.00,0,0,291.00,387.00,19.00,88.75%
PIEMONTE,ASTI,1.00,DIVORZIO,140.00,0,0,116.00,0,0,53.00,56.00,3.00,82.86%
PIEMONTE,ASTI,1.00,DIVORZIO,298.00,0,0,268.00,0,0,121.00,143.00,4.00,89.93%
PIEMONTE,ASTI,1.00,DIVORZIO,"1,196.00",0,0,"1,072.00",0,0,539.00,486.00,28.00,89.63%
PIEMONTE,ASTI,1.00,DIVORZIO,736.00,0,0,654.00,0,0,271.00,349.00,22.00,88.86%
PIEMONTE,ASTI,1.00,DIVORZIO,260.00,0,0,215.00,0,0,79.00,123.00,12.00,82.69%
PIEMONTE,ASTI,1.00,DIVORZIO,"1,112.00",0,0,985.00,0,0,362.00,571.00,41.00,88.58%
PIEMONTE,ASTI,1.00,DIVORZIO,664.00,0,0,585.00,0,0,199.00,368.00,13.00,88.10%
PIEMONTE,ASTI,1.00,DIVORZIO,"1,810.00",0,0,"1,573.00",0,0,581.00,926.00,51.00,86.91%
PIEMONTE,ASTI,1.00,DIVORZIO,"2,653.00",0,0,"2,423.00",0,0,"1,025.00","1,317.00",54.00,91.33%
PIEMONTE,ASTI,1.00,DIVORZIO,407.00,0,0,369.00,0,0,174.00,182.00,10.00,90.66%
PIEMONTE,ASTI,1.00,DIVORZIO,690.00,0,0,621.00,0,0,372.00,240.00,6.00,90.00%
CAMPANIA,AVELLINO,1.00,DIVORZIO,"1,574.00",0,0,"1,212.00",0,0,772.00,404.00,24.00,77.00%
CAMPANIA,AVELLINO,1.00,DIVORZIO,"3,822.00",0,0,"2,479.00",0,0,"1,280.00","1,117.00",41.00,64.86%
CAMPANIA,AVELLINO,1.00,DIVORZIO,"2,683.00",0,0,"1,407.00",0,0,726.00,624.00,34.00,52.44%
CAMPANIA,AVELLINO,1.00,DIVORZIO,"2,223.00",0,0,"1,313.00",0,0,897.00,388.00,13.00,59.06%
CAMPANIA,AVELLINO,1.00,DIVORZIO,"15,588.00",0,0,"11,715.00",0,0,"7,629.00","3,842.00",85.00,75.15%
CAMPANIA,AVELLINO,1.00,DIVORZIO,"5,307.00",0,0,"4,336.00",0,0,"2,310.00","1,913.00",64.00,81.70%
CAMPANIA,AVELLINO,1.00,DIVORZIO,"3,771.00",0,0,"2,826.00",0,0,"1,633.00","1,131.00",25.00,74.94%
CAMPANIA,AVELLINO,1.00,DIVORZIO,"34,177.00",0,0,"29,994.00",0,0,"15,517.00","14,030.00",205.00,87.76%
CAMPANIA,AVELLINO,1.00,DIVORZIO,"2,656.00",0,0,"1,612.00",0,0,856.00,718.00,20.00,60.69%
CAMPANIA,AVELLINO,1.00,DIVORZIO,"2,971.00",0,0,"2,294.00",0,0,"1,353.00",890.00,26.00,77.21%
CAMPANIA,AVELLINO,1.00,DIVORZIO,"4,504.00",0,0,"2,454.00",0,0,"1,024.00","1,384.00",19.00,54.48%
CAMPANIA,AVELLINO,1.00,DIVORZIO,"2,171.00",0,0,"1,556.00",0,0,"1,235.00",300.00,5.00,71.67%
CAMPANIA,AVELLINO,1.00,DIVORZIO,746.00,0,0,417.00,0,0,324.00,70.00,1.00,55.90%
CAMPANIA,AVELLINO,1.00,DIVORZIO,"2,944.00",0,0,"1,664.00",0,0,786.00,835.00,28.00,56.52%
CAMPANIA,AVELLINO,1.00,DIVORZIO,"5,458.00",0,0,"3,779.00",0,0,"2,309.00","1,399.00",22.00,69.24%
CAMPANIA,AVELLINO,1.00,DIVORZIO,"1,042.00",0,0,510.00,0,0,368.00,134.00,3.00,48.94%
CAMPANIA,AVELLINO,1.00,DIVORZIO,"2,718.00",0,0,"1,943.00",0,0,910.00,999.00,13.00,71.49%
CAMPANIA,AVELLINO,1.00,DIVORZIO,"1,404.00",0,0,946.00,0,0,690.00,237.00,5.00,67.38%
CAMPANIA,AVELLINO,1.00,DIVORZIO,"1,806.00",0,0,"1,198.00",0,0,516.00,675.00,3.00,66.33%
CAMPANIA,AVELLINO,1.00,DIVORZIO,"1,601.00",0,0,"1,198.00",0,0,659.00,498.00,14.00,74.83%
CAMPANIA,AVELLINO,1.00,DIVORZIO,718.00,0,0,465.00,0,0,312.00,135.00,8.00,64.76%
CAMPANIA,AVELLINO,1.00,DIVORZIO,"1,127.00",0,0,597.00,0,0,415.00,176.00,2.00,52.97%
CAMPANIA,AVELLINO,1.00,DIVORZIO,"1,953.00",0,0,"1,222.00",0,0,"1,020.00",184.00,11.00,62.57%
CAMPANIA,AVELLINO,1.00,DIVORZIO,"1,387.00",0,0,"1,100.00",0,0,899.00,176.00,8.00,79.31%
CAMPANIA,AVELLINO,1.00,DIVORZIO,"6,834.00",0,0,"4,225.00",0,0,"2,151.00","1,992.00",47.00,61.82%
CAMPANIA,AVELLINO,1.00,DIVORZIO,"1,003.00",0,0,780.00,0,0,325.00,431.00,16.00,77.77%
CAMPANIA,AVELLINO,1.00,DIVORZIO,651.00,0,0,456.00,0,0,291.00,155.00,6.00,70.05%
CAMPANIA,AVELLINO,1.00,DIVORZIO,"1,758.00",0,0,"1,287.00",0,0,833.00,389.00,26.00,73.21%
CAMPANIA,AVELLINO,1.00,DIVORZIO,"1,741.00",0,0,"1,225.00",0,0,725.00,478.00,7.00,70.36%
CAMPANIA,AVELLINO,1.00,DIVORZIO,"1,979.00",0,0,"1,040.00",0,0,644.00,374.00,9.00,52.55%
CAMPANIA,AVELLINO,1.00,DIVORZIO,"1,011.00",0,0,811.00,0,0,603.00,200.00,3.00,80.22%
CAMPANIA,AVELLINO,1.00,DIVORZIO,"2,267.00",0,0,"1,254.00",0,0,555.00,675.00,11.00,55.32%
CAMPANIA,AVELLINO,1.00,DIVORZIO,"3,208.00",0,0,"2,051.00",0,0,"1,129.00",879.00,9.00,63.93%
CAMPANIA,AVELLINO,1.00,DIVORZIO,"2,956.00",0,0,"2,206.00",0,0,"1,306.00",826.00,39.00,74.63%
CAMPANIA,AVELLINO,1.00,DIVORZIO,"3,061.00",0,0,"2,190.00",0,0,919.00,"1,205.00",32.00,71.55%
CAMPANIA,AVELLINO,1.00,DIVORZIO,"3,631.00",0,0,"2,087.00",0,0,"1,180.00",853.00,29.00,57.48%
CAMPANIA,AVELLINO,1.00,DIVORZIO,"1,237.00",0,0,868.00,0,0,526.00,317.00,10.00,70.17%
CAMPANIA,AVELLINO,1.00,DIVORZIO,"5,588.00",0,0,"3,707.00",0,0,"2,340.00","1,240.00",54.00,66.34%
CAMPANIA,AVELLINO,1.00,DIVORZIO,"1,038.00",0,0,752.00,0,0,522.00,207.00,13.00,72.45%
CAMPANIA,AVELLINO,1.00,DIVORZIO,"3,370.00",0,0,"1,336.00",0,0,927.00,370.00,2.00,39.64%
CAMPANIA,AVELLINO,1.00,DIVORZIO,"2,923.00",0,0,"2,094.00",0,0,"1,023.00","1,041.00",13.00,71.64%
CAMPANIA,AVELLINO,1.00,DIVORZIO,"1,468.00",0,0,"1,052.00",0,0,843.00,177.00,15.00,71.66%
CAMPANIA,AVELLINO,1.00,DIVORZIO,"2,155.00",0,0,"1,687.00",0,0,"1,210.00",462.00,12.00,78.28%
CAMPANIA,AVELLINO,1.00,DIVORZIO,"4,190.00",0,0,"2,689.00",0,0,"1,697.00",894.00,32.00,64.18%
CAMPANIA,AVELLINO,1.00,DIVORZIO,"1,020.00",0,0,754.00,0,0,590.00,158.00,3.00,73.92%
CAMPANIA,AVELLINO,1.00,DIVORZIO,"1,826.00",0,0,"1,098.00",0,0,814.00,247.00,18.00,60.13%
CAMPANIA,AVELLINO,1.00,DIVORZIO,994.00,0,0,847.00,0,0,507.00,303.00,23.00,85.21%
CAMPANIA,AVELLINO,1.00,DIVORZIO,"1,472.00",0,0,886.00,0,0,529.00,318.00,16.00,60.19%
CAMPANIA,AVELLINO,1.00,DIVORZIO,"2,963.00",0,0,"2,581.00",0,0,"1,552.00",963.00,35.00,87.11%
CAMPANIA,AVELLINO,1.00,DIVORZIO,"6,248.00",0,0,"3,812.00",0,0,"2,691.00","1,006.00",36.00,61.01%
CAMPANIA,AVELLINO,1.00,DIVORZIO,863.00,0,0,623.00,0,0,306.00,298.00,11.00,72.19%
CAMPANIA,AVELLINO,1.00,DIVORZIO,"3,639.00",0,0,"2,356.00",0,0,"1,075.00","1,197.00",40.00,64.74%
CAMPANIA,AVELLINO,1.00,DIVORZIO,"2,900.00",0,0,"1,697.00",0,0,"1,046.00",597.00,26.00,58.52%
CAMPANIA,AVELLINO,1.00,DIVORZIO,"2,768.00",0,0,"2,126.00",0,0,"1,252.00",829.00,12.00,76.81%
CAMPANIA,AVELLINO,1.00,DIVORZIO,"1,568.00",0,0,"1,140.00",0,0,760.00,362.00,5.00,72.70%
CAMPANIA,AVELLINO,1.00,DIVORZIO,"1,324.00",0,0,909.00,0,0,662.00,230.00,10.00,68.66%
CAMPANIA,AVELLINO,1.00,DIVORZIO,"5,739.00",0,0,"3,288.00",0,0,"1,599.00","1,624.00",36.00,57.29%
CAMPANIA,AVELLINO,1.00,DIVORZIO,"2,927.00",0,0,"2,038.00",0,0,"1,587.00",406.00,22.00,69.63%
CAMPANIA,AVELLINO,1.00,DIVORZIO,"3,441.00",0,0,"2,341.00",0,0,"1,522.00",748.00,25.00,68.03%
CAMPANIA,AVELLINO,1.00,DIVORZIO,"1,065.00",0,0,755.00,0,0,532.00,208.00,7.00,70.89%
CAMPANIA,AVELLINO,1.00,DIVORZIO,"4,478.00",0,0,"3,602.00",0,0,"2,687.00",845.00,29.00,80.44%
CAMPANIA,AVELLINO,1.00,DIVORZIO,"3,162.00",0,0,"2,569.00",0,0,"1,468.00","1,018.00",31.00,81.25%
CAMPANIA,AVELLINO,1.00,DIVORZIO,"1,809.00",0,0,"1,071.00",0,0,397.00,636.00,17.00,59.20%
CAMPANIA,AVELLINO,1.00,DIVORZIO,"1,213.00",0,0,634.00,0,0,307.00,315.00,6.00,52.27%
CAMPANIA,AVELLINO,1.00,DIVORZIO,"3,122.00",0,0,"2,040.00",0,0,"1,128.00",872.00,14.00,65.34%
CAMPANIA,AVELLINO,1.00,DIVORZIO,"3,575.00",0,0,"2,003.00",0,0,"1,166.00",751.00,26.00,56.03%
CAMPANIA,AVELLINO,1.00,DIVORZIO,"1,140.00",0,0,876.00,0,0,507.00,342.00,15.00,76.84%
CAMPANIA,AVELLINO,1.00,DIVORZIO,933.00,0,0,665.00,0,0,394.00,260.00,6.00,71.28%
CAMPANIA,AVELLINO,1.00,DIVORZIO,466.00,0,0,358.00,0,0,253.00,96.00,4.00,76.82%
CAMPANIA,AVELLINO,1.00,DIVORZIO,"2,185.00",0,0,"1,437.00",0,0,879.00,498.00,26.00,65.77%
CAMPANIA,AVELLINO,1.00,DIVORZIO,426.00,0,0,298.00,0,0,162.00,118.00,9.00,69.95%
CAMPANIA,AVELLINO,1.00,DIVORZIO,"2,262.00",0,0,"1,380.00",0,0,937.00,400.00,16.00,61.01%
CAMPANIA,AVELLINO,1.00,DIVORZIO,"1,404.00",0,0,"1,088.00",0,0,566.00,482.00,12.00,77.49%
CAMPANIA,AVELLINO,1.00,DIVORZIO,"1,878.00",0,0,"1,230.00",0,0,789.00,422.00,11.00,65.50%
CAMPANIA,AVELLINO,1.00,DIVORZIO,"2,366.00",0,0,"1,619.00",0,0,970.00,616.00,22.00,68.43%
CAMPANIA,AVELLINO,1.00,DIVORZIO,699.00,0,0,460.00,0,0,292.00,158.00,7.00,65.81%
CAMPANIA,AVELLINO,1.00,DIVORZIO,"1,688.00",0,0,"1,137.00",0,0,791.00,328.00,10.00,67.36%
CAMPANIA,AVELLINO,1.00,DIVORZIO,"1,582.00",0,0,"1,272.00",0,0,953.00,296.00,9.00,80.40%
CAMPANIA,AVELLINO,1.00,DIVORZIO,990.00,0,0,506.00,0,0,312.00,166.00,17.00,51.11%
CAMPANIA,AVELLINO,1.00,DIVORZIO,"1,793.00",0,0,"1,490.00",0,0,729.00,729.00,19.00,83.10%
CAMPANIA,AVELLINO,1.00,DIVORZIO,667.00,0,0,496.00,0,0,252.00,227.00,8.00,74.36%
CAMPANIA,AVELLINO,1.00,DIVORZIO,"1,798.00",0,0,885.00,0,0,694.00,161.00,15.00,49.22%
CAMPANIA,AVELLINO,1.00,DIVORZIO,"3,216.00",0,0,"2,606.00",0,0,876.00,"1,697.00",11.00,81.03%
CAMPANIA,AVELLINO,1.00,DIVORZIO,"1,196.00",0,0,961.00,0,0,497.00,449.00,6.00,80.35%
CAMPANIA,AVELLINO,1.00,DIVORZIO,796.00,0,0,439.00,0,0,278.00,158.00,1.00,55.15%
CAMPANIA,AVELLINO,1.00,DIVORZIO,952.00,0,0,643.00,0,0,331.00,294.00,7.00,67.54%
CAMPANIA,AVELLINO,1.00,DIVORZIO,"1,566.00",0,0,968.00,0,0,642.00,283.00,20.00,61.81%
CAMPANIA,AVELLINO,1.00,DIVORZIO,857.00,0,0,628.00,0,0,432.00,186.00,6.00,73.28%
CAMPANIA,AVELLINO,1.00,DIVORZIO,"2,053.00",0,0,"1,155.00",0,0,537.00,598.00,7.00,56.26%
CAMPANIA,AVELLINO,1.00,DIVORZIO,"1,072.00",0,0,668.00,0,0,485.00,163.00,10.00,62.31%
CAMPANIA,AVELLINO,1.00,DIVORZIO,464.00,0,0,355.00,0,0,168.00,169.00,3.00,76.51%
CAMPANIA,AVELLINO,1.00,DIVORZIO,"4,064.00",0,0,"2,077.00",0,0,"1,204.00",807.00,29.00,51.11%
CAMPANIA,AVELLINO,1.00,DIVORZIO,"1,127.00",0,0,834.00,0,0,332.00,449.00,6.00,74.00%
CAMPANIA,AVELLINO,1.00,DIVORZIO,768.00,0,0,582.00,0,0,402.00,171.00,1.00,75.78%
CAMPANIA,AVELLINO,1.00,DIVORZIO,"1,099.00",0,0,866.00,0,0,539.00,303.00,15.00,78.80%
CAMPANIA,AVELLINO,1.00,DIVORZIO,"1,418.00",0,0,"1,032.00",0,0,774.00,235.00,6.00,72.78%
CAMPANIA,AVELLINO,1.00,DIVORZIO,"1,333.00",0,0,699.00,0,0,382.00,297.00,8.00,52.44%
CAMPANIA,AVELLINO,1.00,DIVORZIO,"1,023.00",0,0,551.00,0,0,374.00,154.00,9.00,53.86%
CAMPANIA,AVELLINO,1.00,DIVORZIO,"5,064.00",0,0,"2,866.00",0,0,"1,595.00","1,206.00",32.00,56.60%
CAMPANIA,AVELLINO,1.00,DIVORZIO,680.00,0,0,487.00,0,0,279.00,195.00,7.00,71.62%
CAMPANIA,AVELLINO,1.00,DIVORZIO,"5,348.00",0,0,"4,277.00",0,0,"2,185.00","1,928.00",41.00,79.97%
CAMPANIA,AVELLINO,1.00,DIVORZIO,497.00,0,0,345.00,0,0,195.00,145.00,2.00,69.42%
CAMPANIA,AVELLINO,1.00,DIVORZIO,"1,145.00",0,0,907.00,0,0,394.00,498.00,9.00,79.21%
CAMPANIA,AVELLINO,1.00,DIVORZIO,"2,764.00",0,0,"1,517.00",0,0,900.00,596.00,11.00,54.88%
CAMPANIA,AVELLINO,1.00,DIVORZIO,936.00,0,0,648.00,0,0,515.00,115.00,5.00,69.23%
CAMPANIA,AVELLINO,1.00,DIVORZIO,978.00,0,0,642.00,0,0,483.00,153.00,0.00,65.64%
CAMPANIA,AVELLINO,1.00,DIVORZIO,"2,325.00",0,0,"1,394.00",0,0,895.00,440.00,16.00,59.96%
CAMPANIA,AVELLINO,1.00,DIVORZIO,"2,152.00",0,0,"1,092.00",0,0,797.00,273.00,12.00,50.74%
CAMPANIA,AVELLINO,1.00,DIVORZIO,"2,530.00",0,0,"1,127.00",0,0,577.00,491.00,23.00,44.55%
CAMPANIA,AVELLINO,1.00,DIVORZIO,"1,135.00",0,0,779.00,0,0,597.00,170.00,6.00,68.63%
CAMPANIA,AVELLINO,1.00,DIVORZIO,481.00,0,0,247.00,0,0,155.00,78.00,1.00,51.35%
CAMPANIA,AVELLINO,1.00,DIVORZIO,"1,081.00",0,0,633.00,0,0,405.00,189.00,18.00,58.56%
CAMPANIA,AVELLINO,1.00,DIVORZIO,"1,158.00",0,0,759.00,0,0,353.00,376.00,23.00,65.54%
CAMPANIA,AVELLINO,1.00,DIVORZIO,"3,177.00",0,0,"1,641.00",0,0,885.00,728.00,5.00,51.65%
CAMPANIA,AVELLINO,1.00,DIVORZIO,"1,222.00",0,0,624.00,0,0,452.00,164.00,4.00,51.06%
CAMPANIA,AVELLINO,1.00,DIVORZIO,"1,720.00",0,0,"1,322.00",0,0,"1,048.00",247.00,12.00,76.86%
CAMPANIA,AVELLINO,1.00,DIVORZIO,845.00,0,0,571.00,0,0,324.00,240.00,4.00,67.57%
CAMPANIA,AVELLINO,1.00,DIVORZIO,"1,884.00",0,0,"1,178.00",0,0,880.00,257.00,16.00,62.53%
CAMPANIA,AVELLINO,1.00,DIVORZIO,"3,778.00",0,0,"1,344.00",0,0,740.00,569.00,20.00,35.57%
CAMPANIA,AVELLINO,1.00,DIVORZIO,"1,578.00",0,0,957.00,0,0,595.00,322.00,13.00,60.65%
PUGLIA,BARI,1.00,DIVORZIO,"10,366.00",0,0,"9,581.00",0,0,"5,536.00","3,860.00",75.00,92.43%
PUGLIA,BARI,1.00,DIVORZIO,"7,043.00",0,0,"5,674.00",0,0,"2,760.00","2,812.00",56.00,80.56%
PUGLIA,BARI,1.00,DIVORZIO,"6,426.00",0,0,"5,694.00",0,0,"3,408.00","2,074.00",78.00,88.61%
PUGLIA,BARI,1.00,DIVORZIO,"26,590.00",0,0,"24,324.00",0,0,"13,537.00","10,369.00",134.00,91.48%
PUGLIA,BARI,1.00,DIVORZIO,"45,934.00",0,0,"40,768.00",0,0,"20,379.00","19,866.00",280.00,88.75%
PUGLIA,BARI,1.00,DIVORZIO,"218,226.00",0,0,"195,144.00",0,0,"77,747.00","114,160.00","1,592.00",89.42%
PUGLIA,BARI,1.00,DIVORZIO,"44,003.00",0,0,"40,403.00",0,0,"22,777.00","16,831.00",344.00,91.82%
PUGLIA,BARI,1.00,DIVORZIO,624.00,0,0,561.00,0,0,397.00,143.00,9.00,89.90%
PUGLIA,BARI,1.00,DIVORZIO,"26,304.00",0,0,"21,974.00",0,0,"12,434.00","9,021.00",197.00,83.54%
PUGLIA,BARI,1.00,DIVORZIO,"4,439.00",0,0,"4,046.00",0,0,"2,087.00","1,884.00",40.00,91.15%
PUGLIA,BARI,1.00,DIVORZIO,"24,237.00",0,0,"21,509.00",0,0,"11,507.00","9,482.00",207.00,88.74%
PUGLIA,BARI,1.00,DIVORZIO,"3,022.00",0,0,"2,290.00",0,0,"1,351.00",888.00,23.00,75.78%
PUGLIA,BARI,1.00,DIVORZIO,"18,843.00",0,0,"14,952.00",0,0,"7,839.00","6,666.00",139.00,79.35%
PUGLIA,BARI,1.00,DIVORZIO,"4,459.00",0,0,"3,669.00",0,0,"1,976.00","1,591.00",60.00,82.28%
PUGLIA,BARI,1.00,DIVORZIO,"7,073.00",0,0,"5,681.00",0,0,"2,363.00","3,181.00",74.00,80.32%
PUGLIA,BARI,1.00,DIVORZIO,"4,868.00",0,0,"4,286.00",0,0,"2,418.00","1,761.00",41.00,88.04%
PUGLIA,BARI,1.00,DIVORZIO,"9,961.00",0,0,"8,701.00",0,0,"5,250.00","3,220.00",97.00,87.35%
PUGLIA,BARI,1.00,DIVORZIO,980.00,0,0,788.00,0,0,526.00,246.00,8.00,80.41%
PUGLIA,BARI,1.00,DIVORZIO,"12,150.00",0,0,"11,187.00",0,0,"5,160.00","5,816.00",97.00,92.07%
PUGLIA,BARI,1.00,DIVORZIO,"25,469.00",0,0,"21,810.00",0,0,"11,576.00","9,767.00",175.00,85.63%
PUGLIA,BARI,1.00,DIVORZIO,"17,939.00",0,0,"15,647.00",0,0,"8,389.00","6,867.00",171.00,87.22%
PUGLIA,BARI,1.00,DIVORZIO,"11,643.00",0,0,"9,391.00",0,0,"4,437.00","4,739.00",102.00,80.66%
PUGLIA,BARI,1.00,DIVORZIO,"18,891.00",0,0,"16,904.00",0,0,"7,554.00","9,034.00",85.00,89.48%
PUGLIA,BARI,1.00,DIVORZIO,"7,480.00",0,0,"6,137.00",0,0,"3,841.00","2,156.00",61.00,82.05%
PUGLIA,BARI,1.00,DIVORZIO,"7,815.00",0,0,"6,992.00",0,0,"4,663.00","2,138.00",83.00,89.47%
PUGLIA,BARI,1.00,DIVORZIO,"8,696.00",0,0,"7,214.00",0,0,"3,210.00","3,712.00",77.00,82.96%
PUGLIA,BARI,1.00,DIVORZIO,"13,975.00",0,0,"12,457.00",0,0,"5,731.00","6,477.00",94.00,89.14%
PUGLIA,BARI,1.00,DIVORZIO,"15,855.00",0,0,"11,387.00",0,0,"6,257.00","4,924.00",106.00,71.82%
PUGLIA,BARI,1.00,DIVORZIO,"41,241.00",0,0,"30,966.00",0,0,"16,315.00","13,870.00",364.00,75.09%
PUGLIA,BARI,1.00,DIVORZIO,"25,272.00",0,0,"21,627.00",0,0,"12,940.00","8,260.00",159.00,85.58%
PUGLIA,BARI,1.00,DIVORZIO,"11,220.00",0,0,"9,536.00",0,0,"5,569.00","3,712.00",92.00,84.99%
PUGLIA,BARI,1.00,DIVORZIO,"8,517.00",0,0,"7,666.00",0,0,"5,403.00","2,139.00",48.00,90.01%
PUGLIA,BARI,1.00,DIVORZIO,"9,433.00",0,0,"7,079.00",0,0,"3,970.00","2,991.00",55.00,75.05%
PUGLIA,BARI,1.00,DIVORZIO,857.00,0,0,670.00,0,0,338.00,324.00,5.00,78.18%
PUGLIA,BARI,1.00,DIVORZIO,"8,673.00",0,0,"7,435.00",0,0,"4,797.00","2,482.00",70.00,85.73%
PUGLIA,BARI,1.00,DIVORZIO,"14,802.00",0,0,"13,158.00",0,0,"6,288.00","6,397.00",193.00,88.89%
PUGLIA,BARI,1.00,DIVORZIO,"8,589.00",0,0,"7,252.00",0,0,"4,599.00","2,528.00",46.00,84.43%
PUGLIA,BARI,1.00,DIVORZIO,"15,109.00",0,0,"13,232.00",0,0,"7,228.00","5,709.00",142.00,87.58%
PUGLIA,BARI,1.00,DIVORZIO,"4,988.00",0,0,"4,109.00",0,0,"1,750.00","2,287.00",38.00,82.38%
PUGLIA,BARI,1.00,DIVORZIO,"5,479.00",0,0,"3,860.00",0,0,"2,396.00","1,407.00",31.00,70.45%
PUGLIA,BARI,1.00,DIVORZIO,"13,276.00",0,0,"11,228.00",0,0,"5,795.00","5,216.00",90.00,84.57%
PUGLIA,BARI,1.00,DIVORZIO,"5,205.00",0,0,"4,738.00",0,0,"2,155.00","2,501.00",37.00,91.03%
PUGLIA,BARI,1.00,DIVORZIO,"13,327.00",0,0,"11,212.00",0,0,"7,127.00","3,884.00",81.00,84.13%
PUGLIA,BARI,1.00,DIVORZIO,"4,834.00",0,0,"3,743.00",0,0,"2,824.00",881.00,22.00,77.43%
PUGLIA,BARI,1.00,DIVORZIO,"23,919.00",0,0,"21,187.00",0,0,"11,134.00","9,628.00",187.00,88.58%
PUGLIA,BARI,1.00,DIVORZIO,"12,642.00",0,0,"9,164.00",0,0,"5,216.00","3,721.00",65.00,72.49%
PUGLIA,BARI,1.00,DIVORZIO,"7,121.00",0,0,"5,592.00",0,0,"2,744.00","2,703.00",49.00,78.53%
PUGLIA,BARI,1.00,DIVORZIO,"5,329.00",0,0,"4,533.00",0,0,"2,514.00","1,942.00",42.00,85.06%
VENETO,BELLUNO,1.00,DIVORZIO,"2,677.00",0,0,"2,431.00",0,0,887.00,"1,477.00",48.00,90.81%
VENETO,BELLUNO,1.00,DIVORZIO,"2,234.00",0,0,"1,735.00",0,0,998.00,703.00,22.00,77.66%
VENETO,BELLUNO,1.00,DIVORZIO,"1,232.00",0,0,928.00,0,0,408.00,502.00,13.00,75.32%
VENETO,BELLUNO,1.00,DIVORZIO,"3,416.00",0,0,"2,414.00",0,0,"1,175.00","1,196.00",21.00,70.67%
VENETO,BELLUNO,1.00,DIVORZIO,"2,791.00",0,0,"2,540.00",0,0,"1,433.00","1,065.00",28.00,91.01%
VENETO,BELLUNO,1.00,DIVORZIO,"25,704.00",0,0,"23,293.00",0,0,"8,083.00","14,710.00",347.00,90.62%
VENETO,BELLUNO,1.00,DIVORZIO,519.00,0,0,410.00,0,0,104.00,300.00,6.00,79.00%
VENETO,BELLUNO,1.00,DIVORZIO,"1,679.00",0,0,"1,521.00",0,0,557.00,942.00,17.00,90.59%
VENETO,BELLUNO,1.00,DIVORZIO,"1,154.00",0,0,923.00,0,0,508.00,389.00,22.00,79.98%
VENETO,BELLUNO,1.00,DIVORZIO,"1,514.00",0,0,"1,256.00",0,0,352.00,869.00,18.00,82.96%
VENETO,BELLUNO,1.00,DIVORZIO,"1,290.00",0,0,944.00,0,0,308.00,598.00,35.00,73.18%
VENETO,BELLUNO,1.00,DIVORZIO,"3,244.00",0,0,"2,433.00",0,0,"1,052.00","1,314.00",44.00,75.00%
VENETO,BELLUNO,1.00,DIVORZIO,"1,444.00",0,0,"1,187.00",0,0,474.00,685.00,19.00,82.20%
VENETO,BELLUNO,1.00,DIVORZIO,743.00,0,0,421.00,0,0,110.00,305.00,6.00,56.66%
VENETO,BELLUNO,1.00,DIVORZIO,385.00,0,0,302.00,0,0,230.00,60.00,9.00,78.44%
VENETO,BELLUNO,1.00,DIVORZIO,"2,477.00",0,0,"1,720.00",0,0,986.00,700.00,20.00,69.44%
VENETO,BELLUNO,1.00,DIVORZIO,"5,805.00",0,0,"5,215.00",0,0,"2,192.00","2,915.00",78.00,89.84%
VENETO,BELLUNO,1.00,DIVORZIO,490.00,0,0,405.00,0,0,329.00,73.00,3.00,82.65%
VENETO,BELLUNO,1.00,DIVORZIO,"2,052.00",0,0,"1,742.00",0,0,755.00,937.00,40.00,84.89%
VENETO,BELLUNO,1.00,DIVORZIO,"1,840.00",0,0,"1,439.00",0,0,666.00,745.00,17.00,78.21%
VENETO,BELLUNO,1.00,DIVORZIO,"1,979.00",0,0,"1,604.00",0,0,711.00,865.00,12.00,81.05%
VENETO,BELLUNO,1.00,DIVORZIO,"15,332.00",0,0,"13,638.00",0,0,"5,582.00","7,699.00",241.00,88.95%
VENETO,BELLUNO,1.00,DIVORZIO,"2,934.00",0,0,"2,181.00",0,0,"1,377.00",767.00,15.00,74.34%
VENETO,BELLUNO,1.00,DIVORZIO,"2,792.00",0,0,"1,168.00",0,0,533.00,600.00,22.00,41.83%
VENETO,BELLUNO,1.00,DIVORZIO,"1,304.00",0,0,819.00,0,0,385.00,408.00,18.00,62.81%
VENETO,BELLUNO,1.00,DIVORZIO,"3,870.00",0,0,"2,242.00",0,0,"1,141.00","1,060.00",28.00,57.93%
VENETO,BELLUNO,1.00,DIVORZIO,"1,086.00",0,0,814.00,0,0,387.00,394.00,22.00,74.95%
VENETO,BELLUNO,1.00,DIVORZIO,"1,973.00",0,0,"1,697.00",0,0,655.00,"1,000.00",29.00,86.01%
VENETO,BELLUNO,1.00,DIVORZIO,"2,760.00",0,0,"2,261.00",0,0,836.00,"1,371.00",33.00,81.92%
VENETO,BELLUNO,1.00,DIVORZIO,"1,130.00",0,0,996.00,0,0,688.00,283.00,19.00,88.14%
VENETO,BELLUNO,1.00,DIVORZIO,"2,999.00",0,0,"2,481.00",0,0,859.00,"1,552.00",57.00,82.73%
VENETO,BELLUNO,1.00,DIVORZIO,495.00,0,0,421.00,0,0,164.00,249.00,5.00,85.05%
VENETO,BELLUNO,1.00,DIVORZIO,"1,307.00",0,0,"1,136.00",0,0,657.00,461.00,14.00,86.92%
VENETO,BELLUNO,1.00,DIVORZIO,"4,851.00",0,0,"4,032.00",0,0,"1,842.00","2,092.00",54.00,83.12%
VENETO,BELLUNO,1.00,DIVORZIO,411.00,0,0,327.00,0,0,136.00,183.00,5.00,79.56%
VENETO,BELLUNO,1.00,DIVORZIO,"3,110.00",0,0,"2,556.00",0,0,987.00,"1,480.00",65.00,82.19%
VENETO,BELLUNO,1.00,DIVORZIO,346.00,0,0,285.00,0,0,89.00,187.00,5.00,82.37%
VENETO,BELLUNO,1.00,DIVORZIO,"1,595.00",0,0,"1,357.00",0,0,480.00,853.00,17.00,85.08%
VENETO,BELLUNO,1.00,DIVORZIO,"2,963.00",0,0,"2,616.00",0,0,893.00,"1,678.00",31.00,88.29%
VENETO,BELLUNO,1.00,DIVORZIO,"5,045.00",0,0,"4,357.00",0,0,"1,624.00","2,630.00",73.00,86.36%
VENETO,BELLUNO,1.00,DIVORZIO,"1,713.00",0,0,"1,424.00",0,0,668.00,728.00,20.00,83.13%
VENETO,BELLUNO,1.00,DIVORZIO,"1,537.00",0,0,"1,277.00",0,0,702.00,544.00,18.00,83.08%
VENETO,BELLUNO,1.00,DIVORZIO,837.00,0,0,605.00,0,0,311.00,255.00,23.00,72.28%
VENETO,BELLUNO,1.00,DIVORZIO,"1,538.00",0,0,"1,129.00",0,0,509.00,592.00,22.00,73.41%
VENETO,BELLUNO,1.00,DIVORZIO,"1,078.00",0,0,844.00,0,0,403.00,418.00,14.00,78.29%
VENETO,BELLUNO,1.00,DIVORZIO,351.00,0,0,278.00,0,0,142.00,130.00,6.00,79.20%
VENETO,BELLUNO,1.00,DIVORZIO,"1,749.00",0,0,"1,180.00",0,0,555.00,614.00,10.00,67.47%
VENETO,BELLUNO,1.00,DIVORZIO,"4,303.00",0,0,"3,392.00",0,0,"1,640.00","1,696.00",35.00,78.83%
VENETO,BELLUNO,1.00,DIVORZIO,954.00,0,0,658.00,0,0,288.00,351.00,18.00,68.97%
VENETO,BELLUNO,1.00,DIVORZIO,"2,276.00",0,0,"1,928.00",0,0,840.00,"1,068.00",12.00,84.71%
VENETO,BELLUNO,1.00,DIVORZIO,947.00,0,0,810.00,0,0,393.00,393.00,20.00,85.53%
VENETO,BELLUNO,1.00,DIVORZIO,"1,036.00",0,0,856.00,0,0,491.00,341.00,18.00,82.63%
VENETO,BELLUNO,1.00,DIVORZIO,"5,461.00",0,0,"4,334.00",0,0,"1,653.00","2,587.00",60.00,79.36%
VENETO,BELLUNO,1.00,DIVORZIO,456.00,0,0,353.00,0,0,183.00,155.00,13.00,77.41%
VENETO,BELLUNO,1.00,DIVORZIO,"2,318.00",0,0,"1,615.00",0,0,769.00,806.00,25.00,69.67%
VENETO,BELLUNO,1.00,DIVORZIO,"2,733.00",0,0,"2,161.00",0,0,814.00,"1,309.00",25.00,79.07%
VENETO,BELLUNO,1.00,DIVORZIO,308.00,0,0,283.00,0,0,119.00,155.00,8.00,91.88%
VENETO,BELLUNO,1.00,DIVORZIO,"1,832.00",0,0,"1,281.00",0,0,666.00,590.00,16.00,69.92%
VENETO,BELLUNO,1.00,DIVORZIO,"1,295.00",0,0,"1,081.00",0,0,442.00,618.00,15.00,83.47%
VENETO,BELLUNO,1.00,DIVORZIO,"1,441.00",0,0,"1,207.00",0,0,521.00,667.00,11.00,83.76%
VENETO,BELLUNO,1.00,DIVORZIO,"2,954.00",0,0,"2,401.00",0,0,911.00,"1,419.00",51.00,81.28%
VENETO,BELLUNO,1.00,DIVORZIO,641.00,0,0,471.00,0,0,257.00,204.00,8.00,73.48%
VENETO,BELLUNO,1.00,DIVORZIO,"1,681.00",0,0,"1,085.00",0,0,471.00,594.00,17.00,64.54%
VENETO,BELLUNO,1.00,DIVORZIO,760.00,0,0,587.00,0,0,286.00,292.00,3.00,77.24%
VENETO,BELLUNO,1.00,DIVORZIO,"1,257.00",0,0,"1,086.00",0,0,644.00,422.00,16.00,86.40%
VENETO,BELLUNO,1.00,DIVORZIO,773.00,0,0,518.00,0,0,246.00,251.00,17.00,67.01%
VENETO,BELLUNO,1.00,DIVORZIO,924.00,0,0,762.00,0,0,443.00,300.00,12.00,82.47%
VENETO,BELLUNO,1.00,DIVORZIO,"1,131.00",0,0,618.00,0,0,369.00,231.00,13.00,54.64%
VENETO,BELLUNO,1.00,DIVORZIO,317.00,0,0,111.00,0,0,80.00,29.00,1.00,35.02%
CAMPANIA,BENEVENTO,1.00,DIVORZIO,"4,477.00",0,0,"3,442.00",0,0,"2,376.00",995.00,34.00,76.88%
CAMPANIA,BENEVENTO,1.00,DIVORZIO,"1,999.00",0,0,"1,547.00",0,0,"1,023.00",495.00,13.00,77.39%
CAMPANIA,BENEVENTO,1.00,DIVORZIO,"3,972.00",0,0,"3,018.00",0,0,"1,985.00",965.00,29.00,75.98%
CAMPANIA,BENEVENTO,1.00,DIVORZIO,"1,797.00",0,0,"1,349.00",0,0,836.00,476.00,18.00,75.07%
CAMPANIA,BENEVENTO,1.00,DIVORZIO,"1,059.00",0,0,802.00,0,0,487.00,305.00,3.00,75.73%
CAMPANIA,BENEVENTO,1.00,DIVORZIO,700.00,0,0,511.00,0,0,310.00,195.00,4.00,73.00%
CAMPANIA,BENEVENTO,1.00,DIVORZIO,"2,490.00",0,0,"1,605.00",0,0,"1,149.00",377.00,38.00,64.46%
CAMPANIA,BENEVENTO,1.00,DIVORZIO,"38,088.00",0,0,"33,504.00",0,0,"19,227.00","13,749.00",202.00,87.96%
CAMPANIA,BENEVENTO,1.00,DIVORZIO,929.00,0,0,775.00,0,0,461.00,299.00,4.00,83.42%
CAMPANIA,BENEVENTO,1.00,DIVORZIO,937.00,0,0,787.00,0,0,609.00,157.00,5.00,83.99%
CAMPANIA,BENEVENTO,1.00,DIVORZIO,"1,597.00",0,0,"1,299.00",0,0,934.00,330.00,15.00,81.34%
CAMPANIA,BENEVENTO,1.00,DIVORZIO,"1,796.00",0,0,"1,292.00",0,0,930.00,331.00,14.00,71.94%
CAMPANIA,BENEVENTO,1.00,DIVORZIO,959.00,0,0,712.00,0,0,467.00,220.00,11.00,74.24%
CAMPANIA,BENEVENTO,1.00,DIVORZIO,"1,035.00",0,0,882.00,0,0,601.00,262.00,8.00,85.22%
CAMPANIA,BENEVENTO,1.00,DIVORZIO,"1,678.00",0,0,967.00,0,0,756.00,181.00,21.00,57.63%
CAMPANIA,BENEVENTO,1.00,DIVORZIO,"1,061.00",0,0,819.00,0,0,584.00,224.00,5.00,77.19%
CAMPANIA,BENEVENTO,1.00,DIVORZIO,"1,724.00",0,0,"1,108.00",0,0,876.00,208.00,4.00,64.27%
CAMPANIA,BENEVENTO,1.00,DIVORZIO,"1,213.00",0,0,"1,018.00",0,0,570.00,431.00,5.00,83.92%
CAMPANIA,BENEVENTO,1.00,DIVORZIO,"1,622.00",0,0,"1,390.00",0,0,982.00,375.00,24.00,85.70%
CAMPANIA,BENEVENTO,1.00,DIVORZIO,"2,296.00",0,0,"1,665.00",0,0,"1,231.00",352.00,32.00,72.52%
CAMPANIA,BENEVENTO,1.00,DIVORZIO,"1,324.00",0,0,"1,158.00",0,0,828.00,308.00,7.00,87.46%
CAMPANIA,BENEVENTO,1.00,DIVORZIO,"2,666.00",0,0,"2,017.00",0,0,"1,082.00",891.00,23.00,75.66%
CAMPANIA,BENEVENTO,1.00,DIVORZIO,"3,648.00",0,0,"2,518.00",0,0,"1,381.00","1,079.00",25.00,69.02%
CAMPANIA,BENEVENTO,1.00,DIVORZIO,"2,423.00",0,0,"1,659.00",0,0,"1,195.00",412.00,22.00,68.47%
CAMPANIA,BENEVENTO,1.00,DIVORZIO,"2,928.00",0,0,"1,700.00",0,0,"1,359.00",309.00,9.00,58.06%
CAMPANIA,BENEVENTO,1.00,DIVORZIO,"3,141.00",0,0,"2,069.00",0,0,"1,079.00",890.00,35.00,65.87%
CAMPANIA,BENEVENTO,1.00,DIVORZIO,"1,736.00",0,0,"1,346.00",0,0,875.00,426.00,27.00,77.53%
CAMPANIA,BENEVENTO,1.00,DIVORZIO,"1,398.00",0,0,976.00,0,0,803.00,162.00,7.00,69.81%
CAMPANIA,BENEVENTO,1.00,DIVORZIO,"2,918.00",0,0,"2,002.00",0,0,"1,466.00",464.00,32.00,68.61%
CAMPANIA,BENEVENTO,1.00,DIVORZIO,"1,894.00",0,0,"1,631.00",0,0,"1,115.00",471.00,26.00,86.11%
CAMPANIA,BENEVENTO,1.00,DIVORZIO,"1,609.00",0,0,"1,019.00",0,0,441.00,555.00,7.00,63.33%
CAMPANIA,BENEVENTO,1.00,DIVORZIO,626.00,0,0,483.00,0,0,368.00,103.00,10.00,77.16%
CAMPANIA,BENEVENTO,1.00,DIVORZIO,"1,291.00",0,0,860.00,0,0,521.00,323.00,9.00,66.62%
CAMPANIA,BENEVENTO,1.00,DIVORZIO,"1,595.00",0,0,"1,082.00",0,0,699.00,357.00,12.00,67.84%
CAMPANIA,BENEVENTO,1.00,DIVORZIO,"2,284.00",0,0,"1,820.00",0,0,"1,015.00",787.00,9.00,79.68%
CAMPANIA,BENEVENTO,1.00,DIVORZIO,676.00,0,0,387.00,0,0,252.00,132.00,1.00,57.25%
CAMPANIA,BENEVENTO,1.00,DIVORZIO,"4,174.00",0,0,"3,369.00",0,0,"1,981.00","1,323.00",27.00,80.71%
CAMPANIA,BENEVENTO,1.00,DIVORZIO,"2,248.00",0,0,"1,587.00",0,0,"1,107.00",441.00,14.00,70.60%
CAMPANIA,BENEVENTO,1.00,DIVORZIO,"1,480.00",0,0,"1,079.00",0,0,597.00,466.00,8.00,72.91%
CAMPANIA,BENEVENTO,1.00,DIVORZIO,"2,504.00",0,0,"2,076.00",0,0,"1,238.00",774.00,31.00,82.91%
CAMPANIA,BENEVENTO,1.00,DIVORZIO,"1,770.00",0,0,"1,144.00",0,0,726.00,383.00,8.00,64.63%
CAMPANIA,BENEVENTO,1.00,DIVORZIO,"2,005.00",0,0,"1,368.00",0,0,790.00,537.00,20.00,68.23%
CAMPANIA,BENEVENTO,1.00,DIVORZIO,"6,698.00",0,0,"5,361.00",0,0,"2,994.00","2,269.00",46.00,80.04%
CAMPANIA,BENEVENTO,1.00,DIVORZIO,"5,893.00",0,0,"3,243.00",0,0,"2,060.00","1,116.00",27.00,55.03%
CAMPANIA,BENEVENTO,1.00,DIVORZIO,"3,377.00",0,0,"2,492.00",0,0,"1,492.00",929.00,22.00,73.79%
CAMPANIA,BENEVENTO,1.00,DIVORZIO,"1,835.00",0,0,"1,239.00",0,0,688.00,507.00,10.00,67.52%
CAMPANIA,BENEVENTO,1.00,DIVORZIO,"1,434.00",0,0,"1,208.00",0,0,677.00,510.00,13.00,84.24%
CAMPANIA,BENEVENTO,1.00,DIVORZIO,"1,178.00",0,0,903.00,0,0,471.00,482.00,12.00,76.66%
CAMPANIA,BENEVENTO,1.00,DIVORZIO,"1,370.00",0,0,"1,175.00",0,0,768.00,385.00,13.00,85.77%
CAMPANIA,BENEVENTO,1.00,DIVORZIO,"1,911.00",0,0,"1,469.00",0,0,992.00,429.00,16.00,76.87%
CAMPANIA,BENEVENTO,1.00,DIVORZIO,639.00,0,0,422.00,0,0,338.00,73.00,3.00,66.04%
CAMPANIA,BENEVENTO,1.00,DIVORZIO,"2,428.00",0,0,"1,721.00",0,0,"1,197.00",480.00,12.00,70.88%
CAMPANIA,BENEVENTO,1.00,DIVORZIO,"1,715.00",0,0,"1,440.00",0,0,931.00,472.00,13.00,83.97%
CAMPANIA,BENEVENTO,1.00,DIVORZIO,"4,608.00",0,0,"1,794.00",0,0,"1,129.00",645.00,3.00,38.93%
CAMPANIA,BENEVENTO,1.00,DIVORZIO,932.00,0,0,647.00,0,0,490.00,142.00,5.00,69.42%
CAMPANIA,BENEVENTO,1.00,DIVORZIO,"1,133.00",0,0,781.00,0,0,595.00,149.00,10.00,68.93%
CAMPANIA,BENEVENTO,1.00,DIVORZIO,"5,773.00",0,0,"3,917.00",0,0,"2,535.00","1,277.00",37.00,67.85%
CAMPANIA,BENEVENTO,1.00,DIVORZIO,"3,770.00",0,0,"3,041.00",0,0,"2,158.00",813.00,30.00,80.66%
CAMPANIA,BENEVENTO,1.00,DIVORZIO,"2,761.00",0,0,"1,820.00",0,0,"1,306.00",476.00,14.00,65.92%
CAMPANIA,BENEVENTO,1.00,DIVORZIO,"2,164.00",0,0,"1,741.00",0,0,995.00,698.00,19.00,80.45%
CAMPANIA,BENEVENTO,1.00,DIVORZIO,"1,670.00",0,0,"1,247.00",0,0,640.00,564.00,14.00,74.67%
CAMPANIA,BENEVENTO,1.00,DIVORZIO,"1,693.00",0,0,"1,338.00",0,0,960.00,335.00,20.00,79.03%
CAMPANIA,BENEVENTO,1.00,DIVORZIO,887.00,0,0,702.00,0,0,483.00,195.00,14.00,79.14%
CAMPANIA,BENEVENTO,1.00,DIVORZIO,"3,169.00",0,0,"2,386.00",0,0,"1,641.00",678.00,25.00,75.29%
CAMPANIA,BENEVENTO,1.00,DIVORZIO,910.00,0,0,673.00,0,0,495.00,149.00,7.00,73.96%
CAMPANIA,BENEVENTO,1.00,DIVORZIO,477.00,0,0,375.00,0,0,281.00,86.00,4.00,78.62%
CAMPANIA,BENEVENTO,1.00,DIVORZIO,"1,932.00",0,0,"1,540.00",0,0,995.00,505.00,14.00,79.71%
CAMPANIA,BENEVENTO,1.00,DIVORZIO,"2,340.00",0,0,"1,840.00",0,0,"1,203.00",598.00,13.00,78.63%
CAMPANIA,BENEVENTO,1.00,DIVORZIO,"1,103.00",0,0,677.00,0,0,442.00,190.00,17.00,61.38%
CAMPANIA,BENEVENTO,1.00,DIVORZIO,"7,157.00",0,0,"5,312.00",0,0,"3,524.00","1,637.00",64.00,74.22%
CAMPANIA,BENEVENTO,1.00,DIVORZIO,"2,473.00",0,0,"2,050.00",0,0,"1,280.00",735.00,14.00,82.90%
CAMPANIA,BENEVENTO,1.00,DIVORZIO,821.00,0,0,445.00,0,0,290.00,144.00,3.00,54.20%
CAMPANIA,BENEVENTO,1.00,DIVORZIO,"3,459.00",0,0,"2,676.00",0,0,"1,444.00","1,177.00",25.00,77.36%
CAMPANIA,BENEVENTO,1.00,DIVORZIO,"2,565.00",0,0,"2,202.00",0,0,"1,325.00",835.00,20.00,85.85%
CAMPANIA,BENEVENTO,1.00,DIVORZIO,"1,106.00",0,0,817.00,0,0,526.00,272.00,4.00,73.87%
CAMPANIA,BENEVENTO,1.00,DIVORZIO,"2,327.00",0,0,"1,993.00",0,0,"1,425.00",513.00,21.00,85.65%
CAMPANIA,BENEVENTO,1.00,DIVORZIO,"2,067.00",0,0,"1,710.00",0,0,844.00,847.00,6.00,82.73%
LOMBARDIA,BERGAMO,1.00,DIVORZIO,"1,020.00",0,0,831.00,0,0,520.00,294.00,11.00,81.47%
LOMBARDIA,BERGAMO,1.00,DIVORZIO,452.00,0,0,401.00,0,0,302.00,93.00,3.00,88.72%
LOMBARDIA,BERGAMO,1.00,DIVORZIO,"2,493.00",0,0,"2,376.00",0,0,"1,572.00",754.00,29.00,95.31%
LOMBARDIA,BERGAMO,1.00,DIVORZIO,"9,892.00",0,0,"8,764.00",0,0,"5,755.00","2,850.00",115.00,88.60%
LOMBARDIA,BERGAMO,1.00,DIVORZIO,527.00,0,0,433.00,0,0,323.00,106.00,1.00,82.16%
LOMBARDIA,BERGAMO,1.00,DIVORZIO,"2,745.00",0,0,"2,589.00",0,0,"1,698.00",843.00,34.00,94.32%
LOMBARDIA,BERGAMO,1.00,DIVORZIO,"2,351.00",0,0,"2,046.00",0,0,"1,307.00",675.00,44.00,87.03%
LOMBARDIA,BERGAMO,1.00,DIVORZIO,"2,852.00",0,0,"2,630.00",0,0,"1,781.00",806.00,33.00,92.22%
LOMBARDIA,BERGAMO,1.00,DIVORZIO,"7,690.00",0,0,"7,197.00",0,0,"4,121.00","2,939.00",96.00,93.59%
LOMBARDIA,BERGAMO,1.00,DIVORZIO,"1,058.00",0,0,"1,000.00",0,0,625.00,359.00,7.00,94.52%
LOMBARDIA,BERGAMO,1.00,DIVORZIO,"1,415.00",0,0,"1,335.00",0,0,595.00,706.00,29.00,94.35%
LOMBARDIA,BERGAMO,1.00,DIVORZIO,"1,864.00",0,0,"1,788.00",0,0,"1,012.00",728.00,32.00,95.92%
LOMBARDIA,BERGAMO,1.00,DIVORZIO,"2,178.00",0,0,"1,924.00",0,0,"1,609.00",287.00,15.00,88.34%
LOMBARDIA,BERGAMO,1.00,DIVORZIO,961.00,0,0,917.00,0,0,493.00,394.00,21.00,95.42%
LOMBARDIA,BERGAMO,1.00,DIVORZIO,279.00,0,0,212.00,0,0,132.00,74.00,4.00,75.99%
LOMBARDIA,BERGAMO,1.00,DIVORZIO,360.00,0,0,324.00,0,0,281.00,39.00,2.00,90.00%
LOMBARDIA,BERGAMO,1.00,DIVORZIO,"2,724.00",0,0,"2,599.00",0,0,"1,534.00",992.00,44.00,95.41%
LOMBARDIA,BERGAMO,1.00,DIVORZIO,435.00,0,0,387.00,0,0,305.00,72.00,5.00,88.97%
LOMBARDIA,BERGAMO,1.00,DIVORZIO,"1,424.00",0,0,"1,358.00",0,0,931.00,380.00,25.00,95.37%
LOMBARDIA,BERGAMO,1.00,DIVORZIO,323.00,0,0,314.00,0,0,214.00,90.00,7.00,97.21%
LOMBARDIA,BERGAMO,1.00,DIVORZIO,"2,052.00",0,0,"1,988.00",0,0,"1,139.00",795.00,35.00,96.88%
LOMBARDIA,BERGAMO,1.00,DIVORZIO,561.00,0,0,516.00,0,0,293.00,207.00,10.00,91.98%
LOMBARDIA,BERGAMO,1.00,DIVORZIO,371.00,0,0,254.00,0,0,178.00,71.00,5.00,68.46%
LOMBARDIA,BERGAMO,1.00,DIVORZIO,"1,567.00",0,0,"1,030.00",0,0,713.00,308.00,7.00,65.73%
LOMBARDIA,BERGAMO,1.00,DIVORZIO,"88,807.00",0,0,"83,717.00",0,0,"40,875.00","41,338.00",967.00,94.27%
LOMBARDIA,BERGAMO,1.00,DIVORZIO,668.00,0,0,579.00,0,0,408.00,154.00,15.00,86.68%
LOMBARDIA,BERGAMO,1.00,DIVORZIO,337.00,0,0,297.00,0,0,202.00,85.00,5.00,88.13%
LOMBARDIA,BERGAMO,1.00,DIVORZIO,94.00,0,0,54.00,0,0,46.00,7.00,1.00,57.45%
LOMBARDIA,BERGAMO,1.00,DIVORZIO,"1,701.00",0,0,"1,650.00",0,0,"1,247.00",384.00,9.00,97.00%
LOMBARDIA,BERGAMO,1.00,DIVORZIO,"1,808.00",0,0,"1,723.00",0,0,851.00,833.00,30.00,95.30%
LOMBARDIA,BERGAMO,1.00,DIVORZIO,"2,625.00",0,0,"2,537.00",0,0,"1,751.00",740.00,29.00,96.65%
LOMBARDIA,BERGAMO,1.00,DIVORZIO,"2,657.00",0,0,"2,560.00",0,0,"1,557.00",945.00,34.00,96.35%
LOMBARDIA,BERGAMO,1.00,DIVORZIO,562.00,0,0,449.00,0,0,274.00,167.00,4.00,79.89%
LOMBARDIA,BERGAMO,1.00,DIVORZIO,689.00,0,0,554.00,0,0,437.00,110.00,2.00,80.41%
LOMBARDIA,BERGAMO,1.00,DIVORZIO,"1,894.00",0,0,"1,834.00",0,0,"1,314.00",477.00,25.00,96.83%
LOMBARDIA,BERGAMO,1.00,DIVORZIO,461.00,0,0,389.00,0,0,236.00,133.00,7.00,84.38%
LOMBARDIA,BERGAMO,1.00,DIVORZIO,645.00,0,0,580.00,0,0,348.00,221.00,6.00,89.92%
LOMBARDIA,BERGAMO,1.00,DIVORZIO,"3,642.00",0,0,"3,469.00",0,0,"1,880.00","1,517.00",43.00,95.25%
LOMBARDIA,BERGAMO,1.00,DIVORZIO,"3,095.00",0,0,"2,926.00",0,0,"1,756.00","1,112.00",39.00,94.54%
LOMBARDIA,BERGAMO,1.00,DIVORZIO,"2,662.00",0,0,"1,930.00",0,0,"1,327.00",551.00,35.00,72.50%
LOMBARDIA,BERGAMO,1.00,DIVORZIO,"2,734.00",0,0,"2,540.00",0,0,"1,424.00","1,045.00",46.00,92.90%
LOMBARDIA,BERGAMO,1.00,DIVORZIO,89.00,0,0,49.00,0,0,45.00,4.00,0.00,55.06%
LOMBARDIA,BERGAMO,1.00,DIVORZIO,960.00,0,0,931.00,0,0,725.00,185.00,15.00,96.98%
LOMBARDIA,BERGAMO,1.00,DIVORZIO,"1,997.00",0,0,"1,965.00",0,0,"1,403.00",487.00,52.00,98.40%
LOMBARDIA,BERGAMO,1.00,DIVORZIO,"2,668.00",0,0,"2,515.00",0,0,"1,417.00","1,035.00",47.00,94.27%
LOMBARDIA,BERGAMO,1.00,DIVORZIO,"9,040.00",0,0,"8,446.00",0,0,"3,793.00","4,418.00",163.00,93.43%
LOMBARDIA,BERGAMO,1.00,DIVORZIO,"4,323.00",0,0,"4,081.00",0,0,"1,964.00","2,020.00",63.00,94.40%
LOMBARDIA,BERGAMO,1.00,DIVORZIO,"1,684.00",0,0,"1,593.00",0,0,772.00,773.00,33.00,94.60%
LOMBARDIA,BERGAMO,1.00,DIVORZIO,390.00,0,0,329.00,0,0,235.00,80.00,9.00,84.36%
LOMBARDIA,BERGAMO,1.00,DIVORZIO,"2,278.00",0,0,"2,208.00",0,0,"1,230.00",922.00,42.00,96.93%
LOMBARDIA,BERGAMO,1.00,DIVORZIO,665.00,0,0,498.00,0,0,303.00,179.00,6.00,74.89%
LOMBARDIA,BERGAMO,1.00,DIVORZIO,"4,357.00",0,0,"4,173.00",0,0,"2,127.00","1,935.00",83.00,95.78%
LOMBARDIA,BERGAMO,1.00,DIVORZIO,"1,422.00",0,0,"1,290.00",0,0,785.00,456.00,34.00,90.72%
LOMBARDIA,BERGAMO,1.00,DIVORZIO,"9,180.00",0,0,"8,793.00",0,0,"3,726.00","4,822.00",176.00,95.78%
LOMBARDIA,BERGAMO,1.00,DIVORZIO,888.00,0,0,732.00,0,0,421.00,286.00,17.00,82.43%
LOMBARDIA,BERGAMO,1.00,DIVORZIO,"1,575.00",0,0,"1,515.00",0,0,"1,043.00",449.00,13.00,96.19%
LOMBARDIA,BERGAMO,1.00,DIVORZIO,410.00,0,0,395.00,0,0,280.00,105.00,3.00,96.34%
LOMBARDIA,BERGAMO,1.00,DIVORZIO,"2,105.00",0,0,"1,960.00",0,0,898.00,"1,002.00",39.00,93.11%
LOMBARDIA,BERGAMO,1.00,DIVORZIO,"1,787.00",0,0,"1,548.00",0,0,"1,024.00",490.00,27.00,86.63%
LOMBARDIA,BERGAMO,1.00,DIVORZIO,"1,531.00",0,0,"1,470.00",0,0,866.00,574.00,20.00,96.02%
LOMBARDIA,BERGAMO,1.00,DIVORZIO,"2,154.00",0,0,"1,894.00",0,0,"1,026.00",819.00,42.00,87.93%
LOMBARDIA,BERGAMO,1.00,DIVORZIO,121.00,0,0,85.00,0,0,67.00,17.00,0.00,70.25%
LOMBARDIA,BERGAMO,1.00,DIVORZIO,"4,320.00",0,0,"4,111.00",0,0,"2,412.00","1,516.00",56.00,95.16%
LOMBARDIA,BERGAMO,1.00,DIVORZIO,"1,134.00",0,0,"1,097.00",0,0,690.00,377.00,22.00,96.74%
LOMBARDIA,BERGAMO,1.00,DIVORZIO,"1,788.00",0,0,"1,497.00",0,0,"1,074.00",402.00,15.00,83.72%
LOMBARDIA,BERGAMO,1.00,DIVORZIO,"1,152.00",0,0,"1,037.00",0,0,376.00,630.00,27.00,90.02%
LOMBARDIA,BERGAMO,1.00,DIVORZIO,428.00,0,0,417.00,0,0,334.00,76.00,5.00,97.43%
LOMBARDIA,BERGAMO,1.00,DIVORZIO,540.00,0,0,480.00,0,0,313.00,157.00,8.00,88.89%
LOMBARDIA,BERGAMO,1.00,DIVORZIO,875.00,0,0,710.00,0,0,483.00,216.00,6.00,81.14%
LOMBARDIA,BERGAMO,1.00,DIVORZIO,"1,064.00",0,0,995.00,0,0,722.00,262.00,8.00,93.52%
LOMBARDIA,BERGAMO,1.00,DIVORZIO,"1,967.00",0,0,"1,764.00",0,0,"1,016.00",714.00,27.00,89.68%
LOMBARDIA,BERGAMO,1.00,DIVORZIO,776.00,0,0,603.00,0,0,371.00,211.00,15.00,77.71%
LOMBARDIA,BERGAMO,1.00,DIVORZIO,"1,138.00",0,0,"1,082.00",0,0,746.00,314.00,12.00,95.08%
LOMBARDIA,BERGAMO,1.00,DIVORZIO,"2,468.00",0,0,"2,342.00",0,0,"1,543.00",742.00,36.00,94.89%
LOMBARDIA,BERGAMO,1.00,DIVORZIO,"3,023.00",0,0,"2,818.00",0,0,"1,704.00","1,027.00",53.00,93.22%
LOMBARDIA,BERGAMO,1.00,DIVORZIO,"2,221.00",0,0,"2,101.00",0,0,"1,098.00",947.00,34.00,94.60%
LOMBARDIA,BERGAMO,1.00,DIVORZIO,"2,545.00",0,0,"2,418.00",0,0,"1,209.00","1,163.00",27.00,95.01%
LOMBARDIA,BERGAMO,1.00,DIVORZIO,"5,178.00",0,0,"4,550.00",0,0,"2,709.00","1,757.00",58.00,87.87%
LOMBARDIA,BERGAMO,1.00,DIVORZIO,666.00,0,0,608.00,0,0,465.00,136.00,2.00,91.29%
LOMBARDIA,BERGAMO,1.00,DIVORZIO,"4,331.00",0,0,"4,158.00",0,0,"2,643.00","1,414.00",53.00,96.01%
LOMBARDIA,BERGAMO,1.00,DIVORZIO,981.00,0,0,881.00,0,0,539.00,322.00,13.00,89.81%
LOMBARDIA,BERGAMO,1.00,DIVORZIO,"1,311.00",0,0,"1,260.00",0,0,844.00,381.00,26.00,96.11%
LOMBARDIA,BERGAMO,1.00,DIVORZIO,393.00,0,0,282.00,0,0,217.00,61.00,2.00,71.76%
LOMBARDIA,BERGAMO,1.00,DIVORZIO,200.00,0,0,169.00,0,0,122.00,43.00,4.00,84.50%
LOMBARDIA,BERGAMO,1.00,DIVORZIO,727.00,0,0,705.00,0,0,461.00,229.00,9.00,96.97%
LOMBARDIA,BERGAMO,1.00,DIVORZIO,891.00,0,0,860.00,0,0,567.00,271.00,18.00,96.52%
LOMBARDIA,BERGAMO,1.00,DIVORZIO,751.00,0,0,611.00,0,0,521.00,84.00,4.00,81.36%
LOMBARDIA,BERGAMO,1.00,DIVORZIO,507.00,0,0,447.00,0,0,359.00,82.00,4.00,88.17%
LOMBARDIA,BERGAMO,1.00,DIVORZIO,"4,890.00",0,0,"4,431.00",0,0,"1,893.00","2,405.00",51.00,90.61%
LOMBARDIA,BERGAMO,1.00,DIVORZIO,"1,586.00",0,0,"1,490.00",0,0,886.00,561.00,30.00,93.95%
LOMBARDIA,BERGAMO,1.00,DIVORZIO,"1,173.00",0,0,"1,079.00",0,0,629.00,423.00,19.00,91.99%
LOMBARDIA,BERGAMO,1.00,DIVORZIO,"3,860.00",0,0,"3,617.00",0,0,"1,761.00","1,777.00",51.00,93.70%
LOMBARDIA,BERGAMO,1.00,DIVORZIO,346.00,0,0,238.00,0,0,143.00,86.00,7.00,68.79%
LOMBARDIA,BERGAMO,1.00,DIVORZIO,"9,537.00",0,0,"9,123.00",0,0,"4,950.00","3,985.00",130.00,95.66%
LOMBARDIA,BERGAMO,1.00,DIVORZIO,596.00,0,0,402.00,0,0,262.00,136.00,4.00,67.45%
LOMBARDIA,BERGAMO,1.00,DIVORZIO,"2,024.00",0,0,"1,666.00",0,0,960.00,668.00,26.00,82.31%
LOMBARDIA,BERGAMO,1.00,DIVORZIO,759.00,0,0,689.00,0,0,440.00,230.00,12.00,90.78%
LOMBARDIA,BERGAMO,1.00,DIVORZIO,505.00,0,0,465.00,0,0,241.00,208.00,11.00,92.08%
LOMBARDIA,BERGAMO,1.00,DIVORZIO,"3,030.00",0,0,"2,874.00",0,0,"1,507.00","1,294.00",52.00,94.85%
LOMBARDIA,BERGAMO,1.00,DIVORZIO,540.00,0,0,529.00,0,0,374.00,130.00,11.00,97.96%
LOMBARDIA,BERGAMO,1.00,DIVORZIO,"1,241.00",0,0,"1,203.00",0,0,841.00,329.00,24.00,96.94%
LOMBARDIA,BERGAMO,1.00,DIVORZIO,612.00,0,0,415.00,0,0,222.00,190.00,3.00,67.81%
LOMBARDIA,BERGAMO,1.00,DIVORZIO,"1,807.00",0,0,"1,632.00",0,0,940.00,670.00,21.00,90.32%
LOMBARDIA,BERGAMO,1.00,DIVORZIO,"2,045.00",0,0,"1,960.00",0,0,"1,173.00",731.00,48.00,95.84%
LOMBARDIA,BERGAMO,1.00,DIVORZIO,527.00,0,0,443.00,0,0,244.00,192.00,0.00,84.06%
LOMBARDIA,BERGAMO,1.00,DIVORZIO,144.00,0,0,117.00,0,0,70.00,46.00,1.00,81.25%
LOMBARDIA,BERGAMO,1.00,DIVORZIO,"1,404.00",0,0,"1,232.00",0,0,922.00,299.00,6.00,87.75%
LOMBARDIA,BERGAMO,1.00,DIVORZIO,"1,076.00",0,0,"1,017.00",0,0,558.00,427.00,23.00,94.52%
LOMBARDIA,BERGAMO,1.00,DIVORZIO,190.00,0,0,148.00,0,0,127.00,18.00,1.00,77.89%
LOMBARDIA,BERGAMO,1.00,DIVORZIO,779.00,0,0,638.00,0,0,486.00,141.00,8.00,81.90%
LOMBARDIA,BERGAMO,1.00,DIVORZIO,"3,885.00",0,0,"3,523.00",0,0,"2,321.00","1,122.00",50.00,90.68%
LOMBARDIA,BERGAMO,1.00,DIVORZIO,610.00,0,0,533.00,0,0,204.00,318.00,6.00,87.38%
LOMBARDIA,BERGAMO,1.00,DIVORZIO,681.00,0,0,576.00,0,0,405.00,162.00,8.00,84.58%
LOMBARDIA,BERGAMO,1.00,DIVORZIO,"3,688.00",0,0,"3,470.00",0,0,"2,269.00","1,139.00",49.00,94.09%
LOMBARDIA,BERGAMO,1.00,DIVORZIO,381.00,0,0,203.00,0,0,139.00,64.00,0.00,53.28%
LOMBARDIA,BERGAMO,1.00,DIVORZIO,"2,014.00",0,0,"1,909.00",0,0,"1,241.00",620.00,36.00,94.79%
LOMBARDIA,BERGAMO,1.00,DIVORZIO,"2,277.00",0,0,"2,129.00",0,0,"1,412.00",683.00,18.00,93.50%
LOMBARDIA,BERGAMO,1.00,DIVORZIO,"1,588.00",0,0,"1,506.00",0,0,819.00,657.00,20.00,94.84%
LOMBARDIA,BERGAMO,1.00,DIVORZIO,"1,351.00",0,0,"1,132.00",0,0,776.00,328.00,24.00,83.79%
LOMBARDIA,BERGAMO,1.00,DIVORZIO,"1,636.00",0,0,"1,590.00",0,0,983.00,553.00,35.00,97.19%
LOMBARDIA,BERGAMO,1.00,DIVORZIO,958.00,0,0,825.00,0,0,658.00,162.00,5.00,86.12%
LOMBARDIA,BERGAMO,1.00,DIVORZIO,565.00,0,0,440.00,0,0,269.00,168.00,1.00,77.88%
LOMBARDIA,BERGAMO,1.00,DIVORZIO,"3,061.00",0,0,"2,950.00",0,0,"1,911.00","1,002.00",26.00,96.37%
LOMBARDIA,BERGAMO,1.00,DIVORZIO,151.00,0,0,134.00,0,0,72.00,57.00,5.00,88.74%
LOMBARDIA,BERGAMO,1.00,DIVORZIO,268.00,0,0,260.00,0,0,194.00,60.00,4.00,97.01%
LOMBARDIA,BERGAMO,1.00,DIVORZIO,"1,162.00",0,0,"1,107.00",0,0,659.00,424.00,17.00,95.27%
LOMBARDIA,BERGAMO,1.00,DIVORZIO,"3,474.00",0,0,"3,172.00",0,0,"1,911.00","1,168.00",70.00,91.31%
LOMBARDIA,BERGAMO,1.00,DIVORZIO,530.00,0,0,457.00,0,0,251.00,199.00,3.00,86.23%
LOMBARDIA,BERGAMO,1.00,DIVORZIO,"1,476.00",0,0,"1,415.00",0,0,777.00,498.00,27.00,95.87%
LOMBARDIA,BERGAMO,1.00,DIVORZIO,470.00,0,0,354.00,0,0,248.00,94.00,11.00,75.32%
LOMBARDIA,BERGAMO,1.00,DIVORZIO,"4,893.00",0,0,"4,342.00",0,0,"1,642.00","2,616.00",57.00,88.74%
LOMBARDIA,BERGAMO,1.00,DIVORZIO,891.00,0,0,854.00,0,0,513.00,331.00,8.00,95.85%
LOMBARDIA,BERGAMO,1.00,DIVORZIO,331.00,0,0,283.00,0,0,184.00,87.00,7.00,85.50%
LOMBARDIA,BERGAMO,1.00,DIVORZIO,"1,122.00",0,0,"1,085.00",0,0,773.00,287.00,20.00,96.70%
LOMBARDIA,BERGAMO,1.00,DIVORZIO,"2,367.00",0,0,"2,250.00",0,0,"1,241.00",947.00,41.00,95.06%
LOMBARDIA,BERGAMO,1.00,DIVORZIO,"4,086.00",0,0,"3,934.00",0,0,"2,588.00","1,243.00",51.00,96.28%
LOMBARDIA,BERGAMO,1.00,DIVORZIO,728.00,0,0,697.00,0,0,437.00,240.00,11.00,95.74%
LOMBARDIA,BERGAMO,1.00,DIVORZIO,319.00,0,0,272.00,0,0,110.00,158.00,2.00,85.27%
LOMBARDIA,BERGAMO,1.00,DIVORZIO,"1,181.00",0,0,"1,126.00",0,0,670.00,429.00,20.00,95.34%
LOMBARDIA,BERGAMO,1.00,DIVORZIO,179.00,0,0,159.00,0,0,60.00,94.00,4.00,88.83%
LOMBARDIA,BERGAMO,1.00,DIVORZIO,528.00,0,0,479.00,0,0,304.00,165.00,5.00,90.72%
LOMBARDIA,BERGAMO,1.00,DIVORZIO,"1,025.00",0,0,988.00,0,0,703.00,274.00,8.00,96.39%
LOMBARDIA,BERGAMO,1.00,DIVORZIO,637.00,0,0,584.00,0,0,242.00,326.00,8.00,91.68%
LOMBARDIA,BERGAMO,1.00,DIVORZIO,"1,026.00",0,0,991.00,0,0,575.00,353.00,45.00,96.59%
LOMBARDIA,BERGAMO,1.00,DIVORZIO,"1,267.00",0,0,"1,210.00",0,0,852.00,334.00,13.00,95.50%
LOMBARDIA,BERGAMO,1.00,DIVORZIO,"1,882.00",0,0,"1,812.00",0,0,"1,013.00",748.00,36.00,96.28%
LOMBARDIA,BERGAMO,1.00,DIVORZIO,"2,782.00",0,0,"2,592.00",0,0,"1,387.00","1,151.00",32.00,93.17%
LOMBARDIA,BERGAMO,1.00,DIVORZIO,"7,031.00",0,0,"6,520.00",0,0,"3,978.00","2,416.00",85.00,92.73%
LOMBARDIA,BERGAMO,1.00,DIVORZIO,394.00,0,0,340.00,0,0,209.00,122.00,9.00,86.29%
LOMBARDIA,BERGAMO,1.00,DIVORZIO,"1,033.00",0,0,897.00,0,0,644.00,239.00,9.00,86.83%
LOMBARDIA,BERGAMO,1.00,DIVORZIO,131.00,0,0,126.00,0,0,115.00,9.00,1.00,96.18%
LOMBARDIA,BERGAMO,1.00,DIVORZIO,538.00,0,0,480.00,0,0,382.00,87.00,9.00,89.22%
LOMBARDIA,BERGAMO,1.00,DIVORZIO,436.00,0,0,302.00,0,0,190.00,106.00,4.00,69.27%
LOMBARDIA,BERGAMO,1.00,DIVORZIO,832.00,0,0,874.00,0,0,472.00,378.00,17.00,105.05%
LOMBARDIA,BERGAMO,1.00,DIVORZIO,296.00,0,0,216.00,0,0,162.00,45.00,7.00,72.97%
LOMBARDIA,BERGAMO,1.00,DIVORZIO,"1,853.00",0,0,"1,766.00",0,0,997.00,724.00,31.00,95.30%
LOMBARDIA,BERGAMO,1.00,DIVORZIO,"4,308.00",0,0,"4,263.00",0,0,"2,218.00","1,936.00",76.00,98.96%
LOMBARDIA,BERGAMO,1.00,DIVORZIO,873.00,0,0,846.00,0,0,505.00,312.00,20.00,96.91%
LOMBARDIA,BERGAMO,1.00,DIVORZIO,"1,927.00",0,0,"1,813.00",0,0,"1,107.00",667.00,22.00,94.08%
LOMBARDIA,BERGAMO,1.00,DIVORZIO,"1,613.00",0,0,"1,460.00",0,0,"1,099.00",326.00,17.00,90.51%
LOMBARDIA,BERGAMO,1.00,DIVORZIO,"2,563.00",0,0,"2,442.00",0,0,"1,623.00",778.00,18.00,95.28%
LOMBARDIA,BERGAMO,1.00,DIVORZIO,"1,393.00",0,0,"1,249.00",0,0,872.00,347.00,27.00,89.66%
LOMBARDIA,BERGAMO,1.00,DIVORZIO,468.00,0,0,376.00,0,0,233.00,132.00,7.00,80.34%
LOMBARDIA,BERGAMO,1.00,DIVORZIO,"1,772.00",0,0,"1,686.00",0,0,"1,071.00",588.00,15.00,95.15%
LOMBARDIA,BERGAMO,1.00,DIVORZIO,"1,120.00",0,0,"1,015.00",0,0,734.00,242.00,25.00,90.63%
LOMBARDIA,BERGAMO,1.00,DIVORZIO,871.00,0,0,797.00,0,0,447.00,327.00,17.00,91.50%
LOMBARDIA,BERGAMO,1.00,DIVORZIO,669.00,0,0,605.00,0,0,274.00,318.00,11.00,90.43%
LOMBARDIA,BERGAMO,1.00,DIVORZIO,508.00,0,0,597.00,0,0,381.00,190.00,18.00,117.52%
LOMBARDIA,BERGAMO,1.00,DIVORZIO,329.00,0,0,296.00,0,0,189.00,105.00,1.00,89.97%
LOMBARDIA,BERGAMO,1.00,DIVORZIO,114.00,0,0,100.00,0,0,71.00,24.00,4.00,87.72%
LOMBARDIA,BERGAMO,1.00,DIVORZIO,582.00,0,0,564.00,0,0,377.00,160.00,23.00,96.91%
LOMBARDIA,BERGAMO,1.00,DIVORZIO,"1,749.00",0,0,"1,571.00",0,0,765.00,778.00,23.00,89.82%
LOMBARDIA,BERGAMO,1.00,DIVORZIO,"3,793.00",0,0,"3,465.00",0,0,"1,997.00","1,403.00",42.00,91.35%
LOMBARDIA,BERGAMO,1.00,DIVORZIO,"6,627.00",0,0,"6,423.00",0,0,"3,742.00","2,576.00",69.00,96.92%
LOMBARDIA,BERGAMO,1.00,DIVORZIO,"1,681.00",0,0,"1,576.00",0,0,"1,063.00",479.00,22.00,93.75%
LOMBARDIA,BERGAMO,1.00,DIVORZIO,"2,285.00",0,0,"2,182.00",0,0,"1,303.00",801.00,50.00,95.49%
LOMBARDIA,BERGAMO,1.00,DIVORZIO,"2,404.00",0,0,"2,252.00",0,0,"1,498.00",718.00,27.00,93.68%
LOMBARDIA,BERGAMO,1.00,DIVORZIO,"1,042.00",0,0,963.00,0,0,651.00,283.00,18.00,92.42%
LOMBARDIA,BERGAMO,1.00,DIVORZIO,670.00,0,0,607.00,0,0,451.00,144.00,10.00,90.60%
LOMBARDIA,BERGAMO,1.00,DIVORZIO,"1,738.00",0,0,"1,691.00",0,0,941.00,722.00,16.00,97.30%
LOMBARDIA,BERGAMO,1.00,DIVORZIO,861.00,0,0,811.00,0,0,518.00,269.00,14.00,94.19%
LOMBARDIA,BERGAMO,1.00,DIVORZIO,"2,803.00",0,0,"2,597.00",0,0,"1,545.00",999.00,36.00,92.65%
LOMBARDIA,BERGAMO,1.00,DIVORZIO,512.00,0,0,457.00,0,0,232.00,209.00,9.00,89.26%
LOMBARDIA,BERGAMO,1.00,DIVORZIO,611.00,0,0,539.00,0,0,292.00,234.00,6.00,88.22%
LOMBARDIA,BERGAMO,1.00,DIVORZIO,"1,367.00",0,0,"1,206.00",0,0,600.00,569.00,29.00,88.22%
LOMBARDIA,BERGAMO,1.00,DIVORZIO,"8,502.00",0,0,"8,288.00",0,0,"4,063.00","3,983.00",170.00,97.48%
LOMBARDIA,BERGAMO,1.00,DIVORZIO,432.00,0,0,373.00,0,0,252.00,112.00,7.00,86.34%
LOMBARDIA,BERGAMO,1.00,DIVORZIO,376.00,0,0,290.00,0,0,244.00,44.00,2.00,77.13%
LOMBARDIA,BERGAMO,1.00,DIVORZIO,551.00,0,0,447.00,0,0,327.00,115.00,2.00,81.13%
LOMBARDIA,BERGAMO,1.00,DIVORZIO,"1,610.00",0,0,"1,225.00",0,0,803.00,399.00,21.00,76.09%
LOMBARDIA,BERGAMO,1.00,DIVORZIO,"3,134.00",0,0,"2,683.00",0,0,"1,794.00",819.00,44.00,85.61%
LOMBARDIA,BERGAMO,1.00,DIVORZIO,"1,410.00",0,0,"1,292.00",0,0,880.00,375.00,22.00,91.63%
LOMBARDIA,BERGAMO,1.00,DIVORZIO,"3,490.00",0,0,"3,158.00",0,0,"1,683.00","1,410.00",43.00,90.49%
LOMBARDIA,BERGAMO,1.00,DIVORZIO,595.00,0,0,441.00,0,0,263.00,172.00,6.00,74.12%
LOMBARDIA,BERGAMO,1.00,DIVORZIO,"1,841.00",0,0,"1,396.00",0,0,"1,044.00",323.00,21.00,75.83%
LOMBARDIA,BERGAMO,1.00,DIVORZIO,"3,584.00",0,0,"3,407.00",0,0,"1,757.00","1,577.00",54.00,95.06%
LOMBARDIA,BERGAMO,1.00,DIVORZIO,"4,143.00",0,0,"3,883.00",0,0,"2,281.00","1,553.00",32.00,93.72%
LOMBARDIA,BERGAMO,1.00,DIVORZIO,"1,023.00",0,0,905.00,0,0,593.00,297.00,8.00,88.47%
LOMBARDIA,BERGAMO,1.00,DIVORZIO,"1,494.00",0,0,"1,385.00",0,0,871.00,471.00,23.00,92.70%
LOMBARDIA,BERGAMO,1.00,DIVORZIO,"1,035.00",0,0,983.00,0,0,849.00,127.00,5.00,94.98%
LOMBARDIA,BERGAMO,1.00,DIVORZIO,"10,307.00",0,0,"9,899.00",0,0,"5,475.00","4,229.00",119.00,96.04%
LOMBARDIA,BERGAMO,1.00,DIVORZIO,"1,420.00",0,0,"1,232.00",0,0,892.00,320.00,12.00,86.76%
LOMBARDIA,BERGAMO,1.00,DIVORZIO,938.00,0,0,774.00,0,0,421.00,327.00,19.00,82.52%
LOMBARDIA,BERGAMO,1.00,DIVORZIO,623.00,0,0,598.00,0,0,415.00,171.00,12.00,95.99%
LOMBARDIA,BERGAMO,1.00,DIVORZIO,369.00,0,0,307.00,0,0,212.00,95.00,0.00,83.20%
LOMBARDIA,BERGAMO,1.00,DIVORZIO,"3,983.00",0,0,"3,719.00",0,0,"2,384.00","1,268.00",37.00,93.37%
LOMBARDIA,BERGAMO,1.00,DIVORZIO,"1,312.00",0,0,"1,229.00",0,0,809.00,378.00,33.00,93.67%
LOMBARDIA,BERGAMO,1.00,DIVORZIO,"2,714.00",0,0,"2,389.00",0,0,"1,223.00","1,095.00",58.00,88.03%
LOMBARDIA,BERGAMO,1.00,DIVORZIO,415.00,0,0,375.00,0,0,201.00,166.00,3.00,90.36%
LOMBARDIA,BERGAMO,1.00,DIVORZIO,"2,216.00",0,0,"2,097.00",0,0,"1,144.00",902.00,31.00,94.63%
LOMBARDIA,BERGAMO,1.00,DIVORZIO,"4,251.00",0,0,"4,014.00",0,0,"2,318.00","1,563.00",88.00,94.42%
LOMBARDIA,BERGAMO,1.00,DIVORZIO,532.00,0,0,470.00,0,0,292.00,167.00,7.00,88.35%
LOMBARDIA,BERGAMO,1.00,DIVORZIO,"1,368.00",0,0,"1,318.00",0,0,949.00,342.00,20.00,96.35%
LOMBARDIA,BERGAMO,1.00,DIVORZIO,661.00,0,0,553.00,0,0,354.00,187.00,11.00,83.66%
LOMBARDIA,BERGAMO,1.00,DIVORZIO,"1,458.00",0,0,"1,319.00",0,0,797.00,492.00,24.00,90.47%
LOMBARDIA,BERGAMO,1.00,DIVORZIO,"1,761.00",0,0,"1,696.00",0,0,"1,187.00",464.00,25.00,96.31%
LOMBARDIA,BERGAMO,1.00,DIVORZIO,"1,808.00",0,0,"1,718.00",0,0,931.00,726.00,41.00,95.02%
LOMBARDIA,BERGAMO,1.00,DIVORZIO,"4,233.00",0,0,"3,999.00",0,0,"1,995.00","1,941.00",41.00,94.47%
LOMBARDIA,BERGAMO,1.00,DIVORZIO,"1,027.00",0,0,923.00,0,0,610.00,283.00,14.00,89.87%
LOMBARDIA,BERGAMO,1.00,DIVORZIO,805.00,0,0,743.00,0,0,492.00,234.00,11.00,92.30%
LOMBARDIA,BERGAMO,1.00,DIVORZIO,711.00,0,0,674.00,0,0,471.00,181.00,8.00,94.80%
LOMBARDIA,BERGAMO,1.00,DIVORZIO,"3,852.00",0,0,"3,567.00",0,0,"1,946.00","1,553.00",39.00,92.60%
LOMBARDIA,BERGAMO,1.00,DIVORZIO,"17,664.00",0,0,"17,066.00",0,0,"7,708.00","8,944.00",264.00,96.61%
LOMBARDIA,BERGAMO,1.00,DIVORZIO,"4,595.00",0,0,"4,365.00",0,0,"2,414.00","1,842.00",76.00,94.99%
LOMBARDIA,BERGAMO,1.00,DIVORZIO,754.00,0,0,671.00,0,0,434.00,218.00,16.00,88.99%
LOMBARDIA,BERGAMO,1.00,DIVORZIO,"4,388.00",0,0,"4,149.00",0,0,"2,454.00","1,561.00",85.00,94.55%
LOMBARDIA,BERGAMO,1.00,DIVORZIO,"1,045.00",0,0,832.00,0,0,526.00,281.00,15.00,79.62%
LOMBARDIA,BERGAMO,1.00,DIVORZIO,"1,309.00",0,0,"1,236.00",0,0,807.00,406.00,15.00,94.42%
LOMBARDIA,BERGAMO,1.00,DIVORZIO,372.00,0,0,298.00,0,0,240.00,54.00,4.00,80.11%
LOMBARDIA,BERGAMO,1.00,DIVORZIO,132.00,0,0,116.00,0,0,67.00,48.00,1.00,87.88%
LOMBARDIA,BERGAMO,1.00,DIVORZIO,237.00,0,0,208.00,0,0,92.00,111.00,3.00,87.76%
LOMBARDIA,BERGAMO,1.00,DIVORZIO,366.00,0,0,287.00,0,0,234.00,49.00,3.00,78.42%
LOMBARDIA,BERGAMO,1.00,DIVORZIO,356.00,0,0,305.00,0,0,271.00,27.00,6.00,85.67%
LOMBARDIA,BERGAMO,1.00,DIVORZIO,280.00,0,0,251.00,0,0,176.00,71.00,3.00,89.64%
LOMBARDIA,BERGAMO,1.00,DIVORZIO,"1,878.00",0,0,"1,764.00",0,0,841.00,875.00,38.00,93.93%
LOMBARDIA,BERGAMO,1.00,DIVORZIO,"2,762.00",0,0,"2,592.00",0,0,"1,160.00","1,371.00",42.00,93.85%
LOMBARDIA,BERGAMO,1.00,DIVORZIO,"3,413.00",0,0,"3,287.00",0,0,"1,941.00","1,283.00",41.00,96.31%
LOMBARDIA,BERGAMO,1.00,DIVORZIO,"3,403.00",0,0,"3,077.00",0,0,"2,051.00",970.00,43.00,90.42%
LOMBARDIA,BERGAMO,1.00,DIVORZIO,568.00,0,0,509.00,0,0,380.00,119.00,10.00,89.61%
LOMBARDIA,BERGAMO,1.00,DIVORZIO,602.00,0,0,496.00,0,0,294.00,195.00,3.00,82.39%
LOMBARDIA,BERGAMO,1.00,DIVORZIO,551.00,0,0,445.00,0,0,342.00,94.00,4.00,80.76%
LOMBARDIA,BERGAMO,1.00,DIVORZIO,"1,837.00",0,0,"1,739.00",0,0,"1,062.00",629.00,31.00,94.67%
LOMBARDIA,BERGAMO,1.00,DIVORZIO,"3,362.00",0,0,"3,202.00",0,0,"2,450.00",706.00,26.00,95.24%
LOMBARDIA,BERGAMO,1.00,DIVORZIO,"2,189.00",0,0,"2,033.00",0,0,"1,139.00",854.00,28.00,92.87%
LOMBARDIA,BERGAMO,1.00,DIVORZIO,"1,215.00",0,0,"1,145.00",0,0,904.00,208.00,22.00,94.24%
LOMBARDIA,BERGAMO,1.00,DIVORZIO,"2,582.00",0,0,"2,332.00",0,0,"1,493.00",782.00,32.00,90.32%
LOMBARDIA,BERGAMO,1.00,DIVORZIO,"1,169.00",0,0,927.00,0,0,677.00,234.00,11.00,79.30%
LOMBARDIA,BERGAMO,1.00,DIVORZIO,"1,362.00",0,0,"1,240.00",0,0,736.00,480.00,9.00,91.04%
LOMBARDIA,BERGAMO,1.00,DIVORZIO,"2,908.00",0,0,"2,820.00",0,0,"1,580.00","1,165.00",50.00,96.97%
LOMBARDIA,BERGAMO,1.00,DIVORZIO,"5,497.00",0,0,"4,770.00",0,0,"2,735.00","1,899.00",95.00,86.77%
EMILIA-ROMAGNA,BOLOGNA,1.00,DIVORZIO,"5,368.00",0,0,"5,234.00",0,0,889.00,"4,276.00",53.00,97.50%
EMILIA-ROMAGNA,BOLOGNA,1.00,DIVORZIO,"3,278.00",0,0,"3,198.00",0,0,800.00,"2,334.00",48.00,97.56%
EMILIA-ROMAGNA,BOLOGNA,1.00,DIVORZIO,"3,827.00",0,0,"3,691.00",0,0,959.00,"2,672.00",42.00,96.45%
EMILIA-ROMAGNA,BOLOGNA,1.00,DIVORZIO,"3,697.00",0,0,"3,582.00",0,0,750.00,"2,774.00",46.00,96.89%
EMILIA-ROMAGNA,BOLOGNA,1.00,DIVORZIO,"2,975.00",0,0,"3,018.00",0,0,762.00,"2,201.00",44.00,101.45%
EMILIA-ROMAGNA,BOLOGNA,1.00,DIVORZIO,"373,643.00",0,0,"359,705.00",0,0,"94,695.00","259,389.00","3,815.00",96.27%
EMILIA-ROMAGNA,BOLOGNA,1.00,DIVORZIO,"1,852.00",0,0,"1,793.00",0,0,665.00,"1,068.00",45.00,96.81%
EMILIA-ROMAGNA,BOLOGNA,1.00,DIVORZIO,"10,513.00",0,0,"10,072.00",0,0,"3,354.00","6,476.00",166.00,95.81%
EMILIA-ROMAGNA,BOLOGNA,1.00,DIVORZIO,"3,634.00",0,0,"3,535.00",0,0,794.00,"2,694.00",32.00,97.28%
EMILIA-ROMAGNA,BOLOGNA,1.00,DIVORZIO,"1,832.00",0,0,"1,703.00",0,0,725.00,946.00,21.00,92.96%
EMILIA-ROMAGNA,BOLOGNA,1.00,DIVORZIO,"26,426.00",0,0,"25,571.00",0,0,"4,795.00","20,409.00",250.00,96.76%
EMILIA-ROMAGNA,BOLOGNA,1.00,DIVORZIO,"1,668.00",0,0,"1,621.00",0,0,481.00,"1,109.00",18.00,97.18%
EMILIA-ROMAGNA,BOLOGNA,1.00,DIVORZIO,"1,481.00",0,0,"1,390.00",0,0,636.00,701.00,34.00,93.86%
EMILIA-ROMAGNA,BOLOGNA,1.00,DIVORZIO,981.00,0,0,943.00,0,0,349.00,558.00,21.00,96.13%
EMILIA-ROMAGNA,BOLOGNA,1.00,DIVORZIO,"1,921.00",0,0,"1,748.00",0,0,547.00,"1,150.00",34.00,90.99%
EMILIA-ROMAGNA,BOLOGNA,1.00,DIVORZIO,"1,861.00",0,0,"1,771.00",0,0,694.00,"1,038.00",23.00,95.16%
EMILIA-ROMAGNA,BOLOGNA,1.00,DIVORZIO,"2,143.00",0,0,"2,066.00",0,0,916.00,"1,118.00",27.00,96.41%
EMILIA-ROMAGNA,BOLOGNA,1.00,DIVORZIO,"1,667.00",0,0,"1,600.00",0,0,379.00,"1,178.00",27.00,95.98%
EMILIA-ROMAGNA,BOLOGNA,1.00,DIVORZIO,"7,693.00",0,0,"7,528.00",0,0,"1,305.00","6,068.00",110.00,97.86%
EMILIA-ROMAGNA,BOLOGNA,1.00,DIVORZIO,"10,298.00",0,0,"10,095.00",0,0,"2,734.00","7,114.00",174.00,98.03%
EMILIA-ROMAGNA,BOLOGNA,1.00,DIVORZIO,"6,259.00",0,0,"6,046.00",0,0,"1,305.00","4,611.00",86.00,96.60%
EMILIA-ROMAGNA,BOLOGNA,1.00,DIVORZIO,"4,721.00",0,0,"4,451.00",0,0,"1,280.00","3,073.00",69.00,94.28%
EMILIA-ROMAGNA,BOLOGNA,1.00,DIVORZIO,"4,665.00",0,0,"4,519.00",0,0,820.00,"3,624.00",53.00,96.87%
EMILIA-ROMAGNA,BOLOGNA,1.00,DIVORZIO,"8,910.00",0,0,"8,624.00",0,0,"2,507.00","5,960.00",103.00,96.79%
EMILIA-ROMAGNA,BOLOGNA,1.00,DIVORZIO,"2,095.00",0,0,"2,006.00",0,0,678.00,"1,269.00",38.00,95.75%
EMILIA-ROMAGNA,BOLOGNA,1.00,DIVORZIO,"1,196.00",0,0,"1,148.00",0,0,389.00,719.00,27.00,95.99%
EMILIA-ROMAGNA,BOLOGNA,1.00,DIVORZIO,"2,918.00",0,0,"2,705.00",0,0,"1,105.00","1,482.00",76.00,92.70%
EMILIA-ROMAGNA,BOLOGNA,1.00,DIVORZIO,"3,184.00",0,0,"3,076.00",0,0,772.00,"2,248.00",46.00,96.61%
EMILIA-ROMAGNA,BOLOGNA,1.00,DIVORZIO,"1,776.00",0,0,"1,589.00",0,0,582.00,970.00,17.00,89.47%
EMILIA-ROMAGNA,BOLOGNA,1.00,DIVORZIO,"4,134.00",0,0,"4,014.00",0,0,782.00,"3,183.00",37.00,97.10%
EMILIA-ROMAGNA,BOLOGNA,1.00,DIVORZIO,"1,765.00",0,0,"1,702.00",0,0,594.00,"1,066.00",32.00,96.43%
EMILIA-ROMAGNA,BOLOGNA,1.00,DIVORZIO,"42,461.00",0,0,"41,172.00",0,0,"10,440.00","29,801.00",587.00,96.96%
EMILIA-ROMAGNA,BOLOGNA,1.00,DIVORZIO,"2,078.00",0,0,"1,913.00",0,0,690.00,"1,146.00",44.00,92.06%
EMILIA-ROMAGNA,BOLOGNA,1.00,DIVORZIO,"1,597.00",0,0,"1,560.00",0,0,743.00,761.00,35.00,97.68%
EMILIA-ROMAGNA,BOLOGNA,1.00,DIVORZIO,"4,567.00",0,0,"4,473.00",0,0,"1,104.00","3,295.00",59.00,97.94%
EMILIA-ROMAGNA,BOLOGNA,1.00,DIVORZIO,"2,663.00",0,0,"2,574.00",0,0,687.00,"1,825.00",40.00,96.66%
EMILIA-ROMAGNA,BOLOGNA,1.00,DIVORZIO,"9,323.00",0,0,"9,125.00",0,0,"2,633.00","6,291.00",140.00,97.88%
EMILIA-ROMAGNA,BOLOGNA,1.00,DIVORZIO,"4,484.00",0,0,"4,344.00",0,0,"1,222.00","3,039.00",64.00,96.88%
EMILIA-ROMAGNA,BOLOGNA,1.00,DIVORZIO,"9,460.00",0,0,"9,142.00",0,0,"1,890.00","7,055.00",104.00,96.64%
EMILIA-ROMAGNA,BOLOGNA,1.00,DIVORZIO,"1,810.00",0,0,"1,689.00",0,0,810.00,819.00,46.00,93.31%
EMILIA-ROMAGNA,BOLOGNA,1.00,DIVORZIO,"1,529.00",0,0,"1,469.00",0,0,498.00,933.00,21.00,96.08%
EMILIA-ROMAGNA,BOLOGNA,1.00,DIVORZIO,"2,855.00",0,0,"2,757.00",0,0,722.00,"1,974.00",43.00,96.57%
EMILIA-ROMAGNA,BOLOGNA,1.00,DIVORZIO,"1,639.00",0,0,"1,575.00",0,0,383.00,"1,166.00",16.00,96.10%
EMILIA-ROMAGNA,BOLOGNA,1.00,DIVORZIO,"2,417.00",0,0,"2,295.00",0,0,815.00,"1,425.00",40.00,94.95%
EMILIA-ROMAGNA,BOLOGNA,1.00,DIVORZIO,"2,630.00",0,0,"2,548.00",0,0,802.00,"1,682.00",35.00,96.88%
EMILIA-ROMAGNA,BOLOGNA,1.00,DIVORZIO,"4,595.00",0,0,"4,540.00",0,0,"1,041.00","3,412.00",66.00,98.80%
EMILIA-ROMAGNA,BOLOGNA,1.00,DIVORZIO,"7,200.00",0,0,"6,981.00",0,0,"1,505.00","5,334.00",90.00,96.96%
EMILIA-ROMAGNA,BOLOGNA,1.00,DIVORZIO,"3,695.00",0,0,"3,668.00",0,0,"1,418.00","2,200.00",43.00,99.27%
EMILIA-ROMAGNA,BOLOGNA,1.00,DIVORZIO,"4,015.00",0,0,"3,894.00",0,0,"1,327.00","2,468.00",68.00,96.99%
EMILIA-ROMAGNA,BOLOGNA,1.00,DIVORZIO,"2,994.00",0,0,"2,914.00",0,0,770.00,"2,089.00",33.00,97.33%
EMILIA-ROMAGNA,BOLOGNA,1.00,DIVORZIO,"2,941.00",0,0,"2,790.00",0,0,"1,274.00","1,428.00",63.00,94.87%
EMILIA-ROMAGNA,BOLOGNA,1.00,DIVORZIO,"3,536.00",0,0,"3,466.00",0,0,981.00,"2,415.00",51.00,98.02%
EMILIA-ROMAGNA,BOLOGNA,1.00,DIVORZIO,"15,929.00",0,0,"15,440.00",0,0,"4,765.00","10,370.00",212.00,96.93%
EMILIA-ROMAGNA,BOLOGNA,1.00,DIVORZIO,"17,197.00",0,0,"16,708.00",0,0,"3,119.00","13,350.00",168.00,97.16%
EMILIA-ROMAGNA,BOLOGNA,1.00,DIVORZIO,"6,091.00",0,0,"5,968.00",0,0,"1,829.00","4,011.00",97.00,97.98%
EMILIA-ROMAGNA,BOLOGNA,1.00,DIVORZIO,"3,367.00",0,0,"3,243.00",0,0,"1,058.00","2,133.00",40.00,96.32%
EMILIA-ROMAGNA,BOLOGNA,1.00,DIVORZIO,"8,154.00",0,0,"7,896.00",0,0,"1,677.00","6,065.00",89.00,96.84%
EMILIA-ROMAGNA,BOLOGNA,1.00,DIVORZIO,"1,572.00",0,0,"1,497.00",0,0,779.00,662.00,35.00,95.23%
EMILIA-ROMAGNA,BOLOGNA,1.00,DIVORZIO,"4,200.00",0,0,"4,111.00",0,0,"1,413.00","2,575.00",85.00,97.88%
EMILIA-ROMAGNA,BOLOGNA,1.00,DIVORZIO,"9,400.00",0,0,"9,119.00",0,0,"1,659.00","7,304.00",112.00,97.01%
TRENTINO-ALTO ADIGE,BOLZANO,1.00,DIVORZIO,384.00,0,0,356.00,0,0,233.00,102.00,13.00,92.71%
TRENTINO-ALTO ADIGE,BOLZANO,1.00,DIVORZIO,846.00,0,0,756.00,0,0,562.00,162.00,25.00,89.36%
TRENTINO-ALTO ADIGE,BOLZANO,1.00,DIVORZIO,289.00,0,0,266.00,0,0,201.00,60.00,5.00,92.04%
TRENTINO-ALTO ADIGE,BOLZANO,1.00,DIVORZIO,"5,829.00",0,0,"5,272.00",0,0,"2,792.00","2,273.00",159.00,90.44%
TRENTINO-ALTO ADIGE,BOLZANO,1.00,DIVORZIO,358.00,0,0,307.00,0,0,190.00,101.00,9.00,85.75%
TRENTINO-ALTO ADIGE,BOLZANO,1.00,DIVORZIO,"1,370.00",0,0,"1,257.00",0,0,984.00,210.00,38.00,91.75%
TRENTINO-ALTO ADIGE,BOLZANO,1.00,DIVORZIO,767.00,0,0,691.00,0,0,470.00,171.00,38.00,90.09%
TRENTINO-ALTO ADIGE,BOLZANO,1.00,DIVORZIO,"72,930.00",0,0,"67,384.00",0,0,"18,139.00","47,747.00",921.00,92.40%
TRENTINO-ALTO ADIGE,BOLZANO,1.00,DIVORZIO,418.00,0,0,360.00,0,0,255.00,82.00,18.00,86.12%
TRENTINO-ALTO ADIGE,BOLZANO,1.00,DIVORZIO,"1,678.00",0,0,"1,513.00",0,0,626.00,814.00,62.00,90.17%
TRENTINO-ALTO ADIGE,BOLZANO,1.00,DIVORZIO,"10,248.00",0,0,"9,577.00",0,0,"4,637.00","4,630.00",235.00,93.45%
TRENTINO-ALTO ADIGE,BOLZANO,1.00,DIVORZIO,"1,051.00",0,0,936.00,0,0,364.00,543.00,24.00,89.06%
TRENTINO-ALTO ADIGE,BOLZANO,1.00,DIVORZIO,"6,631.00",0,0,"6,073.00",0,0,"3,136.00","2,714.00",176.00,91.58%
TRENTINO-ALTO ADIGE,BOLZANO,1.00,DIVORZIO,138.00,0,0,129.00,0,0,89.00,34.00,6.00,93.48%
TRENTINO-ALTO ADIGE,BOLZANO,1.00,DIVORZIO,"3,640.00",0,0,"3,193.00",0,0,"1,570.00","1,463.00",124.00,87.72%
TRENTINO-ALTO ADIGE,BOLZANO,1.00,DIVORZIO,"1,272.00",0,0,"1,155.00",0,0,832.00,285.00,29.00,90.80%
TRENTINO-ALTO ADIGE,BOLZANO,1.00,DIVORZIO,"2,292.00",0,0,"1,940.00",0,0,"1,371.00",491.00,67.00,84.64%
TRENTINO-ALTO ADIGE,BOLZANO,1.00,DIVORZIO,"1,358.00",0,0,"1,117.00",0,0,540.00,519.00,36.00,82.25%
TRENTINO-ALTO ADIGE,BOLZANO,1.00,DIVORZIO,"3,065.00",0,0,"2,733.00",0,0,"1,661.00",945.00,107.00,89.17%
TRENTINO-ALTO ADIGE,BOLZANO,1.00,DIVORZIO,639.00,0,0,597.00,0,0,361.00,219.00,14.00,93.43%
TRENTINO-ALTO ADIGE,BOLZANO,1.00,DIVORZIO,"1,300.00",0,0,"1,164.00",0,0,903.00,227.00,23.00,89.54%
TRENTINO-ALTO ADIGE,BOLZANO,1.00,DIVORZIO,"2,315.00",0,0,"2,062.00",0,0,"1,336.00",678.00,38.00,89.07%
TRENTINO-ALTO ADIGE,BOLZANO,1.00,DIVORZIO,"1,446.00",0,0,"1,328.00",0,0,792.00,504.00,22.00,91.84%
TRENTINO-ALTO ADIGE,BOLZANO,1.00,DIVORZIO,"1,229.00",0,0,"1,097.00",0,0,791.00,280.00,16.00,89.26%
TRENTINO-ALTO ADIGE,BOLZANO,1.00,DIVORZIO,326.00,0,0,289.00,0,0,125.00,152.00,9.00,88.65%
TRENTINO-ALTO ADIGE,BOLZANO,1.00,DIVORZIO,609.00,0,0,545.00,0,0,378.00,139.00,21.00,89.49%
TRENTINO-ALTO ADIGE,BOLZANO,1.00,DIVORZIO,"1,382.00",0,0,"1,193.00",0,0,818.00,346.00,17.00,86.32%
TRENTINO-ALTO ADIGE,BOLZANO,1.00,DIVORZIO,"1,680.00",0,0,"1,502.00",0,0,953.00,488.00,41.00,89.40%
TRENTINO-ALTO ADIGE,BOLZANO,1.00,DIVORZIO,"2,315.00",0,0,"2,096.00",0,0,800.00,"1,221.00",55.00,90.54%
TRENTINO-ALTO ADIGE,BOLZANO,1.00,DIVORZIO,779.00,0,0,698.00,0,0,488.00,167.00,38.00,89.60%
TRENTINO-ALTO ADIGE,BOLZANO,1.00,DIVORZIO,"1,366.00",0,0,"1,219.00",0,0,765.00,393.00,47.00,89.24%
TRENTINO-ALTO ADIGE,BOLZANO,1.00,DIVORZIO,797.00,0,0,726.00,0,0,332.00,372.00,17.00,91.09%
TRENTINO-ALTO ADIGE,BOLZANO,1.00,DIVORZIO,"1,235.00",0,0,"1,118.00",0,0,919.00,167.00,25.00,90.53%
TRENTINO-ALTO ADIGE,BOLZANO,1.00,DIVORZIO,"1,202.00",0,0,"1,033.00",0,0,693.00,301.00,28.00,85.94%
TRENTINO-ALTO ADIGE,BOLZANO,1.00,DIVORZIO,635.00,0,0,565.00,0,0,260.00,276.00,19.00,88.98%
TRENTINO-ALTO ADIGE,BOLZANO,1.00,DIVORZIO,490.00,0,0,418.00,0,0,240.00,157.00,16.00,85.31%
TRENTINO-ALTO ADIGE,BOLZANO,1.00,DIVORZIO,"2,209.00",0,0,"1,922.00",0,0,"1,043.00",801.00,63.00,87.01%
TRENTINO-ALTO ADIGE,BOLZANO,1.00,DIVORZIO,"2,189.00",0,0,"1,951.00",0,0,"1,003.00",898.00,36.00,89.13%
TRENTINO-ALTO ADIGE,BOLZANO,1.00,DIVORZIO,"1,113.00",0,0,"1,013.00",0,0,779.00,201.00,27.00,91.02%
TRENTINO-ALTO ADIGE,BOLZANO,1.00,DIVORZIO,"6,821.00",0,0,"6,219.00",0,0,"2,149.00","3,914.00",109.00,91.17%
TRENTINO-ALTO ADIGE,BOLZANO,1.00,DIVORZIO,"4,478.00",0,0,"3,925.00",0,0,"2,061.00","1,712.00",123.00,87.65%
TRENTINO-ALTO ADIGE,BOLZANO,1.00,DIVORZIO,"2,069.00",0,0,"1,747.00",0,0,"1,079.00",613.00,41.00,84.44%
TRENTINO-ALTO ADIGE,BOLZANO,1.00,DIVORZIO,266.00,0,0,230.00,0,0,190.00,27.00,8.00,86.47%
TRENTINO-ALTO ADIGE,BOLZANO,1.00,DIVORZIO,590.00,0,0,538.00,0,0,483.00,44.00,8.00,91.19%
TRENTINO-ALTO ADIGE,BOLZANO,1.00,DIVORZIO,771.00,0,0,647.00,0,0,448.00,162.00,33.00,83.92%
TRENTINO-ALTO ADIGE,BOLZANO,1.00,DIVORZIO,650.00,0,0,592.00,0,0,286.00,282.00,18.00,91.08%
TRENTINO-ALTO ADIGE,BOLZANO,1.00,DIVORZIO,"2,865.00",0,0,"2,339.00",0,0,"1,523.00",745.00,51.00,81.64%
TRENTINO-ALTO ADIGE,BOLZANO,1.00,DIVORZIO,"1,473.00",0,0,"1,317.00",0,0,"1,043.00",242.00,23.00,89.41%
TRENTINO-ALTO ADIGE,BOLZANO,1.00,DIVORZIO,"1,416.00",0,0,"1,255.00",0,0,607.00,600.00,41.00,88.63%
TRENTINO-ALTO ADIGE,BOLZANO,1.00,DIVORZIO,533.00,0,0,414.00,0,0,226.00,149.00,34.00,77.67%
TRENTINO-ALTO ADIGE,BOLZANO,1.00,DIVORZIO,660.00,0,0,551.00,0,0,451.00,88.00,7.00,83.48%
TRENTINO-ALTO ADIGE,BOLZANO,1.00,DIVORZIO,"23,432.00",0,0,"21,059.00",0,0,"6,439.00","14,082.00",355.00,89.87%
TRENTINO-ALTO ADIGE,BOLZANO,1.00,DIVORZIO,"1,452.00",0,0,"1,283.00",0,0,862.00,380.00,29.00,88.36%
TRENTINO-ALTO ADIGE,BOLZANO,1.00,DIVORZIO,841.00,0,0,748.00,0,0,439.00,287.00,20.00,88.94%
TRENTINO-ALTO ADIGE,BOLZANO,1.00,DIVORZIO,"1,154.00",0,0,"1,002.00",0,0,829.00,144.00,23.00,86.83%
TRENTINO-ALTO ADIGE,BOLZANO,1.00,DIVORZIO,783.00,0,0,706.00,0,0,425.00,263.00,15.00,90.17%
TRENTINO-ALTO ADIGE,BOLZANO,1.00,DIVORZIO,"2,305.00",0,0,"1,973.00",0,0,"1,065.00",822.00,71.00,85.60%
TRENTINO-ALTO ADIGE,BOLZANO,1.00,DIVORZIO,724.00,0,0,646.00,0,0,448.00,185.00,10.00,89.23%
TRENTINO-ALTO ADIGE,BOLZANO,1.00,DIVORZIO,969.00,0,0,869.00,0,0,582.00,238.00,46.00,89.68%
TRENTINO-ALTO ADIGE,BOLZANO,1.00,DIVORZIO,"1,811.00",0,0,"1,634.00",0,0,"1,195.00",394.00,42.00,90.23%
TRENTINO-ALTO ADIGE,BOLZANO,1.00,DIVORZIO,"1,474.00",0,0,"1,372.00",0,0,574.00,731.00,51.00,93.08%
TRENTINO-ALTO ADIGE,BOLZANO,1.00,DIVORZIO,"2,520.00",0,0,"2,236.00",0,0,"1,242.00",857.00,116.00,88.73%
TRENTINO-ALTO ADIGE,BOLZANO,1.00,DIVORZIO,"1,482.00",0,0,"1,337.00",0,0,765.00,524.00,35.00,90.22%
TRENTINO-ALTO ADIGE,BOLZANO,1.00,DIVORZIO,535.00,0,0,487.00,0,0,396.00,83.00,6.00,91.03%
TRENTINO-ALTO ADIGE,BOLZANO,1.00,DIVORZIO,168.00,0,0,155.00,0,0,92.00,55.00,6.00,92.26%
TRENTINO-ALTO ADIGE,BOLZANO,1.00,DIVORZIO,142.00,0,0,127.00,0,0,52.00,70.00,3.00,89.44%
TRENTINO-ALTO ADIGE,BOLZANO,1.00,DIVORZIO,750.00,0,0,691.00,0,0,323.00,351.00,13.00,92.13%
TRENTINO-ALTO ADIGE,BOLZANO,1.00,DIVORZIO,"1,726.00",0,0,"1,307.00",0,0,806.00,452.00,40.00,75.72%
TRENTINO-ALTO ADIGE,BOLZANO,1.00,DIVORZIO,423.00,0,0,378.00,0,0,208.00,120.00,43.00,89.36%
TRENTINO-ALTO ADIGE,BOLZANO,1.00,DIVORZIO,209.00,0,0,177.00,0,0,132.00,27.00,17.00,84.69%
TRENTINO-ALTO ADIGE,BOLZANO,1.00,DIVORZIO,"1,848.00",0,0,"1,680.00",0,0,"1,244.00",369.00,49.00,90.91%
TRENTINO-ALTO ADIGE,BOLZANO,1.00,DIVORZIO,"1,348.00",0,0,"1,169.00",0,0,836.00,283.00,40.00,86.72%
TRENTINO-ALTO ADIGE,BOLZANO,1.00,DIVORZIO,"3,053.00",0,0,"2,760.00",0,0,"1,801.00",868.00,68.00,90.40%
TRENTINO-ALTO ADIGE,BOLZANO,1.00,DIVORZIO,529.00,0,0,464.00,0,0,281.00,171.00,11.00,87.71%
TRENTINO-ALTO ADIGE,BOLZANO,1.00,DIVORZIO,"1,270.00",0,0,"1,115.00",0,0,767.00,301.00,38.00,87.80%
TRENTINO-ALTO ADIGE,BOLZANO,1.00,DIVORZIO,548.00,0,0,494.00,0,0,375.00,85.00,26.00,90.15%
TRENTINO-ALTO ADIGE,BOLZANO,1.00,DIVORZIO,"1,819.00",0,0,"1,611.00",0,0,637.00,898.00,60.00,88.57%
TRENTINO-ALTO ADIGE,BOLZANO,1.00,DIVORZIO,"1,895.00",0,0,"1,790.00",0,0,"1,019.00",722.00,37.00,94.46%
TRENTINO-ALTO ADIGE,BOLZANO,1.00,DIVORZIO,"1,192.00",0,0,"1,116.00",0,0,807.00,274.00,20.00,93.62%
TRENTINO-ALTO ADIGE,BOLZANO,1.00,DIVORZIO,"1,631.00",0,0,"1,397.00",0,0,"1,001.00",358.00,27.00,85.65%
TRENTINO-ALTO ADIGE,BOLZANO,1.00,DIVORZIO,"1,577.00",0,0,"1,415.00",0,0,"1,001.00",355.00,41.00,89.73%
TRENTINO-ALTO ADIGE,BOLZANO,1.00,DIVORZIO,824.00,0,0,733.00,0,0,623.00,87.00,15.00,88.96%
TRENTINO-ALTO ADIGE,BOLZANO,1.00,DIVORZIO,"1,382.00",0,0,"1,205.00",0,0,848.00,329.00,16.00,87.19%
TRENTINO-ALTO ADIGE,BOLZANO,1.00,DIVORZIO,"1,106.00",0,0,910.00,0,0,518.00,342.00,43.00,82.28%
TRENTINO-ALTO ADIGE,BOLZANO,1.00,DIVORZIO,919.00,0,0,844.00,0,0,559.00,241.00,42.00,91.84%
TRENTINO-ALTO ADIGE,BOLZANO,1.00,DIVORZIO,"3,557.00",0,0,"3,110.00",0,0,"2,319.00",658.00,83.00,87.43%
TRENTINO-ALTO ADIGE,BOLZANO,1.00,DIVORZIO,"1,344.00",0,0,"1,206.00",0,0,655.00,480.00,55.00,89.73%
TRENTINO-ALTO ADIGE,BOLZANO,1.00,DIVORZIO,820.00,0,0,719.00,0,0,624.00,83.00,5.00,87.68%
TRENTINO-ALTO ADIGE,BOLZANO,1.00,DIVORZIO,"1,244.00",0,0,"1,146.00",0,0,732.00,394.00,16.00,92.12%
TRENTINO-ALTO ADIGE,BOLZANO,1.00,DIVORZIO,232.00,0,0,206.00,0,0,106.00,77.00,17.00,88.79%
TRENTINO-ALTO ADIGE,BOLZANO,1.00,DIVORZIO,762.00,0,0,681.00,0,0,530.00,135.00,14.00,89.37%
TRENTINO-ALTO ADIGE,BOLZANO,1.00,DIVORZIO,222.00,0,0,193.00,0,0,145.00,37.00,6.00,86.94%
TRENTINO-ALTO ADIGE,BOLZANO,1.00,DIVORZIO,"1,059.00",0,0,896.00,0,0,657.00,202.00,28.00,84.61%
TRENTINO-ALTO ADIGE,BOLZANO,1.00,DIVORZIO,"2,915.00",0,0,"2,564.00",0,0,"1,392.00","1,085.00",65.00,87.96%
TRENTINO-ALTO ADIGE,BOLZANO,1.00,DIVORZIO,944.00,0,0,792.00,0,0,443.00,305.00,32.00,83.90%
TRENTINO-ALTO ADIGE,BOLZANO,1.00,DIVORZIO,920.00,0,0,757.00,0,0,430.00,281.00,37.00,82.28%
TRENTINO-ALTO ADIGE,BOLZANO,1.00,DIVORZIO,620.00,0,0,561.00,0,0,455.00,84.00,20.00,90.48%
TRENTINO-ALTO ADIGE,BOLZANO,1.00,DIVORZIO,"1,843.00",0,0,"1,680.00",0,0,854.00,746.00,76.00,91.16%
TRENTINO-ALTO ADIGE,BOLZANO,1.00,DIVORZIO,"1,822.00",0,0,"1,669.00",0,0,"1,075.00",545.00,43.00,91.60%
TRENTINO-ALTO ADIGE,BOLZANO,1.00,DIVORZIO,"1,060.00",0,0,961.00,0,0,675.00,238.00,36.00,90.66%
TRENTINO-ALTO ADIGE,BOLZANO,1.00,DIVORZIO,531.00,0,0,468.00,0,0,230.00,199.00,35.00,88.14%
TRENTINO-ALTO ADIGE,BOLZANO,1.00,DIVORZIO,"1,240.00",0,0,"1,063.00",0,0,541.00,495.00,16.00,85.73%
TRENTINO-ALTO ADIGE,BOLZANO,1.00,DIVORZIO,646.00,0,0,550.00,0,0,293.00,232.00,18.00,85.14%
TRENTINO-ALTO ADIGE,BOLZANO,1.00,DIVORZIO,665.00,0,0,498.00,0,0,281.00,202.00,12.00,74.89%
TRENTINO-ALTO ADIGE,BOLZANO,1.00,DIVORZIO,"1,807.00",0,0,"1,549.00",0,0,"1,190.00",313.00,35.00,85.72%
TRENTINO-ALTO ADIGE,BOLZANO,1.00,DIVORZIO,377.00,0,0,340.00,0,0,164.00,163.00,10.00,90.19%
TRENTINO-ALTO ADIGE,BOLZANO,1.00,DIVORZIO,"1,266.00",0,0,"1,134.00",0,0,769.00,305.00,52.00,89.57%
TRENTINO-ALTO ADIGE,BOLZANO,1.00,DIVORZIO,"1,436.00",0,0,"1,264.00",0,0,687.00,478.00,78.00,88.02%
TRENTINO-ALTO ADIGE,BOLZANO,1.00,DIVORZIO,"2,767.00",0,0,"2,289.00",0,0,"1,658.00",512.00,94.00,82.72%
TRENTINO-ALTO ADIGE,BOLZANO,1.00,DIVORZIO,"1,070.00",0,0,990.00,0,0,901.00,78.00,9.00,92.52%
TRENTINO-ALTO ADIGE,BOLZANO,1.00,DIVORZIO,"1,557.00",0,0,"1,395.00",0,0,984.00,330.00,58.00,89.60%
TRENTINO-ALTO ADIGE,BOLZANO,1.00,DIVORZIO,"1,661.00",0,0,"1,580.00",0,0,876.00,633.00,58.00,95.12%
TRENTINO-ALTO ADIGE,BOLZANO,1.00,DIVORZIO,970.00,0,0,877.00,0,0,709.00,144.00,16.00,90.41%
TRENTINO-ALTO ADIGE,BOLZANO,1.00,DIVORZIO,377.00,0,0,351.00,0,0,313.00,32.00,4.00,93.10%
TRENTINO-ALTO ADIGE,BOLZANO,1.00,DIVORZIO,779.00,0,0,699.00,0,0,427.00,244.00,22.00,89.73%
TRENTINO-ALTO ADIGE,BOLZANO,1.00,DIVORZIO,930.00,0,0,884.00,0,0,694.00,126.00,18.00,95.05%
TRENTINO-ALTO ADIGE,BOLZANO,1.00,DIVORZIO,"3,070.00",0,0,"2,764.00",0,0,"1,238.00","1,367.00",126.00,90.03%
LOMBARDIA,BRESCIA,1.00,DIVORZIO,801.00,0,0,752.00,0,0,345.00,378.00,24.00,93.88%
LOMBARDIA,BRESCIA,1.00,DIVORZIO,"3,662.00",0,0,"3,468.00",0,0,"2,152.00","1,238.00",52.00,94.70%
LOMBARDIA,BRESCIA,1.00,DIVORZIO,"1,103.00",0,0,"1,027.00",0,0,612.00,390.00,14.00,93.11%
LOMBARDIA,BRESCIA,1.00,DIVORZIO,"1,434.00",0,0,"1,352.00",0,0,869.00,443.00,20.00,94.28%
LOMBARDIA,BRESCIA,1.00,DIVORZIO,376.00,0,0,326.00,0,0,205.00,117.00,3.00,86.70%
LOMBARDIA,BRESCIA,1.00,DIVORZIO,"1,760.00",0,0,"1,494.00",0,0,825.00,626.00,29.00,84.89%
LOMBARDIA,BRESCIA,1.00,DIVORZIO,"1,662.00",0,0,"1,367.00",0,0,719.00,602.00,24.00,82.25%
LOMBARDIA,BRESCIA,1.00,DIVORZIO,963.00,0,0,908.00,0,0,546.00,336.00,23.00,94.29%
LOMBARDIA,BRESCIA,1.00,DIVORZIO,"6,973.00",0,0,"6,585.00",0,0,"3,285.00","3,159.00",103.00,94.44%
LOMBARDIA,BRESCIA,1.00,DIVORZIO,"2,891.00",0,0,"2,439.00",0,0,"1,489.00",884.00,40.00,84.37%
LOMBARDIA,BRESCIA,1.00,DIVORZIO,"1,162.00",0,0,"1,123.00",0,0,802.00,292.00,17.00,96.64%
LOMBARDIA,BRESCIA,1.00,DIVORZIO,611.00,0,0,584.00,0,0,346.00,224.00,9.00,95.58%
LOMBARDIA,BRESCIA,1.00,DIVORZIO,932.00,0,0,882.00,0,0,674.00,187.00,17.00,94.64%
LOMBARDIA,BRESCIA,1.00,DIVORZIO,"4,268.00",0,0,"3,943.00",0,0,"1,896.00","1,927.00",84.00,92.39%
LOMBARDIA,BRESCIA,1.00,DIVORZIO,935.00,0,0,897.00,0,0,639.00,235.00,10.00,95.94%
LOMBARDIA,BRESCIA,1.00,DIVORZIO,"1,135.00",0,0,"1,002.00",0,0,558.00,423.00,16.00,88.28%
LOMBARDIA,BRESCIA,1.00,DIVORZIO,"1,043.00",0,0,868.00,0,0,572.00,280.00,8.00,83.22%
LOMBARDIA,BRESCIA,1.00,DIVORZIO,"2,293.00",0,0,"1,956.00",0,0,"1,277.00",635.00,31.00,85.30%
LOMBARDIA,BRESCIA,1.00,DIVORZIO,788.00,0,0,716.00,0,0,386.00,301.00,23.00,90.86%
LOMBARDIA,BRESCIA,1.00,DIVORZIO,"3,043.00",0,0,"2,860.00",0,0,"1,683.00","1,084.00",57.00,93.99%
LOMBARDIA,BRESCIA,1.00,DIVORZIO,"3,923.00",0,0,"3,726.00",0,0,"1,717.00","1,896.00",78.00,94.98%
LOMBARDIA,BRESCIA,1.00,DIVORZIO,"1,739.00",0,0,"1,424.00",0,0,872.00,512.00,30.00,81.89%
LOMBARDIA,BRESCIA,1.00,DIVORZIO,"5,240.00",0,0,"4,970.00",0,0,"2,307.00","2,541.00",90.00,94.85%
LOMBARDIA,BRESCIA,1.00,DIVORZIO,"1,742.00",0,0,"1,504.00",0,0,699.00,761.00,20.00,86.34%
LOMBARDIA,BRESCIA,1.00,DIVORZIO,"2,465.00",0,0,"2,368.00",0,0,948.00,"1,358.00",43.00,96.06%
LOMBARDIA,BRESCIA,1.00,DIVORZIO,492.00,0,0,465.00,0,0,324.00,132.00,4.00,94.51%
LOMBARDIA,BRESCIA,1.00,DIVORZIO,377.00,0,0,310.00,0,0,141.00,156.00,11.00,82.23%
LOMBARDIA,BRESCIA,1.00,DIVORZIO,"3,648.00",0,0,"3,430.00",0,0,"1,743.00","1,586.00",72.00,94.02%
LOMBARDIA,BRESCIA,1.00,DIVORZIO,"147,152.00",0,0,"139,734.00",0,0,"52,464.00","84,911.00","1,579.00",94.96%
LOMBARDIA,BRESCIA,1.00,DIVORZIO,282.00,0,0,256.00,0,0,158.00,90.00,3.00,90.78%
LOMBARDIA,BRESCIA,1.00,DIVORZIO,936.00,0,0,883.00,0,0,564.00,287.00,24.00,94.34%
LOMBARDIA,BRESCIA,1.00,DIVORZIO,"4,963.00",0,0,"4,678.00",0,0,"2,181.00","2,405.00",63.00,94.26%
LOMBARDIA,BRESCIA,1.00,DIVORZIO,"1,241.00",0,0,"1,126.00",0,0,651.00,444.00,20.00,90.73%
LOMBARDIA,BRESCIA,1.00,DIVORZIO,"3,787.00",0,0,"3,606.00",0,0,"2,079.00","1,436.00",49.00,95.22%
LOMBARDIA,BRESCIA,1.00,DIVORZIO,"1,687.00",0,0,"1,506.00",0,0,933.00,518.00,37.00,89.27%
LOMBARDIA,BRESCIA,1.00,DIVORZIO,476.00,0,0,342.00,0,0,202.00,118.00,19.00,71.85%
LOMBARDIA,BRESCIA,1.00,DIVORZIO,"1,647.00",0,0,"1,588.00",0,0,848.00,704.00,19.00,96.42%
LOMBARDIA,BRESCIA,1.00,DIVORZIO,"4,021.00",0,0,"3,864.00",0,0,"2,502.00","1,287.00",50.00,96.10%
LOMBARDIA,BRESCIA,1.00,DIVORZIO,"5,612.00",0,0,"5,331.00",0,0,"2,436.00","2,734.00",125.00,94.99%
LOMBARDIA,BRESCIA,1.00,DIVORZIO,"2,784.00",0,0,"2,665.00",0,0,"1,499.00","1,096.00",43.00,95.73%
LOMBARDIA,BRESCIA,1.00,DIVORZIO,"2,058.00",0,0,"1,952.00",0,0,"1,252.00",661.00,9.00,94.85%
LOMBARDIA,BRESCIA,1.00,DIVORZIO,"2,162.00",0,0,"2,038.00",0,0,824.00,"1,148.00",42.00,94.26%
LOMBARDIA,BRESCIA,1.00,DIVORZIO,"5,208.00",0,0,"4,912.00",0,0,"2,050.00","2,748.00",89.00,94.32%
LOMBARDIA,BRESCIA,1.00,DIVORZIO,941.00,0,0,885.00,0,0,647.00,219.00,13.00,94.05%
LOMBARDIA,BRESCIA,1.00,DIVORZIO,"2,504.00",0,0,"2,448.00",0,0,"1,544.00",725.00,28.00,97.76%
LOMBARDIA,BRESCIA,1.00,DIVORZIO,"4,760.00",0,0,"4,535.00",0,0,"2,830.00","1,602.00",55.00,95.27%
LOMBARDIA,BRESCIA,1.00,DIVORZIO,"1,103.00",0,0,"1,007.00",0,0,516.00,469.00,17.00,91.30%
LOMBARDIA,BRESCIA,1.00,DIVORZIO,"2,156.00",0,0,"2,074.00",0,0,"1,042.00",973.00,37.00,96.20%
LOMBARDIA,BRESCIA,1.00,DIVORZIO,436.00,0,0,377.00,0,0,159.00,211.00,5.00,86.47%
LOMBARDIA,BRESCIA,1.00,DIVORZIO,892.00,0,0,779.00,0,0,354.00,393.00,21.00,87.33%
LOMBARDIA,BRESCIA,1.00,DIVORZIO,"1,080.00",0,0,902.00,0,0,319.00,568.00,11.00,83.52%
LOMBARDIA,BRESCIA,1.00,DIVORZIO,"10,812.00",0,0,"10,460.00",0,0,"6,171.00","4,077.00",116.00,96.74%
LOMBARDIA,BRESCIA,1.00,DIVORZIO,945.00,0,0,909.00,0,0,653.00,240.00,12.00,96.19%
LOMBARDIA,BRESCIA,1.00,DIVORZIO,490.00,0,0,437.00,0,0,291.00,132.00,8.00,89.18%
LOMBARDIA,BRESCIA,1.00,DIVORZIO,"1,563.00",0,0,"1,420.00",0,0,766.00,609.00,31.00,90.85%
LOMBARDIA,BRESCIA,1.00,DIVORZIO,"3,207.00",0,0,"3,047.00",0,0,"1,659.00","1,339.00",26.00,95.01%
LOMBARDIA,BRESCIA,1.00,DIVORZIO,"2,058.00",0,0,"1,953.00",0,0,936.00,946.00,50.00,94.90%
LOMBARDIA,BRESCIA,1.00,DIVORZIO,"1,774.00",0,0,"1,477.00",0,0,648.00,789.00,20.00,83.26%
LOMBARDIA,BRESCIA,1.00,DIVORZIO,"2,936.00",0,0,"2,798.00",0,0,"1,793.00",957.00,29.00,95.30%
LOMBARDIA,BRESCIA,1.00,DIVORZIO,"1,114.00",0,0,"1,076.00",0,0,779.00,271.00,12.00,96.59%
LOMBARDIA,BRESCIA,1.00,DIVORZIO,"6,213.00",0,0,"5,938.00",0,0,"2,787.00","2,996.00",112.00,95.57%
LOMBARDIA,BRESCIA,1.00,DIVORZIO,"2,656.00",0,0,"2,513.00",0,0,"1,384.00","1,062.00",41.00,94.62%
LOMBARDIA,BRESCIA,1.00,DIVORZIO,"1,449.00",0,0,"1,234.00",0,0,932.00,281.00,15.00,85.16%
LOMBARDIA,BRESCIA,1.00,DIVORZIO,639.00,0,0,620.00,0,0,463.00,145.00,9.00,97.03%
LOMBARDIA,BRESCIA,1.00,DIVORZIO,"8,091.00",0,0,"7,478.00",0,0,"3,590.00","3,704.00",145.00,92.42%
LOMBARDIA,BRESCIA,1.00,DIVORZIO,"2,254.00",0,0,"2,139.00",0,0,"1,627.00",455.00,25.00,94.90%
LOMBARDIA,BRESCIA,1.00,DIVORZIO,"12,951.00",0,0,"12,251.00",0,0,"4,493.00","7,518.00",165.00,94.60%
LOMBARDIA,BRESCIA,1.00,DIVORZIO,"2,988.00",0,0,"2,493.00",0,0,"1,193.00","1,227.00",46.00,83.43%
LOMBARDIA,BRESCIA,1.00,DIVORZIO,"3,401.00",0,0,"3,213.00",0,0,"2,140.00",996.00,47.00,94.47%
LOMBARDIA,BRESCIA,1.00,DIVORZIO,"2,446.00",0,0,"2,067.00",0,0,"1,094.00",929.00,33.00,84.51%
LOMBARDIA,BRESCIA,1.00,DIVORZIO,"1,210.00",0,0,"1,157.00",0,0,470.00,655.00,23.00,95.62%
LOMBARDIA,BRESCIA,1.00,DIVORZIO,"2,563.00",0,0,"2,458.00",0,0,970.00,"1,421.00",49.00,95.90%
LOMBARDIA,BRESCIA,1.00,DIVORZIO,"2,816.00",0,0,"2,664.00",0,0,"1,183.00","1,414.00",39.00,94.60%
LOMBARDIA,BRESCIA,1.00,DIVORZIO,"1,938.00",0,0,"1,804.00",0,0,661.00,"1,095.00",27.00,93.09%
LOMBARDIA,BRESCIA,1.00,DIVORZIO,"8,072.00",0,0,"7,720.00",0,0,"3,325.00","4,251.00",107.00,95.64%
LOMBARDIA,BRESCIA,1.00,DIVORZIO,"2,551.00",0,0,"2,290.00",0,0,966.00,"1,273.00",33.00,89.77%
LOMBARDIA,BRESCIA,1.00,DIVORZIO,"5,784.00",0,0,"5,596.00",0,0,"3,229.00","2,234.00",73.00,96.75%
LOMBARDIA,BRESCIA,1.00,DIVORZIO,"7,592.00",0,0,"7,259.00",0,0,"3,229.00","3,857.00",115.00,95.61%
LOMBARDIA,BRESCIA,1.00,DIVORZIO,"1,000.00",0,0,841.00,0,0,408.00,413.00,14.00,84.10%
LOMBARDIA,BRESCIA,1.00,DIVORZIO,"2,847.00",0,0,"2,720.00",0,0,"1,388.00","1,275.00",39.00,95.54%
LOMBARDIA,BRESCIA,1.00,DIVORZIO,"6,259.00",0,0,"6,028.00",0,0,"3,143.00","2,745.00",95.00,96.31%
LOMBARDIA,BRESCIA,1.00,DIVORZIO,944.00,0,0,860.00,0,0,428.00,348.00,17.00,91.10%
LOMBARDIA,BRESCIA,1.00,DIVORZIO,394.00,0,0,282.00,0,0,132.00,142.00,7.00,71.57%
LOMBARDIA,BRESCIA,1.00,DIVORZIO,141.00,0,0,128.00,0,0,76.00,46.00,6.00,90.78%
LOMBARDIA,BRESCIA,1.00,DIVORZIO,"5,585.00",0,0,"5,267.00",0,0,"2,353.00","2,783.00",87.00,94.31%
LOMBARDIA,BRESCIA,1.00,DIVORZIO,"1,745.00",0,0,"1,669.00",0,0,984.00,644.00,27.00,95.64%
LOMBARDIA,BRESCIA,1.00,DIVORZIO,560.00,0,0,487.00,0,0,281.00,182.00,17.00,86.96%
LOMBARDIA,BRESCIA,1.00,DIVORZIO,"6,351.00",0,0,"6,207.00",0,0,"3,587.00","2,482.00",83.00,97.73%
LOMBARDIA,BRESCIA,1.00,DIVORZIO,644.00,0,0,594.00,0,0,301.00,280.00,11.00,92.24%
LOMBARDIA,BRESCIA,1.00,DIVORZIO,768.00,0,0,729.00,0,0,573.00,146.00,3.00,94.92%
LOMBARDIA,BRESCIA,1.00,DIVORZIO,"1,543.00",0,0,"1,456.00",0,0,800.00,627.00,18.00,94.36%
LOMBARDIA,BRESCIA,1.00,DIVORZIO,"7,058.00",0,0,"6,597.00",0,0,"2,938.00","3,460.00",130.00,93.47%
LOMBARDIA,BRESCIA,1.00,DIVORZIO,326.00,0,0,316.00,0,0,240.00,70.00,2.00,96.93%
LOMBARDIA,BRESCIA,1.00,DIVORZIO,499.00,0,0,408.00,0,0,218.00,175.00,9.00,81.76%
LOMBARDIA,BRESCIA,1.00,DIVORZIO,541.00,0,0,441.00,0,0,229.00,186.00,17.00,81.52%
LOMBARDIA,BRESCIA,1.00,DIVORZIO,"14,353.00",0,0,"13,529.00",0,0,"7,236.00","5,993.00",195.00,94.26%
LOMBARDIA,BRESCIA,1.00,DIVORZIO,368.00,0,0,354.00,0,0,211.00,133.00,8.00,96.20%
LOMBARDIA,BRESCIA,1.00,DIVORZIO,298.00,0,0,192.00,0,0,117.00,67.00,2.00,64.43%
LOMBARDIA,BRESCIA,1.00,DIVORZIO,"1,281.00",0,0,"1,219.00",0,0,693.00,501.00,16.00,95.16%
LOMBARDIA,BRESCIA,1.00,DIVORZIO,"1,308.00",0,0,"1,141.00",0,0,585.00,504.00,42.00,87.23%
LOMBARDIA,BRESCIA,1.00,DIVORZIO,"2,215.00",0,0,"1,808.00",0,0,"1,024.00",760.00,19.00,81.63%
LOMBARDIA,BRESCIA,1.00,DIVORZIO,"1,867.00",0,0,"1,713.00",0,0,835.00,826.00,34.00,91.75%
LOMBARDIA,BRESCIA,1.00,DIVORZIO,"7,691.00",0,0,"7,382.00",0,0,"3,838.00","3,303.00",150.00,95.98%
LOMBARDIA,BRESCIA,1.00,DIVORZIO,"2,039.00",0,0,"1,919.00",0,0,992.00,880.00,31.00,94.11%
LOMBARDIA,BRESCIA,1.00,DIVORZIO,545.00,0,0,466.00,0,0,343.00,116.00,1.00,85.50%
LOMBARDIA,BRESCIA,1.00,DIVORZIO,"2,031.00",0,0,"1,865.00",0,0,"1,209.00",615.00,26.00,91.83%
LOMBARDIA,BRESCIA,1.00,DIVORZIO,"4,126.00",0,0,"3,936.00",0,0,"1,909.00","1,925.00",58.00,95.40%
LOMBARDIA,BRESCIA,1.00,DIVORZIO,794.00,0,0,739.00,0,0,440.00,277.00,8.00,93.07%
LOMBARDIA,BRESCIA,1.00,DIVORZIO,789.00,0,0,732.00,0,0,308.00,394.00,14.00,92.78%
LOMBARDIA,BRESCIA,1.00,DIVORZIO,444.00,0,0,349.00,0,0,276.00,62.00,9.00,78.60%
LOMBARDIA,BRESCIA,1.00,DIVORZIO,"1,311.00",0,0,"1,098.00",0,0,622.00,444.00,14.00,83.75%
LOMBARDIA,BRESCIA,1.00,DIVORZIO,"1,240.00",0,0,"1,137.00",0,0,682.00,420.00,24.00,91.69%
LOMBARDIA,BRESCIA,1.00,DIVORZIO,"9,238.00",0,0,"8,788.00",0,0,"4,505.00","4,044.00",144.00,95.13%
LOMBARDIA,BRESCIA,1.00,DIVORZIO,"1,420.00",0,0,"1,355.00",0,0,548.00,779.00,17.00,95.42%
LOMBARDIA,BRESCIA,1.00,DIVORZIO,521.00,0,0,425.00,0,0,331.00,84.00,4.00,81.57%
LOMBARDIA,BRESCIA,1.00,DIVORZIO,808.00,0,0,743.00,0,0,497.00,223.00,13.00,91.96%
LOMBARDIA,BRESCIA,1.00,DIVORZIO,"5,290.00",0,0,"5,020.00",0,0,"2,339.00","2,552.00",87.00,94.90%
LOMBARDIA,BRESCIA,1.00,DIVORZIO,887.00,0,0,747.00,0,0,399.00,331.00,11.00,84.22%
LOMBARDIA,BRESCIA,1.00,DIVORZIO,"1,712.00",0,0,"1,597.00",0,0,950.00,589.00,30.00,93.28%
LOMBARDIA,BRESCIA,1.00,DIVORZIO,"1,669.00",0,0,"1,586.00",0,0,865.00,644.00,52.00,95.03%
LOMBARDIA,BRESCIA,1.00,DIVORZIO,"1,267.00",0,0,"1,180.00",0,0,694.00,443.00,30.00,93.13%
LOMBARDIA,BRESCIA,1.00,DIVORZIO,"1,853.00",0,0,"1,766.00",0,0,"1,188.00",531.00,24.00,95.30%
LOMBARDIA,BRESCIA,1.00,DIVORZIO,"1,567.00",0,0,"1,459.00",0,0,802.00,592.00,44.00,93.11%
LOMBARDIA,BRESCIA,1.00,DIVORZIO,533.00,0,0,498.00,0,0,279.00,197.00,19.00,93.43%
LOMBARDIA,BRESCIA,1.00,DIVORZIO,"6,428.00",0,0,"6,258.00",0,0,"3,512.00","2,610.00",81.00,97.36%
LOMBARDIA,BRESCIA,1.00,DIVORZIO,"1,399.00",0,0,"1,340.00",0,0,736.00,579.00,20.00,95.78%
LOMBARDIA,BRESCIA,1.00,DIVORZIO,"4,999.00",0,0,"4,726.00",0,0,"2,693.00","1,947.00",44.00,94.54%
LOMBARDIA,BRESCIA,1.00,DIVORZIO,874.00,0,0,720.00,0,0,399.00,296.00,16.00,82.38%
LOMBARDIA,BRESCIA,1.00,DIVORZIO,"1,500.00",0,0,"1,353.00",0,0,568.00,741.00,29.00,90.20%
LOMBARDIA,BRESCIA,1.00,DIVORZIO,"1,577.00",0,0,"1,516.00",0,0,909.00,568.00,24.00,96.13%
LOMBARDIA,BRESCIA,1.00,DIVORZIO,424.00,0,0,379.00,0,0,272.00,88.00,15.00,89.39%
LOMBARDIA,BRESCIA,1.00,DIVORZIO,823.00,0,0,714.00,0,0,425.00,258.00,22.00,86.76%
LOMBARDIA,BRESCIA,1.00,DIVORZIO,"11,375.00",0,0,"10,761.00",0,0,"5,750.00","4,787.00",160.00,94.60%
LOMBARDIA,BRESCIA,1.00,DIVORZIO,"1,839.00",0,0,"1,649.00",0,0,956.00,650.00,25.00,89.67%
LOMBARDIA,BRESCIA,1.00,DIVORZIO,560.00,0,0,496.00,0,0,356.00,125.00,11.00,88.57%
LOMBARDIA,BRESCIA,1.00,DIVORZIO,"2,913.00",0,0,"2,761.00",0,0,"1,497.00","1,178.00",55.00,94.78%
LOMBARDIA,BRESCIA,1.00,DIVORZIO,"1,441.00",0,0,"1,369.00",0,0,795.00,547.00,15.00,95.00%
LOMBARDIA,BRESCIA,1.00,DIVORZIO,560.00,0,0,452.00,0,0,343.00,105.00,4.00,80.71%
LOMBARDIA,BRESCIA,1.00,DIVORZIO,648.00,0,0,493.00,0,0,358.00,122.00,7.00,76.08%
LOMBARDIA,BRESCIA,1.00,DIVORZIO,"1,027.00",0,0,852.00,0,0,364.00,463.00,14.00,82.96%
LOMBARDIA,BRESCIA,1.00,DIVORZIO,"1,779.00",0,0,"1,571.00",0,0,723.00,787.00,49.00,88.31%
LOMBARDIA,BRESCIA,1.00,DIVORZIO,"2,232.00",0,0,"1,882.00",0,0,822.00,990.00,58.00,84.32%
LOMBARDIA,BRESCIA,1.00,DIVORZIO,"5,028.00",0,0,"4,558.00",0,0,"2,256.00","2,183.00",79.00,90.65%
LOMBARDIA,BRESCIA,1.00,DIVORZIO,"1,109.00",0,0,"1,040.00",0,0,670.00,333.00,22.00,93.78%
LOMBARDIA,BRESCIA,1.00,DIVORZIO,893.00,0,0,827.00,0,0,422.00,374.00,16.00,92.61%
LOMBARDIA,BRESCIA,1.00,DIVORZIO,"1,586.00",0,0,"1,531.00",0,0,"1,165.00",341.00,18.00,96.53%
LOMBARDIA,BRESCIA,1.00,DIVORZIO,"1,747.00",0,0,"1,678.00",0,0,808.00,833.00,25.00,96.05%
LOMBARDIA,BRESCIA,1.00,DIVORZIO,"1,446.00",0,0,"1,273.00",0,0,706.00,529.00,25.00,88.04%
LOMBARDIA,BRESCIA,1.00,DIVORZIO,"4,270.00",0,0,"3,999.00",0,0,"2,139.00","1,777.00",43.00,93.65%
LOMBARDIA,BRESCIA,1.00,DIVORZIO,"3,388.00",0,0,"3,222.00",0,0,"1,956.00","1,199.00",44.00,95.10%
LOMBARDIA,BRESCIA,1.00,DIVORZIO,"1,775.00",0,0,"1,678.00",0,0,776.00,859.00,27.00,94.54%
LOMBARDIA,BRESCIA,1.00,DIVORZIO,"1,881.00",0,0,"1,756.00",0,0,810.00,900.00,22.00,93.35%
LOMBARDIA,BRESCIA,1.00,DIVORZIO,877.00,0,0,775.00,0,0,548.00,208.00,11.00,88.37%
LOMBARDIA,BRESCIA,1.00,DIVORZIO,495.00,0,0,310.00,0,0,175.00,121.00,6.00,62.63%
LOMBARDIA,BRESCIA,1.00,DIVORZIO,"2,323.00",0,0,"2,124.00",0,0,"1,165.00",896.00,42.00,91.43%
LOMBARDIA,BRESCIA,1.00,DIVORZIO,"2,918.00",0,0,"2,783.00",0,0,"1,422.00","1,283.00",51.00,95.37%
LOMBARDIA,BRESCIA,1.00,DIVORZIO,555.00,0,0,525.00,0,0,327.00,157.00,29.00,94.59%
LOMBARDIA,BRESCIA,1.00,DIVORZIO,"1,042.00",0,0,937.00,0,0,492.00,390.00,26.00,89.92%
LOMBARDIA,BRESCIA,1.00,DIVORZIO,"3,718.00",0,0,"3,539.00",0,0,"1,818.00","1,618.00",70.00,95.19%
LOMBARDIA,BRESCIA,1.00,DIVORZIO,"1,889.00",0,0,"1,804.00",0,0,991.00,770.00,27.00,95.50%
LOMBARDIA,BRESCIA,1.00,DIVORZIO,"6,122.00",0,0,"5,763.00",0,0,"2,575.00","3,048.00",106.00,94.14%
LOMBARDIA,BRESCIA,1.00,DIVORZIO,"1,677.00",0,0,"1,617.00",0,0,"1,204.00",374.00,18.00,96.42%
LOMBARDIA,BRESCIA,1.00,DIVORZIO,"2,560.00",0,0,"2,440.00",0,0,"1,365.00",997.00,47.00,95.31%
LOMBARDIA,BRESCIA,1.00,DIVORZIO,"2,401.00",0,0,"2,228.00",0,0,831.00,"1,336.00",51.00,92.79%
LOMBARDIA,BRESCIA,1.00,DIVORZIO,"2,905.00",0,0,"2,769.00",0,0,"1,194.00","1,525.00",35.00,95.32%
LOMBARDIA,BRESCIA,1.00,DIVORZIO,"8,664.00",0,0,"8,329.00",0,0,"4,725.00","3,405.00",108.00,96.13%
LOMBARDIA,BRESCIA,1.00,DIVORZIO,"1,970.00",0,0,"1,909.00",0,0,"1,372.00",505.00,17.00,96.90%
LOMBARDIA,BRESCIA,1.00,DIVORZIO,"1,642.00",0,0,"1,536.00",0,0,926.00,560.00,34.00,93.54%
LOMBARDIA,BRESCIA,1.00,DIVORZIO,"2,022.00",0,0,"1,733.00",0,0,910.00,770.00,37.00,85.71%
LOMBARDIA,BRESCIA,1.00,DIVORZIO,"7,385.00",0,0,"6,844.00",0,0,"2,554.00","4,124.00",117.00,92.67%
LOMBARDIA,BRESCIA,1.00,DIVORZIO,"1,575.00",0,0,"1,462.00",0,0,814.00,602.00,31.00,92.83%
LOMBARDIA,BRESCIA,1.00,DIVORZIO,918.00,0,0,861.00,0,0,596.00,234.00,21.00,93.79%
LOMBARDIA,BRESCIA,1.00,DIVORZIO,"1,919.00",0,0,"1,845.00",0,0,"1,301.00",508.00,19.00,96.14%
LOMBARDIA,BRESCIA,1.00,DIVORZIO,"1,675.00",0,0,"1,601.00",0,0,693.00,872.00,27.00,95.58%
LOMBARDIA,BRESCIA,1.00,DIVORZIO,"6,531.00",0,0,"6,199.00",0,0,"3,002.00","3,058.00",92.00,94.92%
LOMBARDIA,BRESCIA,1.00,DIVORZIO,"1,102.00",0,0,923.00,0,0,440.00,467.00,9.00,83.76%
LOMBARDIA,BRESCIA,1.00,DIVORZIO,956.00,0,0,823.00,0,0,420.00,368.00,21.00,86.09%
LOMBARDIA,BRESCIA,1.00,DIVORZIO,"1,248.00",0,0,"1,157.00",0,0,746.00,370.00,28.00,92.71%
LOMBARDIA,BRESCIA,1.00,DIVORZIO,"1,807.00",0,0,"1,664.00",0,0,"1,028.00",581.00,25.00,92.09%
LOMBARDIA,BRESCIA,1.00,DIVORZIO,"2,571.00",0,0,"2,429.00",0,0,941.00,"1,441.00",34.00,94.48%
LOMBARDIA,BRESCIA,1.00,DIVORZIO,366.00,0,0,346.00,0,0,150.00,190.00,6.00,94.54%
LOMBARDIA,BRESCIA,1.00,DIVORZIO,"1,015.00",0,0,868.00,0,0,517.00,333.00,9.00,85.52%
LOMBARDIA,BRESCIA,1.00,DIVORZIO,868.00,0,0,777.00,0,0,401.00,351.00,15.00,89.52%
LOMBARDIA,BRESCIA,1.00,DIVORZIO,948.00,0,0,900.00,0,0,542.00,280.00,31.00,94.94%
LOMBARDIA,BRESCIA,1.00,DIVORZIO,826.00,0,0,741.00,0,0,503.00,218.00,14.00,89.71%
LOMBARDIA,BRESCIA,1.00,DIVORZIO,895.00,0,0,778.00,0,0,397.00,365.00,12.00,86.93%
LOMBARDIA,BRESCIA,1.00,DIVORZIO,"1,895.00",0,0,"1,820.00",0,0,"1,169.00",604.00,23.00,96.04%
LOMBARDIA,BRESCIA,1.00,DIVORZIO,"5,052.00",0,0,"4,602.00",0,0,"1,654.00","2,825.00",90.00,91.09%
LOMBARDIA,BRESCIA,1.00,DIVORZIO,"5,437.00",0,0,"5,165.00",0,0,"2,833.00","2,208.00",66.00,95.00%
LOMBARDIA,BRESCIA,1.00,DIVORZIO,"1,398.00",0,0,"1,285.00",0,0,722.00,545.00,10.00,91.92%
LOMBARDIA,BRESCIA,1.00,DIVORZIO,"2,254.00",0,0,"2,127.00",0,0,"1,464.00",619.00,29.00,94.37%
LOMBARDIA,BRESCIA,1.00,DIVORZIO,458.00,0,0,348.00,0,0,201.00,139.00,6.00,75.98%
LOMBARDIA,BRESCIA,1.00,DIVORZIO,"1,654.00",0,0,"1,604.00",0,0,"1,082.00",497.00,13.00,96.98%
LOMBARDIA,BRESCIA,1.00,DIVORZIO,606.00,0,0,564.00,0,0,385.00,162.00,9.00,93.07%
LOMBARDIA,BRESCIA,1.00,DIVORZIO,449.00,0,0,280.00,0,0,204.00,72.00,3.00,62.36%
LOMBARDIA,BRESCIA,1.00,DIVORZIO,"4,668.00",0,0,"4,434.00",0,0,"2,650.00","1,664.00",90.00,94.99%
LOMBARDIA,BRESCIA,1.00,DIVORZIO,"2,315.00",0,0,"2,194.00",0,0,"1,307.00",845.00,26.00,94.77%
LOMBARDIA,BRESCIA,1.00,DIVORZIO,"2,524.00",0,0,"2,347.00",0,0,"1,176.00","1,113.00",45.00,92.99%
LOMBARDIA,BRESCIA,1.00,DIVORZIO,997.00,0,0,821.00,0,0,533.00,266.00,15.00,82.35%
LOMBARDIA,BRESCIA,1.00,DIVORZIO,"5,736.00",0,0,"5,465.00",0,0,"2,603.00","2,728.00",109.00,95.28%
LOMBARDIA,BRESCIA,1.00,DIVORZIO,761.00,0,0,740.00,0,0,344.00,374.00,17.00,97.24%
LOMBARDIA,BRESCIA,1.00,DIVORZIO,"3,083.00",0,0,"2,892.00",0,0,"1,376.00","1,471.00",29.00,93.80%
LOMBARDIA,BRESCIA,1.00,DIVORZIO,784.00,0,0,644.00,0,0,438.00,185.00,14.00,82.14%
LOMBARDIA,BRESCIA,1.00,DIVORZIO,876.00,0,0,829.00,0,0,455.00,356.00,13.00,94.63%
LOMBARDIA,BRESCIA,1.00,DIVORZIO,"5,161.00",0,0,"4,765.00",0,0,"1,921.00","2,724.00",77.00,92.33%
LOMBARDIA,BRESCIA,1.00,DIVORZIO,754.00,0,0,565.00,0,0,337.00,224.00,4.00,74.93%
PUGLIA,BRINDISI,1.00,DIVORZIO,"49,762.00",0,0,"45,319.00",0,0,"18,351.00","26,428.00",255.00,91.07%
PUGLIA,BRINDISI,1.00,DIVORZIO,"7,913.00",0,0,"6,322.00",0,0,"3,342.00","2,827.00",68.00,79.89%
PUGLIA,BRINDISI,1.00,DIVORZIO,"14,360.00",0,0,"11,026.00",0,0,"6,713.00","3,995.00",116.00,76.78%
PUGLIA,BRINDISI,1.00,DIVORZIO,"4,319.00",0,0,"3,793.00",0,0,"1,428.00","2,301.00",29.00,87.82%
PUGLIA,BRINDISI,1.00,DIVORZIO,"8,096.00",0,0,"6,578.00",0,0,"3,577.00","2,848.00",70.00,81.25%
PUGLIA,BRINDISI,1.00,DIVORZIO,"4,375.00",0,0,"3,569.00",0,0,"2,306.00","1,193.00",24.00,81.58%
PUGLIA,BRINDISI,1.00,DIVORZIO,"19,980.00",0,0,"16,877.00",0,0,"9,900.00","6,540.00",159.00,84.47%
PUGLIA,BRINDISI,1.00,DIVORZIO,"18,483.00",0,0,"16,442.00",0,0,"8,454.00","7,647.00",129.00,88.96%
PUGLIA,BRINDISI,1.00,DIVORZIO,"9,171.00",0,0,"8,005.00",0,0,"3,702.00","4,061.00",95.00,87.29%
PUGLIA,BRINDISI,1.00,DIVORZIO,"17,972.00",0,0,"15,317.00",0,0,"5,969.00","9,097.00",106.00,85.23%
PUGLIA,BRINDISI,1.00,DIVORZIO,"9,086.00",0,0,"8,195.00",0,0,"4,394.00","3,506.00",80.00,90.19%
PUGLIA,BRINDISI,1.00,DIVORZIO,"20,839.00",0,0,"18,146.00",0,0,"11,125.00","6,650.00",116.00,87.08%
PUGLIA,BRINDISI,1.00,DIVORZIO,"4,343.00",0,0,"3,509.00",0,0,"1,895.00","1,555.00",35.00,80.80%
PUGLIA,BRINDISI,1.00,DIVORZIO,"3,829.00",0,0,"2,944.00",0,0,"1,586.00","1,238.00",38.00,76.89%
PUGLIA,BRINDISI,1.00,DIVORZIO,"5,835.00",0,0,"4,884.00",0,0,"2,137.00","2,672.00",35.00,83.70%
PUGLIA,BRINDISI,1.00,DIVORZIO,"9,940.00",0,0,"8,550.00",0,0,"3,440.00","4,952.00",85.00,86.02%
PUGLIA,BRINDISI,1.00,DIVORZIO,"12,880.00",0,0,"10,089.00",0,0,"5,657.00","4,228.00",71.00,78.33%
PUGLIA,BRINDISI,1.00,DIVORZIO,"2,730.00",0,0,"2,374.00",0,0,"1,355.00",963.00,20.00,86.96%
PUGLIA,BRINDISI,1.00,DIVORZIO,"5,634.00",0,0,"4,746.00",0,0,"2,623.00","2,003.00",50.00,84.24%
PUGLIA,BRINDISI,1.00,DIVORZIO,"4,010.00",0,0,"3,454.00",0,0,"1,933.00","1,390.00",45.00,86.13%
SARDEGNA,CAGLIARI,1.00,DIVORZIO,"1,435.00",0,0,"1,372.00",0,0,702.00,637.00,10.00,95.61%
SARDEGNA,CAGLIARI,1.00,DIVORZIO,550.00,0,0,461.00,0,0,311.00,140.00,2.00,83.82%
SARDEGNA,CAGLIARI,1.00,DIVORZIO,295.00,0,0,219.00,0,0,144.00,68.00,4.00,74.24%
SARDEGNA,CAGLIARI,1.00,DIVORZIO,"1,541.00",0,0,"1,203.00",0,0,521.00,654.00,18.00,78.07%
SARDEGNA,CAGLIARI,1.00,DIVORZIO,419.00,0,0,318.00,0,0,178.00,132.00,5.00,75.89%
SARDEGNA,CAGLIARI,1.00,DIVORZIO,"1,895.00",0,0,"1,693.00",0,0,910.00,750.00,17.00,89.34%
SARDEGNA,CAGLIARI,1.00,DIVORZIO,"4,770.00",0,0,"4,133.00",0,0,"1,593.00","2,463.00",24.00,86.65%
SARDEGNA,CAGLIARI,1.00,DIVORZIO,"1,259.00",0,0,943.00,0,0,488.00,445.00,6.00,74.90%
SARDEGNA,CAGLIARI,1.00,DIVORZIO,686.00,0,0,552.00,0,0,231.00,311.00,4.00,80.47%
SARDEGNA,CAGLIARI,1.00,DIVORZIO,"6,989.00",0,0,"5,906.00",0,0,"2,404.00","3,379.00",55.00,84.50%
SARDEGNA,CAGLIARI,1.00,DIVORZIO,458.00,0,0,362.00,0,0,247.00,110.00,2.00,79.04%
SARDEGNA,CAGLIARI,1.00,DIVORZIO,425.00,0,0,309.00,0,0,182.00,121.00,2.00,72.71%
SARDEGNA,CAGLIARI,1.00,DIVORZIO,950.00,0,0,651.00,0,0,330.00,297.00,10.00,68.53%
SARDEGNA,CAGLIARI,1.00,DIVORZIO,115.00,0,0,88.00,0,0,48.00,39.00,1.00,76.52%
SARDEGNA,CAGLIARI,1.00,DIVORZIO,718.00,0,0,589.00,0,0,358.00,207.00,14.00,82.03%
SARDEGNA,CAGLIARI,1.00,DIVORZIO,745.00,0,0,523.00,0,0,339.00,170.00,5.00,70.20%
SARDEGNA,CAGLIARI,1.00,DIVORZIO,466.00,0,0,340.00,0,0,121.00,201.00,8.00,72.96%
SARDEGNA,CAGLIARI,1.00,DIVORZIO,"1,037.00",0,0,911.00,0,0,503.00,379.00,13.00,87.85%
SARDEGNA,CAGLIARI,1.00,DIVORZIO,413.00,0,0,362.00,0,0,237.00,114.00,6.00,87.65%
SARDEGNA,CAGLIARI,1.00,DIVORZIO,205.00,0,0,142.00,0,0,51.00,86.00,1.00,69.27%
SARDEGNA,CAGLIARI,1.00,DIVORZIO,"1,199.00",0,0,958.00,0,0,668.00,259.00,8.00,79.90%
SARDEGNA,CAGLIARI,1.00,DIVORZIO,171.00,0,0,142.00,0,0,82.00,55.00,1.00,83.04%
SARDEGNA,CAGLIARI,1.00,DIVORZIO,872.00,0,0,701.00,0,0,298.00,392.00,4.00,80.39%
SARDEGNA,CAGLIARI,1.00,DIVORZIO,"1,642.00",0,0,"1,094.00",0,0,638.00,423.00,8.00,66.63%
SARDEGNA,CAGLIARI,1.00,DIVORZIO,"1,634.00",0,0,"1,220.00",0,0,833.00,367.00,10.00,74.66%
SARDEGNA,CAGLIARI,1.00,DIVORZIO,"4,930.00",0,0,"4,186.00",0,0,"2,142.00","1,974.00",26.00,84.91%
SARDEGNA,CAGLIARI,1.00,DIVORZIO,"140,062.00",0,0,"121,109.00",0,0,"42,677.00","77,346.00",582.00,86.47%
SARDEGNA,CAGLIARI,1.00,DIVORZIO,"1,655.00",0,0,"1,306.00",0,0,795.00,491.00,10.00,78.91%
SARDEGNA,CAGLIARI,1.00,DIVORZIO,"4,433.00",0,0,"3,466.00",0,0,"1,127.00","2,123.00",35.00,78.19%
SARDEGNA,CAGLIARI,1.00,DIVORZIO,"19,630.00",0,0,"15,474.00",0,0,"4,152.00","11,178.00",64.00,78.83%
SARDEGNA,CAGLIARI,1.00,DIVORZIO,"4,947.00",0,0,"4,015.00",0,0,"1,696.00","2,228.00",63.00,81.16%
SARDEGNA,CAGLIARI,1.00,DIVORZIO,803.00,0,0,670.00,0,0,286.00,355.00,6.00,83.44%
SARDEGNA,CAGLIARI,1.00,DIVORZIO,"2,762.00",0,0,"2,414.00",0,0,858.00,"1,515.00",14.00,87.40%
SARDEGNA,CAGLIARI,1.00,DIVORZIO,"1,926.00",0,0,"1,590.00",0,0,746.00,813.00,14.00,82.55%
SARDEGNA,CAGLIARI,1.00,DIVORZIO,"4,347.00",0,0,"3,276.00",0,0,"1,182.00","2,033.00",30.00,75.36%
SARDEGNA,CAGLIARI,1.00,DIVORZIO,732.00,0,0,601.00,0,0,322.00,267.00,3.00,82.10%
SARDEGNA,CAGLIARI,1.00,DIVORZIO,"3,274.00",0,0,"2,807.00",0,0,960.00,"1,803.00",18.00,85.74%
SARDEGNA,CAGLIARI,1.00,DIVORZIO,"1,113.00",0,0,899.00,0,0,427.00,447.00,10.00,80.77%
SARDEGNA,CAGLIARI,1.00,DIVORZIO,"2,189.00",0,0,"1,712.00",0,0,652.00,"1,032.00",14.00,78.21%
SARDEGNA,CAGLIARI,1.00,DIVORZIO,"1,004.00",0,0,746.00,0,0,362.00,369.00,5.00,74.30%
SARDEGNA,CAGLIARI,1.00,DIVORZIO,"1,148.00",0,0,942.00,0,0,490.00,443.00,5.00,82.06%
SARDEGNA,CAGLIARI,1.00,DIVORZIO,381.00,0,0,327.00,0,0,213.00,105.00,1.00,85.83%
SARDEGNA,CAGLIARI,1.00,DIVORZIO,692.00,0,0,540.00,0,0,265.00,260.00,5.00,78.03%
SARDEGNA,CAGLIARI,1.00,DIVORZIO,"1,025.00",0,0,871.00,0,0,466.00,383.00,10.00,84.98%
SARDEGNA,CAGLIARI,1.00,DIVORZIO,"2,741.00",0,0,"2,336.00",0,0,"1,314.00",972.00,24.00,85.22%
SARDEGNA,CAGLIARI,1.00,DIVORZIO,"2,826.00",0,0,"2,389.00",0,0,"1,189.00","1,136.00",21.00,84.54%
SARDEGNA,CAGLIARI,1.00,DIVORZIO,359.00,0,0,283.00,0,0,138.00,136.00,3.00,78.83%
SARDEGNA,CAGLIARI,1.00,DIVORZIO,"2,968.00",0,0,"2,408.00",0,0,771.00,"1,596.00",18.00,81.13%
SARDEGNA,CAGLIARI,1.00,DIVORZIO,407.00,0,0,325.00,0,0,148.00,167.00,4.00,79.85%
SARDEGNA,CAGLIARI,1.00,DIVORZIO,"4,456.00",0,0,"3,919.00",0,0,"1,988.00","1,827.00",48.00,87.95%
SARDEGNA,CAGLIARI,1.00,DIVORZIO,682.00,0,0,531.00,0,0,267.00,250.00,3.00,77.86%
SARDEGNA,CAGLIARI,1.00,DIVORZIO,596.00,0,0,517.00,0,0,255.00,256.00,3.00,86.74%
SARDEGNA,CAGLIARI,1.00,DIVORZIO,618.00,0,0,564.00,0,0,361.00,189.00,6.00,91.26%
SARDEGNA,CAGLIARI,1.00,DIVORZIO,"1,898.00",0,0,"1,636.00",0,0,918.00,685.00,23.00,86.20%
SARDEGNA,CAGLIARI,1.00,DIVORZIO,"7,694.00",0,0,"6,943.00",0,0,"2,077.00","4,752.00",56.00,90.24%
SARDEGNA,CAGLIARI,1.00,DIVORZIO,"16,572.00",0,0,"13,836.00",0,0,"4,343.00","9,330.00",66.00,83.49%
SARDEGNA,CAGLIARI,1.00,DIVORZIO,235.00,0,0,194.00,0,0,53.00,133.00,1.00,82.55%
SARDEGNA,CAGLIARI,1.00,DIVORZIO,"1,176.00",0,0,"1,047.00",0,0,648.00,385.00,4.00,89.03%
SARDEGNA,CAGLIARI,1.00,DIVORZIO,"1,711.00",0,0,"1,388.00",0,0,653.00,692.00,20.00,81.12%
SARDEGNA,CAGLIARI,1.00,DIVORZIO,"2,534.00",0,0,"2,080.00",0,0,"1,096.00",949.00,19.00,82.08%
SARDEGNA,CAGLIARI,1.00,DIVORZIO,"2,451.00",0,0,"2,090.00",0,0,906.00,"1,151.00",14.00,85.27%
SARDEGNA,CAGLIARI,1.00,DIVORZIO,854.00,0,0,669.00,0,0,326.00,331.00,5.00,78.34%
SARDEGNA,CAGLIARI,1.00,DIVORZIO,"1,012.00",0,0,857.00,0,0,540.00,306.00,5.00,84.68%
SARDEGNA,CAGLIARI,1.00,DIVORZIO,398.00,0,0,244.00,0,0,197.00,44.00,2.00,61.31%
SARDEGNA,CAGLIARI,1.00,DIVORZIO,"3,050.00",0,0,"2,410.00",0,0,"1,041.00","1,335.00",19.00,79.02%
SARDEGNA,CAGLIARI,1.00,DIVORZIO,"2,133.00",0,0,"1,809.00",0,0,829.00,905.00,30.00,84.81%
SARDEGNA,CAGLIARI,1.00,DIVORZIO,748.00,0,0,526.00,0,0,285.00,222.00,4.00,70.32%
SARDEGNA,CAGLIARI,1.00,DIVORZIO,"2,741.00",0,0,"2,154.00",0,0,845.00,"1,233.00",34.00,78.58%
SARDEGNA,CAGLIARI,1.00,DIVORZIO,745.00,0,0,633.00,0,0,271.00,346.00,11.00,84.97%
SARDEGNA,CAGLIARI,1.00,DIVORZIO,"1,036.00",0,0,876.00,0,0,526.00,322.00,8.00,84.56%
SARDEGNA,CAGLIARI,1.00,DIVORZIO,"1,776.00",0,0,"1,397.00",0,0,664.00,712.00,8.00,78.66%
SARDEGNA,CAGLIARI,1.00,DIVORZIO,745.00,0,0,561.00,0,0,354.00,200.00,0.00,75.30%
SARDEGNA,CAGLIARI,1.00,DIVORZIO,647.00,0,0,550.00,0,0,307.00,236.00,2.00,85.01%
SARDEGNA,CAGLIARI,1.00,DIVORZIO,527.00,0,0,361.00,0,0,167.00,190.00,1.00,68.50%
SARDEGNA,CAGLIARI,1.00,DIVORZIO,940.00,0,0,808.00,0,0,427.00,348.00,10.00,85.96%
SARDEGNA,CAGLIARI,1.00,DIVORZIO,"1,903.00",0,0,"1,548.00",0,0,691.00,825.00,19.00,81.35%
SARDEGNA,CAGLIARI,1.00,DIVORZIO,416.00,0,0,347.00,0,0,257.00,79.00,4.00,83.41%
SARDEGNA,CAGLIARI,1.00,DIVORZIO,"1,138.00",0,0,807.00,0,0,380.00,411.00,7.00,70.91%
SARDEGNA,CAGLIARI,1.00,DIVORZIO,807.00,0,0,678.00,0,0,403.00,248.00,6.00,84.01%
SARDEGNA,CAGLIARI,1.00,DIVORZIO,"16,903.00",0,0,"14,445.00",0,0,"5,865.00","8,325.00",96.00,85.46%
SARDEGNA,CAGLIARI,1.00,DIVORZIO,526.00,0,0,452.00,0,0,265.00,168.00,5.00,85.93%
SARDEGNA,CAGLIARI,1.00,DIVORZIO,"1,677.00",0,0,"1,397.00",0,0,561.00,802.00,8.00,83.30%
SARDEGNA,CAGLIARI,1.00,DIVORZIO,555.00,0,0,432.00,0,0,218.00,207.00,2.00,77.84%
SARDEGNA,CAGLIARI,1.00,DIVORZIO,329.00,0,0,263.00,0,0,157.00,94.00,1.00,79.94%
SARDEGNA,CAGLIARI,1.00,DIVORZIO,475.00,0,0,399.00,0,0,212.00,174.00,3.00,84.00%
SARDEGNA,CAGLIARI,1.00,DIVORZIO,"1,871.00",0,0,"1,600.00",0,0,"1,187.00",391.00,8.00,85.52%
SARDEGNA,CAGLIARI,1.00,DIVORZIO,820.00,0,0,677.00,0,0,401.00,264.00,9.00,82.56%
SARDEGNA,CAGLIARI,1.00,DIVORZIO,719.00,0,0,628.00,0,0,385.00,232.00,3.00,87.34%
SARDEGNA,CAGLIARI,1.00,DIVORZIO,184.00,0,0,142.00,0,0,61.00,71.00,4.00,77.17%
SARDEGNA,CAGLIARI,1.00,DIVORZIO,"2,833.00",0,0,"2,248.00",0,0,601.00,"1,616.00",10.00,79.35%
SARDEGNA,CAGLIARI,1.00,DIVORZIO,"2,811.00",0,0,"2,358.00",0,0,831.00,"1,456.00",33.00,83.88%
SARDEGNA,CAGLIARI,1.00,DIVORZIO,"18,105.00",0,0,"14,595.00",0,0,"5,471.00","8,933.00",94.00,80.61%
SARDEGNA,CAGLIARI,1.00,DIVORZIO,"1,378.00",0,0,"1,133.00",0,0,584.00,506.00,14.00,82.22%
SARDEGNA,CAGLIARI,1.00,DIVORZIO,867.00,0,0,360.00,0,0,307.00,44.00,1.00,41.52%
SARDEGNA,CAGLIARI,1.00,DIVORZIO,"3,134.00",0,0,"2,542.00",0,0,"1,070.00","1,437.00",13.00,81.11%
SARDEGNA,CAGLIARI,1.00,DIVORZIO,"1,057.00",0,0,881.00,0,0,324.00,530.00,13.00,83.35%
SARDEGNA,CAGLIARI,1.00,DIVORZIO,"2,614.00",0,0,"2,010.00",0,0,795.00,"1,170.00",15.00,76.89%
SARDEGNA,CAGLIARI,1.00,DIVORZIO,849.00,0,0,679.00,0,0,333.00,327.00,8.00,79.98%
SARDEGNA,CAGLIARI,1.00,DIVORZIO,"5,603.00",0,0,"4,952.00",0,0,"1,895.00","2,951.00",50.00,88.38%
SARDEGNA,CAGLIARI,1.00,DIVORZIO,"2,895.00",0,0,"2,344.00",0,0,933.00,"1,363.00",15.00,80.97%
SARDEGNA,CAGLIARI,1.00,DIVORZIO,"1,517.00",0,0,"1,316.00",0,0,556.00,711.00,7.00,86.75%
SARDEGNA,CAGLIARI,1.00,DIVORZIO,873.00,0,0,726.00,0,0,336.00,343.00,15.00,83.16%
SARDEGNA,CAGLIARI,1.00,DIVORZIO,"3,049.00",0,0,"2,473.00",0,0,907.00,"1,509.00",34.00,81.11%
SARDEGNA,CAGLIARI,1.00,DIVORZIO,"1,579.00",0,0,"1,363.00",0,0,798.00,522.00,19.00,86.32%
SARDEGNA,CAGLIARI,1.00,DIVORZIO,"2,991.00",0,0,"2,303.00",0,0,931.00,"1,287.00",29.00,77.00%
SARDEGNA,CAGLIARI,1.00,DIVORZIO,"4,727.00",0,0,"4,087.00",0,0,"1,653.00","2,367.00",41.00,86.46%
SARDEGNA,CAGLIARI,1.00,DIVORZIO,"1,671.00",0,0,"1,383.00",0,0,667.00,676.00,13.00,82.76%
SARDEGNA,CAGLIARI,1.00,DIVORZIO,"3,026.00",0,0,"2,078.00",0,0,798.00,"1,242.00",16.00,68.67%
SARDEGNA,CAGLIARI,1.00,DIVORZIO,"1,077.00",0,0,916.00,0,0,515.00,387.00,7.00,85.05%
SARDEGNA,CAGLIARI,1.00,DIVORZIO,"1,225.00",0,0,888.00,0,0,498.00,368.00,8.00,72.49%
SARDEGNA,CAGLIARI,1.00,DIVORZIO,"7,104.00",0,0,"5,682.00",0,0,"2,458.00","3,125.00",54.00,79.98%
SARDEGNA,CAGLIARI,1.00,DIVORZIO,448.00,0,0,344.00,0,0,165.00,174.00,2.00,76.79%
SARDEGNA,CAGLIARI,1.00,DIVORZIO,"2,400.00",0,0,"1,958.00",0,0,"1,213.00",679.00,26.00,81.58%
SARDEGNA,CAGLIARI,1.00,DIVORZIO,"2,603.00",0,0,"2,294.00",0,0,836.00,"1,412.00",27.00,88.13%
SARDEGNA,CAGLIARI,1.00,DIVORZIO,"2,321.00",0,0,"2,058.00",0,0,984.00,"1,050.00",12.00,88.67%
SARDEGNA,CAGLIARI,1.00,DIVORZIO,"1,952.00",0,0,"1,488.00",0,0,"1,001.00",460.00,9.00,76.23%
SARDEGNA,CAGLIARI,1.00,DIVORZIO,867.00,0,0,746.00,0,0,282.00,440.00,11.00,86.04%
SARDEGNA,CAGLIARI,1.00,DIVORZIO,"7,006.00",0,0,"5,918.00",0,0,"2,377.00","3,470.00",37.00,84.47%
SARDEGNA,CAGLIARI,1.00,DIVORZIO,961.00,0,0,831.00,0,0,467.00,344.00,6.00,86.47%
SARDEGNA,CAGLIARI,1.00,DIVORZIO,"1,656.00",0,0,"1,318.00",0,0,908.00,381.00,11.00,79.59%
SARDEGNA,CAGLIARI,1.00,DIVORZIO,596.00,0,0,371.00,0,0,223.00,135.00,4.00,62.25%
SARDEGNA,CAGLIARI,1.00,DIVORZIO,"2,373.00",0,0,"1,911.00",0,0,839.00,"1,034.00",18.00,80.53%
SARDEGNA,CAGLIARI,1.00,DIVORZIO,"1,082.00",0,0,909.00,0,0,466.00,429.00,8.00,84.01%
SARDEGNA,CAGLIARI,1.00,DIVORZIO,"5,215.00",0,0,"4,440.00",0,0,"1,422.00","2,920.00",54.00,85.14%
SARDEGNA,CAGLIARI,1.00,DIVORZIO,"2,945.00",0,0,"2,732.00",0,0,952.00,"1,730.00",24.00,92.77%
SARDEGNA,CAGLIARI,1.00,DIVORZIO,"5,007.00",0,0,"4,387.00",0,0,"1,747.00","2,540.00",42.00,87.62%
SARDEGNA,CAGLIARI,1.00,DIVORZIO,"2,095.00",0,0,"1,782.00",0,0,818.00,941.00,13.00,85.06%
SARDEGNA,CAGLIARI,1.00,DIVORZIO,154.00,0,0,127.00,0,0,88.00,34.00,2.00,82.47%
SARDEGNA,CAGLIARI,1.00,DIVORZIO,517.00,0,0,469.00,0,0,237.00,213.00,5.00,90.72%
SARDEGNA,CAGLIARI,1.00,DIVORZIO,821.00,0,0,551.00,0,0,314.00,227.00,7.00,67.11%
SARDEGNA,CAGLIARI,1.00,DIVORZIO,594.00,0,0,503.00,0,0,288.00,206.00,3.00,84.68%
SARDEGNA,CAGLIARI,1.00,DIVORZIO,"2,432.00",0,0,"1,889.00",0,0,768.00,"1,095.00",15.00,77.67%
SARDEGNA,CAGLIARI,1.00,DIVORZIO,758.00,0,0,655.00,0,0,416.00,218.00,5.00,86.41%
SARDEGNA,CAGLIARI,1.00,DIVORZIO,394.00,0,0,293.00,0,0,170.00,111.00,3.00,74.37%
SARDEGNA,CAGLIARI,1.00,DIVORZIO,"1,119.00",0,0,906.00,0,0,399.00,490.00,9.00,80.97%
SARDEGNA,CAGLIARI,1.00,DIVORZIO,599.00,0,0,473.00,0,0,268.00,179.00,5.00,78.96%
SARDEGNA,CAGLIARI,1.00,DIVORZIO,"5,354.00",0,0,"4,360.00",0,0,"2,067.00","2,219.00",48.00,81.43%
SARDEGNA,CAGLIARI,1.00,DIVORZIO,173.00,0,0,126.00,0,0,54.00,68.00,2.00,72.83%
SARDEGNA,CAGLIARI,1.00,DIVORZIO,"1,395.00",0,0,"1,148.00",0,0,571.00,526.00,19.00,82.29%
SARDEGNA,CAGLIARI,1.00,DIVORZIO,"1,625.00",0,0,"1,371.00",0,0,551.00,792.00,11.00,84.37%
SARDEGNA,CAGLIARI,1.00,DIVORZIO,568.00,0,0,515.00,0,0,283.00,205.00,17.00,90.67%
SARDEGNA,CAGLIARI,1.00,DIVORZIO,612.00,0,0,439.00,0,0,262.00,163.00,3.00,71.73%
SARDEGNA,CAGLIARI,1.00,DIVORZIO,679.00,0,0,535.00,0,0,221.00,297.00,5.00,78.79%
SARDEGNA,CAGLIARI,1.00,DIVORZIO,236.00,0,0,185.00,0,0,135.00,43.00,6.00,78.39%
SARDEGNA,CAGLIARI,1.00,DIVORZIO,"5,451.00",0,0,"4,755.00",0,0,"2,247.00","2,452.00",32.00,87.23%
SARDEGNA,CAGLIARI,1.00,DIVORZIO,"3,331.00",0,0,"2,594.00",0,0,"1,219.00","1,323.00",19.00,77.87%
SARDEGNA,CAGLIARI,1.00,DIVORZIO,700.00,0,0,516.00,0,0,285.00,199.00,5.00,73.71%
SARDEGNA,CAGLIARI,1.00,DIVORZIO,742.00,0,0,545.00,0,0,178.00,359.00,5.00,73.45%
SARDEGNA,CAGLIARI,1.00,DIVORZIO,977.00,0,0,827.00,0,0,431.00,370.00,12.00,84.65%
SARDEGNA,CAGLIARI,1.00,DIVORZIO,484.00,0,0,394.00,0,0,156.00,223.00,13.00,81.40%
SARDEGNA,CAGLIARI,1.00,DIVORZIO,645.00,0,0,412.00,0,0,242.00,161.00,2.00,63.88%
SARDEGNA,CAGLIARI,1.00,DIVORZIO,"2,147.00",0,0,"1,806.00",0,0,662.00,"1,103.00",16.00,84.12%
SARDEGNA,CAGLIARI,1.00,DIVORZIO,812.00,0,0,686.00,0,0,328.00,293.00,5.00,84.48%
SARDEGNA,CAGLIARI,1.00,DIVORZIO,"1,636.00",0,0,"1,390.00",0,0,478.00,872.00,18.00,84.96%
SARDEGNA,CAGLIARI,1.00,DIVORZIO,517.00,0,0,435.00,0,0,271.00,157.00,5.00,84.14%
SARDEGNA,CAGLIARI,1.00,DIVORZIO,"2,754.00",0,0,"2,151.00",0,0,"1,097.00","1,000.00",19.00,78.10%
SARDEGNA,CAGLIARI,1.00,DIVORZIO,"1,409.00",0,0,"1,118.00",0,0,553.00,548.00,8.00,79.35%
SARDEGNA,CAGLIARI,1.00,DIVORZIO,497.00,0,0,441.00,0,0,248.00,182.00,5.00,88.73%
SARDEGNA,CAGLIARI,1.00,DIVORZIO,406.00,0,0,308.00,0,0,180.00,115.00,1.00,75.86%
SARDEGNA,CAGLIARI,1.00,DIVORZIO,"7,638.00",0,0,"6,776.00",0,0,"2,660.00","3,949.00",65.00,88.71%
SARDEGNA,CAGLIARI,1.00,DIVORZIO,"1,942.00",0,0,"1,521.00",0,0,695.00,791.00,15.00,78.32%
SARDEGNA,CAGLIARI,1.00,DIVORZIO,"1,886.00",0,0,"1,568.00",0,0,538.00,"1,010.00",5.00,83.14%
SARDEGNA,CAGLIARI,1.00,DIVORZIO,269.00,0,0,225.00,0,0,146.00,69.00,2.00,83.64%
SARDEGNA,CAGLIARI,1.00,DIVORZIO,568.00,0,0,494.00,0,0,250.00,221.00,11.00,86.97%
SARDEGNA,CAGLIARI,1.00,DIVORZIO,"1,142.00",0,0,948.00,0,0,484.00,445.00,2.00,83.01%
SARDEGNA,CAGLIARI,1.00,DIVORZIO,"3,075.00",0,0,"2,345.00",0,0,981.00,"1,271.00",26.00,76.26%
SARDEGNA,CAGLIARI,1.00,DIVORZIO,"1,517.00",0,0,"1,119.00",0,0,602.00,483.00,16.00,73.76%
SARDEGNA,CAGLIARI,1.00,DIVORZIO,"1,190.00",0,0,961.00,0,0,371.00,575.00,11.00,80.76%
SARDEGNA,CAGLIARI,1.00,DIVORZIO,"3,889.00",0,0,"3,409.00",0,0,"1,326.00","2,020.00",32.00,87.66%
SARDEGNA,CAGLIARI,1.00,DIVORZIO,794.00,0,0,677.00,0,0,337.00,315.00,11.00,85.26%
SARDEGNA,CAGLIARI,1.00,DIVORZIO,"1,226.00",0,0,942.00,0,0,477.00,448.00,4.00,76.84%
SARDEGNA,CAGLIARI,1.00,DIVORZIO,706.00,0,0,632.00,0,0,310.00,297.00,12.00,89.52%
SARDEGNA,CAGLIARI,1.00,DIVORZIO,691.00,0,0,563.00,0,0,285.00,265.00,5.00,81.48%
SICILIA,CALTANISSETTA,1.00,DIVORZIO,"1,489.00",0,0,984.00,0,0,748.00,193.00,13.00,66.08%
SICILIA,CALTANISSETTA,1.00,DIVORZIO,670.00,0,0,491.00,0,0,393.00,91.00,5.00,73.28%
SICILIA,CALTANISSETTA,1.00,DIVORZIO,"4,870.00",0,0,"3,554.00",0,0,"2,036.00","1,459.00",25.00,72.98%
SICILIA,CALTANISSETTA,1.00,DIVORZIO,"38,846.00",0,0,"32,865.00",0,0,"14,996.00","17,308.00",205.00,84.60%
SICILIA,CALTANISSETTA,1.00,DIVORZIO,"3,006.00",0,0,"2,515.00",0,0,"1,132.00","1,315.00",30.00,83.67%
SICILIA,CALTANISSETTA,1.00,DIVORZIO,"4,153.00",0,0,"2,508.00",0,0,"1,454.00","1,009.00",20.00,60.39%
SICILIA,CALTANISSETTA,1.00,DIVORZIO,"37,373.00",0,0,"26,715.00",0,0,"11,986.00","14,375.00",101.00,71.48%
SICILIA,CALTANISSETTA,1.00,DIVORZIO,"2,208.00",0,0,"1,636.00",0,0,"1,007.00",539.00,36.00,74.09%
SICILIA,CALTANISSETTA,1.00,DIVORZIO,"9,191.00",0,0,"7,854.00",0,0,"3,690.00","3,875.00",89.00,85.45%
SICILIA,CALTANISSETTA,1.00,DIVORZIO,"2,723.00",0,0,"2,184.00",0,0,"1,166.00",958.00,17.00,80.21%
SICILIA,CALTANISSETTA,1.00,DIVORZIO,"1,997.00",0,0,"1,334.00",0,0,706.00,567.00,33.00,66.80%
SICILIA,CALTANISSETTA,1.00,DIVORZIO,"8,415.00",0,0,"6,454.00",0,0,"4,400.00","1,820.00",80.00,76.70%
SICILIA,CALTANISSETTA,1.00,DIVORZIO,"15,687.00",0,0,"12,605.00",0,0,"6,499.00","5,773.00",150.00,80.35%
SICILIA,CALTANISSETTA,1.00,DIVORZIO,"2,727.00",0,0,"1,868.00",0,0,823.00,962.00,40.00,68.50%
SICILIA,CALTANISSETTA,1.00,DIVORZIO,"9,995.00",0,0,"7,518.00",0,0,"4,440.00","2,915.00",35.00,75.22%
SICILIA,CALTANISSETTA,1.00,DIVORZIO,"14,613.00",0,0,"11,525.00",0,0,"7,567.00","3,741.00",61.00,78.87%
SICILIA,CALTANISSETTA,1.00,DIVORZIO,"5,867.00",0,0,"3,692.00",0,0,"2,097.00","1,489.00",43.00,62.93%
SICILIA,CALTANISSETTA,1.00,DIVORZIO,"5,499.00",0,0,"3,920.00",0,0,"1,939.00","1,878.00",48.00,71.29%
SICILIA,CALTANISSETTA,1.00,DIVORZIO,"6,516.00",0,0,"4,254.00",0,0,"2,097.00","2,032.00",56.00,65.29%
SICILIA,CALTANISSETTA,1.00,DIVORZIO,"2,680.00",0,0,"1,614.00",0,0,"1,039.00",548.00,9.00,60.22%
SICILIA,CALTANISSETTA,1.00,DIVORZIO,"3,398.00",0,0,"2,427.00",0,0,"1,576.00",787.00,20.00,71.42%
SICILIA,CALTANISSETTA,1.00,DIVORZIO,"1,918.00",0,0,"1,340.00",0,0,764.00,548.00,7.00,69.86%
MOLISE,CAMPOBASSO,1.00,DIVORZIO,"1,014.00",0,0,794.00,0,0,572.00,201.00,4.00,78.30%
MOLISE,CAMPOBASSO,1.00,DIVORZIO,"2,739.00",0,0,"1,563.00",0,0,"1,200.00",314.00,17.00,57.06%
MOLISE,CAMPOBASSO,1.00,DIVORZIO,"4,635.00",0,0,"3,552.00",0,0,"2,111.00","1,344.00",36.00,76.63%
MOLISE,CAMPOBASSO,1.00,DIVORZIO,"2,116.00",0,0,"1,511.00",0,0,734.00,745.00,17.00,71.41%
MOLISE,CAMPOBASSO,1.00,DIVORZIO,"1,472.00",0,0,873.00,0,0,503.00,319.00,24.00,59.31%
MOLISE,CAMPOBASSO,1.00,DIVORZIO,"28,117.00",0,0,"24,812.00",0,0,"12,164.00","12,096.00",248.00,88.25%
MOLISE,CAMPOBASSO,1.00,DIVORZIO,536.00,0,0,374.00,0,0,257.00,109.00,7.00,69.78%
MOLISE,CAMPOBASSO,1.00,DIVORZIO,"1,046.00",0,0,819.00,0,0,505.00,290.00,13.00,78.30%
MOLISE,CAMPOBASSO,1.00,DIVORZIO,"1,077.00",0,0,862.00,0,0,665.00,166.00,14.00,80.04%
MOLISE,CAMPOBASSO,1.00,DIVORZIO,"2,870.00",0,0,"2,518.00",0,0,"1,048.00","1,414.00",32.00,87.74%
MOLISE,CAMPOBASSO,1.00,DIVORZIO,"2,730.00",0,0,"2,060.00",0,0,"1,199.00",811.00,21.00,75.46%
MOLISE,CAMPOBASSO,1.00,DIVORZIO,637.00,0,0,508.00,0,0,351.00,127.00,18.00,79.75%
MOLISE,CAMPOBASSO,1.00,DIVORZIO,797.00,0,0,548.00,0,0,326.00,203.00,10.00,68.76%
MOLISE,CAMPOBASSO,1.00,DIVORZIO,843.00,0,0,651.00,0,0,471.00,164.00,10.00,77.22%
MOLISE,CAMPOBASSO,1.00,DIVORZIO,"3,027.00",0,0,"1,864.00",0,0,"1,500.00",320.00,19.00,61.58%
MOLISE,CAMPOBASSO,1.00,DIVORZIO,"1,175.00",0,0,838.00,0,0,511.00,292.00,11.00,71.32%
MOLISE,CAMPOBASSO,1.00,DIVORZIO,"3,218.00",0,0,"1,911.00",0,0,"1,259.00",575.00,33.00,59.38%
MOLISE,CAMPOBASSO,1.00,DIVORZIO,816.00,0,0,430.00,0,0,321.00,88.00,12.00,52.70%
MOLISE,CAMPOBASSO,1.00,DIVORZIO,856.00,0,0,633.00,0,0,401.00,214.00,7.00,73.95%
MOLISE,CAMPOBASSO,1.00,DIVORZIO,867.00,0,0,645.00,0,0,404.00,224.00,11.00,74.39%
MOLISE,CAMPOBASSO,1.00,DIVORZIO,"2,293.00",0,0,"1,870.00",0,0,"1,238.00",604.00,4.00,81.55%
MOLISE,CAMPOBASSO,1.00,DIVORZIO,686.00,0,0,543.00,0,0,424.00,87.00,13.00,79.15%
MOLISE,CAMPOBASSO,1.00,DIVORZIO,"1,225.00",0,0,967.00,0,0,609.00,316.00,13.00,78.94%
MOLISE,CAMPOBASSO,1.00,DIVORZIO,"1,573.00",0,0,"1,164.00",0,0,580.00,540.00,20.00,74.00%
MOLISE,CAMPOBASSO,1.00,DIVORZIO,"1,692.00",0,0,"1,341.00",0,0,"1,079.00",234.00,12.00,79.26%
MOLISE,CAMPOBASSO,1.00,DIVORZIO,"1,362.00",0,0,790.00,0,0,659.00,117.00,9.00,58.00%
MOLISE,CAMPOBASSO,1.00,DIVORZIO,"1,073.00",0,0,792.00,0,0,539.00,228.00,7.00,73.81%
MOLISE,CAMPOBASSO,1.00,DIVORZIO,951.00,0,0,563.00,0,0,385.00,144.00,11.00,59.20%
MOLISE,CAMPOBASSO,1.00,DIVORZIO,"3,948.00",0,0,"3,178.00",0,0,"1,640.00","1,482.00",22.00,80.50%
MOLISE,CAMPOBASSO,1.00,DIVORZIO,"1,759.00",0,0,"1,353.00",0,0,"1,170.00",160.00,8.00,76.92%
MOLISE,CAMPOBASSO,1.00,DIVORZIO,"4,556.00",0,0,"3,780.00",0,0,"1,852.00","1,842.00",36.00,82.97%
MOLISE,CAMPOBASSO,1.00,DIVORZIO,990.00,0,0,766.00,0,0,563.00,188.00,6.00,77.37%
MOLISE,CAMPOBASSO,1.00,DIVORZIO,"1,180.00",0,0,908.00,0,0,595.00,286.00,14.00,76.95%
MOLISE,CAMPOBASSO,1.00,DIVORZIO,916.00,0,0,722.00,0,0,544.00,162.00,4.00,78.82%
MOLISE,CAMPOBASSO,1.00,DIVORZIO,896.00,0,0,646.00,0,0,438.00,188.00,8.00,72.10%
MOLISE,CAMPOBASSO,1.00,DIVORZIO,"1,276.00",0,0,959.00,0,0,697.00,254.00,6.00,75.16%
MOLISE,CAMPOBASSO,1.00,DIVORZIO,864.00,0,0,626.00,0,0,462.00,146.00,7.00,72.45%
MOLISE,CAMPOBASSO,1.00,DIVORZIO,"1,335.00",0,0,962.00,0,0,709.00,233.00,7.00,72.06%
MOLISE,CAMPOBASSO,1.00,DIVORZIO,214.00,0,0,150.00,0,0,71.00,73.00,0.00,70.09%
MOLISE,CAMPOBASSO,1.00,DIVORZIO,792.00,0,0,564.00,0,0,359.00,166.00,23.00,71.21%
MOLISE,CAMPOBASSO,1.00,DIVORZIO,"1,221.00",0,0,975.00,0,0,662.00,280.00,12.00,79.85%
MOLISE,CAMPOBASSO,1.00,DIVORZIO,"1,839.00",0,0,"1,170.00",0,0,638.00,509.00,11.00,63.62%
MOLISE,CAMPOBASSO,1.00,DIVORZIO,"1,988.00",0,0,"1,427.00",0,0,"1,016.00",358.00,27.00,71.78%
MOLISE,CAMPOBASSO,1.00,DIVORZIO,610.00,0,0,522.00,0,0,381.00,131.00,3.00,85.57%
MOLISE,CAMPOBASSO,1.00,DIVORZIO,516.00,0,0,406.00,0,0,302.00,97.00,5.00,78.68%
MOLISE,CAMPOBASSO,1.00,DIVORZIO,"4,975.00",0,0,"3,617.00",0,0,"2,065.00","1,462.00",24.00,72.70%
MOLISE,CAMPOBASSO,1.00,DIVORZIO,735.00,0,0,579.00,0,0,402.00,164.00,6.00,78.78%
MOLISE,CAMPOBASSO,1.00,DIVORZIO,"1,294.00",0,0,700.00,0,0,564.00,115.00,11.00,54.10%
MOLISE,CAMPOBASSO,1.00,DIVORZIO,934.00,0,0,715.00,0,0,358.00,327.00,13.00,76.55%
MOLISE,CAMPOBASSO,1.00,DIVORZIO,"1,937.00",0,0,"1,518.00",0,0,932.00,531.00,14.00,78.37%
MOLISE,CAMPOBASSO,1.00,DIVORZIO,"1,966.00",0,0,"1,604.00",0,0,897.00,669.00,10.00,81.59%
MOLISE,CAMPOBASSO,1.00,DIVORZIO,"1,451.00",0,0,"1,076.00",0,0,699.00,320.00,20.00,74.16%
MOLISE,CAMPOBASSO,1.00,DIVORZIO,"1,728.00",0,0,"1,138.00",0,0,738.00,366.00,15.00,65.86%
MOLISE,CAMPOBASSO,1.00,DIVORZIO,455.00,0,0,324.00,0,0,135.00,163.00,13.00,71.21%
MOLISE,CAMPOBASSO,1.00,DIVORZIO,"1,837.00",0,0,"1,580.00",0,0,781.00,768.00,14.00,86.01%
MOLISE,CAMPOBASSO,1.00,DIVORZIO,170.00,0,0,135.00,0,0,115.00,20.00,0.00,79.41%
MOLISE,CAMPOBASSO,1.00,DIVORZIO,"4,851.00",0,0,"3,860.00",0,0,"3,064.00",691.00,52.00,79.57%
MOLISE,CAMPOBASSO,1.00,DIVORZIO,816.00,0,0,609.00,0,0,451.00,151.00,3.00,74.63%
MOLISE,CAMPOBASSO,1.00,DIVORZIO,"1,402.00",0,0,"1,168.00",0,0,512.00,624.00,19.00,83.31%
MOLISE,CAMPOBASSO,1.00,DIVORZIO,999.00,0,0,692.00,0,0,544.00,135.00,3.00,69.27%
MOLISE,CAMPOBASSO,1.00,DIVORZIO,"1,289.00",0,0,"1,079.00",0,0,528.00,536.00,6.00,83.71%
MOLISE,CAMPOBASSO,1.00,DIVORZIO,747.00,0,0,545.00,0,0,232.00,280.00,14.00,72.96%
MOLISE,CAMPOBASSO,1.00,DIVORZIO,498.00,0,0,356.00,0,0,171.00,179.00,2.00,71.49%
MOLISE,CAMPOBASSO,1.00,DIVORZIO,818.00,0,0,607.00,0,0,471.00,126.00,4.00,74.21%
MOLISE,CAMPOBASSO,1.00,DIVORZIO,655.00,0,0,561.00,0,0,235.00,314.00,5.00,85.65%
MOLISE,CAMPOBASSO,1.00,DIVORZIO,897.00,0,0,670.00,0,0,438.00,172.00,11.00,74.69%
MOLISE,CAMPOBASSO,1.00,DIVORZIO,"1,035.00",0,0,753.00,0,0,405.00,308.00,23.00,72.75%
MOLISE,CAMPOBASSO,1.00,DIVORZIO,"1,126.00",0,0,863.00,0,0,433.00,414.00,8.00,76.64%
MOLISE,CAMPOBASSO,1.00,DIVORZIO,"3,289.00",0,0,"2,814.00",0,0,"1,212.00","1,566.00",12.00,85.56%
MOLISE,CAMPOBASSO,1.00,DIVORZIO,461.00,0,0,331.00,0,0,240.00,80.00,4.00,71.80%
MOLISE,CAMPOBASSO,1.00,DIVORZIO,416.00,0,0,220.00,0,0,124.00,93.00,1.00,52.88%
MOLISE,CAMPOBASSO,1.00,DIVORZIO,"3,495.00",0,0,"2,893.00",0,0,"1,025.00","1,826.00",14.00,82.78%
MOLISE,CAMPOBASSO,1.00,DIVORZIO,457.00,0,0,393.00,0,0,321.00,64.00,4.00,86.00%
MOLISE,CAMPOBASSO,1.00,DIVORZIO,"2,150.00",0,0,"1,543.00",0,0,"1,003.00",488.00,28.00,71.77%
MOLISE,CAMPOBASSO,1.00,DIVORZIO,"1,949.00",0,0,"1,051.00",0,0,665.00,344.00,22.00,53.93%
MOLISE,CAMPOBASSO,1.00,DIVORZIO,"1,161.00",0,0,979.00,0,0,772.00,178.00,11.00,84.32%
MOLISE,CAMPOBASSO,1.00,DIVORZIO,"1,282.00",0,0,978.00,0,0,673.00,283.00,4.00,76.29%
MOLISE,CAMPOBASSO,1.00,DIVORZIO,"11,725.00",0,0,"10,446.00",0,0,"5,213.00","5,045.00",87.00,89.09%
MOLISE,CAMPOBASSO,1.00,DIVORZIO,918.00,0,0,693.00,0,0,520.00,156.00,4.00,75.49%
MOLISE,CAMPOBASSO,1.00,DIVORZIO,"1,233.00",0,0,907.00,0,0,685.00,208.00,6.00,73.56%
MOLISE,CAMPOBASSO,1.00,DIVORZIO,"3,958.00",0,0,"2,866.00",0,0,"1,984.00",790.00,21.00,72.41%
MOLISE,CAMPOBASSO,1.00,DIVORZIO,"1,147.00",0,0,843.00,0,0,510.00,278.00,18.00,73.50%
MOLISE,CAMPOBASSO,1.00,DIVORZIO,"2,661.00",0,0,"2,198.00",0,0,834.00,"1,329.00",20.00,82.60%
MOLISE,CAMPOBASSO,1.00,DIVORZIO,"2,040.00",0,0,"1,219.00",0,0,663.00,499.00,29.00,59.75%
CAMPANIA,CASERTA,1.00,DIVORZIO,"1,252.00",0,0,982.00,0,0,603.00,365.00,5.00,78.43%
CAMPANIA,CASERTA,1.00,DIVORZIO,"4,085.00",0,0,"2,988.00",0,0,"1,864.00","1,036.00",51.00,73.15%
CAMPANIA,CASERTA,1.00,DIVORZIO,"3,611.00",0,0,"2,435.00",0,0,"1,749.00",615.00,32.00,67.43%
CAMPANIA,CASERTA,1.00,DIVORZIO,"2,760.00",0,0,"2,119.00",0,0,"1,489.00",576.00,15.00,76.78%
CAMPANIA,CASERTA,1.00,DIVORZIO,"25,254.00",0,0,"21,685.00",0,0,"12,123.00","9,193.00",142.00,85.87%
CAMPANIA,CASERTA,1.00,DIVORZIO,"1,731.00",0,0,948.00,0,0,544.00,363.00,23.00,54.77%
CAMPANIA,CASERTA,1.00,DIVORZIO,"2,816.00",0,0,"1,979.00",0,0,"1,108.00",795.00,33.00,70.28%
CAMPANIA,CASERTA,1.00,DIVORZIO,996.00,0,0,727.00,0,0,526.00,178.00,9.00,72.99%
CAMPANIA,CASERTA,1.00,DIVORZIO,"3,957.00",0,0,"2,906.00",0,0,"1,820.00",958.00,43.00,73.44%
CAMPANIA,CASERTA,1.00,DIVORZIO,"3,364.00",0,0,"2,909.00",0,0,"1,933.00",929.00,23.00,86.47%
CAMPANIA,CASERTA,1.00,DIVORZIO,"1,178.00",0,0,910.00,0,0,641.00,255.00,7.00,77.25%
CAMPANIA,CASERTA,1.00,DIVORZIO,"2,528.00",0,0,"2,024.00",0,0,"1,503.00",486.00,13.00,80.06%
CAMPANIA,CASERTA,1.00,DIVORZIO,"2,870.00",0,0,"2,361.00",0,0,972.00,"1,355.00",13.00,82.26%
CAMPANIA,CASERTA,1.00,DIVORZIO,"1,248.00",0,0,979.00,0,0,669.00,284.00,17.00,78.45%
CAMPANIA,CASERTA,1.00,DIVORZIO,"11,511.00",0,0,"9,956.00",0,0,"5,095.00","4,697.00",74.00,86.49%
CAMPANIA,CASERTA,1.00,DIVORZIO,"2,526.00",0,0,"2,132.00",0,0,"1,280.00",814.00,17.00,84.40%
CAMPANIA,CASERTA,1.00,DIVORZIO,"5,823.00",0,0,"4,985.00",0,0,"3,199.00","1,671.00",55.00,85.61%
CAMPANIA,CASERTA,1.00,DIVORZIO,"6,310.00",0,0,"5,393.00",0,0,"3,202.00","2,093.00",52.00,85.47%
CAMPANIA,CASERTA,1.00,DIVORZIO,"8,205.00",0,0,"5,098.00",0,0,"3,278.00","1,740.00",21.00,62.13%
CAMPANIA,CASERTA,1.00,DIVORZIO,"3,273.00",0,0,"2,626.00",0,0,"1,509.00","1,070.00",20.00,80.23%
CAMPANIA,CASERTA,1.00,DIVORZIO,"2,724.00",0,0,"2,105.00",0,0,"1,111.00",950.00,17.00,77.28%
CAMPANIA,CASERTA,1.00,DIVORZIO,"3,215.00",0,0,"2,771.00",0,0,"1,753.00",950.00,39.00,86.19%
CAMPANIA,CASERTA,1.00,DIVORZIO,"40,366.00",0,0,"35,394.00",0,0,"19,285.00","15,537.00",292.00,87.68%
CAMPANIA,CASERTA,1.00,DIVORZIO,"1,359.00",0,0,"1,035.00",0,0,736.00,256.00,16.00,76.16%
CAMPANIA,CASERTA,1.00,DIVORZIO,986.00,0,0,768.00,0,0,546.00,186.00,20.00,77.89%
CAMPANIA,CASERTA,1.00,DIVORZIO,841.00,0,0,674.00,0,0,490.00,180.00,1.00,80.14%
CAMPANIA,CASERTA,1.00,DIVORZIO,"2,490.00",0,0,"2,036.00",0,0,"1,251.00",605.00,127.00,81.77%
CAMPANIA,CASERTA,1.00,DIVORZIO,"2,442.00",0,0,"1,826.00",0,0,977.00,818.00,15.00,74.77%
CAMPANIA,CASERTA,1.00,DIVORZIO,"2,658.00",0,0,"1,914.00",0,0,"1,503.00",378.00,13.00,72.01%
CAMPANIA,CASERTA,1.00,DIVORZIO,"2,698.00",0,0,"2,229.00",0,0,"1,281.00",896.00,26.00,82.62%
CAMPANIA,CASERTA,1.00,DIVORZIO,502.00,0,0,406.00,0,0,254.00,139.00,9.00,80.88%
CAMPANIA,CASERTA,1.00,DIVORZIO,"1,712.00",0,0,"1,266.00",0,0,"1,004.00",231.00,14.00,73.95%
CAMPANIA,CASERTA,1.00,DIVORZIO,"3,331.00",0,0,"2,802.00",0,0,"1,957.00",798.00,25.00,84.12%
CAMPANIA,CASERTA,1.00,DIVORZIO,"1,853.00",0,0,"1,031.00",0,0,657.00,328.00,13.00,55.64%
CAMPANIA,CASERTA,1.00,DIVORZIO,"2,266.00",0,0,"1,870.00",0,0,"1,140.00",705.00,13.00,82.52%
CAMPANIA,CASERTA,1.00,DIVORZIO,675.00,0,0,534.00,0,0,400.00,120.00,9.00,79.11%
CAMPANIA,CASERTA,1.00,DIVORZIO,"1,522.00",0,0,941.00,0,0,607.00,315.00,10.00,61.83%
CAMPANIA,CASERTA,1.00,DIVORZIO,"2,749.00",0,0,"2,394.00",0,0,"1,695.00",656.00,12.00,87.09%
CAMPANIA,CASERTA,1.00,DIVORZIO,"4,379.00",0,0,"3,443.00",0,0,"1,817.00","1,551.00",42.00,78.63%
CAMPANIA,CASERTA,1.00,DIVORZIO,"1,130.00",0,0,521.00,0,0,277.00,226.00,11.00,46.11%
CAMPANIA,CASERTA,1.00,DIVORZIO,"2,179.00",0,0,"1,569.00",0,0,924.00,570.00,39.00,72.01%
CAMPANIA,CASERTA,1.00,DIVORZIO,637.00,0,0,529.00,0,0,430.00,84.00,10.00,83.05%
CAMPANIA,CASERTA,1.00,DIVORZIO,"2,806.00",0,0,"1,834.00",0,0,"1,277.00",488.00,39.00,65.36%
CAMPANIA,CASERTA,1.00,DIVORZIO,"3,820.00",0,0,"3,188.00",0,0,"2,169.00",934.00,40.00,83.46%
CAMPANIA,CASERTA,1.00,DIVORZIO,"2,619.00",0,0,"2,249.00",0,0,"1,226.00",942.00,40.00,85.87%
CAMPANIA,CASERTA,1.00,DIVORZIO,629.00,0,0,484.00,0,0,209.00,257.00,8.00,76.95%
CAMPANIA,CASERTA,1.00,DIVORZIO,"1,119.00",0,0,691.00,0,0,404.00,236.00,28.00,61.75%
CAMPANIA,CASERTA,1.00,DIVORZIO,"4,833.00",0,0,"4,064.00",0,0,"1,916.00","2,087.00",18.00,84.09%
CAMPANIA,CASERTA,1.00,DIVORZIO,"4,674.00",0,0,"3,983.00",0,0,"2,325.00","1,542.00",60.00,85.22%
CAMPANIA,CASERTA,1.00,DIVORZIO,"18,891.00",0,0,"15,479.00",0,0,"8,046.00","7,141.00",125.00,81.94%
CAMPANIA,CASERTA,1.00,DIVORZIO,"16,599.00",0,0,"13,845.00",0,0,"7,638.00","5,875.00",159.00,83.41%
CAMPANIA,CASERTA,1.00,DIVORZIO,"2,450.00",0,0,"1,692.00",0,0,990.00,654.00,25.00,69.06%
CAMPANIA,CASERTA,1.00,DIVORZIO,"2,169.00",0,0,"1,624.00",0,0,"1,069.00",517.00,16.00,74.87%
CAMPANIA,CASERTA,1.00,DIVORZIO,"12,066.00",0,0,"8,384.00",0,0,"5,520.00","2,697.00",51.00,69.48%
CAMPANIA,CASERTA,1.00,DIVORZIO,"4,722.00",0,0,"4,039.00",0,0,"2,262.00","1,686.00",46.00,85.54%
CAMPANIA,CASERTA,1.00,DIVORZIO,"3,891.00",0,0,"3,336.00",0,0,"1,782.00","1,526.00",11.00,85.74%
CAMPANIA,CASERTA,1.00,DIVORZIO,"1,749.00",0,0,"1,451.00",0,0,818.00,582.00,32.00,82.96%
CAMPANIA,CASERTA,1.00,DIVORZIO,"1,855.00",0,0,"1,540.00",0,0,"1,082.00",407.00,31.00,83.02%
CAMPANIA,CASERTA,1.00,DIVORZIO,"6,837.00",0,0,"5,514.00",0,0,"3,413.00","1,999.00",42.00,80.65%
CAMPANIA,CASERTA,1.00,DIVORZIO,"2,790.00",0,0,"2,063.00",0,0,"1,368.00",641.00,28.00,73.94%
CAMPANIA,CASERTA,1.00,DIVORZIO,"2,079.00",0,0,"1,576.00",0,0,794.00,688.00,47.00,75.81%
CAMPANIA,CASERTA,1.00,DIVORZIO,"4,324.00",0,0,"3,255.00",0,0,"2,092.00","1,096.00",38.00,75.28%
CAMPANIA,CASERTA,1.00,DIVORZIO,"1,361.00",0,0,866.00,0,0,680.00,171.00,5.00,63.63%
CAMPANIA,CASERTA,1.00,DIVORZIO,"2,729.00",0,0,"2,337.00",0,0,"1,593.00",700.00,24.00,85.64%
CAMPANIA,CASERTA,1.00,DIVORZIO,"1,321.00",0,0,926.00,0,0,547.00,341.00,16.00,70.10%
CAMPANIA,CASERTA,1.00,DIVORZIO,"1,281.00",0,0,917.00,0,0,680.00,192.00,9.00,71.58%
CAMPANIA,CASERTA,1.00,DIVORZIO,"1,193.00",0,0,843.00,0,0,530.00,277.00,20.00,70.66%
CAMPANIA,CASERTA,1.00,DIVORZIO,"1,057.00",0,0,764.00,0,0,502.00,241.00,4.00,72.28%
CAMPANIA,CASERTA,1.00,DIVORZIO,"2,613.00",0,0,"2,290.00",0,0,"1,256.00","1,000.00",22.00,87.64%
CAMPANIA,CASERTA,1.00,DIVORZIO,"1,605.00",0,0,"1,307.00",0,0,708.00,555.00,32.00,81.43%
CAMPANIA,CASERTA,1.00,DIVORZIO,"2,768.00",0,0,"1,853.00",0,0,"1,076.00",716.00,30.00,66.94%
CAMPANIA,CASERTA,1.00,DIVORZIO,"2,963.00",0,0,"2,135.00",0,0,"1,637.00",450.00,22.00,72.06%
CAMPANIA,CASERTA,1.00,DIVORZIO,897.00,0,0,612.00,0,0,433.00,168.00,7.00,68.23%
CAMPANIA,CASERTA,1.00,DIVORZIO,484.00,0,0,362.00,0,0,218.00,131.00,10.00,74.79%
CAMPANIA,CASERTA,1.00,DIVORZIO,"1,753.00",0,0,"1,206.00",0,0,680.00,489.00,17.00,68.80%
CAMPANIA,CASERTA,1.00,DIVORZIO,"6,330.00",0,0,"4,400.00",0,0,"2,355.00","1,985.00",15.00,69.51%
CAMPANIA,CASERTA,1.00,DIVORZIO,"8,732.00",0,0,"6,598.00",0,0,"4,494.00","1,969.00",61.00,75.56%
CAMPANIA,CASERTA,1.00,DIVORZIO,859.00,0,0,512.00,0,0,342.00,113.00,43.00,59.60%
CAMPANIA,CASERTA,1.00,DIVORZIO,"3,844.00",0,0,"2,856.00",0,0,"1,753.00","1,047.00",31.00,74.30%
CAMPANIA,CASERTA,1.00,DIVORZIO,"4,954.00",0,0,"4,118.00",0,0,"2,104.00","1,936.00",55.00,83.12%
CAMPANIA,CASERTA,1.00,DIVORZIO,797.00,0,0,610.00,0,0,378.00,218.00,10.00,76.54%
CAMPANIA,CASERTA,1.00,DIVORZIO,"1,054.00",0,0,841.00,0,0,423.00,392.00,12.00,79.79%
CAMPANIA,CASERTA,1.00,DIVORZIO,"4,024.00",0,0,"3,230.00",0,0,"2,195.00",973.00,29.00,80.27%
CAMPANIA,CASERTA,1.00,DIVORZIO,"5,803.00",0,0,"4,680.00",0,0,"3,130.00","1,440.00",61.00,80.65%
CAMPANIA,CASERTA,1.00,DIVORZIO,"20,852.00",0,0,"18,379.00",0,0,"10,256.00","7,797.00",147.00,88.14%
CAMPANIA,CASERTA,1.00,DIVORZIO,"1,617.00",0,0,"1,237.00",0,0,"1,004.00",216.00,5.00,76.50%
CAMPANIA,CASERTA,1.00,DIVORZIO,"1,396.00",0,0,"1,216.00",0,0,819.00,367.00,12.00,87.11%
CAMPANIA,CASERTA,1.00,DIVORZIO,"1,954.00",0,0,"1,448.00",0,0,931.00,467.00,23.00,74.10%
CAMPANIA,CASERTA,1.00,DIVORZIO,"3,737.00",0,0,"3,182.00",0,0,"1,616.00","1,518.00",14.00,85.15%
CAMPANIA,CASERTA,1.00,DIVORZIO,"19,094.00",0,0,"15,118.00",0,0,"9,556.00","5,257.00",136.00,79.18%
CAMPANIA,CASERTA,1.00,DIVORZIO,"4,118.00",0,0,"3,675.00",0,0,"2,245.00","1,351.00",46.00,89.24%
CAMPANIA,CASERTA,1.00,DIVORZIO,"2,804.00",0,0,"2,428.00",0,0,"1,624.00",775.00,14.00,86.59%
CAMPANIA,CASERTA,1.00,DIVORZIO,"9,342.00",0,0,"7,430.00",0,0,"5,447.00","1,780.00",79.00,79.53%
CAMPANIA,CASERTA,1.00,DIVORZIO,"3,289.00",0,0,"2,809.00",0,0,"1,564.00","1,197.00",17.00,85.41%
CAMPANIA,CASERTA,1.00,DIVORZIO,"1,095.00",0,0,816.00,0,0,563.00,229.00,15.00,74.52%
CAMPANIA,CASERTA,1.00,DIVORZIO,"5,692.00",0,0,"4,543.00",0,0,"3,050.00","1,408.00",24.00,79.81%
CAMPANIA,CASERTA,1.00,DIVORZIO,"3,592.00",0,0,"2,857.00",0,0,"1,848.00",902.00,37.00,79.54%
CAMPANIA,CASERTA,1.00,DIVORZIO,979.00,0,0,572.00,0,0,260.00,303.00,3.00,58.43%
CAMPANIA,CASERTA,1.00,DIVORZIO,"1,404.00",0,0,"1,165.00",0,0,677.00,461.00,11.00,82.98%
CAMPANIA,CASERTA,1.00,DIVORZIO,"2,930.00",0,0,"2,382.00",0,0,"1,454.00",882.00,8.00,81.30%
CAMPANIA,CASERTA,1.00,DIVORZIO,"4,264.00",0,0,"3,746.00",0,0,"2,070.00","1,587.00",17.00,87.85%
CAMPANIA,CASERTA,1.00,DIVORZIO,"2,519.00",0,0,"2,134.00",0,0,859.00,"1,233.00",29.00,84.72%
SICILIA,CATANIA,1.00,DIVORZIO,"1,380.00",0,0,"1,218.00",0,0,910.00,273.00,13.00,88.26%
SICILIA,CATANIA,1.00,DIVORZIO,"7,136.00",0,0,"5,996.00",0,0,"3,155.00","2,678.00",48.00,84.02%
SICILIA,CATANIA,1.00,DIVORZIO,"5,968.00",0,0,"5,015.00",0,0,"3,345.00","1,539.00",44.00,84.03%
SICILIA,CATANIA,1.00,DIVORZIO,"30,726.00",0,0,"25,733.00",0,0,"15,887.00","9,278.00",169.00,83.75%
SICILIA,CATANIA,1.00,DIVORZIO,"3,486.00",0,0,"3,004.00",0,0,"1,978.00",930.00,28.00,86.17%
SICILIA,CATANIA,1.00,DIVORZIO,"19,859.00",0,0,"14,294.00",0,0,"6,750.00","7,295.00",83.00,71.98%
SICILIA,CATANIA,1.00,DIVORZIO,"7,967.00",0,0,"6,133.00",0,0,"3,425.00","2,530.00",68.00,76.98%
SICILIA,CATANIA,1.00,DIVORZIO,"13,372.00",0,0,"10,460.00",0,0,"5,005.00","5,142.00",94.00,78.22%
SICILIA,CATANIA,1.00,DIVORZIO,"13,775.00",0,0,"8,690.00",0,0,"5,158.00","3,222.00",65.00,63.09%
SICILIA,CATANIA,1.00,DIVORZIO,"3,841.00",0,0,"3,023.00",0,0,"1,548.00","1,376.00",22.00,78.70%
SICILIA,CATANIA,1.00,DIVORZIO,"26,194.00",0,0,"20,091.00",0,0,"10,879.00","8,861.00",101.00,76.70%
SICILIA,CATANIA,1.00,DIVORZIO,615.00,0,0,530.00,0,0,285.00,235.00,5.00,86.18%
SICILIA,CATANIA,1.00,DIVORZIO,"3,365.00",0,0,"2,314.00",0,0,"1,502.00",755.00,4.00,68.77%
SICILIA,CATANIA,1.00,DIVORZIO,"4,887.00",0,0,"2,933.00",0,0,"1,562.00","1,257.00",38.00,60.02%
SICILIA,CATANIA,1.00,DIVORZIO,"254,917.00",0,0,"213,965.00",0,0,"78,087.00","133,424.00",969.00,83.94%
SICILIA,CATANIA,1.00,DIVORZIO,"4,487.00",0,0,"3,680.00",0,0,"1,376.00","2,228.00",26.00,82.01%
SICILIA,CATANIA,1.00,DIVORZIO,"15,798.00",0,0,"13,624.00",0,0,"6,620.00","6,665.00",104.00,86.24%
SICILIA,CATANIA,1.00,DIVORZIO,"10,203.00",0,0,"6,853.00",0,0,"3,279.00","3,450.00",22.00,67.17%
SICILIA,CATANIA,1.00,DIVORZIO,"6,158.00",0,0,"5,420.00",0,0,"1,919.00","3,382.00",37.00,88.02%
SICILIA,CATANIA,1.00,DIVORZIO,"2,726.00",0,0,"1,966.00",0,0,909.00,"1,009.00",18.00,72.12%
SICILIA,CATANIA,1.00,DIVORZIO,"4,181.00",0,0,"3,026.00",0,0,"1,461.00","1,446.00",32.00,72.38%
SICILIA,CATANIA,1.00,DIVORZIO,"2,822.00",0,0,"1,774.00",0,0,"1,108.00",604.00,23.00,62.86%
SICILIA,CATANIA,1.00,DIVORZIO,"6,213.00",0,0,"5,058.00",0,0,"2,416.00","2,460.00",55.00,81.41%
SICILIA,CATANIA,1.00,DIVORZIO,"3,197.00",0,0,"2,732.00",0,0,"1,175.00","1,482.00",32.00,85.46%
SICILIA,CATANIA,1.00,DIVORZIO,"7,102.00",0,0,"4,677.00",0,0,"2,204.00","2,391.00",31.00,65.85%
SICILIA,CATANIA,1.00,DIVORZIO,"1,073.00",0,0,871.00,0,0,486.00,360.00,13.00,81.17%
SICILIA,CATANIA,1.00,DIVORZIO,"5,853.00",0,0,"3,130.00",0,0,"1,792.00","1,294.00",12.00,53.48%
SICILIA,CATANIA,1.00,DIVORZIO,"5,270.00",0,0,"2,735.00",0,0,"1,579.00","1,100.00",11.00,51.90%
SICILIA,CATANIA,1.00,DIVORZIO,"12,005.00",0,0,"10,475.00",0,0,"3,977.00","6,246.00",93.00,87.26%
SICILIA,CATANIA,1.00,DIVORZIO,"4,004.00",0,0,"3,434.00",0,0,"1,971.00","1,356.00",37.00,85.76%
SICILIA,CATANIA,1.00,DIVORZIO,"2,742.00",0,0,"2,227.00",0,0,"1,453.00",714.00,22.00,81.22%
SICILIA,CATANIA,1.00,DIVORZIO,"8,956.00",0,0,"5,133.00",0,0,"2,894.00","2,164.00",17.00,57.31%
SICILIA,CATANIA,1.00,DIVORZIO,"28,728.00",0,0,"23,414.00",0,0,"12,063.00","10,884.00",134.00,81.50%
SICILIA,CATANIA,1.00,DIVORZIO,"2,974.00",0,0,"2,560.00",0,0,"1,596.00",888.00,24.00,86.08%
SICILIA,CATANIA,1.00,DIVORZIO,"3,030.00",0,0,"2,353.00",0,0,"1,170.00","1,107.00",23.00,77.66%
SICILIA,CATANIA,1.00,DIVORZIO,"2,556.00",0,0,"1,636.00",0,0,839.00,754.00,7.00,64.01%
SICILIA,CATANIA,1.00,DIVORZIO,"5,657.00",0,0,"3,869.00",0,0,"1,823.00","1,978.00",14.00,68.39%
SICILIA,CATANIA,1.00,DIVORZIO,"8,286.00",0,0,"5,482.00",0,0,"3,219.00","2,162.00",17.00,66.16%
SICILIA,CATANIA,1.00,DIVORZIO,"8,145.00",0,0,"6,470.00",0,0,"3,069.00","3,261.00",57.00,79.44%
SICILIA,CATANIA,1.00,DIVORZIO,"2,304.00",0,0,"1,492.00",0,0,624.00,827.00,9.00,64.76%
SICILIA,CATANIA,1.00,DIVORZIO,"5,127.00",0,0,"4,491.00",0,0,"2,469.00","1,908.00",37.00,87.60%
SICILIA,CATANIA,1.00,DIVORZIO,"2,966.00",0,0,"2,671.00",0,0,"1,187.00","1,419.00",25.00,90.05%
SICILIA,CATANIA,1.00,DIVORZIO,"2,951.00",0,0,"1,864.00",0,0,930.00,892.00,11.00,63.17%
SICILIA,CATANIA,1.00,DIVORZIO,"1,051.00",0,0,902.00,0,0,528.00,346.00,5.00,85.82%
SICILIA,CATANIA,1.00,DIVORZIO,"3,199.00",0,0,"2,787.00",0,0,"1,077.00","1,666.00",16.00,87.12%
SICILIA,CATANIA,1.00,DIVORZIO,"1,413.00",0,0,"1,196.00",0,0,729.00,425.00,11.00,84.64%
SICILIA,CATANIA,1.00,DIVORZIO,"4,091.00",0,0,"3,416.00",0,0,"2,318.00","1,029.00",30.00,83.50%
SICILIA,CATANIA,1.00,DIVORZIO,"4,303.00",0,0,"3,661.00",0,0,"2,100.00","1,445.00",37.00,85.08%
SICILIA,CATANIA,1.00,DIVORZIO,"9,374.00",0,0,"7,259.00",0,0,"3,310.00","3,794.00",42.00,77.44%
SICILIA,CATANIA,1.00,DIVORZIO,"2,723.00",0,0,"2,317.00",0,0,"1,356.00",866.00,31.00,85.09%
SICILIA,CATANIA,1.00,DIVORZIO,"4,578.00",0,0,"4,095.00",0,0,"1,715.00","2,307.00",19.00,89.45%
SICILIA,CATANIA,1.00,DIVORZIO,"1,940.00",0,0,"1,752.00",0,0,880.00,800.00,24.00,90.31%
SICILIA,CATANIA,1.00,DIVORZIO,"2,681.00",0,0,"2,210.00",0,0,"1,445.00",695.00,27.00,82.43%
SICILIA,CATANIA,1.00,DIVORZIO,"6,253.00",0,0,"4,217.00",0,0,"2,182.00","1,970.00",16.00,67.44%
SICILIA,CATANIA,1.00,DIVORZIO,"4,265.00",0,0,"3,378.00",0,0,"1,939.00","1,292.00",41.00,79.20%
CALABRIA,CATANZARO,1.00,DIVORZIO,"2,524.00",0,0,"1,569.00",0,0,885.00,614.00,21.00,62.16%
CALABRIA,CATANZARO,1.00,DIVORZIO,"1,008.00",0,0,793.00,0,0,493.00,277.00,13.00,78.67%
CALABRIA,CATANZARO,1.00,DIVORZIO,"1,479.00",0,0,957.00,0,0,443.00,494.00,13.00,64.71%
CALABRIA,CATANZARO,1.00,DIVORZIO,754.00,0,0,504.00,0,0,239.00,260.00,9.00,66.84%
CALABRIA,CATANZARO,1.00,DIVORZIO,936.00,0,0,619.00,0,0,385.00,225.00,5.00,66.13%
CALABRIA,CATANZARO,1.00,DIVORZIO,"1,515.00",0,0,971.00,0,0,451.00,500.00,12.00,64.09%
CALABRIA,CATANZARO,1.00,DIVORZIO,529.00,0,0,356.00,0,0,164.00,185.00,4.00,67.30%
CALABRIA,CATANZARO,1.00,DIVORZIO,"2,737.00",0,0,"1,752.00",0,0,526.00,"1,164.00",43.00,64.01%
CALABRIA,CATANZARO,1.00,DIVORZIO,"1,198.00",0,0,869.00,0,0,586.00,249.00,12.00,72.54%
CALABRIA,CATANZARO,1.00,DIVORZIO,"1,757.00",0,0,953.00,0,0,556.00,377.00,8.00,54.24%
CALABRIA,CATANZARO,1.00,DIVORZIO,"3,746.00",0,0,"3,048.00",0,0,747.00,"2,264.00",18.00,81.37%
CALABRIA,CATANZARO,1.00,DIVORZIO,"1,859.00",0,0,"1,350.00",0,0,863.00,438.00,16.00,72.62%
CALABRIA,CATANZARO,1.00,DIVORZIO,"2,547.00",0,0,"2,152.00",0,0,"1,300.00",780.00,18.00,84.49%
CALABRIA,CATANZARO,1.00,DIVORZIO,583.00,0,0,361.00,0,0,243.00,111.00,4.00,61.92%
CALABRIA,CATANZARO,1.00,DIVORZIO,"1,332.00",0,0,"1,050.00",0,0,407.00,600.00,16.00,78.83%
CALABRIA,CATANZARO,1.00,DIVORZIO,"1,083.00",0,0,716.00,0,0,525.00,179.00,8.00,66.11%
CALABRIA,CATANZARO,1.00,DIVORZIO,"1,349.00",0,0,"1,210.00",0,0,551.00,642.00,11.00,89.70%
CALABRIA,CATANZARO,1.00,DIVORZIO,"2,216.00",0,0,"1,327.00",0,0,766.00,507.00,12.00,59.88%
CALABRIA,CATANZARO,1.00,DIVORZIO,973.00,0,0,659.00,0,0,148.00,505.00,3.00,67.73%
CALABRIA,CATANZARO,1.00,DIVORZIO,"1,539.00",0,0,"1,101.00",0,0,571.00,492.00,10.00,71.54%
CALABRIA,CATANZARO,1.00,DIVORZIO,"2,442.00",0,0,"1,969.00",0,0,944.00,978.00,18.00,80.63%
CALABRIA,CATANZARO,1.00,DIVORZIO,"1,080.00",0,0,848.00,0,0,482.00,349.00,8.00,78.52%
CALABRIA,CATANZARO,1.00,DIVORZIO,"50,723.00",0,0,"43,475.00",0,0,"19,053.00","23,515.00",382.00,85.71%
CALABRIA,CATANZARO,1.00,DIVORZIO,619.00,0,0,372.00,0,0,234.00,123.00,7.00,60.10%
CALABRIA,CATANZARO,1.00,DIVORZIO,679.00,0,0,502.00,0,0,411.00,86.00,1.00,73.93%
CALABRIA,CATANZARO,1.00,DIVORZIO,754.00,0,0,613.00,0,0,221.00,379.00,6.00,81.30%
CALABRIA,CATANZARO,1.00,DIVORZIO,809.00,0,0,595.00,0,0,268.00,310.00,7.00,73.55%
CALABRIA,CATANZARO,1.00,DIVORZIO,"2,412.00",0,0,"1,887.00",0,0,"1,277.00",489.00,23.00,78.23%
CALABRIA,CATANZARO,1.00,DIVORZIO,"4,758.00",0,0,"3,179.00",0,0,"1,654.00","1,474.00",23.00,66.81%
CALABRIA,CATANZARO,1.00,DIVORZIO,874.00,0,0,723.00,0,0,380.00,323.00,13.00,82.72%
CALABRIA,CATANZARO,1.00,DIVORZIO,"3,257.00",0,0,"1,954.00",0,0,950.00,967.00,20.00,59.99%
CALABRIA,CATANZARO,1.00,DIVORZIO,"5,766.00",0,0,"4,275.00",0,0,"2,065.00","2,082.00",49.00,74.14%
CALABRIA,CATANZARO,1.00,DIVORZIO,"2,026.00",0,0,"1,216.00",0,0,656.00,519.00,24.00,60.02%
CALABRIA,CATANZARO,1.00,DIVORZIO,"2,071.00",0,0,"1,512.00",0,0,729.00,745.00,18.00,73.01%
CALABRIA,CATANZARO,1.00,DIVORZIO,"3,164.00",0,0,"2,385.00",0,0,938.00,"1,402.00",26.00,75.38%
CALABRIA,CATANZARO,1.00,DIVORZIO,"2,054.00",0,0,"1,704.00",0,0,948.00,707.00,17.00,82.96%
CALABRIA,CATANZARO,1.00,DIVORZIO,"28,671.00",0,0,"22,584.00",0,0,"8,112.00","14,068.00",227.00,78.77%
CALABRIA,CATANZARO,1.00,DIVORZIO,"2,247.00",0,0,"1,491.00",0,0,847.00,606.00,21.00,66.36%
CALABRIA,CATANZARO,1.00,DIVORZIO,"4,018.00",0,0,"2,866.00",0,0,"1,388.00","1,411.00",34.00,71.33%
CALABRIA,CATANZARO,1.00,DIVORZIO,"6,859.00",0,0,"3,822.00",0,0,"1,992.00","1,750.00",23.00,55.72%
CALABRIA,CATANZARO,1.00,DIVORZIO,"1,253.00",0,0,849.00,0,0,483.00,346.00,9.00,67.76%
CALABRIA,CATANZARO,1.00,DIVORZIO,"2,281.00",0,0,"1,734.00",0,0,"1,010.00",684.00,19.00,76.02%
CALABRIA,CATANZARO,1.00,DIVORZIO,"3,051.00",0,0,"2,094.00",0,0,"1,016.00","1,029.00",22.00,68.63%
CALABRIA,CATANZARO,1.00,DIVORZIO,"2,231.00",0,0,"1,171.00",0,0,507.00,626.00,21.00,52.49%
CALABRIA,CATANZARO,1.00,DIVORZIO,"1,686.00",0,0,"1,460.00",0,0,867.00,567.00,13.00,86.60%
CALABRIA,CATANZARO,1.00,DIVORZIO,"2,961.00",0,0,"1,429.00",0,0,904.00,440.00,27.00,48.26%
CALABRIA,CATANZARO,1.00,DIVORZIO,"2,257.00",0,0,"1,637.00",0,0,739.00,865.00,13.00,72.53%
CALABRIA,CATANZARO,1.00,DIVORZIO,"1,800.00",0,0,969.00,0,0,386.00,540.00,14.00,53.83%
CALABRIA,CATANZARO,1.00,DIVORZIO,"5,364.00",0,0,"3,224.00",0,0,"1,773.00","1,387.00",31.00,60.10%
CALABRIA,CATANZARO,1.00,DIVORZIO,"1,105.00",0,0,868.00,0,0,655.00,186.00,8.00,78.55%
CALABRIA,CATANZARO,1.00,DIVORZIO,795.00,0,0,514.00,0,0,328.00,177.00,5.00,64.65%
CALABRIA,CATANZARO,1.00,DIVORZIO,500.00,0,0,360.00,0,0,156.00,200.00,2.00,72.00%
CALABRIA,CATANZARO,1.00,DIVORZIO,"1,718.00",0,0,"1,234.00",0,0,659.00,550.00,10.00,71.83%
CALABRIA,CATANZARO,1.00,DIVORZIO,978.00,0,0,764.00,0,0,517.00,202.00,12.00,78.12%
CALABRIA,CATANZARO,1.00,DIVORZIO,808.00,0,0,558.00,0,0,263.00,280.00,7.00,69.06%
CALABRIA,CATANZARO,1.00,DIVORZIO,"2,079.00",0,0,"1,444.00",0,0,889.00,520.00,16.00,69.46%
CALABRIA,CATANZARO,1.00,DIVORZIO,"1,710.00",0,0,960.00,0,0,532.00,373.00,17.00,56.14%
CALABRIA,CATANZARO,1.00,DIVORZIO,"2,925.00",0,0,"2,307.00",0,0,840.00,"1,347.00",58.00,78.87%
CALABRIA,CATANZARO,1.00,DIVORZIO,"4,574.00",0,0,"2,938.00",0,0,"1,316.00","1,545.00",26.00,64.23%
CALABRIA,CATANZARO,1.00,DIVORZIO,"2,946.00",0,0,"1,535.00",0,0,893.00,605.00,16.00,52.10%
CALABRIA,CATANZARO,1.00,DIVORZIO,"3,493.00",0,0,"2,572.00",0,0,"1,159.00","1,360.00",23.00,73.63%
CALABRIA,CATANZARO,1.00,DIVORZIO,853.00,0,0,650.00,0,0,444.00,192.00,5.00,76.20%
CALABRIA,CATANZARO,1.00,DIVORZIO,"1,629.00",0,0,926.00,0,0,626.00,288.00,6.00,56.84%
CALABRIA,CATANZARO,1.00,DIVORZIO,"4,957.00",0,0,"3,611.00",0,0,"1,847.00","1,638.00",41.00,72.85%
CALABRIA,CATANZARO,1.00,DIVORZIO,906.00,0,0,656.00,0,0,251.00,387.00,9.00,72.41%
CALABRIA,CATANZARO,1.00,DIVORZIO,"1,825.00",0,0,"1,389.00",0,0,636.00,709.00,21.00,76.11%
CALABRIA,CATANZARO,1.00,DIVORZIO,"34,442.00",0,0,"24,886.00",0,0,"11,775.00","12,579.00",237.00,72.25%
CALABRIA,CATANZARO,1.00,DIVORZIO,"2,254.00",0,0,"1,810.00",0,0,"1,148.00",597.00,28.00,80.30%
CALABRIA,CATANZARO,1.00,DIVORZIO,"1,133.00",0,0,837.00,0,0,364.00,454.00,9.00,73.87%
CALABRIA,CATANZARO,1.00,DIVORZIO,"3,214.00",0,0,"2,004.00",0,0,700.00,"1,251.00",23.00,62.35%
CALABRIA,CATANZARO,1.00,DIVORZIO,"1,898.00",0,0,"1,089.00",0,0,855.00,210.00,6.00,57.38%
CALABRIA,CATANZARO,1.00,DIVORZIO,619.00,0,0,397.00,0,0,288.00,97.00,3.00,64.14%
CALABRIA,CATANZARO,1.00,DIVORZIO,988.00,0,0,822.00,0,0,375.00,435.00,6.00,83.20%
CALABRIA,CATANZARO,1.00,DIVORZIO,979.00,0,0,667.00,0,0,371.00,273.00,6.00,68.13%
CALABRIA,CATANZARO,1.00,DIVORZIO,"1,283.00",0,0,846.00,0,0,537.00,295.00,5.00,65.94%
CALABRIA,CATANZARO,1.00,DIVORZIO,"2,113.00",0,0,"1,462.00",0,0,350.00,"1,080.00",15.00,69.19%
CALABRIA,CATANZARO,1.00,DIVORZIO,"5,083.00",0,0,"3,323.00",0,0,"1,876.00","1,391.00",36.00,65.37%
CALABRIA,CATANZARO,1.00,DIVORZIO,798.00,0,0,631.00,0,0,325.00,295.00,7.00,79.07%
CALABRIA,CATANZARO,1.00,DIVORZIO,"4,315.00",0,0,"3,139.00",0,0,"1,906.00","1,175.00",26.00,72.75%
CALABRIA,CATANZARO,1.00,DIVORZIO,810.00,0,0,527.00,0,0,326.00,171.00,7.00,65.06%
CALABRIA,CATANZARO,1.00,DIVORZIO,"1,339.00",0,0,884.00,0,0,470.00,378.00,28.00,66.02%
CALABRIA,CATANZARO,1.00,DIVORZIO,"1,373.00",0,0,965.00,0,0,467.00,480.00,6.00,70.28%
CALABRIA,CATANZARO,1.00,DIVORZIO,"1,605.00",0,0,"1,343.00",0,0,785.00,515.00,16.00,83.68%
CALABRIA,CATANZARO,1.00,DIVORZIO,723.00,0,0,457.00,0,0,295.00,152.00,4.00,63.21%
CALABRIA,CATANZARO,1.00,DIVORZIO,"1,401.00",0,0,808.00,0,0,449.00,332.00,10.00,57.67%
CALABRIA,CATANZARO,1.00,DIVORZIO,"4,434.00",0,0,"3,333.00",0,0,"1,896.00","1,354.00",42.00,75.17%
CALABRIA,CATANZARO,1.00,DIVORZIO,"2,787.00",0,0,"2,141.00",0,0,769.00,"1,294.00",45.00,76.82%
CALABRIA,CATANZARO,1.00,DIVORZIO,611.00,0,0,459.00,0,0,236.00,217.00,2.00,75.12%
CALABRIA,CATANZARO,1.00,DIVORZIO,"1,231.00",0,0,710.00,0,0,543.00,153.00,8.00,57.68%
CALABRIA,CATANZARO,1.00,DIVORZIO,"1,309.00",0,0,998.00,0,0,371.00,606.00,12.00,76.24%
CALABRIA,CATANZARO,1.00,DIVORZIO,"1,090.00",0,0,826.00,0,0,341.00,469.00,10.00,75.78%
CALABRIA,CATANZARO,1.00,DIVORZIO,"1,188.00",0,0,923.00,0,0,502.00,404.00,8.00,77.69%
CALABRIA,CATANZARO,1.00,DIVORZIO,"5,835.00",0,0,"4,066.00",0,0,"1,798.00","2,176.00",45.00,69.68%
CALABRIA,CATANZARO,1.00,DIVORZIO,"1,131.00",0,0,769.00,0,0,517.00,238.00,9.00,67.99%
CALABRIA,CATANZARO,1.00,DIVORZIO,"1,786.00",0,0,"1,435.00",0,0,444.00,947.00,26.00,80.35%
CALABRIA,CATANZARO,1.00,DIVORZIO,"1,218.00",0,0,911.00,0,0,365.00,531.00,3.00,74.79%
CALABRIA,CATANZARO,1.00,DIVORZIO,"5,500.00",0,0,"4,079.00",0,0,"1,988.00","2,020.00",32.00,74.16%
CALABRIA,CATANZARO,1.00,DIVORZIO,"1,482.00",0,0,985.00,0,0,472.00,498.00,10.00,66.46%
CALABRIA,CATANZARO,1.00,DIVORZIO,"2,105.00",0,0,"1,106.00",0,0,529.00,537.00,14.00,52.54%
CALABRIA,CATANZARO,1.00,DIVORZIO,"1,323.00",0,0,"1,039.00",0,0,677.00,340.00,10.00,78.53%
CALABRIA,CATANZARO,1.00,DIVORZIO,"2,484.00",0,0,"1,969.00",0,0,930.00,"1,003.00",15.00,79.27%
CALABRIA,CATANZARO,1.00,DIVORZIO,"1,962.00",0,0,"1,527.00",0,0,581.00,920.00,12.00,77.83%
CALABRIA,CATANZARO,1.00,DIVORZIO,"2,584.00",0,0,"1,875.00",0,0,"1,034.00",811.00,13.00,72.56%
CALABRIA,CATANZARO,1.00,DIVORZIO,"2,741.00",0,0,"2,324.00",0,0,828.00,"1,346.00",41.00,84.79%
CALABRIA,CATANZARO,1.00,DIVORZIO,"2,588.00",0,0,"2,095.00",0,0,"1,318.00",744.00,11.00,80.95%
CALABRIA,CATANZARO,1.00,DIVORZIO,"1,454.00",0,0,"1,138.00",0,0,468.00,633.00,24.00,78.27%
CALABRIA,CATANZARO,1.00,DIVORZIO,648.00,0,0,539.00,0,0,254.00,271.00,2.00,83.18%
CALABRIA,CATANZARO,1.00,DIVORZIO,"1,465.00",0,0,"1,078.00",0,0,641.00,403.00,11.00,73.58%
CALABRIA,CATANZARO,1.00,DIVORZIO,"1,496.00",0,0,905.00,0,0,376.00,488.00,27.00,60.49%
CALABRIA,CATANZARO,1.00,DIVORZIO,"1,596.00",0,0,"1,248.00",0,0,606.00,615.00,14.00,78.20%
CALABRIA,CATANZARO,1.00,DIVORZIO,"2,036.00",0,0,"1,096.00",0,0,657.00,402.00,22.00,53.83%
CALABRIA,CATANZARO,1.00,DIVORZIO,"1,374.00",0,0,892.00,0,0,347.00,506.00,25.00,64.92%
CALABRIA,CATANZARO,1.00,DIVORZIO,"2,847.00",0,0,"1,807.00",0,0,908.00,877.00,11.00,63.47%
CALABRIA,CATANZARO,1.00,DIVORZIO,"1,274.00",0,0,"1,057.00",0,0,354.00,667.00,22.00,82.97%
CALABRIA,CATANZARO,1.00,DIVORZIO,"1,029.00",0,0,670.00,0,0,257.00,394.00,3.00,65.11%
CALABRIA,CATANZARO,1.00,DIVORZIO,"1,945.00",0,0,"1,232.00",0,0,531.00,664.00,23.00,63.34%
CALABRIA,CATANZARO,1.00,DIVORZIO,"2,167.00",0,0,"1,577.00",0,0,675.00,860.00,38.00,72.77%
CALABRIA,CATANZARO,1.00,DIVORZIO,"1,604.00",0,0,"1,256.00",0,0,556.00,669.00,19.00,78.30%
CALABRIA,CATANZARO,1.00,DIVORZIO,"2,754.00",0,0,"1,963.00",0,0,"1,107.00",799.00,31.00,71.28%
CALABRIA,CATANZARO,1.00,DIVORZIO,"1,881.00",0,0,"1,321.00",0,0,723.00,550.00,24.00,70.23%
CALABRIA,CATANZARO,1.00,DIVORZIO,"2,028.00",0,0,"1,600.00",0,0,652.00,729.00,9.00,78.90%
CALABRIA,CATANZARO,1.00,DIVORZIO,"1,654.00",0,0,"1,248.00",0,0,580.00,646.00,12.00,75.45%
CALABRIA,CATANZARO,1.00,DIVORZIO,"1,927.00",0,0,"1,278.00",0,0,635.00,618.00,17.00,66.32%
CALABRIA,CATANZARO,1.00,DIVORZIO,662.00,0,0,522.00,0,0,261.00,246.00,11.00,78.85%
CALABRIA,CATANZARO,1.00,DIVORZIO,"2,249.00",0,0,"2,033.00",0,0,745.00,"1,232.00",42.00,90.40%
CALABRIA,CATANZARO,1.00,DIVORZIO,"4,539.00",0,0,"2,707.00",0,0,"1,757.00",887.00,28.00,59.64%
CALABRIA,CATANZARO,1.00,DIVORZIO,"2,788.00",0,0,"1,951.00",0,0,900.00,980.00,35.00,69.98%
CALABRIA,CATANZARO,1.00,DIVORZIO,"3,267.00",0,0,"2,428.00",0,0,"1,017.00","1,369.00",21.00,74.32%
CALABRIA,CATANZARO,1.00,DIVORZIO,"1,162.00",0,0,868.00,0,0,423.00,422.00,15.00,74.70%
CALABRIA,CATANZARO,1.00,DIVORZIO,"1,552.00",0,0,663.00,0,0,458.00,191.00,9.00,42.72%
CALABRIA,CATANZARO,1.00,DIVORZIO,"1,774.00",0,0,"1,418.00",0,0,773.00,607.00,19.00,79.93%
CALABRIA,CATANZARO,1.00,DIVORZIO,774.00,0,0,528.00,0,0,268.00,249.00,9.00,68.22%
CALABRIA,CATANZARO,1.00,DIVORZIO,"1,018.00",0,0,564.00,0,0,371.00,170.00,9.00,55.40%
CALABRIA,CATANZARO,1.00,DIVORZIO,"1,957.00",0,0,"1,422.00",0,0,938.00,459.00,14.00,72.66%
CALABRIA,CATANZARO,1.00,DIVORZIO,"4,320.00",0,0,"3,543.00",0,0,"1,720.00","1,749.00",43.00,82.01%
CALABRIA,CATANZARO,1.00,DIVORZIO,"2,069.00",0,0,"1,571.00",0,0,694.00,846.00,15.00,75.93%
CALABRIA,CATANZARO,1.00,DIVORZIO,"1,064.00",0,0,795.00,0,0,365.00,388.00,27.00,74.72%
CALABRIA,CATANZARO,1.00,DIVORZIO,544.00,0,0,374.00,0,0,246.00,121.00,3.00,68.75%
CALABRIA,CATANZARO,1.00,DIVORZIO,"1,024.00",0,0,862.00,0,0,525.00,319.00,10.00,84.18%
CALABRIA,CATANZARO,1.00,DIVORZIO,"1,733.00",0,0,"1,283.00",0,0,825.00,439.00,11.00,74.03%
CALABRIA,CATANZARO,1.00,DIVORZIO,"1,496.00",0,0,977.00,0,0,550.00,401.00,14.00,65.31%
CALABRIA,CATANZARO,1.00,DIVORZIO,"1,547.00",0,0,"1,097.00",0,0,651.00,407.00,10.00,70.91%
CALABRIA,CATANZARO,1.00,DIVORZIO,"3,602.00",0,0,"2,860.00",0,0,"1,490.00","1,317.00",27.00,79.40%
CALABRIA,CATANZARO,1.00,DIVORZIO,"1,676.00",0,0,"1,493.00",0,0,753.00,706.00,22.00,89.08%
CALABRIA,CATANZARO,1.00,DIVORZIO,"2,784.00",0,0,"2,198.00",0,0,875.00,"1,214.00",48.00,78.95%
CALABRIA,CATANZARO,1.00,DIVORZIO,"1,128.00",0,0,680.00,0,0,428.00,221.00,17.00,60.28%
CALABRIA,CATANZARO,1.00,DIVORZIO,"3,959.00",0,0,"3,301.00",0,0,"2,210.00","1,044.00",27.00,83.38%
CALABRIA,CATANZARO,1.00,DIVORZIO,912.00,0,0,756.00,0,0,314.00,414.00,15.00,82.89%
CALABRIA,CATANZARO,1.00,DIVORZIO,"1,744.00",0,0,"1,139.00",0,0,413.00,688.00,16.00,65.31%
CALABRIA,CATANZARO,1.00,DIVORZIO,929.00,0,0,537.00,0,0,194.00,323.00,7.00,57.80%
CALABRIA,CATANZARO,1.00,DIVORZIO,"1,130.00",0,0,594.00,0,0,301.00,255.00,23.00,52.57%
CALABRIA,CATANZARO,1.00,DIVORZIO,"1,701.00",0,0,"1,202.00",0,0,523.00,640.00,24.00,70.66%
CALABRIA,CATANZARO,1.00,DIVORZIO,"17,056.00",0,0,"13,706.00",0,0,"7,210.00","6,130.00",136.00,80.36%
CALABRIA,CATANZARO,1.00,DIVORZIO,669.00,0,0,522.00,0,0,312.00,189.00,8.00,78.03%
CALABRIA,CATANZARO,1.00,DIVORZIO,"1,384.00",0,0,"1,099.00",0,0,414.00,655.00,11.00,79.41%
CALABRIA,CATANZARO,1.00,DIVORZIO,"1,022.00",0,0,877.00,0,0,492.00,353.00,15.00,85.81%
CALABRIA,CATANZARO,1.00,DIVORZIO,"1,186.00",0,0,"1,078.00",0,0,731.00,325.00,4.00,90.89%
ABRUZZO,CHIETI,1.00,DIVORZIO,"1,851.00",0,0,"1,519.00",0,0,635.00,842.00,22.00,82.06%
ABRUZZO,CHIETI,1.00,DIVORZIO,"1,974.00",0,0,"1,424.00",0,0,712.00,670.00,12.00,72.14%
ABRUZZO,CHIETI,1.00,DIVORZIO,"1,452.00",0,0,997.00,0,0,627.00,335.00,12.00,68.66%
ABRUZZO,CHIETI,1.00,DIVORZIO,908.00,0,0,798.00,0,0,392.00,386.00,9.00,87.89%
ABRUZZO,CHIETI,1.00,DIVORZIO,"6,772.00",0,0,"5,947.00",0,0,"2,840.00","2,945.00",74.00,87.82%
ABRUZZO,CHIETI,1.00,DIVORZIO,"1,063.00",0,0,867.00,0,0,425.00,427.00,10.00,81.56%
ABRUZZO,CHIETI,1.00,DIVORZIO,618.00,0,0,445.00,0,0,302.00,131.00,7.00,72.01%
ABRUZZO,CHIETI,1.00,DIVORZIO,"3,333.00",0,0,"2,423.00",0,0,"1,742.00",599.00,23.00,72.70%
ABRUZZO,CHIETI,1.00,DIVORZIO,"1,234.00",0,0,985.00,0,0,600.00,346.00,6.00,79.82%
ABRUZZO,CHIETI,1.00,DIVORZIO,797.00,0,0,615.00,0,0,249.00,346.00,10.00,77.16%
ABRUZZO,CHIETI,1.00,DIVORZIO,875.00,0,0,667.00,0,0,376.00,254.00,17.00,76.23%
ABRUZZO,CHIETI,1.00,DIVORZIO,"1,189.00",0,0,927.00,0,0,739.00,172.00,7.00,77.96%
ABRUZZO,CHIETI,1.00,DIVORZIO,"1,068.00",0,0,917.00,0,0,445.00,452.00,11.00,85.86%
ABRUZZO,CHIETI,1.00,DIVORZIO,"4,574.00",0,0,"3,722.00",0,0,"2,459.00","1,198.00",36.00,81.37%
ABRUZZO,CHIETI,1.00,DIVORZIO,"1,766.00",0,0,"1,422.00",0,0,895.00,493.00,12.00,80.52%
ABRUZZO,CHIETI,1.00,DIVORZIO,"5,163.00",0,0,"4,174.00",0,0,"2,327.00","1,751.00",47.00,80.84%
ABRUZZO,CHIETI,1.00,DIVORZIO,"3,121.00",0,0,"2,394.00",0,0,"1,518.00",815.00,25.00,76.71%
ABRUZZO,CHIETI,1.00,DIVORZIO,597.00,0,0,424.00,0,0,238.00,169.00,2.00,71.02%
ABRUZZO,CHIETI,1.00,DIVORZIO,"2,306.00",0,0,"1,491.00",0,0,"1,044.00",395.00,26.00,64.66%
ABRUZZO,CHIETI,1.00,DIVORZIO,"1,012.00",0,0,793.00,0,0,476.00,292.00,11.00,78.36%
ABRUZZO,CHIETI,1.00,DIVORZIO,"34,571.00",0,0,"31,624.00",0,0,"14,991.00","15,853.00",341.00,91.48%
ABRUZZO,CHIETI,1.00,DIVORZIO,399.00,0,0,281.00,0,0,103.00,170.00,6.00,70.43%
ABRUZZO,CHIETI,1.00,DIVORZIO,"1,221.00",0,0,880.00,0,0,414.00,450.00,8.00,72.07%
ABRUZZO,CHIETI,1.00,DIVORZIO,522.00,0,0,352.00,0,0,146.00,191.00,9.00,67.43%
ABRUZZO,CHIETI,1.00,DIVORZIO,718.00,0,0,408.00,0,0,278.00,124.00,3.00,56.82%
ABRUZZO,CHIETI,1.00,DIVORZIO,"2,315.00",0,0,"1,990.00",0,0,"1,050.00",889.00,23.00,85.96%
ABRUZZO,CHIETI,1.00,DIVORZIO,"2,699.00",0,0,"2,213.00",0,0,"1,281.00",880.00,22.00,81.99%
ABRUZZO,CHIETI,1.00,DIVORZIO,450.00,0,0,329.00,0,0,151.00,165.00,8.00,73.11%
ABRUZZO,CHIETI,1.00,DIVORZIO,307.00,0,0,231.00,0,0,171.00,58.00,2.00,75.24%
ABRUZZO,CHIETI,1.00,DIVORZIO,"1,413.00",0,0,"1,039.00",0,0,480.00,540.00,10.00,73.53%
ABRUZZO,CHIETI,1.00,DIVORZIO,"1,402.00",0,0,"1,136.00",0,0,675.00,427.00,22.00,81.03%
ABRUZZO,CHIETI,1.00,DIVORZIO,"1,151.00",0,0,843.00,0,0,480.00,346.00,8.00,73.24%
ABRUZZO,CHIETI,1.00,DIVORZIO,"3,196.00",0,0,"2,694.00",0,0,"1,128.00","1,534.00",13.00,84.29%
ABRUZZO,CHIETI,1.00,DIVORZIO,753.00,0,0,470.00,0,0,374.00,85.00,3.00,62.42%
ABRUZZO,CHIETI,1.00,DIVORZIO,"8,732.00",0,0,"7,586.00",0,0,"3,139.00","4,310.00",46.00,86.88%
ABRUZZO,CHIETI,1.00,DIVORZIO,"1,401.00",0,0,920.00,0,0,512.00,387.00,9.00,65.67%
ABRUZZO,CHIETI,1.00,DIVORZIO,"1,581.00",0,0,"1,294.00",0,0,801.00,456.00,18.00,81.85%
ABRUZZO,CHIETI,1.00,DIVORZIO,"1,122.00",0,0,907.00,0,0,486.00,384.00,16.00,80.84%
ABRUZZO,CHIETI,1.00,DIVORZIO,582.00,0,0,374.00,0,0,300.00,67.00,4.00,64.26%
ABRUZZO,CHIETI,1.00,DIVORZIO,"2,092.00",0,0,"1,282.00",0,0,562.00,670.00,27.00,61.28%
ABRUZZO,CHIETI,1.00,DIVORZIO,"2,328.00",0,0,"1,823.00",0,0,"1,062.00",726.00,17.00,78.31%
ABRUZZO,CHIETI,1.00,DIVORZIO,"1,152.00",0,0,885.00,0,0,440.00,392.00,11.00,76.82%
ABRUZZO,CHIETI,1.00,DIVORZIO,"7,353.00",0,0,"6,124.00",0,0,"2,644.00","3,335.00",59.00,83.29%
ABRUZZO,CHIETI,1.00,DIVORZIO,714.00,0,0,519.00,0,0,389.00,88.00,11.00,72.69%
ABRUZZO,CHIETI,1.00,DIVORZIO,"1,425.00",0,0,"1,079.00",0,0,368.00,694.00,7.00,75.72%
ABRUZZO,CHIETI,1.00,DIVORZIO,"21,744.00",0,0,"17,912.00",0,0,"9,636.00","7,904.00",148.00,82.38%
ABRUZZO,CHIETI,1.00,DIVORZIO,584.00,0,0,482.00,0,0,238.00,234.00,2.00,82.53%
ABRUZZO,CHIETI,1.00,DIVORZIO,382.00,0,0,288.00,0,0,174.00,109.00,2.00,75.39%
ABRUZZO,CHIETI,1.00,DIVORZIO,798.00,0,0,623.00,0,0,395.00,211.00,5.00,78.07%
ABRUZZO,CHIETI,1.00,DIVORZIO,"2,991.00",0,0,"2,483.00",0,0,"1,286.00","1,123.00",26.00,83.02%
ABRUZZO,CHIETI,1.00,DIVORZIO,"1,048.00",0,0,706.00,0,0,374.00,285.00,23.00,67.37%
ABRUZZO,CHIETI,1.00,DIVORZIO,244.00,0,0,159.00,0,0,90.00,61.00,4.00,65.16%
ABRUZZO,CHIETI,1.00,DIVORZIO,255.00,0,0,182.00,0,0,86.00,89.00,2.00,71.37%
ABRUZZO,CHIETI,1.00,DIVORZIO,299.00,0,0,188.00,0,0,128.00,52.00,7.00,62.88%
ABRUZZO,CHIETI,1.00,DIVORZIO,"1,085.00",0,0,505.00,0,0,292.00,206.00,1.00,46.54%
ABRUZZO,CHIETI,1.00,DIVORZIO,"1,607.00",0,0,"1,283.00",0,0,857.00,387.00,12.00,79.84%
ABRUZZO,CHIETI,1.00,DIVORZIO,"1,416.00",0,0,"1,146.00",0,0,545.00,565.00,16.00,80.93%
ABRUZZO,CHIETI,1.00,DIVORZIO,"3,243.00",0,0,"2,385.00",0,0,"1,115.00","1,214.00",24.00,73.54%
ABRUZZO,CHIETI,1.00,DIVORZIO,"15,330.00",0,0,"13,300.00",0,0,"6,134.00","6,922.00",100.00,86.76%
ABRUZZO,CHIETI,1.00,DIVORZIO,"3,312.00",0,0,"2,613.00",0,0,"1,179.00","1,393.00",10.00,78.89%
ABRUZZO,CHIETI,1.00,DIVORZIO,"1,524.00",0,0,991.00,0,0,562.00,409.00,11.00,65.03%
ABRUZZO,CHIETI,1.00,DIVORZIO,"1,388.00",0,0,"1,108.00",0,0,622.00,464.00,9.00,79.83%
ABRUZZO,CHIETI,1.00,DIVORZIO,"1,082.00",0,0,830.00,0,0,427.00,384.00,10.00,76.71%
ABRUZZO,CHIETI,1.00,DIVORZIO,490.00,0,0,340.00,0,0,179.00,150.00,4.00,69.39%
ABRUZZO,CHIETI,1.00,DIVORZIO,704.00,0,0,524.00,0,0,253.00,242.00,11.00,74.43%
ABRUZZO,CHIETI,1.00,DIVORZIO,"1,168.00",0,0,923.00,0,0,453.00,450.00,9.00,79.02%
ABRUZZO,CHIETI,1.00,DIVORZIO,254.00,0,0,131.00,0,0,95.00,36.00,0.00,51.57%
ABRUZZO,CHIETI,1.00,DIVORZIO,"1,185.00",0,0,751.00,0,0,469.00,248.00,14.00,63.38%
ABRUZZO,CHIETI,1.00,DIVORZIO,780.00,0,0,617.00,0,0,318.00,276.00,9.00,79.10%
ABRUZZO,CHIETI,1.00,DIVORZIO,"2,233.00",0,0,"1,842.00",0,0,"1,404.00",412.00,15.00,82.49%
ABRUZZO,CHIETI,1.00,DIVORZIO,989.00,0,0,715.00,0,0,513.00,183.00,12.00,72.30%
ABRUZZO,CHIETI,1.00,DIVORZIO,824.00,0,0,616.00,0,0,347.00,248.00,13.00,74.76%
ABRUZZO,CHIETI,1.00,DIVORZIO,"1,478.00",0,0,922.00,0,0,487.00,402.00,16.00,62.38%
ABRUZZO,CHIETI,1.00,DIVORZIO,"2,260.00",0,0,"1,871.00",0,0,"1,070.00",750.00,26.00,82.79%
ABRUZZO,CHIETI,1.00,DIVORZIO,"1,670.00",0,0,"1,151.00",0,0,723.00,400.00,5.00,68.92%
ABRUZZO,CHIETI,1.00,DIVORZIO,"1,790.00",0,0,"1,443.00",0,0,"1,007.00",421.00,6.00,80.61%
ABRUZZO,CHIETI,1.00,DIVORZIO,"1,410.00",0,0,"1,076.00",0,0,581.00,451.00,23.00,76.31%
ABRUZZO,CHIETI,1.00,DIVORZIO,"1,767.00",0,0,"1,257.00",0,0,845.00,380.00,19.00,71.14%
ABRUZZO,CHIETI,1.00,DIVORZIO,444.00,0,0,205.00,0,0,129.00,74.00,1.00,46.17%
ABRUZZO,CHIETI,1.00,DIVORZIO,490.00,0,0,310.00,0,0,222.00,81.00,3.00,63.27%
ABRUZZO,CHIETI,1.00,DIVORZIO,"1,149.00",0,0,938.00,0,0,645.00,280.00,5.00,81.64%
ABRUZZO,CHIETI,1.00,DIVORZIO,543.00,0,0,384.00,0,0,199.00,173.00,7.00,70.72%
ABRUZZO,CHIETI,1.00,DIVORZIO,"3,569.00",0,0,"3,067.00",0,0,"1,397.00","1,594.00",32.00,85.93%
ABRUZZO,CHIETI,1.00,DIVORZIO,761.00,0,0,609.00,0,0,362.00,230.00,8.00,80.03%
ABRUZZO,CHIETI,1.00,DIVORZIO,"5,448.00",0,0,"4,980.00",0,0,"2,287.00","2,607.00",42.00,91.41%
ABRUZZO,CHIETI,1.00,DIVORZIO,713.00,0,0,589.00,0,0,336.00,242.00,3.00,82.61%
ABRUZZO,CHIETI,1.00,DIVORZIO,"1,858.00",0,0,"1,446.00",0,0,689.00,731.00,11.00,77.83%
ABRUZZO,CHIETI,1.00,DIVORZIO,"3,708.00",0,0,"3,117.00",0,0,"1,593.00","1,461.00",34.00,84.06%
ABRUZZO,CHIETI,1.00,DIVORZIO,"3,271.00",0,0,"2,707.00",0,0,"1,493.00","1,151.00",25.00,82.76%
ABRUZZO,CHIETI,1.00,DIVORZIO,"2,335.00",0,0,"1,828.00",0,0,"1,224.00",538.00,28.00,78.29%
ABRUZZO,CHIETI,1.00,DIVORZIO,699.00,0,0,494.00,0,0,273.00,215.00,0.00,70.67%
ABRUZZO,CHIETI,1.00,DIVORZIO,"3,033.00",0,0,"2,744.00",0,0,"1,336.00","1,355.00",18.00,90.47%
ABRUZZO,CHIETI,1.00,DIVORZIO,"2,480.00",0,0,"2,138.00",0,0,"1,215.00",877.00,27.00,86.21%
ABRUZZO,CHIETI,1.00,DIVORZIO,"1,856.00",0,0,"1,284.00",0,0,892.00,363.00,10.00,69.18%
ABRUZZO,CHIETI,1.00,DIVORZIO,"1,281.00",0,0,965.00,0,0,507.00,423.00,13.00,75.33%
ABRUZZO,CHIETI,1.00,DIVORZIO,"1,661.00",0,0,"1,483.00",0,0,806.00,613.00,19.00,89.28%
ABRUZZO,CHIETI,1.00,DIVORZIO,"2,051.00",0,0,"1,390.00",0,0,690.00,672.00,14.00,67.77%
ABRUZZO,CHIETI,1.00,DIVORZIO,617.00,0,0,488.00,0,0,365.00,113.00,4.00,79.09%
ABRUZZO,CHIETI,1.00,DIVORZIO,715.00,0,0,479.00,0,0,336.00,137.00,2.00,66.99%
ABRUZZO,CHIETI,1.00,DIVORZIO,"1,525.00",0,0,"1,069.00",0,0,558.00,467.00,10.00,70.10%
ABRUZZO,CHIETI,1.00,DIVORZIO,"17,870.00",0,0,"15,060.00",0,0,"7,610.00","7,077.00",192.00,84.28%
ABRUZZO,CHIETI,1.00,DIVORZIO,991.00,0,0,818.00,0,0,575.00,222.00,12.00,82.54%
ABRUZZO,CHIETI,1.00,DIVORZIO,"1,809.00",0,0,"1,367.00",0,0,674.00,631.00,28.00,75.57%
ABRUZZO,CHIETI,1.00,DIVORZIO,"1,426.00",0,0,"1,094.00",0,0,430.00,628.00,20.00,76.72%
LOMBARDIA,COMO,1.00,DIVORZIO,"1,738.00",0,0,"1,589.00",0,0,653.00,894.00,36.00,91.43%
LOMBARDIA,COMO,1.00,DIVORZIO,"1,509.00",0,0,"1,426.00",0,0,762.00,610.00,43.00,94.50%
LOMBARDIA,COMO,1.00,DIVORZIO,"2,974.00",0,0,"2,828.00",0,0,"1,521.00","1,246.00",40.00,95.09%
LOMBARDIA,COMO,1.00,DIVORZIO,"2,560.00",0,0,"2,386.00",0,0,"1,421.00",906.00,47.00,93.20%
LOMBARDIA,COMO,1.00,DIVORZIO,"1,253.00",0,0,"1,149.00",0,0,550.00,575.00,16.00,91.70%
LOMBARDIA,COMO,1.00,DIVORZIO,507.00,0,0,471.00,0,0,257.00,200.00,11.00,92.90%
LOMBARDIA,COMO,1.00,DIVORZIO,"1,992.00",0,0,"1,857.00",0,0,"1,079.00",730.00,30.00,93.22%
LOMBARDIA,COMO,1.00,DIVORZIO,931.00,0,0,879.00,0,0,570.00,268.00,34.00,94.41%
LOMBARDIA,COMO,1.00,DIVORZIO,857.00,0,0,807.00,0,0,411.00,368.00,19.00,94.17%
LOMBARDIA,COMO,1.00,DIVORZIO,"3,750.00",0,0,"3,408.00",0,0,"1,664.00","1,633.00",76.00,90.88%
LOMBARDIA,COMO,1.00,DIVORZIO,542.00,0,0,464.00,0,0,185.00,264.00,10.00,85.61%
LOMBARDIA,COMO,1.00,DIVORZIO,"2,399.00",0,0,"2,316.00",0,0,"1,353.00",884.00,51.00,96.54%
LOMBARDIA,COMO,1.00,DIVORZIO,"1,984.00",0,0,"1,839.00",0,0,852.00,926.00,46.00,92.69%
LOMBARDIA,COMO,1.00,DIVORZIO,"1,030.00",0,0,"1,011.00",0,0,518.00,459.00,19.00,98.16%
LOMBARDIA,COMO,1.00,DIVORZIO,287.00,0,0,260.00,0,0,150.00,95.00,11.00,90.59%
LOMBARDIA,COMO,1.00,DIVORZIO,"1,316.00",0,0,"1,261.00",0,0,910.00,313.00,28.00,95.82%
LOMBARDIA,COMO,1.00,DIVORZIO,"2,406.00",0,0,"2,288.00",0,0,"1,274.00",939.00,54.00,95.10%
LOMBARDIA,COMO,1.00,DIVORZIO,862.00,0,0,810.00,0,0,484.00,297.00,22.00,93.97%
LOMBARDIA,COMO,1.00,DIVORZIO,"2,491.00",0,0,"2,055.00",0,0,825.00,"1,154.00",56.00,82.50%
LOMBARDIA,COMO,1.00,DIVORZIO,"2,670.00",0,0,"2,455.00",0,0,"1,298.00","1,082.00",45.00,91.95%
LOMBARDIA,COMO,1.00,DIVORZIO,235.00,0,0,201.00,0,0,117.00,68.00,6.00,85.53%
LOMBARDIA,COMO,1.00,DIVORZIO,"1,177.00",0,0,"1,112.00",0,0,734.00,347.00,23.00,94.48%
LOMBARDIA,COMO,1.00,DIVORZIO,"2,163.00",0,0,"2,004.00",0,0,"1,011.00",944.00,29.00,92.65%
LOMBARDIA,COMO,1.00,DIVORZIO,694.00,0,0,614.00,0,0,289.00,312.00,11.00,88.47%
LOMBARDIA,COMO,1.00,DIVORZIO,158.00,0,0,124.00,0,0,53.00,68.00,2.00,78.48%
LOMBARDIA,COMO,1.00,DIVORZIO,"1,089.00",0,0,964.00,0,0,355.00,589.00,14.00,88.52%
LOMBARDIA,COMO,1.00,DIVORZIO,"1,725.00",0,0,"1,668.00",0,0,"1,017.00",586.00,42.00,96.70%
LOMBARDIA,COMO,1.00,DIVORZIO,"2,278.00",0,0,"2,117.00",0,0,"1,045.00",991.00,58.00,92.93%
LOMBARDIA,COMO,1.00,DIVORZIO,861.00,0,0,820.00,0,0,632.00,168.00,12.00,95.24%
LOMBARDIA,COMO,1.00,DIVORZIO,303.00,0,0,264.00,0,0,140.00,118.00,4.00,87.13%
LOMBARDIA,COMO,1.00,DIVORZIO,"2,331.00",0,0,"2,167.00",0,0,"1,301.00",789.00,56.00,92.96%
LOMBARDIA,COMO,1.00,DIVORZIO,"1,145.00",0,0,"1,032.00",0,0,396.00,612.00,10.00,90.13%
LOMBARDIA,COMO,1.00,DIVORZIO,"1,600.00",0,0,"1,540.00",0,0,"1,036.00",464.00,28.00,96.25%
LOMBARDIA,COMO,1.00,DIVORZIO,"1,464.00",0,0,"1,365.00",0,0,697.00,615.00,37.00,93.24%
LOMBARDIA,COMO,1.00,DIVORZIO,"3,804.00",0,0,"3,603.00",0,0,"1,993.00","1,505.00",66.00,94.72%
LOMBARDIA,COMO,1.00,DIVORZIO,"3,463.00",0,0,"3,218.00",0,0,"1,286.00","1,828.00",76.00,92.93%
LOMBARDIA,COMO,1.00,DIVORZIO,328.00,0,0,298.00,0,0,135.00,151.00,10.00,90.85%
LOMBARDIA,COMO,1.00,DIVORZIO,918.00,0,0,816.00,0,0,376.00,402.00,24.00,88.89%
LOMBARDIA,COMO,1.00,DIVORZIO,"1,810.00",0,0,"1,684.00",0,0,934.00,683.00,41.00,93.04%
LOMBARDIA,COMO,1.00,DIVORZIO,"1,523.00",0,0,"1,325.00",0,0,325.00,983.00,15.00,87.00%
LOMBARDIA,COMO,1.00,DIVORZIO,"22,349.00",0,0,"20,265.00",0,0,"9,164.00","10,511.00",373.00,90.68%
LOMBARDIA,COMO,1.00,DIVORZIO,"2,867.00",0,0,"2,653.00",0,0,"1,170.00","1,393.00",53.00,92.54%
LOMBARDIA,COMO,1.00,DIVORZIO,"2,565.00",0,0,"2,396.00",0,0,"1,346.00",983.00,46.00,93.41%
LOMBARDIA,COMO,1.00,DIVORZIO,954.00,0,0,850.00,0,0,358.00,481.00,9.00,89.10%
LOMBARDIA,COMO,1.00,DIVORZIO,"1,224.00",0,0,"1,148.00",0,0,543.00,562.00,25.00,93.79%
LOMBARDIA,COMO,1.00,DIVORZIO,"1,788.00",0,0,"1,666.00",0,0,867.00,758.00,30.00,93.18%
LOMBARDIA,COMO,1.00,DIVORZIO,"1,453.00",0,0,"1,230.00",0,0,540.00,657.00,24.00,84.65%
LOMBARDIA,COMO,1.00,DIVORZIO,"2,865.00",0,0,"2,692.00",0,0,"1,669.00",930.00,62.00,93.96%
LOMBARDIA,COMO,1.00,DIVORZIO,641.00,0,0,591.00,0,0,333.00,236.00,18.00,92.20%
LOMBARDIA,COMO,1.00,DIVORZIO,348.00,0,0,284.00,0,0,190.00,90.00,3.00,81.61%
LOMBARDIA,COMO,1.00,DIVORZIO,"5,942.00",0,0,"5,744.00",0,0,"3,535.00","2,067.00",96.00,96.67%
LOMBARDIA,COMO,1.00,DIVORZIO,"1,023.00",0,0,960.00,0,0,439.00,494.00,16.00,93.84%
LOMBARDIA,COMO,1.00,DIVORZIO,"1,630.00",0,0,"1,504.00",0,0,709.00,737.00,31.00,92.27%
LOMBARDIA,COMO,1.00,DIVORZIO,"2,003.00",0,0,"1,899.00",0,0,"1,006.00",827.00,46.00,94.81%
LOMBARDIA,COMO,1.00,DIVORZIO,"1,055.00",0,0,979.00,0,0,397.00,541.00,25.00,92.80%
LOMBARDIA,COMO,1.00,DIVORZIO,260.00,0,0,244.00,0,0,145.00,88.00,8.00,93.85%
LOMBARDIA,COMO,1.00,DIVORZIO,"1,029.00",0,0,975.00,0,0,701.00,243.00,19.00,94.75%
LOMBARDIA,COMO,1.00,DIVORZIO,455.00,0,0,421.00,0,0,225.00,181.00,6.00,92.53%
LOMBARDIA,COMO,1.00,DIVORZIO,419.00,0,0,384.00,0,0,269.00,105.00,8.00,91.65%
LOMBARDIA,COMO,1.00,DIVORZIO,390.00,0,0,339.00,0,0,119.00,207.00,6.00,86.92%
LOMBARDIA,COMO,1.00,DIVORZIO,"1,385.00",0,0,"1,268.00",0,0,523.00,723.00,15.00,91.55%
LOMBARDIA,COMO,1.00,DIVORZIO,349.00,0,0,217.00,0,0,141.00,74.00,1.00,62.18%
LOMBARDIA,COMO,1.00,DIVORZIO,269.00,0,0,232.00,0,0,94.00,131.00,4.00,86.25%
LOMBARDIA,COMO,1.00,DIVORZIO,"4,547.00",0,0,"4,170.00",0,0,"1,731.00","2,331.00",85.00,91.71%
LOMBARDIA,COMO,1.00,DIVORZIO,"5,698.00",0,0,"5,172.00",0,0,"2,010.00","3,043.00",86.00,90.77%
LOMBARDIA,COMO,1.00,DIVORZIO,"2,011.00",0,0,"1,920.00",0,0,"1,051.00",799.00,51.00,95.47%
LOMBARDIA,COMO,1.00,DIVORZIO,"1,061.00",0,0,"1,005.00",0,0,724.00,250.00,26.00,94.72%
LOMBARDIA,COMO,1.00,DIVORZIO,"1,126.00",0,0,"1,053.00",0,0,711.00,314.00,16.00,93.52%
LOMBARDIA,COMO,1.00,DIVORZIO,"2,128.00",0,0,"2,031.00",0,0,"1,216.00",747.00,46.00,95.44%
LOMBARDIA,COMO,1.00,DIVORZIO,469.00,0,0,446.00,0,0,234.00,198.00,9.00,95.10%
LOMBARDIA,COMO,1.00,DIVORZIO,452.00,0,0,400.00,0,0,148.00,244.00,5.00,88.50%
LOMBARDIA,COMO,1.00,DIVORZIO,"3,511.00",0,0,"3,029.00",0,0,"1,385.00","1,533.00",80.00,86.27%
LOMBARDIA,COMO,1.00,DIVORZIO,663.00,0,0,636.00,0,0,510.00,107.00,14.00,95.93%
LOMBARDIA,COMO,1.00,DIVORZIO,573.00,0,0,504.00,0,0,248.00,227.00,23.00,87.96%
LOMBARDIA,COMO,1.00,DIVORZIO,"70,329.00",0,0,"64,035.00",0,0,"26,524.00","36,168.00",887.00,91.05%
LOMBARDIA,COMO,1.00,DIVORZIO,826.00,0,0,675.00,0,0,304.00,341.00,25.00,81.72%
LOMBARDIA,COMO,1.00,DIVORZIO,459.00,0,0,367.00,0,0,161.00,199.00,3.00,79.96%
LOMBARDIA,COMO,1.00,DIVORZIO,793.00,0,0,728.00,0,0,488.00,197.00,30.00,91.80%
LOMBARDIA,COMO,1.00,DIVORZIO,"2,578.00",0,0,"2,481.00",0,0,"1,577.00",787.00,81.00,96.24%
LOMBARDIA,COMO,1.00,DIVORZIO,796.00,0,0,754.00,0,0,425.00,290.00,31.00,94.72%
LOMBARDIA,COMO,1.00,DIVORZIO,190.00,0,0,162.00,0,0,59.00,92.00,10.00,85.26%
LOMBARDIA,COMO,1.00,DIVORZIO,555.00,0,0,509.00,0,0,316.00,183.00,8.00,91.71%
LOMBARDIA,COMO,1.00,DIVORZIO,596.00,0,0,479.00,0,0,226.00,237.00,8.00,80.37%
LOMBARDIA,COMO,1.00,DIVORZIO,"1,435.00",0,0,"1,291.00",0,0,694.00,539.00,42.00,89.97%
LOMBARDIA,COMO,1.00,DIVORZIO,190.00,0,0,168.00,0,0,41.00,115.00,11.00,88.42%
LOMBARDIA,COMO,1.00,DIVORZIO,"1,956.00",0,0,"1,820.00",0,0,777.00,975.00,47.00,93.05%
LOMBARDIA,COMO,1.00,DIVORZIO,289.00,0,0,260.00,0,0,102.00,151.00,5.00,89.97%
LOMBARDIA,COMO,1.00,DIVORZIO,"1,129.00",0,0,"1,088.00",0,0,762.00,301.00,16.00,96.37%
LOMBARDIA,COMO,1.00,DIVORZIO,993.00,0,0,867.00,0,0,452.00,387.00,20.00,87.31%
LOMBARDIA,COMO,1.00,DIVORZIO,"2,488.00",0,0,"2,241.00",0,0,"1,024.00","1,154.00",48.00,90.07%
LOMBARDIA,COMO,1.00,DIVORZIO,305.00,0,0,284.00,0,0,132.00,142.00,8.00,93.11%
LOMBARDIA,COMO,1.00,DIVORZIO,338.00,0,0,208.00,0,0,141.00,60.00,5.00,61.54%
LOMBARDIA,COMO,1.00,DIVORZIO,642.00,0,0,588.00,0,0,287.00,278.00,14.00,91.59%
LOMBARDIA,COMO,1.00,DIVORZIO,405.00,0,0,381.00,0,0,320.00,53.00,5.00,94.07%
LOMBARDIA,COMO,1.00,DIVORZIO,"10,761.00",0,0,"10,032.00",0,0,"5,147.00","4,638.00",160.00,93.23%
LOMBARDIA,COMO,1.00,DIVORZIO,557.00,0,0,494.00,0,0,348.00,136.00,8.00,88.69%
LOMBARDIA,COMO,1.00,DIVORZIO,"1,207.00",0,0,"1,122.00",0,0,567.00,517.00,31.00,92.96%
LOMBARDIA,COMO,1.00,DIVORZIO,724.00,0,0,654.00,0,0,357.00,282.00,10.00,90.33%
LOMBARDIA,COMO,1.00,DIVORZIO,"1,909.00",0,0,"1,742.00",0,0,766.00,919.00,40.00,91.25%
LOMBARDIA,COMO,1.00,DIVORZIO,"1,545.00",0,0,"1,394.00",0,0,848.00,490.00,40.00,90.23%
LOMBARDIA,COMO,1.00,DIVORZIO,"2,370.00",0,0,"2,194.00",0,0,"1,303.00",833.00,39.00,92.57%
LOMBARDIA,COMO,1.00,DIVORZIO,"4,975.00",0,0,"4,525.00",0,0,"1,786.00","2,588.00",103.00,90.95%
LOMBARDIA,COMO,1.00,DIVORZIO,"4,490.00",0,0,"4,217.00",0,0,"2,476.00","1,622.00",90.00,93.92%
LOMBARDIA,COMO,1.00,DIVORZIO,984.00,0,0,942.00,0,0,686.00,233.00,13.00,95.73%
LOMBARDIA,COMO,1.00,DIVORZIO,"1,275.00",0,0,"1,195.00",0,0,579.00,578.00,26.00,93.73%
LOMBARDIA,COMO,1.00,DIVORZIO,"1,060.00",0,0,916.00,0,0,593.00,281.00,32.00,86.42%
LOMBARDIA,COMO,1.00,DIVORZIO,627.00,0,0,550.00,0,0,337.00,198.00,13.00,87.72%
LOMBARDIA,COMO,1.00,DIVORZIO,212.00,0,0,202.00,0,0,144.00,50.00,3.00,95.28%
LOMBARDIA,COMO,1.00,DIVORZIO,"1,019.00",0,0,952.00,0,0,517.00,407.00,19.00,93.42%
LOMBARDIA,COMO,1.00,DIVORZIO,"1,856.00",0,0,"1,740.00",0,0,827.00,856.00,40.00,93.75%
LOMBARDIA,COMO,1.00,DIVORZIO,844.00,0,0,729.00,0,0,357.00,350.00,16.00,86.37%
LOMBARDIA,COMO,1.00,DIVORZIO,"2,053.00",0,0,"1,899.00",0,0,923.00,927.00,37.00,92.50%
LOMBARDIA,COMO,1.00,DIVORZIO,552.00,0,0,490.00,0,0,213.00,260.00,16.00,88.77%
LOMBARDIA,COMO,1.00,DIVORZIO,"2,090.00",0,0,"1,962.00",0,0,985.00,930.00,36.00,93.88%
LOMBARDIA,COMO,1.00,DIVORZIO,996.00,0,0,944.00,0,0,475.00,426.00,32.00,94.78%
LOMBARDIA,COMO,1.00,DIVORZIO,820.00,0,0,783.00,0,0,488.00,280.00,13.00,95.49%
LOMBARDIA,COMO,1.00,DIVORZIO,146.00,0,0,124.00,0,0,56.00,62.00,6.00,84.93%
LOMBARDIA,COMO,1.00,DIVORZIO,"4,943.00",0,0,"4,623.00",0,0,"2,515.00","1,997.00",68.00,93.53%
LOMBARDIA,COMO,1.00,DIVORZIO,727.00,0,0,634.00,0,0,230.00,387.00,12.00,87.21%
LOMBARDIA,COMO,1.00,DIVORZIO,409.00,0,0,332.00,0,0,113.00,211.00,3.00,81.17%
LOMBARDIA,COMO,1.00,DIVORZIO,"1,243.00",0,0,"1,141.00",0,0,704.00,406.00,27.00,91.79%
LOMBARDIA,COMO,1.00,DIVORZIO,"1,103.00",0,0,975.00,0,0,358.00,586.00,19.00,88.40%
LOMBARDIA,COMO,1.00,DIVORZIO,330.00,0,0,301.00,0,0,132.00,162.00,3.00,91.21%
LOMBARDIA,COMO,1.00,DIVORZIO,"37,608.00",0,0,"35,740.00",0,0,"16,343.00","18,427.00",678.00,95.03%
LOMBARDIA,COMO,1.00,DIVORZIO,"1,152.00",0,0,"1,012.00",0,0,513.00,481.00,13.00,87.85%
LOMBARDIA,COMO,1.00,DIVORZIO,"1,450.00",0,0,"1,275.00",0,0,550.00,661.00,45.00,87.93%
LOMBARDIA,COMO,1.00,DIVORZIO,"1,054.00",0,0,967.00,0,0,501.00,431.00,27.00,91.75%
LOMBARDIA,COMO,1.00,DIVORZIO,"1,013.00",0,0,949.00,0,0,569.00,354.00,11.00,93.68%
LOMBARDIA,COMO,1.00,DIVORZIO,"2,054.00",0,0,"1,918.00",0,0,685.00,"1,189.00",24.00,93.38%
LOMBARDIA,COMO,1.00,DIVORZIO,217.00,0,0,184.00,0,0,113.00,63.00,8.00,84.79%
LOMBARDIA,COMO,1.00,DIVORZIO,"2,261.00",0,0,"2,038.00",0,0,984.00,"1,003.00",32.00,90.14%
LOMBARDIA,COMO,1.00,DIVORZIO,"1,999.00",0,0,"1,884.00",0,0,913.00,928.00,32.00,94.25%
LOMBARDIA,COMO,1.00,DIVORZIO,"4,755.00",0,0,"4,343.00",0,0,"1,908.00","2,333.00",65.00,91.34%
LOMBARDIA,COMO,1.00,DIVORZIO,639.00,0,0,598.00,0,0,314.00,264.00,15.00,93.58%
LOMBARDIA,COMO,1.00,DIVORZIO,"1,272.00",0,0,"1,188.00",0,0,499.00,662.00,17.00,93.40%
LOMBARDIA,COMO,1.00,DIVORZIO,"2,361.00",0,0,"2,212.00",0,0,"1,252.00",897.00,45.00,93.69%
LOMBARDIA,COMO,1.00,DIVORZIO,"1,062.00",0,0,988.00,0,0,541.00,404.00,32.00,93.03%
LOMBARDIA,COMO,1.00,DIVORZIO,"5,610.00",0,0,"5,131.00",0,0,"2,431.00","2,540.00",114.00,91.46%
LOMBARDIA,COMO,1.00,DIVORZIO,241.00,0,0,232.00,0,0,99.00,125.00,4.00,96.27%
LOMBARDIA,COMO,1.00,DIVORZIO,"2,411.00",0,0,"2,244.00",0,0,"1,053.00","1,145.00",29.00,93.07%
LOMBARDIA,COMO,1.00,DIVORZIO,"6,689.00",0,0,"6,220.00",0,0,"2,645.00","3,389.00",127.00,92.99%
LOMBARDIA,COMO,1.00,DIVORZIO,232.00,0,0,212.00,0,0,119.00,82.00,9.00,91.38%
LOMBARDIA,COMO,1.00,DIVORZIO,"10,879.00",0,0,"10,329.00",0,0,"5,127.00","4,885.00",230.00,94.94%
LOMBARDIA,COMO,1.00,DIVORZIO,"2,552.00",0,0,"2,294.00",0,0,739.00,"1,518.00",23.00,89.89%
LOMBARDIA,COMO,1.00,DIVORZIO,"2,474.00",0,0,"2,173.00",0,0,"1,186.00",945.00,30.00,87.83%
LOMBARDIA,COMO,1.00,DIVORZIO,"8,335.00",0,0,"8,039.00",0,0,"4,231.00","3,616.00",141.00,96.45%
LOMBARDIA,COMO,1.00,DIVORZIO,"1,581.00",0,0,"1,474.00",0,0,763.00,664.00,33.00,93.23%
LOMBARDIA,COMO,1.00,DIVORZIO,762.00,0,0,640.00,0,0,200.00,426.00,8.00,83.99%
LOMBARDIA,COMO,1.00,DIVORZIO,"4,185.00",0,0,"3,943.00",0,0,"2,451.00","1,385.00",62.00,94.22%
LOMBARDIA,COMO,1.00,DIVORZIO,240.00,0,0,231.00,0,0,158.00,70.00,2.00,96.25%
LOMBARDIA,COMO,1.00,DIVORZIO,"1,591.00",0,0,"1,539.00",0,0,"1,110.00",378.00,37.00,96.73%
LOMBARDIA,COMO,1.00,DIVORZIO,"1,512.00",0,0,"1,360.00",0,0,499.00,825.00,26.00,89.95%
LOMBARDIA,COMO,1.00,DIVORZIO,841.00,0,0,798.00,0,0,451.00,327.00,15.00,94.89%
LOMBARDIA,COMO,1.00,DIVORZIO,"2,146.00",0,0,"1,996.00",0,0,839.00,"1,099.00",35.00,93.01%
LOMBARDIA,COMO,1.00,DIVORZIO,203.00,0,0,153.00,0,0,96.00,52.00,3.00,75.37%
LOMBARDIA,COMO,1.00,DIVORZIO,963.00,0,0,912.00,0,0,538.00,330.00,26.00,94.70%
LOMBARDIA,COMO,1.00,DIVORZIO,"2,631.00",0,0,"2,462.00",0,0,"1,421.00",960.00,56.00,93.58%
LOMBARDIA,COMO,1.00,DIVORZIO,977.00,0,0,937.00,0,0,477.00,432.00,19.00,95.91%
LOMBARDIA,COMO,1.00,DIVORZIO,56.00,0,0,52.00,0,0,38.00,10.00,4.00,92.86%
LOMBARDIA,COMO,1.00,DIVORZIO,"3,138.00",0,0,"2,867.00",0,0,"1,330.00","1,470.00",43.00,91.36%
LOMBARDIA,COMO,1.00,DIVORZIO,671.00,0,0,618.00,0,0,326.00,262.00,15.00,92.10%
LOMBARDIA,COMO,1.00,DIVORZIO,"1,068.00",0,0,842.00,0,0,291.00,532.00,10.00,78.84%
LOMBARDIA,COMO,1.00,DIVORZIO,"1,851.00",0,0,"1,742.00",0,0,"1,192.00",489.00,45.00,94.11%
LOMBARDIA,COMO,1.00,DIVORZIO,"1,218.00",0,0,"1,154.00",0,0,583.00,541.00,20.00,94.75%
LOMBARDIA,COMO,1.00,DIVORZIO,"4,751.00",0,0,"4,449.00",0,0,"2,594.00","1,694.00",121.00,93.64%
LOMBARDIA,COMO,1.00,DIVORZIO,"6,299.00",0,0,"5,652.00",0,0,"3,011.00","2,483.00",116.00,89.73%
LOMBARDIA,COMO,1.00,DIVORZIO,"3,057.00",0,0,"2,820.00",0,0,"1,590.00","1,145.00",60.00,92.25%
LOMBARDIA,COMO,1.00,DIVORZIO,"3,598.00",0,0,"3,394.00",0,0,"1,563.00","1,740.00",60.00,94.33%
LOMBARDIA,COMO,1.00,DIVORZIO,746.00,0,0,678.00,0,0,396.00,254.00,16.00,90.88%
LOMBARDIA,COMO,1.00,DIVORZIO,"1,016.00",0,0,939.00,0,0,543.00,362.00,26.00,92.42%
LOMBARDIA,COMO,1.00,DIVORZIO,860.00,0,0,805.00,0,0,555.00,232.00,12.00,93.60%
LOMBARDIA,COMO,1.00,DIVORZIO,"2,630.00",0,0,"2,537.00",0,0,"1,256.00","1,199.00",59.00,96.46%
LOMBARDIA,COMO,1.00,DIVORZIO,683.00,0,0,537.00,0,0,240.00,283.00,8.00,78.62%
LOMBARDIA,COMO,1.00,DIVORZIO,"1,742.00",0,0,"1,671.00",0,0,669.00,946.00,36.00,95.92%
LOMBARDIA,COMO,1.00,DIVORZIO,364.00,0,0,341.00,0,0,241.00,88.00,6.00,93.68%
LOMBARDIA,COMO,1.00,DIVORZIO,817.00,0,0,741.00,0,0,407.00,316.00,16.00,90.70%
LOMBARDIA,COMO,1.00,DIVORZIO,110.00,0,0,101.00,0,0,64.00,35.00,1.00,91.82%
LOMBARDIA,COMO,1.00,DIVORZIO,900.00,0,0,844.00,0,0,578.00,251.00,13.00,93.78%
LOMBARDIA,COMO,1.00,DIVORZIO,159.00,0,0,114.00,0,0,54.00,48.00,7.00,71.70%
LOMBARDIA,COMO,1.00,DIVORZIO,599.00,0,0,491.00,0,0,247.00,226.00,12.00,81.97%
LOMBARDIA,COMO,1.00,DIVORZIO,686.00,0,0,639.00,0,0,447.00,163.00,10.00,93.15%
LOMBARDIA,COMO,1.00,DIVORZIO,731.00,0,0,645.00,0,0,305.00,324.00,12.00,88.24%
LOMBARDIA,COMO,1.00,DIVORZIO,963.00,0,0,916.00,0,0,385.00,502.00,24.00,95.12%
LOMBARDIA,COMO,1.00,DIVORZIO,875.00,0,0,775.00,0,0,395.00,359.00,16.00,88.57%
LOMBARDIA,COMO,1.00,DIVORZIO,353.00,0,0,247.00,0,0,85.00,157.00,5.00,69.97%
LOMBARDIA,COMO,1.00,DIVORZIO,578.00,0,0,449.00,0,0,201.00,229.00,7.00,77.68%
LOMBARDIA,COMO,1.00,DIVORZIO,626.00,0,0,550.00,0,0,214.00,323.00,10.00,87.86%
LOMBARDIA,COMO,1.00,DIVORZIO,281.00,0,0,220.00,0,0,96.00,123.00,1.00,78.29%
LOMBARDIA,COMO,1.00,DIVORZIO,"2,309.00",0,0,"2,135.00",0,0,987.00,"1,094.00",30.00,92.46%
LOMBARDIA,COMO,1.00,DIVORZIO,"2,330.00",0,0,"1,987.00",0,0,779.00,"1,163.00",32.00,85.28%
LOMBARDIA,COMO,1.00,DIVORZIO,"1,152.00",0,0,"1,118.00",0,0,947.00,140.00,18.00,97.05%
LOMBARDIA,COMO,1.00,DIVORZIO,"1,111.00",0,0,"1,058.00",0,0,657.00,365.00,26.00,95.23%
LOMBARDIA,COMO,1.00,DIVORZIO,413.00,0,0,395.00,0,0,239.00,146.00,4.00,95.64%
LOMBARDIA,COMO,1.00,DIVORZIO,639.00,0,0,612.00,0,0,396.00,196.00,15.00,95.77%
LOMBARDIA,COMO,1.00,DIVORZIO,351.00,0,0,392.00,0,0,153.00,233.00,2.00,111.68%
LOMBARDIA,COMO,1.00,DIVORZIO,224.00,0,0,208.00,0,0,113.00,88.00,5.00,92.86%
LOMBARDIA,COMO,1.00,DIVORZIO,"2,178.00",0,0,"2,066.00",0,0,"1,116.00",887.00,46.00,94.86%
LOMBARDIA,COMO,1.00,DIVORZIO,683.00,0,0,607.00,0,0,318.00,273.00,11.00,88.87%
LOMBARDIA,COMO,1.00,DIVORZIO,"1,542.00",0,0,"1,459.00",0,0,708.00,669.00,64.00,94.62%
LOMBARDIA,COMO,1.00,DIVORZIO,906.00,0,0,803.00,0,0,368.00,419.00,11.00,88.63%
LOMBARDIA,COMO,1.00,DIVORZIO,"1,348.00",0,0,"1,256.00",0,0,871.00,337.00,32.00,93.18%
LOMBARDIA,COMO,1.00,DIVORZIO,"3,554.00",0,0,"3,359.00",0,0,"1,506.00","1,774.00",66.00,94.51%
LOMBARDIA,COMO,1.00,DIVORZIO,"3,340.00",0,0,"3,091.00",0,0,"1,629.00","1,347.00",77.00,92.54%
LOMBARDIA,COMO,1.00,DIVORZIO,465.00,0,0,429.00,0,0,194.00,228.00,6.00,92.26%
LOMBARDIA,COMO,1.00,DIVORZIO,928.00,0,0,608.00,0,0,224.00,365.00,12.00,65.52%
LOMBARDIA,COMO,1.00,DIVORZIO,919.00,0,0,810.00,0,0,377.00,414.00,13.00,88.14%
LOMBARDIA,COMO,1.00,DIVORZIO,"1,992.00",0,0,"1,851.00",0,0,690.00,"1,109.00",36.00,92.92%
LOMBARDIA,COMO,1.00,DIVORZIO,399.00,0,0,310.00,0,0,160.00,140.00,8.00,77.69%
LOMBARDIA,COMO,1.00,DIVORZIO,634.00,0,0,469.00,0,0,177.00,278.00,10.00,73.97%
LOMBARDIA,COMO,1.00,DIVORZIO,911.00,0,0,857.00,0,0,589.00,227.00,31.00,94.07%
LOMBARDIA,COMO,1.00,DIVORZIO,"1,009.00",0,0,649.00,0,0,210.00,417.00,16.00,64.32%
LOMBARDIA,COMO,1.00,DIVORZIO,767.00,0,0,629.00,0,0,225.00,393.00,4.00,82.01%
LOMBARDIA,COMO,1.00,DIVORZIO,668.00,0,0,626.00,0,0,240.00,358.00,17.00,93.71%
LOMBARDIA,COMO,1.00,DIVORZIO,"1,023.00",0,0,963.00,0,0,568.00,360.00,29.00,94.13%
LOMBARDIA,COMO,1.00,DIVORZIO,"1,075.00",0,0,"1,029.00",0,0,679.00,313.00,22.00,95.72%
LOMBARDIA,COMO,1.00,DIVORZIO,"1,078.00",0,0,996.00,0,0,483.00,486.00,19.00,92.39%
LOMBARDIA,COMO,1.00,DIVORZIO,803.00,0,0,576.00,0,0,284.00,256.00,30.00,71.73%
LOMBARDIA,COMO,1.00,DIVORZIO,416.00,0,0,396.00,0,0,250.00,138.00,8.00,95.19%
LOMBARDIA,COMO,1.00,DIVORZIO,418.00,0,0,345.00,0,0,239.00,100.00,8.00,82.54%
LOMBARDIA,COMO,1.00,DIVORZIO,208.00,0,0,179.00,0,0,88.00,85.00,6.00,86.06%
LOMBARDIA,COMO,1.00,DIVORZIO,783.00,0,0,750.00,0,0,514.00,216.00,10.00,95.79%
LOMBARDIA,COMO,1.00,DIVORZIO,263.00,0,0,248.00,0,0,147.00,75.00,15.00,94.30%
LOMBARDIA,COMO,1.00,DIVORZIO,"3,063.00",0,0,"2,838.00",0,0,"1,211.00","1,551.00",52.00,92.65%
LOMBARDIA,COMO,1.00,DIVORZIO,789.00,0,0,720.00,0,0,353.00,347.00,15.00,91.25%
LOMBARDIA,COMO,1.00,DIVORZIO,296.00,0,0,271.00,0,0,140.00,107.00,12.00,91.55%
LOMBARDIA,COMO,1.00,DIVORZIO,"1,041.00",0,0,914.00,0,0,336.00,557.00,17.00,87.80%
LOMBARDIA,COMO,1.00,DIVORZIO,118.00,0,0,93.00,0,0,54.00,33.00,6.00,78.81%
LOMBARDIA,COMO,1.00,DIVORZIO,"4,607.00",0,0,"4,315.00",0,0,"2,334.00","1,834.00",82.00,93.66%
LOMBARDIA,COMO,1.00,DIVORZIO,"2,104.00",0,0,"1,897.00",0,0,861.00,983.00,36.00,90.16%
LOMBARDIA,COMO,1.00,DIVORZIO,"1,473.00",0,0,"1,388.00",0,0,910.00,444.00,24.00,94.23%
LOMBARDIA,COMO,1.00,DIVORZIO,"1,622.00",0,0,"1,540.00",0,0,937.00,530.00,57.00,94.94%
LOMBARDIA,COMO,1.00,DIVORZIO,"6,139.00",0,0,"5,758.00",0,0,"2,988.00","2,628.00",95.00,93.79%
LOMBARDIA,COMO,1.00,DIVORZIO,"1,392.00",0,0,"1,265.00",0,0,567.00,656.00,29.00,90.88%
LOMBARDIA,COMO,1.00,DIVORZIO,201.00,0,0,128.00,0,0,71.00,52.00,3.00,63.68%
LOMBARDIA,COMO,1.00,DIVORZIO,"1,677.00",0,0,"1,352.00",0,0,461.00,860.00,20.00,80.62%
LOMBARDIA,COMO,1.00,DIVORZIO,576.00,0,0,511.00,0,0,224.00,265.00,17.00,88.72%
LOMBARDIA,COMO,1.00,DIVORZIO,278.00,0,0,215.00,0,0,81.00,126.00,3.00,77.34%
LOMBARDIA,COMO,1.00,DIVORZIO,310.00,0,0,277.00,0,0,189.00,76.00,11.00,89.35%
LOMBARDIA,COMO,1.00,DIVORZIO,904.00,0,0,873.00,0,0,602.00,239.00,13.00,96.57%
LOMBARDIA,COMO,1.00,DIVORZIO,479.00,0,0,410.00,0,0,310.00,87.00,5.00,85.59%
LOMBARDIA,COMO,1.00,DIVORZIO,867.00,0,0,838.00,0,0,427.00,398.00,9.00,96.66%
LOMBARDIA,COMO,1.00,DIVORZIO,690.00,0,0,648.00,0,0,317.00,319.00,10.00,93.91%
LOMBARDIA,COMO,1.00,DIVORZIO,"1,773.00",0,0,"1,684.00",0,0,842.00,775.00,51.00,94.98%
LOMBARDIA,COMO,1.00,DIVORZIO,249.00,0,0,210.00,0,0,100.00,98.00,10.00,84.34%
LOMBARDIA,COMO,1.00,DIVORZIO,790.00,0,0,737.00,0,0,450.00,254.00,18.00,93.29%
LOMBARDIA,COMO,1.00,DIVORZIO,"3,888.00",0,0,"3,543.00",0,0,"1,465.00","1,964.00",89.00,91.13%
LOMBARDIA,COMO,1.00,DIVORZIO,194.00,0,0,153.00,0,0,52.00,95.00,1.00,78.87%
CALABRIA,COSENZA,1.00,DIVORZIO,"1,156.00",0,0,818.00,0,0,209.00,597.00,4.00,70.76%
CALABRIA,COSENZA,1.00,DIVORZIO,"1,386.00",0,0,"1,129.00",0,0,554.00,517.00,26.00,81.46%
CALABRIA,COSENZA,1.00,DIVORZIO,"13,629.00",0,0,"9,841.00",0,0,"2,902.00","6,296.00",139.00,72.21%
CALABRIA,COSENZA,1.00,DIVORZIO,"2,953.00",0,0,"1,467.00",0,0,749.00,695.00,10.00,49.68%
CALABRIA,COSENZA,1.00,DIVORZIO,827.00,0,0,688.00,0,0,348.00,315.00,14.00,83.19%
CALABRIA,COSENZA,1.00,DIVORZIO,"1,327.00",0,0,"1,100.00",0,0,435.00,638.00,14.00,82.89%
CALABRIA,COSENZA,1.00,DIVORZIO,942.00,0,0,799.00,0,0,515.00,218.00,35.00,84.82%
CALABRIA,COSENZA,1.00,DIVORZIO,657.00,0,0,401.00,0,0,203.00,191.00,3.00,61.04%
CALABRIA,COSENZA,1.00,DIVORZIO,"2,953.00",0,0,"1,994.00",0,0,931.00,987.00,23.00,67.52%
CALABRIA,COSENZA,1.00,DIVORZIO,"7,432.00",0,0,"5,108.00",0,0,"2,661.00","2,349.00",45.00,68.73%
CALABRIA,COSENZA,1.00,DIVORZIO,"1,836.00",0,0,"1,421.00",0,0,912.00,471.00,16.00,77.40%
CALABRIA,COSENZA,1.00,DIVORZIO,"2,991.00",0,0,"2,008.00",0,0,802.00,"1,165.00",32.00,67.13%
CALABRIA,COSENZA,1.00,DIVORZIO,"2,246.00",0,0,"1,296.00",0,0,734.00,492.00,46.00,57.70%
CALABRIA,COSENZA,1.00,DIVORZIO,648.00,0,0,441.00,0,0,139.00,280.00,13.00,68.06%
CALABRIA,COSENZA,1.00,DIVORZIO,"5,335.00",0,0,"3,349.00",0,0,"1,894.00","1,319.00",61.00,62.77%
CALABRIA,COSENZA,1.00,DIVORZIO,"1,236.00",0,0,978.00,0,0,439.00,507.00,11.00,79.13%
CALABRIA,COSENZA,1.00,DIVORZIO,"5,747.00",0,0,"4,323.00",0,0,"1,936.00","2,230.00",96.00,75.22%
CALABRIA,COSENZA,1.00,DIVORZIO,"2,414.00",0,0,"1,496.00",0,0,509.00,939.00,25.00,61.97%
CALABRIA,COSENZA,1.00,DIVORZIO,"2,234.00",0,0,"1,744.00",0,0,865.00,802.00,29.00,78.07%
CALABRIA,COSENZA,1.00,DIVORZIO,"2,199.00",0,0,"1,560.00",0,0,"1,082.00",399.00,24.00,70.94%
CALABRIA,COSENZA,1.00,DIVORZIO,883.00,0,0,593.00,0,0,255.00,316.00,15.00,67.16%
CALABRIA,COSENZA,1.00,DIVORZIO,"1,074.00",0,0,705.00,0,0,370.00,324.00,8.00,65.64%
CALABRIA,COSENZA,1.00,DIVORZIO,"2,272.00",0,0,"1,513.00",0,0,747.00,735.00,13.00,66.59%
CALABRIA,COSENZA,1.00,DIVORZIO,922.00,0,0,755.00,0,0,442.00,274.00,11.00,81.89%
CALABRIA,COSENZA,1.00,DIVORZIO,"4,692.00",0,0,"2,674.00",0,0,"1,336.00","1,253.00",43.00,56.99%
CALABRIA,COSENZA,1.00,DIVORZIO,"1,668.00",0,0,"1,221.00",0,0,590.00,604.00,17.00,73.20%
CALABRIA,COSENZA,1.00,DIVORZIO,539.00,0,0,451.00,0,0,210.00,233.00,7.00,83.67%
CALABRIA,COSENZA,1.00,DIVORZIO,958.00,0,0,859.00,0,0,263.00,579.00,10.00,89.67%
CALABRIA,COSENZA,1.00,DIVORZIO,"10,499.00",0,0,"7,689.00",0,0,"4,002.00","3,297.00",117.00,73.24%
CALABRIA,COSENZA,1.00,DIVORZIO,"1,231.00",0,0,969.00,0,0,530.00,416.00,17.00,78.72%
CALABRIA,COSENZA,1.00,DIVORZIO,"1,818.00",0,0,"1,435.00",0,0,612.00,785.00,20.00,78.93%
CALABRIA,COSENZA,1.00,DIVORZIO,769.00,0,0,601.00,0,0,355.00,223.00,8.00,78.15%
CALABRIA,COSENZA,1.00,DIVORZIO,"11,761.00",0,0,"9,411.00",0,0,"4,121.00","4,965.00",155.00,80.02%
CALABRIA,COSENZA,1.00,DIVORZIO,"1,949.00",0,0,"1,462.00",0,0,468.00,970.00,10.00,75.01%
CALABRIA,COSENZA,1.00,DIVORZIO,579.00,0,0,338.00,0,0,102.00,229.00,6.00,58.38%
CALABRIA,COSENZA,1.00,DIVORZIO,"2,464.00",0,0,"1,936.00",0,0,"1,349.00",469.00,48.00,78.57%
CALABRIA,COSENZA,1.00,DIVORZIO,"1,622.00",0,0,"1,272.00",0,0,704.00,527.00,28.00,78.42%
CALABRIA,COSENZA,1.00,DIVORZIO,848.00,0,0,613.00,0,0,314.00,254.00,27.00,72.29%
CALABRIA,COSENZA,1.00,DIVORZIO,"1,487.00",0,0,"1,017.00",0,0,424.00,572.00,6.00,68.39%
CALABRIA,COSENZA,1.00,DIVORZIO,"6,441.00",0,0,"5,048.00",0,0,"2,768.00","2,042.00",52.00,78.37%
CALABRIA,COSENZA,1.00,DIVORZIO,"1,304.00",0,0,884.00,0,0,405.00,438.00,21.00,67.79%
CALABRIA,COSENZA,1.00,DIVORZIO,"2,234.00",0,0,857.00,0,0,465.00,381.00,3.00,38.36%
CALABRIA,COSENZA,1.00,DIVORZIO,"1,096.00",0,0,864.00,0,0,308.00,536.00,15.00,78.83%
CALABRIA,COSENZA,1.00,DIVORZIO,"16,709.00",0,0,"10,633.00",0,0,"5,371.00","5,016.00",125.00,63.64%
CALABRIA,COSENZA,1.00,DIVORZIO,"58,655.00",0,0,"50,696.00",0,0,"22,378.00","26,836.00",522.00,86.43%
CALABRIA,COSENZA,1.00,DIVORZIO,997.00,0,0,730.00,0,0,368.00,342.00,13.00,73.22%
CALABRIA,COSENZA,1.00,DIVORZIO,"2,607.00",0,0,"1,871.00",0,0,"1,057.00",761.00,37.00,71.77%
CALABRIA,COSENZA,1.00,DIVORZIO,"3,002.00",0,0,"2,435.00",0,0,"1,148.00","1,211.00",44.00,81.11%
CALABRIA,COSENZA,1.00,DIVORZIO,"2,624.00",0,0,"1,728.00",0,0,599.00,"1,087.00",29.00,65.85%
CALABRIA,COSENZA,1.00,DIVORZIO,754.00,0,0,512.00,0,0,144.00,352.00,7.00,67.90%
CALABRIA,COSENZA,1.00,DIVORZIO,"3,546.00",0,0,"2,233.00",0,0,"1,128.00","1,046.00",29.00,62.97%
CALABRIA,COSENZA,1.00,DIVORZIO,923.00,0,0,733.00,0,0,222.00,474.00,11.00,79.41%
CALABRIA,COSENZA,1.00,DIVORZIO,797.00,0,0,582.00,0,0,226.00,341.00,10.00,73.02%
CALABRIA,COSENZA,1.00,DIVORZIO,"1,751.00",0,0,"1,468.00",0,0,587.00,850.00,14.00,83.84%
CALABRIA,COSENZA,1.00,DIVORZIO,"2,601.00",0,0,"1,581.00",0,0,984.00,501.00,49.00,60.78%
CALABRIA,COSENZA,1.00,DIVORZIO,"1,896.00",0,0,"1,516.00",0,0,956.00,491.00,36.00,79.96%
CALABRIA,COSENZA,1.00,DIVORZIO,"1,783.00",0,0,"1,366.00",0,0,473.00,852.00,17.00,76.61%
CALABRIA,COSENZA,1.00,DIVORZIO,"4,786.00",0,0,"3,621.00",0,0,"2,525.00",968.00,64.00,75.66%
CALABRIA,COSENZA,1.00,DIVORZIO,"1,605.00",0,0,"1,057.00",0,0,453.00,567.00,15.00,65.86%
CALABRIA,COSENZA,1.00,DIVORZIO,"1,771.00",0,0,"1,215.00",0,0,691.00,434.00,37.00,68.61%
CALABRIA,COSENZA,1.00,DIVORZIO,812.00,0,0,607.00,0,0,378.00,218.00,6.00,74.75%
CALABRIA,COSENZA,1.00,DIVORZIO,"3,463.00",0,0,"1,991.00",0,0,958.00,960.00,19.00,57.49%
CALABRIA,COSENZA,1.00,DIVORZIO,"1,852.00",0,0,"1,029.00",0,0,623.00,372.00,11.00,55.56%
CALABRIA,COSENZA,1.00,DIVORZIO,960.00,0,0,445.00,0,0,204.00,203.00,11.00,46.35%
CALABRIA,COSENZA,1.00,DIVORZIO,730.00,0,0,507.00,0,0,261.00,236.00,6.00,69.45%
CALABRIA,COSENZA,1.00,DIVORZIO,"2,312.00",0,0,"1,825.00",0,0,895.00,894.00,17.00,78.94%
CALABRIA,COSENZA,1.00,DIVORZIO,"1,840.00",0,0,"1,148.00",0,0,749.00,327.00,32.00,62.39%
CALABRIA,COSENZA,1.00,DIVORZIO,"4,207.00",0,0,"3,203.00",0,0,"1,033.00","2,094.00",42.00,76.14%
CALABRIA,COSENZA,1.00,DIVORZIO,"2,645.00",0,0,"1,981.00",0,0,648.00,"1,286.00",20.00,74.90%
CALABRIA,COSENZA,1.00,DIVORZIO,"5,460.00",0,0,"3,608.00",0,0,"1,554.00","1,849.00",46.00,66.08%
CALABRIA,COSENZA,1.00,DIVORZIO,"1,024.00",0,0,770.00,0,0,420.00,311.00,12.00,75.20%
CALABRIA,COSENZA,1.00,DIVORZIO,999.00,0,0,575.00,0,0,175.00,389.00,7.00,57.56%
CALABRIA,COSENZA,1.00,DIVORZIO,"1,435.00",0,0,"1,113.00",0,0,587.00,491.00,12.00,77.56%
CALABRIA,COSENZA,1.00,DIVORZIO,"1,894.00",0,0,"1,317.00",0,0,715.00,564.00,5.00,69.54%
CALABRIA,COSENZA,1.00,DIVORZIO,"1,149.00",0,0,777.00,0,0,312.00,445.00,9.00,67.62%
CALABRIA,COSENZA,1.00,DIVORZIO,"1,074.00",0,0,847.00,0,0,426.00,396.00,17.00,78.86%
CALABRIA,COSENZA,1.00,DIVORZIO,824.00,0,0,590.00,0,0,385.00,191.00,6.00,71.60%
CALABRIA,COSENZA,1.00,DIVORZIO,584.00,0,0,472.00,0,0,232.00,222.00,12.00,80.82%
CALABRIA,COSENZA,1.00,DIVORZIO,"2,994.00",0,0,"2,135.00",0,0,"1,078.00",979.00,47.00,71.31%
CALABRIA,COSENZA,1.00,DIVORZIO,"1,451.00",0,0,929.00,0,0,454.00,419.00,27.00,64.02%
CALABRIA,COSENZA,1.00,DIVORZIO,"6,725.00",0,0,"4,945.00",0,0,"2,072.00","2,746.00",49.00,73.53%
CALABRIA,COSENZA,1.00,DIVORZIO,"1,793.00",0,0,"1,520.00",0,0,753.00,654.00,41.00,84.77%
CALABRIA,COSENZA,1.00,DIVORZIO,"3,367.00",0,0,"2,199.00",0,0,"1,181.00",969.00,22.00,65.31%
CALABRIA,COSENZA,1.00,DIVORZIO,"3,105.00",0,0,"2,527.00",0,0,"1,001.00","1,431.00",51.00,81.38%
CALABRIA,COSENZA,1.00,DIVORZIO,"1,054.00",0,0,795.00,0,0,365.00,345.00,34.00,75.43%
CALABRIA,COSENZA,1.00,DIVORZIO,590.00,0,0,506.00,0,0,205.00,290.00,4.00,85.76%
CALABRIA,COSENZA,1.00,DIVORZIO,"2,646.00",0,0,"2,224.00",0,0,"1,320.00",809.00,38.00,84.05%
CALABRIA,COSENZA,1.00,DIVORZIO,"1,372.00",0,0,852.00,0,0,466.00,352.00,21.00,62.10%
CALABRIA,COSENZA,1.00,DIVORZIO,"1,157.00",0,0,696.00,0,0,327.00,353.00,10.00,60.16%
CALABRIA,COSENZA,1.00,DIVORZIO,295.00,0,0,255.00,0,0,177.00,63.00,7.00,86.44%
CALABRIA,COSENZA,1.00,DIVORZIO,"9,406.00",0,0,"7,762.00",0,0,"3,716.00","3,809.00",124.00,82.52%
CALABRIA,COSENZA,1.00,DIVORZIO,"1,171.00",0,0,811.00,0,0,458.00,307.00,29.00,69.26%
CALABRIA,COSENZA,1.00,DIVORZIO,"1,499.00",0,0,"1,196.00",0,0,440.00,717.00,25.00,79.79%
CALABRIA,COSENZA,1.00,DIVORZIO,"1,371.00",0,0,774.00,0,0,395.00,362.00,12.00,56.46%
CALABRIA,COSENZA,1.00,DIVORZIO,"1,752.00",0,0,"1,483.00",0,0,311.00,"1,148.00",12.00,84.65%
CALABRIA,COSENZA,1.00,DIVORZIO,786.00,0,0,622.00,0,0,231.00,380.00,3.00,79.13%
CALABRIA,COSENZA,1.00,DIVORZIO,528.00,0,0,433.00,0,0,221.00,203.00,8.00,82.01%
CALABRIA,COSENZA,1.00,DIVORZIO,"1,152.00",0,0,815.00,0,0,279.00,517.00,14.00,70.75%
CALABRIA,COSENZA,1.00,DIVORZIO,851.00,0,0,511.00,0,0,192.00,308.00,6.00,60.05%
CALABRIA,COSENZA,1.00,DIVORZIO,"1,034.00",0,0,657.00,0,0,305.00,334.00,7.00,63.54%
CALABRIA,COSENZA,1.00,DIVORZIO,"2,853.00",0,0,"2,565.00",0,0,"1,196.00","1,300.00",34.00,89.91%
CALABRIA,COSENZA,1.00,DIVORZIO,"9,784.00",0,0,"7,337.00",0,0,"2,879.00","4,174.00",159.00,74.99%
CALABRIA,COSENZA,1.00,DIVORZIO,"2,051.00",0,0,"1,519.00",0,0,"1,005.00",490.00,10.00,74.06%
CALABRIA,COSENZA,1.00,DIVORZIO,"4,572.00",0,0,"2,815.00",0,0,"1,179.00","1,565.00",38.00,61.57%
CALABRIA,COSENZA,1.00,DIVORZIO,"4,305.00",0,0,"3,040.00",0,0,"1,312.00","1,629.00",71.00,70.62%
CALABRIA,COSENZA,1.00,DIVORZIO,"2,795.00",0,0,"1,780.00",0,0,"1,093.00",644.00,18.00,63.69%
CALABRIA,COSENZA,1.00,DIVORZIO,"1,153.00",0,0,946.00,0,0,488.00,439.00,11.00,82.05%
CALABRIA,COSENZA,1.00,DIVORZIO,"13,685.00",0,0,"9,379.00",0,0,"5,254.00","3,885.00",128.00,68.53%
CALABRIA,COSENZA,1.00,DIVORZIO,880.00,0,0,696.00,0,0,305.00,381.00,7.00,79.09%
CALABRIA,COSENZA,1.00,DIVORZIO,"1,272.00",0,0,981.00,0,0,383.00,584.00,9.00,77.12%
CALABRIA,COSENZA,1.00,DIVORZIO,"1,321.00",0,0,905.00,0,0,422.00,459.00,9.00,68.51%
CALABRIA,COSENZA,1.00,DIVORZIO,"1,055.00",0,0,843.00,0,0,423.00,399.00,13.00,79.91%
CALABRIA,COSENZA,1.00,DIVORZIO,687.00,0,0,546.00,0,0,232.00,305.00,3.00,79.48%
CALABRIA,COSENZA,1.00,DIVORZIO,"3,120.00",0,0,"2,491.00",0,0,855.00,"1,596.00",21.00,79.84%
CALABRIA,COSENZA,1.00,DIVORZIO,"2,164.00",0,0,"1,314.00",0,0,611.00,661.00,31.00,60.72%
CALABRIA,COSENZA,1.00,DIVORZIO,"1,826.00",0,0,"1,389.00",0,0,584.00,768.00,17.00,76.07%
CALABRIA,COSENZA,1.00,DIVORZIO,"1,005.00",0,0,677.00,0,0,375.00,267.00,19.00,67.36%
CALABRIA,COSENZA,1.00,DIVORZIO,"1,325.00",0,0,"1,065.00",0,0,440.00,603.00,10.00,80.38%
CALABRIA,COSENZA,1.00,DIVORZIO,"12,551.00",0,0,"8,611.00",0,0,"2,952.00","5,508.00",87.00,68.61%
CALABRIA,COSENZA,1.00,DIVORZIO,"1,032.00",0,0,581.00,0,0,318.00,211.00,31.00,56.30%
CALABRIA,COSENZA,1.00,DIVORZIO,"1,579.00",0,0,"1,222.00",0,0,478.00,709.00,7.00,77.39%
CALABRIA,COSENZA,1.00,DIVORZIO,"3,394.00",0,0,"2,802.00",0,0,"1,299.00","1,389.00",60.00,82.56%
CALABRIA,COSENZA,1.00,DIVORZIO,"4,589.00",0,0,"3,306.00",0,0,"1,647.00","1,504.00",72.00,72.04%
CALABRIA,COSENZA,1.00,DIVORZIO,"1,075.00",0,0,793.00,0,0,324.00,442.00,11.00,73.77%
CALABRIA,COSENZA,1.00,DIVORZIO,693.00,0,0,588.00,0,0,317.00,246.00,9.00,84.85%
CALABRIA,COSENZA,1.00,DIVORZIO,692.00,0,0,464.00,0,0,257.00,199.00,2.00,67.05%
CALABRIA,COSENZA,1.00,DIVORZIO,"2,683.00",0,0,"2,264.00",0,0,"1,196.00","1,021.00",30.00,84.38%
CALABRIA,COSENZA,1.00,DIVORZIO,"1,730.00",0,0,"1,386.00",0,0,787.00,533.00,30.00,80.12%
CALABRIA,COSENZA,1.00,DIVORZIO,"1,278.00",0,0,890.00,0,0,587.00,275.00,12.00,69.64%
CALABRIA,COSENZA,1.00,DIVORZIO,"1,082.00",0,0,832.00,0,0,551.00,237.00,11.00,76.89%
CALABRIA,COSENZA,1.00,DIVORZIO,"1,521.00",0,0,"1,287.00",0,0,741.00,501.00,23.00,84.62%
CALABRIA,COSENZA,1.00,DIVORZIO,"1,949.00",0,0,"1,603.00",0,0,"1,161.00",414.00,14.00,82.25%
CALABRIA,COSENZA,1.00,DIVORZIO,"1,872.00",0,0,"1,480.00",0,0,732.00,726.00,10.00,79.06%
CALABRIA,COSENZA,1.00,DIVORZIO,742.00,0,0,474.00,0,0,134.00,327.00,9.00,63.88%
CALABRIA,COSENZA,1.00,DIVORZIO,"1,142.00",0,0,890.00,0,0,301.00,571.00,9.00,77.93%
CALABRIA,COSENZA,1.00,DIVORZIO,"2,975.00",0,0,"2,163.00",0,0,842.00,"1,249.00",25.00,72.71%
CALABRIA,COSENZA,1.00,DIVORZIO,"1,326.00",0,0,692.00,0,0,274.00,400.00,13.00,52.19%
CALABRIA,COSENZA,1.00,DIVORZIO,"2,903.00",0,0,"2,386.00",0,0,"1,248.00","1,036.00",41.00,82.19%
CALABRIA,COSENZA,1.00,DIVORZIO,"1,691.00",0,0,"1,142.00",0,0,534.00,572.00,17.00,67.53%
CALABRIA,COSENZA,1.00,DIVORZIO,690.00,0,0,458.00,0,0,333.00,111.00,5.00,66.38%
CALABRIA,COSENZA,1.00,DIVORZIO,910.00,0,0,738.00,0,0,152.00,573.00,9.00,81.10%
CALABRIA,COSENZA,1.00,DIVORZIO,"4,255.00",0,0,"3,310.00",0,0,"1,241.00","2,001.00",33.00,77.79%
CALABRIA,COSENZA,1.00,DIVORZIO,"3,055.00",0,0,"2,430.00",0,0,627.00,"1,768.00",24.00,79.54%
CALABRIA,COSENZA,1.00,DIVORZIO,"1,259.00",0,0,959.00,0,0,322.00,620.00,11.00,76.17%
CALABRIA,COSENZA,1.00,DIVORZIO,"1,797.00",0,0,"1,109.00",0,0,538.00,535.00,12.00,61.71%
CALABRIA,COSENZA,1.00,DIVORZIO,"3,144.00",0,0,"2,275.00",0,0,"1,145.00","1,092.00",19.00,72.36%
CALABRIA,COSENZA,1.00,DIVORZIO,954.00,0,0,538.00,0,0,188.00,340.00,5.00,56.39%
CALABRIA,COSENZA,1.00,DIVORZIO,"3,248.00",0,0,"2,161.00",0,0,"1,088.00",997.00,44.00,66.53%
CALABRIA,COSENZA,1.00,DIVORZIO,"2,249.00",0,0,"1,717.00",0,0,940.00,706.00,29.00,76.35%
CALABRIA,COSENZA,1.00,DIVORZIO,"4,488.00",0,0,"3,691.00",0,0,"2,257.00","1,368.00",40.00,82.24%
CALABRIA,COSENZA,1.00,DIVORZIO,"1,276.00",0,0,"1,005.00",0,0,364.00,610.00,21.00,78.76%
CALABRIA,COSENZA,1.00,DIVORZIO,"1,214.00",0,0,886.00,0,0,389.00,487.00,7.00,72.98%
CALABRIA,COSENZA,1.00,DIVORZIO,"3,718.00",0,0,"2,225.00",0,0,"1,272.00",893.00,20.00,59.84%
CALABRIA,COSENZA,1.00,DIVORZIO,"2,082.00",0,0,"1,708.00",0,0,"1,005.00",608.00,29.00,82.04%
CALABRIA,COSENZA,1.00,DIVORZIO,905.00,0,0,679.00,0,0,300.00,362.00,11.00,75.03%
LOMBARDIA,CREMONA,1.00,DIVORZIO,994.00,0,0,940.00,0,0,358.00,534.00,40.00,94.57%
LOMBARDIA,CREMONA,1.00,DIVORZIO,"1,394.00",0,0,"1,308.00",0,0,681.00,561.00,52.00,93.83%
LOMBARDIA,CREMONA,1.00,DIVORZIO,"1,895.00",0,0,"1,799.00",0,0,820.00,914.00,48.00,94.93%
LOMBARDIA,CREMONA,1.00,DIVORZIO,711.00,0,0,677.00,0,0,310.00,348.00,12.00,95.22%
LOMBARDIA,CREMONA,1.00,DIVORZIO,"2,328.00",0,0,"2,239.00",0,0,973.00,"1,189.00",51.00,96.18%
LOMBARDIA,CREMONA,1.00,DIVORZIO,422.00,0,0,403.00,0,0,117.00,276.00,9.00,95.50%
LOMBARDIA,CREMONA,1.00,DIVORZIO,511.00,0,0,468.00,0,0,255.00,193.00,15.00,91.59%
LOMBARDIA,CREMONA,1.00,DIVORZIO,625.00,0,0,593.00,0,0,251.00,316.00,21.00,94.88%
LOMBARDIA,CREMONA,1.00,DIVORZIO,"1,044.00",0,0,978.00,0,0,486.00,466.00,18.00,93.68%
LOMBARDIA,CREMONA,1.00,DIVORZIO,759.00,0,0,713.00,0,0,401.00,293.00,13.00,93.94%
LOMBARDIA,CREMONA,1.00,DIVORZIO,229.00,0,0,224.00,0,0,144.00,78.00,2.00,97.82%
LOMBARDIA,CREMONA,1.00,DIVORZIO,"1,038.00",0,0,989.00,0,0,629.00,335.00,12.00,95.28%
LOMBARDIA,CREMONA,1.00,DIVORZIO,423.00,0,0,398.00,0,0,197.00,188.00,11.00,94.09%
LOMBARDIA,CREMONA,1.00,DIVORZIO,558.00,0,0,532.00,0,0,239.00,274.00,15.00,95.34%
LOMBARDIA,CREMONA,1.00,DIVORZIO,998.00,0,0,964.00,0,0,500.00,448.00,9.00,96.59%
LOMBARDIA,CREMONA,1.00,DIVORZIO,"3,508.00",0,0,"3,372.00",0,0,"1,522.00","1,740.00",74.00,96.12%
LOMBARDIA,CREMONA,1.00,DIVORZIO,750.00,0,0,718.00,0,0,482.00,215.00,11.00,95.73%
LOMBARDIA,CREMONA,1.00,DIVORZIO,670.00,0,0,628.00,0,0,357.00,246.00,15.00,93.73%
LOMBARDIA,CREMONA,1.00,DIVORZIO,266.00,0,0,253.00,0,0,180.00,61.00,10.00,95.11%
LOMBARDIA,CREMONA,1.00,DIVORZIO,530.00,0,0,509.00,0,0,241.00,258.00,5.00,96.04%
LOMBARDIA,CREMONA,1.00,DIVORZIO,"9,745.00",0,0,"9,260.00",0,0,"4,180.00","4,845.00",175.00,95.02%
LOMBARDIA,CREMONA,1.00,DIVORZIO,"1,317.00",0,0,"1,282.00",0,0,620.00,610.00,37.00,97.34%
LOMBARDIA,CREMONA,1.00,DIVORZIO,568.00,0,0,529.00,0,0,289.00,234.00,2.00,93.13%
LOMBARDIA,CREMONA,1.00,DIVORZIO,195.00,0,0,194.00,0,0,138.00,49.00,4.00,99.49%
LOMBARDIA,CREMONA,1.00,DIVORZIO,"5,820.00",0,0,"5,619.00",0,0,"2,773.00","2,703.00",95.00,96.55%
LOMBARDIA,CREMONA,1.00,DIVORZIO,"2,220.00",0,0,"2,193.00",0,0,"1,108.00","1,037.00",33.00,98.78%
LOMBARDIA,CREMONA,1.00,DIVORZIO,386.00,0,0,364.00,0,0,182.00,168.00,8.00,94.30%
LOMBARDIA,CREMONA,1.00,DIVORZIO,661.00,0,0,618.00,0,0,269.00,328.00,11.00,93.49%
LOMBARDIA,CREMONA,1.00,DIVORZIO,651.00,0,0,627.00,0,0,386.00,221.00,9.00,96.31%
LOMBARDIA,CREMONA,1.00,DIVORZIO,576.00,0,0,555.00,0,0,284.00,258.00,7.00,96.35%
LOMBARDIA,CREMONA,1.00,DIVORZIO,"1,124.00",0,0,"1,215.00",0,0,599.00,528.00,47.00,108.10%
LOMBARDIA,CREMONA,1.00,DIVORZIO,986.00,0,0,932.00,0,0,488.00,409.00,22.00,94.52%
LOMBARDIA,CREMONA,1.00,DIVORZIO,"1,111.00",0,0,"1,060.00",0,0,524.00,472.00,44.00,95.41%
LOMBARDIA,CREMONA,1.00,DIVORZIO,"1,060.00",0,0,"1,030.00",0,0,727.00,258.00,29.00,97.17%
LOMBARDIA,CREMONA,1.00,DIVORZIO,"23,109.00",0,0,"22,163.00",0,0,"9,613.00","12,094.00",316.00,95.91%
LOMBARDIA,CREMONA,1.00,DIVORZIO,"61,258.00",0,0,"58,867.00",0,0,"19,918.00","37,606.00",954.00,96.10%
LOMBARDIA,CREMONA,1.00,DIVORZIO,632.00,0,0,595.00,0,0,325.00,245.00,14.00,94.15%
LOMBARDIA,CREMONA,1.00,DIVORZIO,648.00,0,0,611.00,0,0,186.00,412.00,8.00,94.29%
LOMBARDIA,CREMONA,1.00,DIVORZIO,330.00,0,0,314.00,0,0,160.00,143.00,6.00,95.15%
LOMBARDIA,CREMONA,1.00,DIVORZIO,388.00,0,0,346.00,0,0,161.00,175.00,7.00,89.18%
LOMBARDIA,CREMONA,1.00,DIVORZIO,"1,875.00",0,0,"1,794.00",0,0,"1,167.00",565.00,39.00,95.68%
LOMBARDIA,CREMONA,1.00,DIVORZIO,541.00,0,0,507.00,0,0,157.00,340.00,8.00,93.72%
LOMBARDIA,CREMONA,1.00,DIVORZIO,563.00,0,0,549.00,0,0,310.00,225.00,11.00,97.51%
LOMBARDIA,CREMONA,1.00,DIVORZIO,804.00,0,0,754.00,0,0,401.00,328.00,22.00,93.78%
LOMBARDIA,CREMONA,1.00,DIVORZIO,886.00,0,0,838.00,0,0,388.00,411.00,26.00,94.58%
LOMBARDIA,CREMONA,1.00,DIVORZIO,"1,098.00",0,0,"1,024.00",0,0,405.00,594.00,13.00,93.26%
LOMBARDIA,CREMONA,1.00,DIVORZIO,980.00,0,0,931.00,0,0,373.00,525.00,27.00,95.00%
LOMBARDIA,CREMONA,1.00,DIVORZIO,401.00,0,0,383.00,0,0,129.00,244.00,6.00,95.51%
LOMBARDIA,CREMONA,1.00,DIVORZIO,510.00,0,0,467.00,0,0,277.00,171.00,11.00,91.57%
LOMBARDIA,CREMONA,1.00,DIVORZIO,"1,037.00",0,0,984.00,0,0,392.00,568.00,20.00,94.89%
LOMBARDIA,CREMONA,1.00,DIVORZIO,"1,694.00",0,0,"1,605.00",0,0,770.00,793.00,34.00,94.75%
LOMBARDIA,CREMONA,1.00,DIVORZIO,"2,331.00",0,0,"2,180.00",0,0,692.00,"1,411.00",60.00,93.52%
LOMBARDIA,CREMONA,1.00,DIVORZIO,"1,141.00",0,0,"1,074.00",0,0,436.00,611.00,20.00,94.13%
LOMBARDIA,CREMONA,1.00,DIVORZIO,980.00,0,0,930.00,0,0,540.00,345.00,27.00,94.90%
LOMBARDIA,CREMONA,1.00,DIVORZIO,"1,139.00",0,0,"1,086.00",0,0,561.00,487.00,33.00,95.35%
LOMBARDIA,CREMONA,1.00,DIVORZIO,654.00,0,0,620.00,0,0,215.00,388.00,16.00,94.80%
LOMBARDIA,CREMONA,1.00,DIVORZIO,955.00,0,0,883.00,0,0,367.00,486.00,18.00,92.46%
LOMBARDIA,CREMONA,1.00,DIVORZIO,604.00,0,0,591.00,0,0,324.00,238.00,13.00,97.85%
LOMBARDIA,CREMONA,1.00,DIVORZIO,"1,307.00",0,0,"1,261.00",0,0,702.00,513.00,27.00,96.48%
LOMBARDIA,CREMONA,1.00,DIVORZIO,476.00,0,0,453.00,0,0,276.00,158.00,14.00,95.17%
LOMBARDIA,CREMONA,1.00,DIVORZIO,943.00,0,0,866.00,0,0,355.00,467.00,37.00,91.83%
LOMBARDIA,CREMONA,1.00,DIVORZIO,"2,809.00",0,0,"2,700.00",0,0,"1,494.00","1,112.00",69.00,96.12%
LOMBARDIA,CREMONA,1.00,DIVORZIO,609.00,0,0,576.00,0,0,321.00,234.00,18.00,94.58%
LOMBARDIA,CREMONA,1.00,DIVORZIO,"2,311.00",0,0,"2,118.00",0,0,826.00,"1,222.00",59.00,91.65%
LOMBARDIA,CREMONA,1.00,DIVORZIO,"1,453.00",0,0,"1,369.00",0,0,639.00,677.00,35.00,94.22%
LOMBARDIA,CREMONA,1.00,DIVORZIO,"1,500.00",0,0,"1,415.00",0,0,701.00,645.00,43.00,94.33%
LOMBARDIA,CREMONA,1.00,DIVORZIO,"3,800.00",0,0,"3,602.00",0,0,"1,855.00","1,627.00",75.00,94.79%
LOMBARDIA,CREMONA,1.00,DIVORZIO,"1,721.00",0,0,"1,647.00",0,0,579.00,"1,028.00",31.00,95.70%
LOMBARDIA,CREMONA,1.00,DIVORZIO,"1,190.00",0,0,"1,137.00",0,0,529.00,570.00,28.00,95.55%
LOMBARDIA,CREMONA,1.00,DIVORZIO,734.00,0,0,682.00,0,0,287.00,378.00,12.00,92.92%
LOMBARDIA,CREMONA,1.00,DIVORZIO,"2,806.00",0,0,"2,700.00",0,0,941.00,"1,698.00",44.00,96.22%
LOMBARDIA,CREMONA,1.00,DIVORZIO,985.00,0,0,943.00,0,0,323.00,593.00,16.00,95.74%
LOMBARDIA,CREMONA,1.00,DIVORZIO,404.00,0,0,388.00,0,0,250.00,116.00,9.00,96.04%
LOMBARDIA,CREMONA,1.00,DIVORZIO,947.00,0,0,894.00,0,0,355.00,520.00,15.00,94.40%
LOMBARDIA,CREMONA,1.00,DIVORZIO,"1,097.00",0,0,"1,026.00",0,0,423.00,565.00,34.00,93.53%
LOMBARDIA,CREMONA,1.00,DIVORZIO,"5,050.00",0,0,"4,855.00",0,0,"2,070.00","2,637.00",98.00,96.14%
LOMBARDIA,CREMONA,1.00,DIVORZIO,878.00,0,0,843.00,0,0,477.00,346.00,12.00,96.01%
LOMBARDIA,CREMONA,1.00,DIVORZIO,292.00,0,0,268.00,0,0,138.00,117.00,6.00,91.78%
LOMBARDIA,CREMONA,1.00,DIVORZIO,505.00,0,0,495.00,0,0,312.00,164.00,12.00,98.02%
LOMBARDIA,CREMONA,1.00,DIVORZIO,544.00,0,0,521.00,0,0,367.00,145.00,6.00,95.77%
LOMBARDIA,CREMONA,1.00,DIVORZIO,"1,758.00",0,0,"1,676.00",0,0,979.00,664.00,25.00,95.34%
LOMBARDIA,CREMONA,1.00,DIVORZIO,208.00,0,0,202.00,0,0,151.00,50.00,0.00,97.12%
LOMBARDIA,CREMONA,1.00,DIVORZIO,"1,716.00",0,0,"1,623.00",0,0,956.00,620.00,40.00,94.58%
LOMBARDIA,CREMONA,1.00,DIVORZIO,"4,913.00",0,0,"4,662.00",0,0,"2,097.00","2,393.00",122.00,94.89%
LOMBARDIA,CREMONA,1.00,DIVORZIO,"1,657.00",0,0,"1,555.00",0,0,806.00,700.00,31.00,93.84%
LOMBARDIA,CREMONA,1.00,DIVORZIO,"1,501.00",0,0,"1,441.00",0,0,652.00,758.00,21.00,96.00%
LOMBARDIA,CREMONA,1.00,DIVORZIO,534.00,0,0,508.00,0,0,307.00,183.00,16.00,95.13%
LOMBARDIA,CREMONA,1.00,DIVORZIO,"1,344.00",0,0,"1,283.00",0,0,683.00,536.00,41.00,95.46%
LOMBARDIA,CREMONA,1.00,DIVORZIO,"1,365.00",0,0,"1,287.00",0,0,417.00,829.00,37.00,94.29%
LOMBARDIA,CREMONA,1.00,DIVORZIO,"1,238.00",0,0,"1,171.00",0,0,559.00,555.00,37.00,94.59%
LOMBARDIA,CREMONA,1.00,DIVORZIO,470.00,0,0,431.00,0,0,215.00,201.00,11.00,91.70%
LOMBARDIA,CREMONA,1.00,DIVORZIO,"1,451.00",0,0,"1,338.00",0,0,567.00,721.00,41.00,92.21%
LOMBARDIA,CREMONA,1.00,DIVORZIO,555.00,0,0,523.00,0,0,238.00,274.00,6.00,94.23%
LOMBARDIA,CREMONA,1.00,DIVORZIO,"1,570.00",0,0,"1,507.00",0,0,885.00,573.00,35.00,95.99%
LOMBARDIA,CREMONA,1.00,DIVORZIO,"1,787.00",0,0,"1,713.00",0,0,702.00,937.00,55.00,95.86%
LOMBARDIA,CREMONA,1.00,DIVORZIO,881.00,0,0,800.00,0,0,362.00,421.00,11.00,90.81%
LOMBARDIA,CREMONA,1.00,DIVORZIO,"4,978.00",0,0,"4,726.00",0,0,"2,499.00","2,104.00",80.00,94.94%
LOMBARDIA,CREMONA,1.00,DIVORZIO,"7,523.00",0,0,"7,242.00",0,0,"2,643.00","4,353.00",152.00,96.26%
LOMBARDIA,CREMONA,1.00,DIVORZIO,"2,371.00",0,0,"2,139.00",0,0,"1,076.00",978.00,30.00,90.22%
LOMBARDIA,CREMONA,1.00,DIVORZIO,"1,004.00",0,0,928.00,0,0,304.00,594.00,20.00,92.43%
LOMBARDIA,CREMONA,1.00,DIVORZIO,563.00,0,0,546.00,0,0,276.00,259.00,10.00,96.98%
LOMBARDIA,CREMONA,1.00,DIVORZIO,"2,814.00",0,0,"2,696.00",0,0,"1,008.00","1,613.00",54.00,95.81%
LOMBARDIA,CREMONA,1.00,DIVORZIO,"1,264.00",0,0,"1,207.00",0,0,411.00,757.00,29.00,95.49%
LOMBARDIA,CREMONA,1.00,DIVORZIO,305.00,0,0,293.00,0,0,185.00,105.00,1.00,96.07%
LOMBARDIA,CREMONA,1.00,DIVORZIO,265.00,0,0,249.00,0,0,121.00,115.00,7.00,93.96%
LOMBARDIA,CREMONA,1.00,DIVORZIO,479.00,0,0,463.00,0,0,210.00,240.00,8.00,96.66%
LOMBARDIA,CREMONA,1.00,DIVORZIO,"1,579.00",0,0,"1,441.00",0,0,539.00,861.00,33.00,91.26%
LOMBARDIA,CREMONA,1.00,DIVORZIO,709.00,0,0,650.00,0,0,240.00,398.00,7.00,91.68%
LOMBARDIA,CREMONA,1.00,DIVORZIO,"1,428.00",0,0,"1,359.00",0,0,720.00,585.00,38.00,95.17%
LOMBARDIA,CREMONA,1.00,DIVORZIO,"1,245.00",0,0,"1,180.00",0,0,617.00,531.00,22.00,94.78%
LOMBARDIA,CREMONA,1.00,DIVORZIO,"1,799.00",0,0,"1,727.00",0,0,820.00,864.00,23.00,96.00%
LOMBARDIA,CREMONA,1.00,DIVORZIO,"2,197.00",0,0,"2,131.00",0,0,"1,043.00","1,033.00",43.00,97.00%
LOMBARDIA,CREMONA,1.00,DIVORZIO,"2,460.00",0,0,"2,337.00",0,0,977.00,"1,296.00",47.00,95.00%
LOMBARDIA,CREMONA,1.00,DIVORZIO,568.00,0,0,538.00,0,0,296.00,219.00,16.00,94.72%
LOMBARDIA,CREMONA,1.00,DIVORZIO,486.00,0,0,447.00,0,0,237.00,199.00,4.00,91.98%
PIEMONTE,CUNEO,1.00,DIVORZIO,354.00,0,0,268.00,0,0,130.00,130.00,5.00,75.71%
PIEMONTE,CUNEO,1.00,DIVORZIO,315.00,0,0,258.00,0,0,46.00,198.00,10.00,81.90%
PIEMONTE,CUNEO,1.00,DIVORZIO,"20,795.00",0,0,"19,145.00",0,0,"7,401.00","11,137.00",356.00,92.07%
PIEMONTE,CUNEO,1.00,DIVORZIO,195.00,0,0,184.00,0,0,116.00,61.00,5.00,94.36%
PIEMONTE,CUNEO,1.00,DIVORZIO,155.00,0,0,142.00,0,0,55.00,75.00,10.00,91.61%
PIEMONTE,CUNEO,1.00,DIVORZIO,100.00,0,0,79.00,0,0,31.00,44.00,2.00,79.00%
PIEMONTE,CUNEO,1.00,DIVORZIO,116.00,0,0,106.00,0,0,57.00,42.00,5.00,91.38%
PIEMONTE,CUNEO,1.00,DIVORZIO,"1,019.00",0,0,845.00,0,0,277.00,539.00,23.00,82.92%
PIEMONTE,CUNEO,1.00,DIVORZIO,"3,633.00",0,0,"3,089.00",0,0,"1,251.00","1,701.00",76.00,85.03%
PIEMONTE,CUNEO,1.00,DIVORZIO,708.00,0,0,607.00,0,0,325.00,256.00,20.00,85.73%
PIEMONTE,CUNEO,1.00,DIVORZIO,466.00,0,0,413.00,0,0,201.00,189.00,18.00,88.63%
PIEMONTE,CUNEO,1.00,DIVORZIO,"5,097.00",0,0,"4,558.00",0,0,"2,031.00","2,302.00",128.00,89.43%
PIEMONTE,CUNEO,1.00,DIVORZIO,552.00,0,0,502.00,0,0,211.00,277.00,11.00,90.94%
PIEMONTE,CUNEO,1.00,DIVORZIO,518.00,0,0,475.00,0,0,235.00,210.00,21.00,91.70%
PIEMONTE,CUNEO,1.00,DIVORZIO,258.00,0,0,209.00,0,0,98.00,101.00,3.00,81.01%
PIEMONTE,CUNEO,1.00,DIVORZIO,"1,427.00",0,0,"1,287.00",0,0,703.00,528.00,38.00,90.19%
PIEMONTE,CUNEO,1.00,DIVORZIO,298.00,0,0,255.00,0,0,201.00,44.00,5.00,85.57%
PIEMONTE,CUNEO,1.00,DIVORZIO,268.00,0,0,241.00,0,0,88.00,138.00,9.00,89.93%
PIEMONTE,CUNEO,1.00,DIVORZIO,"2,610.00",0,0,"2,311.00",0,0,"1,403.00",778.00,96.00,88.54%
PIEMONTE,CUNEO,1.00,DIVORZIO,253.00,0,0,236.00,0,0,114.00,103.00,10.00,93.28%
PIEMONTE,CUNEO,1.00,DIVORZIO,83.00,0,0,75.00,0,0,43.00,29.00,3.00,90.36%
PIEMONTE,CUNEO,1.00,DIVORZIO,"1,391.00",0,0,"1,264.00",0,0,744.00,474.00,27.00,90.87%
PIEMONTE,CUNEO,1.00,DIVORZIO,159.00,0,0,141.00,0,0,61.00,74.00,2.00,88.68%
PIEMONTE,CUNEO,1.00,DIVORZIO,281.00,0,0,262.00,0,0,147.00,102.00,10.00,93.24%
PIEMONTE,CUNEO,1.00,DIVORZIO,"5,727.00",0,0,"5,240.00",0,0,"1,673.00","3,400.00",105.00,91.50%
PIEMONTE,CUNEO,1.00,DIVORZIO,211.00,0,0,193.00,0,0,112.00,72.00,5.00,91.47%
PIEMONTE,CUNEO,1.00,DIVORZIO,516.00,0,0,443.00,0,0,258.00,171.00,8.00,85.85%
PIEMONTE,CUNEO,1.00,DIVORZIO,"5,761.00",0,0,"5,154.00",0,0,"2,680.00","2,226.00",161.00,89.46%
PIEMONTE,CUNEO,1.00,DIVORZIO,"17,401.00",0,0,"16,237.00",0,0,"6,169.00","9,409.00",410.00,93.31%
PIEMONTE,CUNEO,1.00,DIVORZIO,259.00,0,0,228.00,0,0,141.00,84.00,3.00,88.03%
PIEMONTE,CUNEO,1.00,DIVORZIO,132.00,0,0,107.00,0,0,62.00,43.00,0.00,81.06%
PIEMONTE,CUNEO,1.00,DIVORZIO,337.00,0,0,274.00,0,0,160.00,100.00,5.00,81.31%
PIEMONTE,CUNEO,1.00,DIVORZIO,981.00,0,0,769.00,0,0,344.00,396.00,18.00,78.39%
PIEMONTE,CUNEO,1.00,DIVORZIO,"5,749.00",0,0,"5,166.00",0,0,"3,113.00","1,848.00",121.00,89.86%
PIEMONTE,CUNEO,1.00,DIVORZIO,832.00,0,0,727.00,0,0,413.00,276.00,28.00,87.38%
PIEMONTE,CUNEO,1.00,DIVORZIO,178.00,0,0,168.00,0,0,109.00,51.00,6.00,94.38%
PIEMONTE,CUNEO,1.00,DIVORZIO,"3,496.00",0,0,"3,197.00",0,0,"1,675.00","1,433.00",59.00,91.45%
PIEMONTE,CUNEO,1.00,DIVORZIO,131.00,0,0,105.00,0,0,35.00,67.00,3.00,80.15%
PIEMONTE,CUNEO,1.00,DIVORZIO,202.00,0,0,167.00,0,0,105.00,51.00,9.00,82.67%
PIEMONTE,CUNEO,1.00,DIVORZIO,"3,754.00",0,0,"3,472.00",0,0,"1,646.00","1,695.00",90.00,92.49%
PIEMONTE,CUNEO,1.00,DIVORZIO,"1,483.00",0,0,"1,335.00",0,0,749.00,523.00,35.00,90.02%
PIEMONTE,CUNEO,1.00,DIVORZIO,843.00,0,0,800.00,0,0,520.00,241.00,27.00,94.90%
PIEMONTE,CUNEO,1.00,DIVORZIO,"3,152.00",0,0,"2,761.00",0,0,"1,122.00","1,493.00",98.00,87.60%
PIEMONTE,CUNEO,1.00,DIVORZIO,193.00,0,0,169.00,0,0,84.00,76.00,6.00,87.56%
PIEMONTE,CUNEO,1.00,DIVORZIO,798.00,0,0,722.00,0,0,385.00,305.00,25.00,90.48%
PIEMONTE,CUNEO,1.00,DIVORZIO,684.00,0,0,619.00,0,0,335.00,265.00,11.00,90.50%
PIEMONTE,CUNEO,1.00,DIVORZIO,413.00,0,0,268.00,0,0,101.00,158.00,6.00,64.89%
PIEMONTE,CUNEO,1.00,DIVORZIO,150.00,0,0,128.00,0,0,82.00,37.00,5.00,85.33%
PIEMONTE,CUNEO,1.00,DIVORZIO,768.00,0,0,689.00,0,0,403.00,256.00,23.00,89.71%
PIEMONTE,CUNEO,1.00,DIVORZIO,370.00,0,0,323.00,0,0,176.00,129.00,12.00,87.30%
PIEMONTE,CUNEO,1.00,DIVORZIO,627.00,0,0,581.00,0,0,362.00,210.00,8.00,92.66%
PIEMONTE,CUNEO,1.00,DIVORZIO,350.00,0,0,287.00,0,0,97.00,177.00,13.00,82.00%
PIEMONTE,CUNEO,1.00,DIVORZIO,169.00,0,0,131.00,0,0,38.00,91.00,1.00,77.51%
PIEMONTE,CUNEO,1.00,DIVORZIO,147.00,0,0,132.00,0,0,73.00,49.00,8.00,89.80%
PIEMONTE,CUNEO,1.00,DIVORZIO,378.00,0,0,351.00,0,0,207.00,130.00,8.00,92.86%
PIEMONTE,CUNEO,1.00,DIVORZIO,813.00,0,0,753.00,0,0,394.00,325.00,22.00,92.62%
PIEMONTE,CUNEO,1.00,DIVORZIO,477.00,0,0,438.00,0,0,238.00,180.00,12.00,91.82%
PIEMONTE,CUNEO,1.00,DIVORZIO,459.00,0,0,420.00,0,0,268.00,131.00,14.00,91.50%
PIEMONTE,CUNEO,1.00,DIVORZIO,"3,172.00",0,0,"2,947.00",0,0,"1,616.00","1,204.00",80.00,92.91%
PIEMONTE,CUNEO,1.00,DIVORZIO,216.00,0,0,141.00,0,0,67.00,70.00,2.00,65.28%
PIEMONTE,CUNEO,1.00,DIVORZIO,"3,350.00",0,0,"3,088.00",0,0,"1,980.00",985.00,81.00,92.18%
PIEMONTE,CUNEO,1.00,DIVORZIO,"1,199.00",0,0,"1,085.00",0,0,592.00,461.00,21.00,90.49%
PIEMONTE,CUNEO,1.00,DIVORZIO,318.00,0,0,271.00,0,0,162.00,99.00,7.00,85.22%
PIEMONTE,CUNEO,1.00,DIVORZIO,"2,045.00",0,0,"1,830.00",0,0,867.00,869.00,60.00,89.49%
PIEMONTE,CUNEO,1.00,DIVORZIO,"1,071.00",0,0,"1,006.00",0,0,632.00,343.00,13.00,93.93%
PIEMONTE,CUNEO,1.00,DIVORZIO,"3,982.00",0,0,"3,413.00",0,0,"1,141.00","2,135.00",85.00,85.71%
PIEMONTE,CUNEO,1.00,DIVORZIO,"4,305.00",0,0,"3,966.00",0,0,"2,348.00","1,462.00",106.00,92.13%
PIEMONTE,CUNEO,1.00,DIVORZIO,"2,663.00",0,0,"2,293.00",0,0,960.00,"1,204.00",84.00,86.11%
PIEMONTE,CUNEO,1.00,DIVORZIO,228.00,0,0,197.00,0,0,134.00,52.00,10.00,86.40%
PIEMONTE,CUNEO,1.00,DIVORZIO,163.00,0,0,136.00,0,0,73.00,53.00,4.00,83.44%
PIEMONTE,CUNEO,1.00,DIVORZIO,"1,063.00",0,0,910.00,0,0,363.00,513.00,26.00,85.61%
PIEMONTE,CUNEO,1.00,DIVORZIO,"1,355.00",0,0,"1,202.00",0,0,526.00,623.00,30.00,88.71%
PIEMONTE,CUNEO,1.00,DIVORZIO,"1,987.00",0,0,"1,797.00",0,0,"1,077.00",670.00,29.00,90.44%
PIEMONTE,CUNEO,1.00,DIVORZIO,994.00,0,0,896.00,0,0,244.00,631.00,12.00,90.14%
PIEMONTE,CUNEO,1.00,DIVORZIO,"2,134.00",0,0,"1,946.00",0,0,801.00,"1,068.00",49.00,91.19%
PIEMONTE,CUNEO,1.00,DIVORZIO,395.00,0,0,360.00,0,0,177.00,172.00,10.00,91.14%
PIEMONTE,CUNEO,1.00,DIVORZIO,334.00,0,0,239.00,0,0,90.00,146.00,3.00,71.56%
PIEMONTE,CUNEO,1.00,DIVORZIO,"39,394.00",0,0,"36,994.00",0,0,"14,450.00","21,569.00",651.00,93.91%
PIEMONTE,CUNEO,1.00,DIVORZIO,"1,941.00",0,0,"1,654.00",0,0,604.00,954.00,71.00,85.21%
PIEMONTE,CUNEO,1.00,DIVORZIO,"1,563.00",0,0,"1,397.00",0,0,801.00,537.00,37.00,89.38%
PIEMONTE,CUNEO,1.00,DIVORZIO,"3,627.00",0,0,"3,268.00",0,0,"1,557.00","1,588.00",81.00,90.10%
PIEMONTE,CUNEO,1.00,DIVORZIO,"5,096.00",0,0,"4,680.00",0,0,"1,910.00","2,605.00",109.00,91.84%
PIEMONTE,CUNEO,1.00,DIVORZIO,197.00,0,0,133.00,0,0,72.00,59.00,0.00,67.51%
PIEMONTE,CUNEO,1.00,DIVORZIO,755.00,0,0,608.00,0,0,266.00,310.00,21.00,80.53%
PIEMONTE,CUNEO,1.00,DIVORZIO,"1,334.00",0,0,"1,179.00",0,0,778.00,359.00,26.00,88.38%
PIEMONTE,CUNEO,1.00,DIVORZIO,"1,389.00",0,0,"1,259.00",0,0,518.00,700.00,28.00,90.64%
PIEMONTE,CUNEO,1.00,DIVORZIO,278.00,0,0,260.00,0,0,198.00,57.00,3.00,93.53%
PIEMONTE,CUNEO,1.00,DIVORZIO,418.00,0,0,373.00,0,0,180.00,182.00,4.00,89.23%
PIEMONTE,CUNEO,1.00,DIVORZIO,"15,612.00",0,0,"14,567.00",0,0,"7,005.00","7,041.00",347.00,93.31%
PIEMONTE,CUNEO,1.00,DIVORZIO,"1,207.00",0,0,955.00,0,0,556.00,357.00,25.00,79.12%
PIEMONTE,CUNEO,1.00,DIVORZIO,886.00,0,0,745.00,0,0,346.00,366.00,27.00,84.09%
PIEMONTE,CUNEO,1.00,DIVORZIO,548.00,0,0,380.00,0,0,129.00,232.00,9.00,69.34%
PIEMONTE,CUNEO,1.00,DIVORZIO,328.00,0,0,290.00,0,0,140.00,130.00,18.00,88.41%
PIEMONTE,CUNEO,1.00,DIVORZIO,248.00,0,0,195.00,0,0,89.00,101.00,4.00,78.63%
PIEMONTE,CUNEO,1.00,DIVORZIO,"3,808.00",0,0,"3,067.00",0,0,"1,044.00","1,873.00",112.00,80.54%
PIEMONTE,CUNEO,1.00,DIVORZIO,"1,084.00",0,0,"1,023.00",0,0,635.00,340.00,33.00,94.37%
PIEMONTE,CUNEO,1.00,DIVORZIO,415.00,0,0,379.00,0,0,205.00,161.00,9.00,91.33%
PIEMONTE,CUNEO,1.00,DIVORZIO,210.00,0,0,187.00,0,0,83.00,96.00,7.00,89.05%
PIEMONTE,CUNEO,1.00,DIVORZIO,"1,560.00",0,0,"1,351.00",0,0,657.00,640.00,41.00,86.60%
PIEMONTE,CUNEO,1.00,DIVORZIO,718.00,0,0,672.00,0,0,373.00,275.00,17.00,93.59%
PIEMONTE,CUNEO,1.00,DIVORZIO,"1,533.00",0,0,"1,332.00",0,0,586.00,693.00,33.00,86.89%
PIEMONTE,CUNEO,1.00,DIVORZIO,104.00,0,0,93.00,0,0,29.00,51.00,12.00,89.42%
PIEMONTE,CUNEO,1.00,DIVORZIO,127.00,0,0,115.00,0,0,101.00,9.00,3.00,90.55%
PIEMONTE,CUNEO,1.00,DIVORZIO,"1,017.00",0,0,950.00,0,0,625.00,285.00,26.00,93.41%
PIEMONTE,CUNEO,1.00,DIVORZIO,"1,949.00",0,0,"1,770.00",0,0,920.00,779.00,44.00,90.82%
PIEMONTE,CUNEO,1.00,DIVORZIO,507.00,0,0,447.00,0,0,244.00,180.00,17.00,88.17%
PIEMONTE,CUNEO,1.00,DIVORZIO,618.00,0,0,553.00,0,0,349.00,172.00,18.00,89.48%
PIEMONTE,CUNEO,1.00,DIVORZIO,665.00,0,0,568.00,0,0,160.00,385.00,16.00,85.41%
PIEMONTE,CUNEO,1.00,DIVORZIO,375.00,0,0,329.00,0,0,227.00,86.00,11.00,87.73%
PIEMONTE,CUNEO,1.00,DIVORZIO,"1,391.00",0,0,"1,191.00",0,0,306.00,843.00,28.00,85.62%
PIEMONTE,CUNEO,1.00,DIVORZIO,273.00,0,0,231.00,0,0,126.00,92.00,6.00,84.62%
PIEMONTE,CUNEO,1.00,DIVORZIO,148.00,0,0,105.00,0,0,42.00,58.00,3.00,70.95%
PIEMONTE,CUNEO,1.00,DIVORZIO,"1,112.00",0,0,"1,019.00",0,0,487.00,497.00,29.00,91.64%
PIEMONTE,CUNEO,1.00,DIVORZIO,"1,464.00",0,0,"1,294.00",0,0,638.00,580.00,51.00,88.39%
PIEMONTE,CUNEO,1.00,DIVORZIO,"1,145.00",0,0,"1,038.00",0,0,447.00,549.00,29.00,90.66%
PIEMONTE,CUNEO,1.00,DIVORZIO,"1,511.00",0,0,"1,382.00",0,0,507.00,824.00,41.00,91.46%
PIEMONTE,CUNEO,1.00,DIVORZIO,"1,257.00",0,0,"1,175.00",0,0,814.00,307.00,38.00,93.48%
PIEMONTE,CUNEO,1.00,DIVORZIO,866.00,0,0,810.00,0,0,403.00,361.00,36.00,93.53%
PIEMONTE,CUNEO,1.00,DIVORZIO,181.00,0,0,120.00,0,0,54.00,65.00,1.00,66.30%
PIEMONTE,CUNEO,1.00,DIVORZIO,403.00,0,0,321.00,0,0,134.00,176.00,7.00,79.65%
PIEMONTE,CUNEO,1.00,DIVORZIO,613.00,0,0,481.00,0,0,202.00,251.00,18.00,78.47%
PIEMONTE,CUNEO,1.00,DIVORZIO,536.00,0,0,403.00,0,0,136.00,241.00,21.00,75.19%
PIEMONTE,CUNEO,1.00,DIVORZIO,330.00,0,0,293.00,0,0,108.00,170.00,10.00,88.79%
PIEMONTE,CUNEO,1.00,DIVORZIO,438.00,0,0,348.00,0,0,185.00,154.00,7.00,79.45%
PIEMONTE,CUNEO,1.00,DIVORZIO,526.00,0,0,436.00,0,0,209.00,197.00,20.00,82.89%
PIEMONTE,CUNEO,1.00,DIVORZIO,966.00,0,0,830.00,0,0,445.00,352.00,21.00,85.92%
PIEMONTE,CUNEO,1.00,DIVORZIO,189.00,0,0,150.00,0,0,83.00,56.00,8.00,79.37%
PIEMONTE,CUNEO,1.00,DIVORZIO,815.00,0,0,773.00,0,0,522.00,224.00,17.00,94.85%
PIEMONTE,CUNEO,1.00,DIVORZIO,413.00,0,0,385.00,0,0,195.00,166.00,14.00,93.22%
PIEMONTE,CUNEO,1.00,DIVORZIO,"15,939.00",0,0,"14,458.00",0,0,"6,036.00","7,817.00",381.00,90.71%
PIEMONTE,CUNEO,1.00,DIVORZIO,809.00,0,0,727.00,0,0,311.00,390.00,16.00,89.86%
PIEMONTE,CUNEO,1.00,DIVORZIO,"1,768.00",0,0,"1,546.00",0,0,797.00,690.00,38.00,87.44%
PIEMONTE,CUNEO,1.00,DIVORZIO,"2,623.00",0,0,"2,407.00",0,0,"1,611.00",741.00,29.00,91.77%
PIEMONTE,CUNEO,1.00,DIVORZIO,740.00,0,0,600.00,0,0,287.00,283.00,22.00,81.08%
PIEMONTE,CUNEO,1.00,DIVORZIO,792.00,0,0,735.00,0,0,408.00,291.00,23.00,92.80%
PIEMONTE,CUNEO,1.00,DIVORZIO,506.00,0,0,471.00,0,0,296.00,154.00,11.00,93.08%
PIEMONTE,CUNEO,1.00,DIVORZIO,312.00,0,0,276.00,0,0,145.00,119.00,6.00,88.46%
PIEMONTE,CUNEO,1.00,DIVORZIO,313.00,0,0,245.00,0,0,102.00,131.00,8.00,78.27%
PIEMONTE,CUNEO,1.00,DIVORZIO,745.00,0,0,533.00,0,0,187.00,326.00,14.00,71.54%
PIEMONTE,CUNEO,1.00,DIVORZIO,"1,210.00",0,0,"1,030.00",0,0,560.00,437.00,20.00,85.12%
PIEMONTE,CUNEO,1.00,DIVORZIO,198.00,0,0,161.00,0,0,82.00,72.00,7.00,81.31%
PIEMONTE,CUNEO,1.00,DIVORZIO,"1,262.00",0,0,"1,170.00",0,0,728.00,407.00,21.00,92.71%
PIEMONTE,CUNEO,1.00,DIVORZIO,"2,513.00",0,0,"2,284.00",0,0,"1,080.00","1,087.00",80.00,90.89%
PIEMONTE,CUNEO,1.00,DIVORZIO,"1,314.00",0,0,"1,207.00",0,0,663.00,504.00,22.00,91.86%
PIEMONTE,CUNEO,1.00,DIVORZIO,981.00,0,0,851.00,0,0,405.00,409.00,22.00,86.75%
PIEMONTE,CUNEO,1.00,DIVORZIO,753.00,0,0,695.00,0,0,354.00,321.00,13.00,92.30%
PIEMONTE,CUNEO,1.00,DIVORZIO,"2,093.00",0,0,"1,881.00",0,0,"1,074.00",709.00,71.00,89.87%
PIEMONTE,CUNEO,1.00,DIVORZIO,"2,005.00",0,0,"1,861.00",0,0,951.00,840.00,37.00,92.82%
PIEMONTE,CUNEO,1.00,DIVORZIO,343.00,0,0,315.00,0,0,176.00,129.00,8.00,91.84%
PIEMONTE,CUNEO,1.00,DIVORZIO,450.00,0,0,394.00,0,0,221.00,160.00,12.00,87.56%
PIEMONTE,CUNEO,1.00,DIVORZIO,857.00,0,0,708.00,0,0,282.00,399.00,18.00,82.61%
PIEMONTE,CUNEO,1.00,DIVORZIO,666.00,0,0,580.00,0,0,376.00,186.00,11.00,87.09%
PIEMONTE,CUNEO,1.00,DIVORZIO,407.00,0,0,324.00,0,0,126.00,181.00,13.00,79.61%
PIEMONTE,CUNEO,1.00,DIVORZIO,231.00,0,0,149.00,0,0,32.00,108.00,6.00,64.50%
PIEMONTE,CUNEO,1.00,DIVORZIO,"2,613.00",0,0,"2,120.00",0,0,611.00,"1,384.00",86.00,81.13%
PIEMONTE,CUNEO,1.00,DIVORZIO,264.00,0,0,193.00,0,0,90.00,86.00,9.00,73.11%
PIEMONTE,CUNEO,1.00,DIVORZIO,"2,677.00",0,0,"2,231.00",0,0,753.00,"1,356.00",91.00,83.34%
PIEMONTE,CUNEO,1.00,DIVORZIO,394.00,0,0,338.00,0,0,184.00,140.00,9.00,85.79%
PIEMONTE,CUNEO,1.00,DIVORZIO,679.00,0,0,593.00,0,0,326.00,218.00,35.00,87.33%
PIEMONTE,CUNEO,1.00,DIVORZIO,276.00,0,0,222.00,0,0,127.00,80.00,10.00,80.43%
PIEMONTE,CUNEO,1.00,DIVORZIO,347.00,0,0,295.00,0,0,141.00,142.00,6.00,85.01%
PIEMONTE,CUNEO,1.00,DIVORZIO,199.00,0,0,161.00,0,0,94.00,57.00,8.00,80.90%
PIEMONTE,CUNEO,1.00,DIVORZIO,"3,390.00",0,0,"2,912.00",0,0,"1,364.00","1,409.00",90.00,85.90%
PIEMONTE,CUNEO,1.00,DIVORZIO,470.00,0,0,429.00,0,0,295.00,114.00,16.00,91.28%
PIEMONTE,CUNEO,1.00,DIVORZIO,"1,173.00",0,0,985.00,0,0,499.00,434.00,27.00,83.97%
PIEMONTE,CUNEO,1.00,DIVORZIO,"1,804.00",0,0,"1,672.00",0,0,803.00,796.00,53.00,92.68%
PIEMONTE,CUNEO,1.00,DIVORZIO,180.00,0,0,150.00,0,0,37.00,105.00,8.00,83.33%
PIEMONTE,CUNEO,1.00,DIVORZIO,329.00,0,0,308.00,0,0,196.00,92.00,12.00,93.62%
PIEMONTE,CUNEO,1.00,DIVORZIO,859.00,0,0,677.00,0,0,298.00,341.00,27.00,78.81%
PIEMONTE,CUNEO,1.00,DIVORZIO,"1,425.00",0,0,"1,315.00",0,0,906.00,339.00,44.00,92.28%
PIEMONTE,CUNEO,1.00,DIVORZIO,867.00,0,0,803.00,0,0,492.00,271.00,27.00,92.62%
PIEMONTE,CUNEO,1.00,DIVORZIO,274.00,0,0,196.00,0,0,78.00,107.00,10.00,71.53%
PIEMONTE,CUNEO,1.00,DIVORZIO,414.00,0,0,341.00,0,0,73.00,260.00,7.00,82.37%
PIEMONTE,CUNEO,1.00,DIVORZIO,408.00,0,0,328.00,0,0,132.00,189.00,3.00,80.39%
PIEMONTE,CUNEO,1.00,DIVORZIO,427.00,0,0,348.00,0,0,148.00,189.00,7.00,81.50%
PIEMONTE,CUNEO,1.00,DIVORZIO,"1,368.00",0,0,"1,237.00",0,0,802.00,392.00,33.00,90.42%
PIEMONTE,CUNEO,1.00,DIVORZIO,766.00,0,0,620.00,0,0,331.00,255.00,23.00,80.94%
PIEMONTE,CUNEO,1.00,DIVORZIO,564.00,0,0,517.00,0,0,338.00,169.00,8.00,91.67%
PIEMONTE,CUNEO,1.00,DIVORZIO,"6,189.00",0,0,"5,730.00",0,0,"2,150.00","3,388.00",126.00,92.58%
PIEMONTE,CUNEO,1.00,DIVORZIO,"2,860.00",0,0,"2,607.00",0,0,"1,644.00",855.00,66.00,91.15%
PIEMONTE,CUNEO,1.00,DIVORZIO,618.00,0,0,556.00,0,0,261.00,267.00,18.00,89.97%
PIEMONTE,CUNEO,1.00,DIVORZIO,295.00,0,0,180.00,0,0,105.00,63.00,11.00,61.02%
PIEMONTE,CUNEO,1.00,DIVORZIO,334.00,0,0,229.00,0,0,92.00,131.00,4.00,68.56%
PIEMONTE,CUNEO,1.00,DIVORZIO,139.00,0,0,112.00,0,0,54.00,51.00,5.00,80.58%
PIEMONTE,CUNEO,1.00,DIVORZIO,"1,594.00",0,0,"1,536.00",0,0,445.00,"1,022.00",49.00,96.36%
PIEMONTE,CUNEO,1.00,DIVORZIO,633.00,0,0,522.00,0,0,304.00,197.00,14.00,82.46%
PIEMONTE,CUNEO,1.00,DIVORZIO,942.00,0,0,769.00,0,0,296.00,457.00,9.00,81.63%
PIEMONTE,CUNEO,1.00,DIVORZIO,266.00,0,0,207.00,0,0,115.00,85.00,5.00,77.82%
PIEMONTE,CUNEO,1.00,DIVORZIO,"1,356.00",0,0,"1,214.00",0,0,669.00,482.00,34.00,89.53%
PIEMONTE,CUNEO,1.00,DIVORZIO,"1,564.00",0,0,"1,332.00",0,0,660.00,608.00,39.00,85.17%
PIEMONTE,CUNEO,1.00,DIVORZIO,510.00,0,0,403.00,0,0,135.00,253.00,13.00,79.02%
PIEMONTE,CUNEO,1.00,DIVORZIO,"1,804.00",0,0,"1,505.00",0,0,438.00,"1,023.00",32.00,83.43%
PIEMONTE,CUNEO,1.00,DIVORZIO,184.00,0,0,174.00,0,0,82.00,80.00,7.00,94.57%
PIEMONTE,CUNEO,1.00,DIVORZIO,566.00,0,0,500.00,0,0,275.00,202.00,14.00,88.34%
PIEMONTE,CUNEO,1.00,DIVORZIO,364.00,0,0,325.00,0,0,154.00,158.00,4.00,89.29%
PIEMONTE,CUNEO,1.00,DIVORZIO,468.00,0,0,412.00,0,0,198.00,202.00,7.00,88.03%
PIEMONTE,CUNEO,1.00,DIVORZIO,853.00,0,0,771.00,0,0,380.00,350.00,26.00,90.39%
PIEMONTE,CUNEO,1.00,DIVORZIO,227.00,0,0,213.00,0,0,133.00,73.00,7.00,93.83%
PIEMONTE,CUNEO,1.00,DIVORZIO,492.00,0,0,427.00,0,0,187.00,224.00,12.00,86.79%
PIEMONTE,CUNEO,1.00,DIVORZIO,222.00,0,0,181.00,0,0,87.00,82.00,7.00,81.53%
PIEMONTE,CUNEO,1.00,DIVORZIO,"1,312.00",0,0,"1,190.00",0,0,460.00,681.00,34.00,90.70%
PIEMONTE,CUNEO,1.00,DIVORZIO,403.00,0,0,373.00,0,0,244.00,114.00,11.00,92.56%
PIEMONTE,CUNEO,1.00,DIVORZIO,"12,590.00",0,0,"11,413.00",0,0,"4,422.00","6,623.00",233.00,90.65%
PIEMONTE,CUNEO,1.00,DIVORZIO,143.00,0,0,100.00,0,0,34.00,57.00,4.00,69.93%
PIEMONTE,CUNEO,1.00,DIVORZIO,"1,469.00",0,0,990.00,0,0,533.00,426.00,15.00,67.39%
PIEMONTE,CUNEO,1.00,DIVORZIO,176.00,0,0,160.00,0,0,82.00,69.00,6.00,90.91%
PIEMONTE,CUNEO,1.00,DIVORZIO,756.00,0,0,630.00,0,0,292.00,306.00,19.00,83.33%
PIEMONTE,CUNEO,1.00,DIVORZIO,"1,397.00",0,0,"1,295.00",0,0,632.00,604.00,38.00,92.70%
PIEMONTE,CUNEO,1.00,DIVORZIO,"1,998.00",0,0,"1,666.00",0,0,759.00,828.00,44.00,83.38%
PIEMONTE,CUNEO,1.00,DIVORZIO,"1,416.00",0,0,"1,184.00",0,0,362.00,759.00,40.00,83.62%
PIEMONTE,CUNEO,1.00,DIVORZIO,"1,241.00",0,0,"1,158.00",0,0,832.00,296.00,21.00,93.31%
PIEMONTE,CUNEO,1.00,DIVORZIO,"1,254.00",0,0,"1,151.00",0,0,670.00,441.00,23.00,91.79%
PIEMONTE,CUNEO,1.00,DIVORZIO,"2,963.00",0,0,"2,687.00",0,0,"1,360.00","1,226.00",61.00,90.69%
PIEMONTE,CUNEO,1.00,DIVORZIO,971.00,0,0,882.00,0,0,579.00,272.00,16.00,90.83%
PIEMONTE,CUNEO,1.00,DIVORZIO,"13,568.00",0,0,"12,838.00",0,0,"5,521.00","6,895.00",278.00,94.62%
PIEMONTE,CUNEO,1.00,DIVORZIO,188.00,0,0,153.00,0,0,56.00,78.00,11.00,81.38%
PIEMONTE,CUNEO,1.00,DIVORZIO,"1,356.00",0,0,"1,248.00",0,0,823.00,382.00,29.00,92.04%
PIEMONTE,CUNEO,1.00,DIVORZIO,506.00,0,0,451.00,0,0,254.00,181.00,10.00,89.13%
PIEMONTE,CUNEO,1.00,DIVORZIO,301.00,0,0,257.00,0,0,125.00,113.00,11.00,85.38%
PIEMONTE,CUNEO,1.00,DIVORZIO,386.00,0,0,346.00,0,0,148.00,181.00,13.00,89.64%
PIEMONTE,CUNEO,1.00,DIVORZIO,403.00,0,0,354.00,0,0,188.00,151.00,6.00,87.84%
PIEMONTE,CUNEO,1.00,DIVORZIO,"3,875.00",0,0,"3,635.00",0,0,"1,692.00","1,816.00",82.00,93.81%
PIEMONTE,CUNEO,1.00,DIVORZIO,"1,631.00",0,0,"1,469.00",0,0,860.00,557.00,37.00,90.07%
PIEMONTE,CUNEO,1.00,DIVORZIO,223.00,0,0,187.00,0,0,43.00,134.00,9.00,83.86%
PIEMONTE,CUNEO,1.00,DIVORZIO,915.00,0,0,863.00,0,0,645.00,183.00,24.00,94.32%
PIEMONTE,CUNEO,1.00,DIVORZIO,253.00,0,0,225.00,0,0,158.00,61.00,5.00,88.93%
PIEMONTE,CUNEO,1.00,DIVORZIO,631.00,0,0,517.00,0,0,229.00,265.00,15.00,81.93%
PIEMONTE,CUNEO,1.00,DIVORZIO,407.00,0,0,367.00,0,0,265.00,88.00,7.00,90.17%
PIEMONTE,CUNEO,1.00,DIVORZIO,125.00,0,0,109.00,0,0,53.00,48.00,7.00,87.20%
PIEMONTE,CUNEO,1.00,DIVORZIO,486.00,0,0,432.00,0,0,198.00,216.00,9.00,88.89%
PIEMONTE,CUNEO,1.00,DIVORZIO,340.00,0,0,305.00,0,0,176.00,107.00,16.00,89.71%
PIEMONTE,CUNEO,1.00,DIVORZIO,"1,509.00",0,0,"1,360.00",0,0,864.00,432.00,41.00,90.13%
PIEMONTE,CUNEO,1.00,DIVORZIO,982.00,0,0,805.00,0,0,273.00,488.00,28.00,81.98%
PIEMONTE,CUNEO,1.00,DIVORZIO,695.00,0,0,597.00,0,0,281.00,297.00,8.00,85.90%
PIEMONTE,CUNEO,1.00,DIVORZIO,349.00,0,0,243.00,0,0,100.00,131.00,2.00,69.63%
PIEMONTE,CUNEO,1.00,DIVORZIO,123.00,0,0,95.00,0,0,63.00,28.00,2.00,77.24%
PIEMONTE,CUNEO,1.00,DIVORZIO,"1,230.00",0,0,"1,113.00",0,0,594.00,474.00,33.00,90.49%
PIEMONTE,CUNEO,1.00,DIVORZIO,372.00,0,0,324.00,0,0,168.00,142.00,13.00,87.10%
PIEMONTE,CUNEO,1.00,DIVORZIO,"1,196.00",0,0,"1,034.00",0,0,316.00,684.00,21.00,86.45%
PIEMONTE,CUNEO,1.00,DIVORZIO,"4,448.00",0,0,"3,987.00",0,0,"1,675.00","2,153.00",122.00,89.64%
PIEMONTE,CUNEO,1.00,DIVORZIO,"1,417.00",0,0,"1,319.00",0,0,856.00,434.00,13.00,93.08%
PIEMONTE,CUNEO,1.00,DIVORZIO,"2,027.00",0,0,"1,766.00",0,0,755.00,927.00,52.00,87.12%
PIEMONTE,CUNEO,1.00,DIVORZIO,975.00,0,0,872.00,0,0,407.00,438.00,20.00,89.44%
PIEMONTE,CUNEO,1.00,DIVORZIO,"2,105.00",0,0,"1,980.00",0,0,"1,384.00",522.00,44.00,94.06%
PIEMONTE,CUNEO,1.00,DIVORZIO,"2,793.00",0,0,"2,565.00",0,0,"1,292.00","1,155.00",72.00,91.84%
PIEMONTE,CUNEO,1.00,DIVORZIO,681.00,0,0,628.00,0,0,435.00,161.00,22.00,92.22%
PIEMONTE,CUNEO,1.00,DIVORZIO,"1,087.00",0,0,858.00,0,0,426.00,383.00,32.00,78.93%
PIEMONTE,CUNEO,1.00,DIVORZIO,802.00,0,0,662.00,0,0,232.00,402.00,19.00,82.54%
PIEMONTE,CUNEO,1.00,DIVORZIO,496.00,0,0,386.00,0,0,190.00,156.00,28.00,77.82%
PIEMONTE,CUNEO,1.00,DIVORZIO,471.00,0,0,434.00,0,0,296.00,121.00,12.00,92.14%
SICILIA,ENNA,1.00,DIVORZIO,"7,464.00",0,0,"5,210.00",0,0,"2,921.00","2,182.00",31.00,69.80%
SICILIA,ENNA,1.00,DIVORZIO,"4,892.00",0,0,"2,249.00",0,0,"1,287.00",899.00,15.00,45.97%
SICILIA,ENNA,1.00,DIVORZIO,"3,176.00",0,0,"2,498.00",0,0,"1,134.00","1,283.00",42.00,78.65%
SICILIA,ENNA,1.00,DIVORZIO,"9,952.00",0,0,"6,349.00",0,0,"4,019.00","2,184.00",42.00,63.80%
SICILIA,ENNA,1.00,DIVORZIO,"4,322.00",0,0,"3,039.00",0,0,"1,737.00","1,194.00",34.00,70.31%
SICILIA,ENNA,1.00,DIVORZIO,"2,592.00",0,0,"2,071.00",0,0,731.00,"1,275.00",18.00,79.90%
SICILIA,ENNA,1.00,DIVORZIO,"5,050.00",0,0,"3,994.00",0,0,"2,005.00","1,881.00",54.00,79.09%
SICILIA,ENNA,1.00,DIVORZIO,"2,405.00",0,0,"1,498.00",0,0,"1,130.00",317.00,6.00,62.29%
SICILIA,ENNA,1.00,DIVORZIO,"19,582.00",0,0,"16,106.00",0,0,"7,584.00","8,235.00",78.00,82.25%
SICILIA,ENNA,1.00,DIVORZIO,"2,920.00",0,0,"2,364.00",0,0,"1,297.00",914.00,26.00,80.96%
SICILIA,ENNA,1.00,DIVORZIO,"9,842.00",0,0,"7,453.00",0,0,"3,331.00","3,910.00",64.00,75.73%
SICILIA,ENNA,1.00,DIVORZIO,"10,212.00",0,0,"8,202.00",0,0,"4,915.00","2,994.00",109.00,80.32%
SICILIA,ENNA,1.00,DIVORZIO,"1,891.00",0,0,"1,135.00",0,0,801.00,311.00,11.00,60.02%
SICILIA,ENNA,1.00,DIVORZIO,"14,510.00",0,0,"10,449.00",0,0,"5,427.00","4,850.00",41.00,72.01%
SICILIA,ENNA,1.00,DIVORZIO,"7,294.00",0,0,"4,531.00",0,0,"2,857.00","1,573.00",33.00,62.12%
SICILIA,ENNA,1.00,DIVORZIO,"6,069.00",0,0,"4,363.00",0,0,"2,538.00","1,745.00",17.00,71.89%
SICILIA,ENNA,1.00,DIVORZIO,803.00,0,0,676.00,0,0,441.00,209.00,7.00,84.18%
SICILIA,ENNA,1.00,DIVORZIO,"8,095.00",0,0,"5,797.00",0,0,"2,123.00","3,498.00",46.00,71.61%
SICILIA,ENNA,1.00,DIVORZIO,"7,890.00",0,0,"4,686.00",0,0,"2,016.00","2,579.00",20.00,59.39%
SICILIA,ENNA,1.00,DIVORZIO,"5,907.00",0,0,"3,408.00",0,0,"1,889.00","1,472.00",16.00,57.69%
EMILIA-ROMAGNA,FERRARA,1.00,DIVORZIO,"18,708.00",0,0,"18,122.00",0,0,"2,981.00","14,867.00",177.00,96.87%
EMILIA-ROMAGNA,FERRARA,1.00,DIVORZIO,"5,400.00",0,0,"5,210.00",0,0,"1,275.00","3,821.00",88.00,96.48%
EMILIA-ROMAGNA,FERRARA,1.00,DIVORZIO,"14,099.00",0,0,"13,724.00",0,0,"3,386.00","10,094.00",156.00,97.34%
EMILIA-ROMAGNA,FERRARA,1.00,DIVORZIO,"19,833.00",0,0,"19,036.00",0,0,"6,919.00","11,579.00",429.00,95.98%
EMILIA-ROMAGNA,FERRARA,1.00,DIVORZIO,"10,317.00",0,0,"9,908.00",0,0,"2,122.00","7,640.00",101.00,96.04%
EMILIA-ROMAGNA,FERRARA,1.00,DIVORZIO,"12,348.00",0,0,"11,741.00",0,0,"3,490.00","8,044.00",150.00,95.08%
EMILIA-ROMAGNA,FERRARA,1.00,DIVORZIO,"15,074.00",0,0,"14,771.00",0,0,"3,688.00","10,836.00",174.00,97.99%
EMILIA-ROMAGNA,FERRARA,1.00,DIVORZIO,"115,007.00",0,0,"110,316.00",0,0,"26,261.00","82,206.00","1,266.00",95.92%
EMILIA-ROMAGNA,FERRARA,1.00,DIVORZIO,"2,080.00",0,0,"1,995.00",0,0,492.00,"1,471.00",29.00,95.91%
EMILIA-ROMAGNA,FERRARA,1.00,DIVORZIO,"2,689.00",0,0,"2,562.00",0,0,452.00,"2,081.00",26.00,95.28%
EMILIA-ROMAGNA,FERRARA,1.00,DIVORZIO,"3,276.00",0,0,"3,166.00",0,0,528.00,"2,603.00",26.00,96.64%
EMILIA-ROMAGNA,FERRARA,1.00,DIVORZIO,"2,996.00",0,0,"2,758.00",0,0,825.00,"1,903.00",20.00,92.06%
EMILIA-ROMAGNA,FERRARA,1.00,DIVORZIO,"1,783.00",0,0,"1,694.00",0,0,688.00,967.00,33.00,95.01%
EMILIA-ROMAGNA,FERRARA,1.00,DIVORZIO,"3,174.00",0,0,"3,009.00",0,0,656.00,"2,304.00",29.00,94.80%
EMILIA-ROMAGNA,FERRARA,1.00,DIVORZIO,"5,765.00",0,0,"5,454.00",0,0,"1,239.00","4,152.00",33.00,94.61%
EMILIA-ROMAGNA,FERRARA,1.00,DIVORZIO,"3,113.00",0,0,"2,963.00",0,0,592.00,"2,309.00",42.00,95.18%
EMILIA-ROMAGNA,FERRARA,1.00,DIVORZIO,"2,436.00",0,0,"2,357.00",0,0,846.00,"1,467.00",27.00,96.76%
EMILIA-ROMAGNA,FERRARA,1.00,DIVORZIO,"1,741.00",0,0,"1,673.00",0,0,344.00,"1,303.00",20.00,96.09%
EMILIA-ROMAGNA,FERRARA,1.00,DIVORZIO,"5,449.00",0,0,"5,273.00",0,0,"1,320.00","3,855.00",71.00,96.77%
EMILIA-ROMAGNA,FERRARA,1.00,DIVORZIO,"5,645.00",0,0,"5,411.00",0,0,"1,402.00","3,880.00",88.00,95.85%
EMILIA-ROMAGNA,FERRARA,1.00,DIVORZIO,"9,917.00",0,0,"9,618.00",0,0,"2,345.00","7,097.00",128.00,96.98%
EMILIA-ROMAGNA,FERRARA,1.00,DIVORZIO,"3,416.00",0,0,"3,294.00",0,0,776.00,"2,449.00",54.00,96.43%
EMILIA-ROMAGNA,FERRARA,1.00,DIVORZIO,"4,244.00",0,0,"4,006.00",0,0,"1,359.00","2,513.00",95.00,94.39%
EMILIA-ROMAGNA,FERRARA,1.00,DIVORZIO,"3,589.00",0,0,"3,446.00",0,0,831.00,"2,536.00",62.00,96.02%
EMILIA-ROMAGNA,FERRARA,1.00,DIVORZIO,"4,814.00",0,0,"4,632.00",0,0,"1,156.00","3,338.00",102.00,96.22%
EMILIA-ROMAGNA,FERRARA,1.00,DIVORZIO,"3,103.00",0,0,"2,981.00",0,0,752.00,"2,164.00",46.00,96.07%
TOSCANA,FIRENZE,1.00,DIVORZIO,"16,765.00",0,0,"16,031.00",0,0,"3,371.00","12,321.00",259.00,95.62%
TOSCANA,FIRENZE,1.00,DIVORZIO,"5,596.00",0,0,"5,288.00",0,0,"1,124.00","4,103.00",41.00,94.50%
TOSCANA,FIRENZE,1.00,DIVORZIO,"2,437.00",0,0,"2,346.00",0,0,975.00,"1,305.00",52.00,96.27%
TOSCANA,FIRENZE,1.00,DIVORZIO,"10,306.00",0,0,"9,922.00",0,0,"2,824.00","6,919.00",133.00,96.27%
TOSCANA,FIRENZE,1.00,DIVORZIO,"8,313.00",0,0,"7,945.00",0,0,"1,777.00","5,984.00",123.00,95.57%
TOSCANA,FIRENZE,1.00,DIVORZIO,"20,413.00",0,0,"19,274.00",0,0,"5,819.00","13,047.00",281.00,94.42%
TOSCANA,FIRENZE,1.00,DIVORZIO,"2,151.00",0,0,"2,025.00",0,0,715.00,"1,254.00",33.00,94.14%
TOSCANA,FIRENZE,1.00,DIVORZIO,"3,258.00",0,0,"3,126.00",0,0,"1,019.00","2,015.00",81.00,95.95%
TOSCANA,FIRENZE,1.00,DIVORZIO,"5,591.00",0,0,"5,233.00",0,0,"2,155.00","2,914.00",113.00,93.60%
TOSCANA,FIRENZE,1.00,DIVORZIO,"12,956.00",0,0,"12,542.00",0,0,"1,932.00","10,395.00",165.00,96.80%
TOSCANA,FIRENZE,1.00,DIVORZIO,"6,144.00",0,0,"5,937.00",0,0,"1,230.00","4,576.00",94.00,96.63%
TOSCANA,FIRENZE,1.00,DIVORZIO,"11,658.00",0,0,"11,213.00",0,0,"1,998.00","8,986.00",174.00,96.18%
TOSCANA,FIRENZE,1.00,DIVORZIO,"2,727.00",0,0,"2,627.00",0,0,660.00,"1,913.00",47.00,96.33%
TOSCANA,FIRENZE,1.00,DIVORZIO,"33,116.00",0,0,"31,817.00",0,0,"6,884.00","24,321.00",447.00,96.08%
TOSCANA,FIRENZE,1.00,DIVORZIO,"10,456.00",0,0,"10,001.00",0,0,"2,192.00","7,679.00",90.00,95.65%
TOSCANA,FIRENZE,1.00,DIVORZIO,"10,374.00",0,0,"10,025.00",0,0,"3,318.00","6,438.00",205.00,96.64%
TOSCANA,FIRENZE,1.00,DIVORZIO,"342,967.00",0,0,"323,258.00",0,0,"91,359.00","226,672.00","3,563.00",94.25%
TOSCANA,FIRENZE,1.00,DIVORZIO,"4,302.00",0,0,"3,999.00",0,0,"1,715.00","2,157.00",92.00,92.96%
TOSCANA,FIRENZE,1.00,DIVORZIO,"14,132.00",0,0,"13,549.00",0,0,"3,307.00","9,979.00",168.00,95.87%
TOSCANA,FIRENZE,1.00,DIVORZIO,"2,724.00",0,0,"2,632.00",0,0,608.00,"1,976.00",38.00,96.62%
TOSCANA,FIRENZE,1.00,DIVORZIO,"7,438.00",0,0,"7,066.00",0,0,"2,037.00","4,847.00",148.00,95.00%
TOSCANA,FIRENZE,1.00,DIVORZIO,"10,270.00",0,0,"9,797.00",0,0,"1,838.00","7,775.00",136.00,95.39%
TOSCANA,FIRENZE,1.00,DIVORZIO,"3,218.00",0,0,"3,070.00",0,0,665.00,"2,364.00",32.00,95.40%
TOSCANA,FIRENZE,1.00,DIVORZIO,"11,994.00",0,0,"11,384.00",0,0,"3,637.00","7,465.00",228.00,94.91%
TOSCANA,FIRENZE,1.00,DIVORZIO,743.00,0,0,710.00,0,0,313.00,387.00,8.00,95.56%
TOSCANA,FIRENZE,1.00,DIVORZIO,"3,324.00",0,0,"3,074.00",0,0,"1,302.00","1,691.00",50.00,92.48%
TOSCANA,FIRENZE,1.00,DIVORZIO,"2,505.00",0,0,"2,405.00",0,0,670.00,"1,690.00",40.00,96.01%
TOSCANA,FIRENZE,1.00,DIVORZIO,"6,959.00",0,0,"6,696.00",0,0,"2,406.00","4,106.00",139.00,96.22%
TOSCANA,FIRENZE,1.00,DIVORZIO,"7,337.00",0,0,"6,935.00",0,0,"1,859.00","4,903.00",115.00,94.52%
TOSCANA,FIRENZE,1.00,DIVORZIO,"5,990.00",0,0,"5,727.00",0,0,"2,042.00","3,540.00",112.00,95.61%
TOSCANA,FIRENZE,1.00,DIVORZIO,"1,071.00",0,0,"1,013.00",0,0,427.00,560.00,17.00,94.58%
TOSCANA,FIRENZE,1.00,DIVORZIO,"5,064.00",0,0,"4,903.00",0,0,"1,281.00","3,529.00",70.00,96.82%
TOSCANA,FIRENZE,1.00,DIVORZIO,"3,604.00",0,0,"3,350.00",0,0,"1,437.00","1,814.00",77.00,92.95%
TOSCANA,FIRENZE,1.00,DIVORZIO,"12,903.00",0,0,"12,313.00",0,0,"2,561.00","9,497.00",191.00,95.43%
TOSCANA,FIRENZE,1.00,DIVORZIO,"104,787.00",0,0,"100,375.00",0,0,"31,257.00","67,154.00","1,389.00",95.79%
TOSCANA,FIRENZE,1.00,DIVORZIO,"8,046.00",0,0,"7,676.00",0,0,"2,773.00","4,706.00",143.00,95.40%
TOSCANA,FIRENZE,1.00,DIVORZIO,"3,954.00",0,0,"3,754.00",0,0,"1,029.00","2,649.00",53.00,94.94%
TOSCANA,FIRENZE,1.00,DIVORZIO,"3,917.00",0,0,"3,760.00",0,0,984.00,"2,675.00",78.00,95.99%
TOSCANA,FIRENZE,1.00,DIVORZIO,"10,904.00",0,0,"10,421.00",0,0,"3,167.00","7,011.00",190.00,95.57%
TOSCANA,FIRENZE,1.00,DIVORZIO,971.00,0,0,908.00,0,0,406.00,480.00,18.00,93.51%
TOSCANA,FIRENZE,1.00,DIVORZIO,"2,264.00",0,0,"2,149.00",0,0,539.00,"1,560.00",35.00,94.92%
TOSCANA,FIRENZE,1.00,DIVORZIO,"35,817.00",0,0,"33,531.00",0,0,"7,254.00","25,665.00",452.00,93.62%
TOSCANA,FIRENZE,1.00,DIVORZIO,"3,430.00",0,0,"3,209.00",0,0,"1,066.00","2,066.00",55.00,93.56%
TOSCANA,FIRENZE,1.00,DIVORZIO,"30,871.00",0,0,"29,542.00",0,0,"5,660.00","23,369.00",355.00,95.69%
TOSCANA,FIRENZE,1.00,DIVORZIO,"9,965.00",0,0,"9,367.00",0,0,"3,153.00","5,938.00",205.00,94.00%
TOSCANA,FIRENZE,1.00,DIVORZIO,"4,264.00",0,0,"4,099.00",0,0,"1,443.00","2,536.00",96.00,96.13%
TOSCANA,FIRENZE,1.00,DIVORZIO,"2,194.00",0,0,"2,179.00",0,0,513.00,"1,625.00",33.00,99.32%
TOSCANA,FIRENZE,1.00,DIVORZIO,"5,516.00",0,0,"5,263.00",0,0,"1,460.00","3,680.00",85.00,95.41%
TOSCANA,FIRENZE,1.00,DIVORZIO,"4,660.00",0,0,"4,421.00",0,0,"1,155.00","3,162.00",72.00,94.87%
TOSCANA,FIRENZE,1.00,DIVORZIO,"4,412.00",0,0,"4,133.00",0,0,854.00,"3,213.00",53.00,93.68%
TOSCANA,FIRENZE,1.00,DIVORZIO,"8,748.00",0,0,"8,394.00",0,0,"1,756.00","6,471.00",122.00,95.95%
PUGLIA,FOGGIA,1.00,DIVORZIO,"2,735.00",0,0,"1,957.00",0,0,861.00,"1,046.00",28.00,71.55%
PUGLIA,FOGGIA,1.00,DIVORZIO,"1,531.00",0,0,923.00,0,0,624.00,269.00,14.00,60.29%
PUGLIA,FOGGIA,1.00,DIVORZIO,"1,894.00",0,0,894.00,0,0,625.00,249.00,9.00,47.20%
PUGLIA,FOGGIA,1.00,DIVORZIO,"7,905.00",0,0,"6,416.00",0,0,"2,407.00","3,923.00",54.00,81.16%
PUGLIA,FOGGIA,1.00,DIVORZIO,"4,604.00",0,0,"3,832.00",0,0,"1,842.00","1,908.00",46.00,83.23%
PUGLIA,FOGGIA,1.00,DIVORZIO,"2,668.00",0,0,"2,175.00",0,0,"1,321.00",791.00,34.00,81.52%
PUGLIA,FOGGIA,1.00,DIVORZIO,"4,325.00",0,0,"3,274.00",0,0,"1,673.00","1,519.00",34.00,75.70%
PUGLIA,FOGGIA,1.00,DIVORZIO,"5,264.00",0,0,"3,319.00",0,0,"1,755.00","1,378.00",80.00,63.05%
PUGLIA,FOGGIA,1.00,DIVORZIO,"2,546.00",0,0,"2,157.00",0,0,"1,178.00",928.00,19.00,84.72%
PUGLIA,FOGGIA,1.00,DIVORZIO,"1,663.00",0,0,"1,473.00",0,0,819.00,628.00,10.00,88.57%
PUGLIA,FOGGIA,1.00,DIVORZIO,"1,138.00",0,0,855.00,0,0,391.00,432.00,7.00,75.13%
PUGLIA,FOGGIA,1.00,DIVORZIO,"4,067.00",0,0,"2,580.00",0,0,"1,773.00",754.00,21.00,63.44%
PUGLIA,FOGGIA,1.00,DIVORZIO,"2,274.00",0,0,"1,855.00",0,0,948.00,870.00,18.00,81.57%
PUGLIA,FOGGIA,1.00,DIVORZIO,"1,750.00",0,0,"1,331.00",0,0,772.00,546.00,7.00,76.06%
PUGLIA,FOGGIA,1.00,DIVORZIO,"1,206.00",0,0,995.00,0,0,697.00,271.00,12.00,82.50%
PUGLIA,FOGGIA,1.00,DIVORZIO,"1,377.00",0,0,"1,055.00",0,0,839.00,199.00,3.00,76.62%
PUGLIA,FOGGIA,1.00,DIVORZIO,"1,775.00",0,0,"1,308.00",0,0,700.00,588.00,11.00,73.69%
PUGLIA,FOGGIA,1.00,DIVORZIO,"1,970.00",0,0,"1,665.00",0,0,952.00,656.00,28.00,84.52%
PUGLIA,FOGGIA,1.00,DIVORZIO,410.00,0,0,184.00,0,0,140.00,40.00,2.00,44.88%
PUGLIA,FOGGIA,1.00,DIVORZIO,"26,645.00",0,0,"24,071.00",0,0,"10,704.00","12,992.00",209.00,90.34%
PUGLIA,FOGGIA,1.00,DIVORZIO,"1,505.00",0,0,"1,031.00",0,0,603.00,414.00,8.00,68.50%
PUGLIA,FOGGIA,1.00,DIVORZIO,"3,563.00",0,0,"2,975.00",0,0,"1,372.00","1,512.00",44.00,83.50%
PUGLIA,FOGGIA,1.00,DIVORZIO,"1,189.00",0,0,683.00,0,0,497.00,171.00,8.00,57.44%
PUGLIA,FOGGIA,1.00,DIVORZIO,"85,010.00",0,0,"75,410.00",0,0,"37,169.00","37,070.00",503.00,88.71%
PUGLIA,FOGGIA,1.00,DIVORZIO,"3,028.00",0,0,"2,516.00",0,0,"1,255.00","1,189.00",49.00,83.09%
PUGLIA,FOGGIA,1.00,DIVORZIO,239.00,0,0,173.00,0,0,103.00,69.00,1.00,72.38%
PUGLIA,FOGGIA,1.00,DIVORZIO,"3,761.00",0,0,"2,580.00",0,0,"1,574.00",973.00,13.00,68.60%
PUGLIA,FOGGIA,1.00,DIVORZIO,"17,806.00",0,0,"15,107.00",0,0,"8,377.00","6,428.00",174.00,84.84%
PUGLIA,FOGGIA,1.00,DIVORZIO,"27,997.00",0,0,"22,945.00",0,0,"11,400.00","11,112.00",216.00,81.96%
PUGLIA,FOGGIA,1.00,DIVORZIO,"7,428.00",0,0,"6,337.00",0,0,"4,682.00","1,601.00",23.00,85.31%
PUGLIA,FOGGIA,1.00,DIVORZIO,"3,438.00",0,0,"2,545.00",0,0,"1,359.00","1,140.00",19.00,74.03%
PUGLIA,FOGGIA,1.00,DIVORZIO,"2,527.00",0,0,"1,200.00",0,0,508.00,649.00,25.00,47.49%
PUGLIA,FOGGIA,1.00,DIVORZIO,"10,793.00",0,0,"8,295.00",0,0,"4,876.00","3,251.00",79.00,76.86%
PUGLIA,FOGGIA,1.00,DIVORZIO,"1,193.00",0,0,915.00,0,0,669.00,236.00,6.00,76.70%
PUGLIA,FOGGIA,1.00,DIVORZIO,"3,138.00",0,0,"2,667.00",0,0,"1,045.00","1,561.00",37.00,84.99%
PUGLIA,FOGGIA,1.00,DIVORZIO,"8,507.00",0,0,"7,320.00",0,0,"3,962.00","3,249.00",37.00,86.05%
PUGLIA,FOGGIA,1.00,DIVORZIO,"1,426.00",0,0,"1,081.00",0,0,724.00,327.00,16.00,75.81%
PUGLIA,FOGGIA,1.00,DIVORZIO,"2,373.00",0,0,"1,950.00",0,0,936.00,942.00,27.00,82.17%
PUGLIA,FOGGIA,1.00,DIVORZIO,"2,213.00",0,0,"1,777.00",0,0,"1,048.00",688.00,20.00,80.30%
PUGLIA,FOGGIA,1.00,DIVORZIO,"2,247.00",0,0,"1,792.00",0,0,"1,104.00",648.00,17.00,79.75%
PUGLIA,FOGGIA,1.00,DIVORZIO,"1,825.00",0,0,"1,379.00",0,0,822.00,541.00,8.00,75.56%
PUGLIA,FOGGIA,1.00,DIVORZIO,"2,018.00",0,0,"1,599.00",0,0,892.00,664.00,17.00,79.24%
PUGLIA,FOGGIA,1.00,DIVORZIO,"2,410.00",0,0,"2,045.00",0,0,681.00,"1,327.00",22.00,84.85%
PUGLIA,FOGGIA,1.00,DIVORZIO,"2,419.00",0,0,"1,268.00",0,0,925.00,319.00,15.00,52.42%
PUGLIA,FOGGIA,1.00,DIVORZIO,"7,717.00",0,0,"6,503.00",0,0,"3,512.00","2,902.00",44.00,84.27%
PUGLIA,FOGGIA,1.00,DIVORZIO,"11,930.00",0,0,"9,805.00",0,0,"5,690.00","3,883.00",108.00,82.19%
PUGLIA,FOGGIA,1.00,DIVORZIO,"10,917.00",0,0,"8,084.00",0,0,"4,579.00","3,327.00",91.00,74.05%
PUGLIA,FOGGIA,1.00,DIVORZIO,"1,678.00",0,0,"1,031.00",0,0,528.00,474.00,19.00,61.44%
PUGLIA,FOGGIA,1.00,DIVORZIO,"12,467.00",0,0,"8,357.00",0,0,"3,492.00","4,673.00",64.00,67.03%
PUGLIA,FOGGIA,1.00,DIVORZIO,"3,764.00",0,0,"2,988.00",0,0,"1,650.00","1,286.00",27.00,79.38%
PUGLIA,FOGGIA,1.00,DIVORZIO,"30,111.00",0,0,"26,821.00",0,0,"12,767.00","13,546.00",266.00,89.07%
PUGLIA,FOGGIA,1.00,DIVORZIO,"2,934.00",0,0,"2,357.00",0,0,"1,307.00",981.00,37.00,80.33%
PUGLIA,FOGGIA,1.00,DIVORZIO,"4,599.00",0,0,"3,481.00",0,0,"1,893.00","1,515.00",33.00,75.69%
PUGLIA,FOGGIA,1.00,DIVORZIO,"2,131.00",0,0,"1,883.00",0,0,996.00,865.00,12.00,88.36%
PUGLIA,FOGGIA,1.00,DIVORZIO,"2,275.00",0,0,"1,921.00",0,0,"1,072.00",821.00,20.00,84.44%
PUGLIA,FOGGIA,1.00,DIVORZIO,"10,043.00",0,0,"8,990.00",0,0,"4,171.00","4,678.00",81.00,89.52%
PUGLIA,FOGGIA,1.00,DIVORZIO,"7,741.00",0,0,"6,659.00",0,0,"3,537.00","3,021.00",53.00,86.02%
PUGLIA,FOGGIA,1.00,DIVORZIO,"4,996.00",0,0,"4,418.00",0,0,"2,586.00","1,744.00",52.00,88.43%
PUGLIA,FOGGIA,1.00,DIVORZIO,"5,616.00",0,0,"4,031.00",0,0,"2,530.00","1,392.00",33.00,71.78%
PUGLIA,FOGGIA,1.00,DIVORZIO,"7,517.00",0,0,"5,116.00",0,0,"2,740.00","2,298.00",38.00,68.06%
PUGLIA,FOGGIA,1.00,DIVORZIO,953.00,0,0,639.00,0,0,516.00,113.00,5.00,67.05%
PUGLIA,FOGGIA,1.00,DIVORZIO,"1,923.00",0,0,"1,520.00",0,0,866.00,588.00,40.00,79.04%
EMILIA-ROMAGNA,FORLI' ,1.00,DIVORZIO,"4,767.00",0,0,"4,252.00",0,0,"1,694.00","2,489.00",37.00,89.20%
EMILIA-ROMAGNA,FORLI' ,1.00,DIVORZIO,"7,879.00",0,0,"7,467.00",0,0,"2,227.00","5,043.00",129.00,94.77%
EMILIA-ROMAGNA,FORLI' ,1.00,DIVORZIO,"5,616.00",0,0,"5,344.00",0,0,"1,516.00","3,729.00",63.00,95.16%
EMILIA-ROMAGNA,FORLI' ,1.00,DIVORZIO,"1,257.00",0,0,"1,152.00",0,0,489.00,623.00,29.00,91.65%
EMILIA-ROMAGNA,FORLI' ,1.00,DIVORZIO,"3,435.00",0,0,"3,220.00",0,0,"1,009.00","2,118.00",60.00,93.74%
EMILIA-ROMAGNA,FORLI' ,1.00,DIVORZIO,"10,971.00",0,0,"10,199.00",0,0,"2,269.00","7,692.00",166.00,92.96%
EMILIA-ROMAGNA,FORLI' ,1.00,DIVORZIO,"61,119.00",0,0,"58,033.00",0,0,"17,225.00","39,544.00",745.00,94.95%
EMILIA-ROMAGNA,FORLI' ,1.00,DIVORZIO,"13,203.00",0,0,"12,446.00",0,0,"3,673.00","8,453.00",190.00,94.27%
EMILIA-ROMAGNA,FORLI' ,1.00,DIVORZIO,"3,104.00",0,0,"2,835.00",0,0,"1,055.00","1,713.00",38.00,91.33%
EMILIA-ROMAGNA,FORLI' ,1.00,DIVORZIO,"3,414.00",0,0,"3,224.00",0,0,"1,055.00","2,080.00",46.00,94.43%
EMILIA-ROMAGNA,FORLI' ,1.00,DIVORZIO,"1,320.00",0,0,"1,252.00",0,0,402.00,828.00,15.00,94.85%
EMILIA-ROMAGNA,FORLI' ,1.00,DIVORZIO,"77,708.00",0,0,"74,304.00",0,0,"19,358.00","53,664.00",728.00,95.62%
EMILIA-ROMAGNA,FORLI' ,1.00,DIVORZIO,"7,513.00",0,0,"7,320.00",0,0,"1,740.00","5,453.00",73.00,97.43%
EMILIA-ROMAGNA,FORLI' ,1.00,DIVORZIO,"1,745.00",0,0,"1,618.00",0,0,514.00,"1,055.00",34.00,92.72%
EMILIA-ROMAGNA,FORLI' ,1.00,DIVORZIO,"4,455.00",0,0,"4,284.00",0,0,"1,675.00","2,473.00",88.00,96.16%
EMILIA-ROMAGNA,FORLI' ,1.00,DIVORZIO,"3,440.00",0,0,"3,237.00",0,0,"1,146.00","1,993.00",64.00,94.10%
EMILIA-ROMAGNA,FORLI' ,1.00,DIVORZIO,794.00,0,0,738.00,0,0,315.00,397.00,17.00,92.95%
EMILIA-ROMAGNA,FORLI' ,1.00,DIVORZIO,"2,800.00",0,0,"2,640.00",0,0,844.00,"1,730.00",42.00,94.29%
EMILIA-ROMAGNA,FORLI' ,1.00,DIVORZIO,"6,668.00",0,0,"6,172.00",0,0,"1,955.00","4,078.00",77.00,92.56%
EMILIA-ROMAGNA,FORLI' ,1.00,DIVORZIO,"4,085.00",0,0,"3,715.00",0,0,"1,356.00","2,277.00",41.00,90.94%
EMILIA-ROMAGNA,FORLI' ,1.00,DIVORZIO,"4,568.00",0,0,"4,311.00",0,0,899.00,"3,332.00",55.00,94.37%
EMILIA-ROMAGNA,FORLI' ,1.00,DIVORZIO,"3,653.00",0,0,"3,353.00",0,0,"1,392.00","1,817.00",107.00,91.79%
EMILIA-ROMAGNA,FORLI' ,1.00,DIVORZIO,"1,116.00",0,0,"1,021.00",0,0,438.00,551.00,22.00,91.49%
EMILIA-ROMAGNA,FORLI' ,1.00,DIVORZIO,"1,087.00",0,0,983.00,0,0,529.00,426.00,13.00,90.43%
EMILIA-ROMAGNA,FORLI' ,1.00,DIVORZIO,"1,182.00",0,0,"1,057.00",0,0,530.00,493.00,18.00,89.42%
EMILIA-ROMAGNA,FORLI' ,1.00,DIVORZIO,638.00,0,0,570.00,0,0,183.00,368.00,10.00,89.34%
EMILIA-ROMAGNA,FORLI' ,1.00,DIVORZIO,"1,254.00",0,0,"1,137.00",0,0,596.00,509.00,20.00,90.67%
EMILIA-ROMAGNA,FORLI' ,1.00,DIVORZIO,997.00,0,0,943.00,0,0,458.00,457.00,19.00,94.58%
EMILIA-ROMAGNA,FORLI' ,1.00,DIVORZIO,"2,961.00",0,0,"2,748.00",0,0,"1,103.00","1,558.00",52.00,92.81%
EMILIA-ROMAGNA,FORLI' ,1.00,DIVORZIO,"1,212.00",0,0,"1,126.00",0,0,337.00,742.00,35.00,92.90%
EMILIA-ROMAGNA,FORLI' ,1.00,DIVORZIO,907.00,0,0,846.00,0,0,360.00,468.00,15.00,93.27%
EMILIA-ROMAGNA,FORLI' ,1.00,DIVORZIO,"4,523.00",0,0,"4,293.00",0,0,"1,726.00","2,472.00",44.00,94.91%
EMILIA-ROMAGNA,FORLI' ,1.00,DIVORZIO,928.00,0,0,876.00,0,0,384.00,468.00,11.00,94.40%
EMILIA-ROMAGNA,FORLI' ,1.00,DIVORZIO,"19,802.00",0,0,"18,687.00",0,0,"3,817.00","14,467.00",244.00,94.37%
EMILIA-ROMAGNA,FORLI' ,1.00,DIVORZIO,"83,448.00",0,0,"78,327.00",0,0,"24,194.00","52,360.00","1,134.00",93.86%
EMILIA-ROMAGNA,FORLI' ,1.00,DIVORZIO,"1,759.00",0,0,"1,628.00",0,0,777.00,822.00,25.00,92.55%
EMILIA-ROMAGNA,FORLI' ,1.00,DIVORZIO,"1,613.00",0,0,"1,523.00",0,0,690.00,773.00,34.00,94.42%
EMILIA-ROMAGNA,FORLI' ,1.00,DIVORZIO,"1,889.00",0,0,"1,694.00",0,0,591.00,"1,033.00",49.00,89.68%
EMILIA-ROMAGNA,FORLI' ,1.00,DIVORZIO,"1,697.00",0,0,"1,577.00",0,0,556.00,964.00,29.00,92.93%
EMILIA-ROMAGNA,FORLI' ,1.00,DIVORZIO,"4,051.00",0,0,"3,831.00",0,0,"1,151.00","2,573.00",71.00,94.57%
EMILIA-ROMAGNA,FORLI' ,1.00,DIVORZIO,"4,064.00",0,0,"3,882.00",0,0,"1,151.00","2,644.00",57.00,95.52%
EMILIA-ROMAGNA,FORLI' ,1.00,DIVORZIO,"10,201.00",0,0,"9,684.00",0,0,"2,814.00","6,599.00",161.00,94.93%
EMILIA-ROMAGNA,FORLI' ,1.00,DIVORZIO,"3,405.00",0,0,"3,200.00",0,0,892.00,"2,214.00",58.00,93.98%
EMILIA-ROMAGNA,FORLI' ,1.00,DIVORZIO,"2,916.00",0,0,"2,637.00",0,0,"1,284.00","1,269.00",44.00,90.43%
EMILIA-ROMAGNA,FORLI' ,1.00,DIVORZIO,"7,527.00",0,0,"7,120.00",0,0,"2,445.00","4,469.00",145.00,94.59%
EMILIA-ROMAGNA,FORLI' ,1.00,DIVORZIO,"2,622.00",0,0,"2,310.00",0,0,"1,040.00","1,210.00",34.00,88.10%
EMILIA-ROMAGNA,FORLI' ,1.00,DIVORZIO,543.00,0,0,507.00,0,0,145.00,350.00,8.00,93.37%
EMILIA-ROMAGNA,FORLI' ,1.00,DIVORZIO,"1,269.00",0,0,"1,151.00",0,0,555.00,550.00,33.00,90.70%
EMILIA-ROMAGNA,FORLI' ,1.00,DIVORZIO,"2,031.00",0,0,"1,794.00",0,0,941.00,797.00,32.00,88.33%
EMILIA-ROMAGNA,FORLI' ,1.00,DIVORZIO,"3,337.00",0,0,"3,094.00",0,0,"1,288.00","1,741.00",40.00,92.72%
LAZIO,FROSINONE,1.00,DIVORZIO,441.00,0,0,290.00,0,0,210.00,64.00,8.00,65.76%
LAZIO,FROSINONE,1.00,DIVORZIO,"1,192.00",0,0,"1,087.00",0,0,557.00,509.00,10.00,91.19%
LAZIO,FROSINONE,1.00,DIVORZIO,"13,658.00",0,0,"12,406.00",0,0,"7,270.00","4,695.00",161.00,90.83%
LAZIO,FROSINONE,1.00,DIVORZIO,"2,971.00",0,0,"2,078.00",0,0,"1,186.00",797.00,56.00,69.94%
LAZIO,FROSINONE,1.00,DIVORZIO,"2,597.00",0,0,"2,295.00",0,0,"1,105.00","1,086.00",49.00,88.37%
LAZIO,FROSINONE,1.00,DIVORZIO,"11,541.00",0,0,"10,560.00",0,0,"3,955.00","6,313.00",127.00,91.50%
LAZIO,FROSINONE,1.00,DIVORZIO,"2,586.00",0,0,"2,322.00",0,0,"1,092.00","1,176.00",20.00,89.79%
LAZIO,FROSINONE,1.00,DIVORZIO,"4,537.00",0,0,"3,897.00",0,0,"1,985.00","1,773.00",75.00,85.89%
LAZIO,FROSINONE,1.00,DIVORZIO,"1,716.00",0,0,"1,496.00",0,0,700.00,746.00,21.00,87.18%
LAZIO,FROSINONE,1.00,DIVORZIO,"6,185.00",0,0,"5,021.00",0,0,"2,509.00","2,317.00",90.00,81.18%
LAZIO,FROSINONE,1.00,DIVORZIO,"3,589.00",0,0,"2,473.00",0,0,"1,289.00","1,092.00",42.00,68.90%
LAZIO,FROSINONE,1.00,DIVORZIO,"2,195.00",0,0,"1,537.00",0,0,819.00,671.00,26.00,70.02%
LAZIO,FROSINONE,1.00,DIVORZIO,711.00,0,0,479.00,0,0,292.00,153.00,15.00,67.37%
LAZIO,FROSINONE,1.00,DIVORZIO,"5,539.00",0,0,"4,512.00",0,0,"1,829.00","2,518.00",55.00,81.46%
LAZIO,FROSINONE,1.00,DIVORZIO,"1,304.00",0,0,997.00,0,0,628.00,299.00,20.00,76.46%
LAZIO,FROSINONE,1.00,DIVORZIO,"1,052.00",0,0,957.00,0,0,681.00,230.00,19.00,90.97%
LAZIO,FROSINONE,1.00,DIVORZIO,527.00,0,0,320.00,0,0,252.00,52.00,13.00,60.72%
LAZIO,FROSINONE,1.00,DIVORZIO,"3,149.00",0,0,"1,794.00",0,0,"1,251.00",475.00,24.00,56.97%
LAZIO,FROSINONE,1.00,DIVORZIO,"18,400.00",0,0,"15,251.00",0,0,"7,882.00","7,035.00",144.00,82.89%
LAZIO,FROSINONE,1.00,DIVORZIO,"2,185.00",0,0,"1,632.00",0,0,954.00,624.00,14.00,74.69%
LAZIO,FROSINONE,1.00,DIVORZIO,595.00,0,0,454.00,0,0,317.00,116.00,11.00,76.30%
LAZIO,FROSINONE,1.00,DIVORZIO,"2,108.00",0,0,"1,849.00",0,0,929.00,871.00,19.00,87.71%
LAZIO,FROSINONE,1.00,DIVORZIO,"3,739.00",0,0,"3,175.00",0,0,"1,260.00","1,832.00",36.00,84.92%
LAZIO,FROSINONE,1.00,DIVORZIO,"12,388.00",0,0,"11,242.00",0,0,"3,503.00","7,474.00",108.00,90.75%
LAZIO,FROSINONE,1.00,DIVORZIO,"5,672.00",0,0,"4,797.00",0,0,"1,643.00","3,020.00",71.00,84.57%
LAZIO,FROSINONE,1.00,DIVORZIO,"4,222.00",0,0,"3,133.00",0,0,"2,173.00",890.00,32.00,74.21%
LAZIO,FROSINONE,1.00,DIVORZIO,"1,144.00",0,0,"1,030.00",0,0,652.00,353.00,7.00,90.03%
LAZIO,FROSINONE,1.00,DIVORZIO,554.00,0,0,501.00,0,0,256.00,223.00,10.00,90.43%
LAZIO,FROSINONE,1.00,DIVORZIO,947.00,0,0,648.00,0,0,372.00,253.00,9.00,68.43%
LAZIO,FROSINONE,1.00,DIVORZIO,"1,350.00",0,0,"1,140.00",0,0,713.00,399.00,22.00,84.44%
LAZIO,FROSINONE,1.00,DIVORZIO,"3,677.00",0,0,"2,937.00",0,0,"1,839.00",972.00,52.00,79.87%
LAZIO,FROSINONE,1.00,DIVORZIO,425.00,0,0,373.00,0,0,181.00,183.00,6.00,87.76%
LAZIO,FROSINONE,1.00,DIVORZIO,"10,773.00",0,0,"9,604.00",0,0,"4,235.00","5,023.00",155.00,89.15%
LAZIO,FROSINONE,1.00,DIVORZIO,479.00,0,0,405.00,0,0,219.00,178.00,6.00,84.55%
LAZIO,FROSINONE,1.00,DIVORZIO,"4,424.00",0,0,"4,022.00",0,0,"1,957.00","1,938.00",66.00,90.91%
LAZIO,FROSINONE,1.00,DIVORZIO,"2,461.00",0,0,"2,177.00",0,0,"1,269.00",860.00,30.00,88.46%
LAZIO,FROSINONE,1.00,DIVORZIO,"1,158.00",0,0,723.00,0,0,380.00,325.00,7.00,62.44%
LAZIO,FROSINONE,1.00,DIVORZIO,"26,637.00",0,0,"24,428.00",0,0,"11,396.00","12,511.00",212.00,91.71%
LAZIO,FROSINONE,1.00,DIVORZIO,"1,286.00",0,0,"1,165.00",0,0,607.00,474.00,34.00,90.59%
LAZIO,FROSINONE,1.00,DIVORZIO,830.00,0,0,686.00,0,0,215.00,440.00,5.00,82.65%
LAZIO,FROSINONE,1.00,DIVORZIO,"1,414.00",0,0,"1,278.00",0,0,722.00,518.00,18.00,90.38%
LAZIO,FROSINONE,1.00,DIVORZIO,"1,412.00",0,0,"1,269.00",0,0,784.00,443.00,19.00,89.87%
LAZIO,FROSINONE,1.00,DIVORZIO,"9,588.00",0,0,"8,277.00",0,0,"2,684.00","5,392.00",103.00,86.33%
LAZIO,FROSINONE,1.00,DIVORZIO,"7,179.00",0,0,"6,295.00",0,0,"3,264.00","2,809.00",82.00,87.69%
LAZIO,FROSINONE,1.00,DIVORZIO,"1,964.00",0,0,"1,669.00",0,0,822.00,809.00,25.00,84.98%
LAZIO,FROSINONE,1.00,DIVORZIO,"4,118.00",0,0,"3,914.00",0,0,"1,353.00","2,465.00",56.00,95.05%
LAZIO,FROSINONE,1.00,DIVORZIO,"1,434.00",0,0,"1,235.00",0,0,762.00,404.00,30.00,86.12%
LAZIO,FROSINONE,1.00,DIVORZIO,"1,667.00",0,0,"1,418.00",0,0,578.00,792.00,18.00,85.06%
LAZIO,FROSINONE,1.00,DIVORZIO,"1,382.00",0,0,891.00,0,0,531.00,350.00,11.00,64.47%
LAZIO,FROSINONE,1.00,DIVORZIO,"1,204.00",0,0,763.00,0,0,551.00,197.00,7.00,63.37%
LAZIO,FROSINONE,1.00,DIVORZIO,"2,346.00",0,0,"1,979.00",0,0,"1,130.00",766.00,39.00,84.36%
LAZIO,FROSINONE,1.00,DIVORZIO,"2,506.00",0,0,"2,150.00",0,0,"1,112.00",967.00,26.00,85.79%
LAZIO,FROSINONE,1.00,DIVORZIO,"2,835.00",0,0,"2,683.00",0,0,999.00,"1,629.00",37.00,94.64%
LAZIO,FROSINONE,1.00,DIVORZIO,"1,578.00",0,0,"1,161.00",0,0,611.00,506.00,31.00,73.57%
LAZIO,FROSINONE,1.00,DIVORZIO,"3,112.00",0,0,"2,622.00",0,0,"1,219.00","1,277.00",50.00,84.25%
LAZIO,FROSINONE,1.00,DIVORZIO,"7,873.00",0,0,"6,954.00",0,0,"4,372.00","2,384.00",83.00,88.33%
LAZIO,FROSINONE,1.00,DIVORZIO,"1,128.00",0,0,989.00,0,0,628.00,293.00,35.00,87.68%
LAZIO,FROSINONE,1.00,DIVORZIO,"4,624.00",0,0,"3,210.00",0,0,"1,928.00","1,213.00",32.00,69.42%
LAZIO,FROSINONE,1.00,DIVORZIO,944.00,0,0,702.00,0,0,425.00,260.00,10.00,74.36%
LAZIO,FROSINONE,1.00,DIVORZIO,"4,672.00",0,0,"3,927.00",0,0,"2,103.00","1,720.00",43.00,84.05%
LAZIO,FROSINONE,1.00,DIVORZIO,579.00,0,0,341.00,0,0,237.00,93.00,7.00,58.89%
LAZIO,FROSINONE,1.00,DIVORZIO,"2,081.00",0,0,"1,568.00",0,0,594.00,929.00,27.00,75.35%
LAZIO,FROSINONE,1.00,DIVORZIO,"1,999.00",0,0,"1,644.00",0,0,868.00,687.00,53.00,82.24%
LAZIO,FROSINONE,1.00,DIVORZIO,"2,403.00",0,0,"1,972.00",0,0,"1,085.00",833.00,23.00,82.06%
LAZIO,FROSINONE,1.00,DIVORZIO,733.00,0,0,588.00,0,0,350.00,223.00,10.00,80.22%
LAZIO,FROSINONE,1.00,DIVORZIO,"1,405.00",0,0,"1,041.00",0,0,464.00,551.00,16.00,74.09%
LAZIO,FROSINONE,1.00,DIVORZIO,"1,552.00",0,0,"1,173.00",0,0,612.00,528.00,14.00,75.58%
LAZIO,FROSINONE,1.00,DIVORZIO,"4,384.00",0,0,"2,530.00",0,0,"1,443.00","1,000.00",33.00,57.71%
LAZIO,FROSINONE,1.00,DIVORZIO,"1,439.00",0,0,"1,026.00",0,0,713.00,289.00,10.00,71.30%
LAZIO,FROSINONE,1.00,DIVORZIO,"1,629.00",0,0,"1,263.00",0,0,706.00,523.00,19.00,77.53%
LAZIO,FROSINONE,1.00,DIVORZIO,"1,578.00",0,0,"1,476.00",0,0,595.00,836.00,22.00,93.54%
LAZIO,FROSINONE,1.00,DIVORZIO,740.00,0,0,553.00,0,0,449.00,95.00,3.00,74.73%
LAZIO,FROSINONE,1.00,DIVORZIO,"1,944.00",0,0,"1,646.00",0,0,624.00,999.00,9.00,84.67%
LAZIO,FROSINONE,1.00,DIVORZIO,"17,768.00",0,0,"14,976.00",0,0,"6,997.00","7,486.00",173.00,84.29%
LAZIO,FROSINONE,1.00,DIVORZIO,"1,705.00",0,0,"1,294.00",0,0,662.00,589.00,22.00,75.89%
LAZIO,FROSINONE,1.00,DIVORZIO,"3,161.00",0,0,"2,372.00",0,0,"1,010.00","1,310.00",26.00,75.04%
LAZIO,FROSINONE,1.00,DIVORZIO,"1,210.00",0,0,689.00,0,0,400.00,259.00,13.00,56.94%
LAZIO,FROSINONE,1.00,DIVORZIO,658.00,0,0,607.00,0,0,359.00,224.00,3.00,92.25%
LAZIO,FROSINONE,1.00,DIVORZIO,"3,443.00",0,0,"2,452.00",0,0,"1,773.00",632.00,19.00,71.22%
LAZIO,FROSINONE,1.00,DIVORZIO,"1,328.00",0,0,"1,212.00",0,0,626.00,557.00,10.00,91.27%
LAZIO,FROSINONE,1.00,DIVORZIO,836.00,0,0,782.00,0,0,492.00,261.00,18.00,93.54%
LAZIO,FROSINONE,1.00,DIVORZIO,"2,594.00",0,0,"2,405.00",0,0,"1,251.00","1,057.00",50.00,92.71%
LAZIO,FROSINONE,1.00,DIVORZIO,883.00,0,0,726.00,0,0,422.00,266.00,20.00,82.22%
LAZIO,FROSINONE,1.00,DIVORZIO,"2,070.00",0,0,"1,410.00",0,0,987.00,376.00,26.00,68.12%
LAZIO,FROSINONE,1.00,DIVORZIO,"11,761.00",0,0,"9,730.00",0,0,"5,204.00","4,274.00",102.00,82.73%
LAZIO,FROSINONE,1.00,DIVORZIO,562.00,0,0,427.00,0,0,245.00,160.00,8.00,75.98%
LAZIO,FROSINONE,1.00,DIVORZIO,"1,226.00",0,0,"1,114.00",0,0,708.00,388.00,7.00,90.86%
LAZIO,FROSINONE,1.00,DIVORZIO,"1,038.00",0,0,722.00,0,0,429.00,267.00,11.00,69.56%
LAZIO,FROSINONE,1.00,DIVORZIO,"1,391.00",0,0,"1,216.00",0,0,702.00,462.00,17.00,87.42%
LAZIO,FROSINONE,1.00,DIVORZIO,"1,166.00",0,0,"1,052.00",0,0,615.00,404.00,17.00,90.22%
LAZIO,FROSINONE,1.00,DIVORZIO,472.00,0,0,363.00,0,0,190.00,163.00,1.00,76.91%
LIGURIA,GENOVA,1.00,DIVORZIO,"7,414.00",0,0,"6,790.00",0,0,"2,058.00","4,573.00",126.00,91.58%
LIGURIA,GENOVA,1.00,DIVORZIO,"1,168.00",0,0,881.00,0,0,303.00,540.00,26.00,75.43%
LIGURIA,GENOVA,1.00,DIVORZIO,"1,806.00",0,0,"1,505.00",0,0,410.00,"1,059.00",25.00,83.33%
LIGURIA,GENOVA,1.00,DIVORZIO,"3,527.00",0,0,"3,076.00",0,0,815.00,"2,194.00",50.00,87.21%
LIGURIA,GENOVA,1.00,DIVORZIO,"2,107.00",0,0,"1,710.00",0,0,879.00,771.00,38.00,81.16%
LIGURIA,GENOVA,1.00,DIVORZIO,"4,320.00",0,0,"3,925.00",0,0,"1,365.00","2,438.00",97.00,90.86%
LIGURIA,GENOVA,1.00,DIVORZIO,"5,567.00",0,0,"4,693.00",0,0,"1,947.00","2,630.00",82.00,84.30%
LIGURIA,GENOVA,1.00,DIVORZIO,"2,900.00",0,0,"2,691.00",0,0,"1,063.00","1,531.00",72.00,92.79%
LIGURIA,GENOVA,1.00,DIVORZIO,"6,669.00",0,0,"6,068.00",0,0,"2,128.00","3,745.00",152.00,90.99%
LIGURIA,GENOVA,1.00,DIVORZIO,"1,571.00",0,0,"1,322.00",0,0,543.00,724.00,40.00,84.15%
LIGURIA,GENOVA,1.00,DIVORZIO,"2,805.00",0,0,"2,589.00",0,0,990.00,"1,511.00",63.00,92.30%
LIGURIA,GENOVA,1.00,DIVORZIO,"1,371.00",0,0,"1,149.00",0,0,422.00,683.00,36.00,83.81%
LIGURIA,GENOVA,1.00,DIVORZIO,"1,173.00",0,0,"1,052.00",0,0,382.00,631.00,28.00,89.68%
LIGURIA,GENOVA,1.00,DIVORZIO,"2,351.00",0,0,"2,097.00",0,0,849.00,"1,172.00",53.00,89.20%
LIGURIA,GENOVA,1.00,DIVORZIO,"23,952.00",0,0,"21,551.00",0,0,"8,001.00","13,025.00",372.00,89.98%
LIGURIA,GENOVA,1.00,DIVORZIO,"1,815.00",0,0,"1,570.00",0,0,823.00,682.00,43.00,86.50%
LIGURIA,GENOVA,1.00,DIVORZIO,"6,437.00",0,0,"5,944.00",0,0,"1,771.00","4,015.00",106.00,92.34%
LIGURIA,GENOVA,1.00,DIVORZIO,"2,716.00",0,0,"2,323.00",0,0,848.00,"1,390.00",64.00,85.53%
LIGURIA,GENOVA,1.00,DIVORZIO,228.00,0,0,178.00,0,0,136.00,38.00,4.00,78.07%
LIGURIA,GENOVA,1.00,DIVORZIO,582.00,0,0,478.00,0,0,234.00,214.00,25.00,82.13%
LIGURIA,GENOVA,1.00,DIVORZIO,"1,292.00",0,0,"1,110.00",0,0,281.00,804.00,14.00,85.91%
LIGURIA,GENOVA,1.00,DIVORZIO,165.00,0,0,142.00,0,0,74.00,61.00,6.00,86.06%
LIGURIA,GENOVA,1.00,DIVORZIO,502.00,0,0,431.00,0,0,264.00,145.00,15.00,85.86%
LIGURIA,GENOVA,1.00,DIVORZIO,532.00,0,0,443.00,0,0,181.00,248.00,14.00,83.27%
LIGURIA,GENOVA,1.00,DIVORZIO,"608,101.00",0,0,"538,632.00",0,0,"128,669.00","400,797.00","6,403.00",88.58%
LIGURIA,GENOVA,1.00,DIVORZIO,292.00,0,0,186.00,0,0,80.00,89.00,16.00,63.70%
LIGURIA,GENOVA,1.00,DIVORZIO,"1,595.00",0,0,"1,441.00",0,0,575.00,796.00,59.00,90.34%
LIGURIA,GENOVA,1.00,DIVORZIO,"10,625.00",0,0,"9,559.00",0,0,"2,951.00","6,340.00",206.00,89.97%
LIGURIA,GENOVA,1.00,DIVORZIO,877.00,0,0,760.00,0,0,450.00,276.00,23.00,86.66%
LIGURIA,GENOVA,1.00,DIVORZIO,641.00,0,0,513.00,0,0,369.00,114.00,23.00,80.03%
LIGURIA,GENOVA,1.00,DIVORZIO,"1,203.00",0,0,958.00,0,0,446.00,464.00,36.00,79.63%
LIGURIA,GENOVA,1.00,DIVORZIO,"2,946.00",0,0,"2,691.00",0,0,"1,313.00","1,313.00",50.00,91.34%
LIGURIA,GENOVA,1.00,DIVORZIO,"2,037.00",0,0,"1,820.00",0,0,405.00,"1,335.00",64.00,89.35%
LIGURIA,GENOVA,1.00,DIVORZIO,"1,036.00",0,0,902.00,0,0,384.00,450.00,49.00,87.07%
LIGURIA,GENOVA,1.00,DIVORZIO,"2,510.00",0,0,"2,291.00",0,0,723.00,"1,501.00",52.00,91.27%
LIGURIA,GENOVA,1.00,DIVORZIO,"1,630.00",0,0,"1,301.00",0,0,570.00,660.00,55.00,79.82%
LIGURIA,GENOVA,1.00,DIVORZIO,"2,067.00",0,0,"1,861.00",0,0,729.00,"1,065.00",51.00,90.03%
LIGURIA,GENOVA,1.00,DIVORZIO,427.00,0,0,317.00,0,0,182.00,117.00,16.00,74.24%
LIGURIA,GENOVA,1.00,DIVORZIO,"1,481.00",0,0,"1,132.00",0,0,340.00,761.00,23.00,76.43%
LIGURIA,GENOVA,1.00,DIVORZIO,"2,091.00",0,0,"1,832.00",0,0,976.00,754.00,63.00,87.61%
LIGURIA,GENOVA,1.00,DIVORZIO,967.00,0,0,742.00,0,0,315.00,384.00,33.00,76.73%
LIGURIA,GENOVA,1.00,DIVORZIO,601.00,0,0,422.00,0,0,192.00,214.00,11.00,70.22%
LIGURIA,GENOVA,1.00,DIVORZIO,"1,991.00",0,0,"1,693.00",0,0,458.00,"1,199.00",29.00,85.03%
LIGURIA,GENOVA,1.00,DIVORZIO,675.00,0,0,548.00,0,0,179.00,352.00,16.00,81.19%
LIGURIA,GENOVA,1.00,DIVORZIO,243.00,0,0,186.00,0,0,42.00,131.00,12.00,76.54%
LIGURIA,GENOVA,1.00,DIVORZIO,"21,073.00",0,0,"18,410.00",0,0,"6,341.00","11,670.00",290.00,87.36%
LIGURIA,GENOVA,1.00,DIVORZIO,"7,491.00",0,0,"6,600.00",0,0,"2,008.00","4,447.00",95.00,88.11%
LIGURIA,GENOVA,1.00,DIVORZIO,"1,844.00",0,0,"1,625.00",0,0,"1,085.00",473.00,55.00,88.12%
LIGURIA,GENOVA,1.00,DIVORZIO,"3,848.00",0,0,"3,513.00",0,0,"1,049.00","2,340.00",103.00,91.29%
LIGURIA,GENOVA,1.00,DIVORZIO,99.00,0,0,63.00,0,0,21.00,41.00,1.00,63.64%
LIGURIA,GENOVA,1.00,DIVORZIO,"3,089.00",0,0,"2,859.00",0,0,630.00,"2,132.00",81.00,92.55%
LIGURIA,GENOVA,1.00,DIVORZIO,836.00,0,0,659.00,0,0,335.00,291.00,27.00,78.83%
LIGURIA,GENOVA,1.00,DIVORZIO,"1,674.00",0,0,"1,326.00",0,0,848.00,416.00,44.00,79.21%
LIGURIA,GENOVA,1.00,DIVORZIO,"9,551.00",0,0,"8,563.00",0,0,"2,930.00","5,432.00",125.00,89.66%
LIGURIA,GENOVA,1.00,DIVORZIO,"4,463.00",0,0,"3,941.00",0,0,"1,151.00","2,680.00",83.00,88.30%
LIGURIA,GENOVA,1.00,DIVORZIO,"1,309.00",0,0,"1,172.00",0,0,799.00,326.00,33.00,89.53%
LIGURIA,GENOVA,1.00,DIVORZIO,"1,763.00",0,0,"1,573.00",0,0,714.00,777.00,70.00,89.22%
LIGURIA,GENOVA,1.00,DIVORZIO,"5,239.00",0,0,"4,643.00",0,0,"1,646.00","2,861.00",110.00,88.62%
LIGURIA,GENOVA,1.00,DIVORZIO,"16,173.00",0,0,"14,835.00",0,0,"4,712.00","9,732.00",288.00,91.73%
LIGURIA,GENOVA,1.00,DIVORZIO,"3,631.00",0,0,"3,120.00",0,0,891.00,"2,149.00",60.00,85.93%
LIGURIA,GENOVA,1.00,DIVORZIO,525.00,0,0,455.00,0,0,183.00,254.00,11.00,86.67%
LIGURIA,GENOVA,1.00,DIVORZIO,"1,944.00",0,0,"1,582.00",0,0,489.00,"1,037.00",45.00,81.38%
LIGURIA,GENOVA,1.00,DIVORZIO,517.00,0,0,440.00,0,0,187.00,232.00,12.00,85.11%
LIGURIA,GENOVA,1.00,DIVORZIO,"1,673.00",0,0,"1,404.00",0,0,486.00,871.00,34.00,83.92%
LIGURIA,GENOVA,1.00,DIVORZIO,688.00,0,0,507.00,0,0,278.00,200.00,23.00,73.69%
LIGURIA,GENOVA,1.00,DIVORZIO,729.00,0,0,573.00,0,0,235.00,308.00,26.00,78.60%
LIGURIA,GENOVA,1.00,DIVORZIO,"1,835.00",0,0,"1,618.00",0,0,737.00,829.00,37.00,88.17%
FRIULI-VENEZIA GIULIA,GORIZIA,1.00,DIVORZIO,"1,040.00",0,0,988.00,0,0,463.00,499.00,17.00,95.00%
FRIULI-VENEZIA GIULIA,GORIZIA,1.00,DIVORZIO,"5,730.00",0,0,"5,600.00",0,0,"1,660.00","3,828.00",83.00,97.73%
FRIULI-VENEZIA GIULIA,GORIZIA,1.00,DIVORZIO,930.00,0,0,886.00,0,0,185.00,675.00,16.00,95.27%
FRIULI-VENEZIA GIULIA,GORIZIA,1.00,DIVORZIO,516.00,0,0,423.00,0,0,195.00,209.00,12.00,81.98%
FRIULI-VENEZIA GIULIA,GORIZIA,1.00,DIVORZIO,"1,231.00",0,0,"1,180.00",0,0,455.00,699.00,18.00,95.86%
FRIULI-VENEZIA GIULIA,GORIZIA,1.00,DIVORZIO,"1,949.00",0,0,"1,921.00",0,0,525.00,"1,364.00",29.00,98.56%
FRIULI-VENEZIA GIULIA,GORIZIA,1.00,DIVORZIO,"32,363.00",0,0,"30,403.00",0,0,"10,657.00","18,980.00",487.00,93.94%
FRIULI-VENEZIA GIULIA,GORIZIA,1.00,DIVORZIO,"4,469.00",0,0,"4,456.00",0,0,"1,227.00","3,147.00",62.00,99.71%
FRIULI-VENEZIA GIULIA,GORIZIA,1.00,DIVORZIO,"7,197.00",0,0,"6,693.00",0,0,"2,584.00","3,926.00",129.00,93.00%
FRIULI-VENEZIA GIULIA,GORIZIA,1.00,DIVORZIO,"1,246.00",0,0,"1,180.00",0,0,453.00,686.00,30.00,94.70%
FRIULI-VENEZIA GIULIA,GORIZIA,1.00,DIVORZIO,695.00,0,0,658.00,0,0,254.00,387.00,10.00,94.68%
FRIULI-VENEZIA GIULIA,GORIZIA,1.00,DIVORZIO,"22,441.00",0,0,"21,024.00",0,0,"5,649.00","14,981.00",278.00,93.69%
FRIULI-VENEZIA GIULIA,GORIZIA,1.00,DIVORZIO,486.00,0,0,456.00,0,0,167.00,277.00,7.00,93.83%
FRIULI-VENEZIA GIULIA,GORIZIA,1.00,DIVORZIO,"1,023.00",0,0,972.00,0,0,387.00,548.00,26.00,95.01%
FRIULI-VENEZIA GIULIA,GORIZIA,1.00,DIVORZIO,"2,227.00",0,0,"2,127.00",0,0,591.00,"1,472.00",47.00,95.51%
FRIULI-VENEZIA GIULIA,GORIZIA,1.00,DIVORZIO,"7,687.00",0,0,"7,297.00",0,0,"1,778.00","5,357.00",116.00,94.93%
FRIULI-VENEZIA GIULIA,GORIZIA,1.00,DIVORZIO,"1,684.00",0,0,"1,665.00",0,0,436.00,"1,204.00",18.00,98.87%
FRIULI-VENEZIA GIULIA,GORIZIA,1.00,DIVORZIO,"3,737.00",0,0,"3,547.00",0,0,786.00,"2,680.00",66.00,94.92%
FRIULI-VENEZIA GIULIA,GORIZIA,1.00,DIVORZIO,579.00,0,0,520.00,0,0,188.00,310.00,17.00,89.81%
FRIULI-VENEZIA GIULIA,GORIZIA,1.00,DIVORZIO,991.00,0,0,959.00,0,0,376.00,542.00,28.00,96.77%
FRIULI-VENEZIA GIULIA,GORIZIA,1.00,DIVORZIO,"1,281.00",0,0,"1,202.00",0,0,337.00,830.00,20.00,93.83%
FRIULI-VENEZIA GIULIA,GORIZIA,1.00,DIVORZIO,"1,231.00",0,0,"1,150.00",0,0,219.00,888.00,34.00,93.42%
FRIULI-VENEZIA GIULIA,GORIZIA,1.00,DIVORZIO,"3,074.00",0,0,"2,926.00",0,0,643.00,"2,223.00",45.00,95.19%
FRIULI-VENEZIA GIULIA,GORIZIA,1.00,DIVORZIO,"1,660.00",0,0,"1,588.00",0,0,355.00,"1,203.00",17.00,95.66%
FRIULI-VENEZIA GIULIA,GORIZIA,1.00,DIVORZIO,"1,052.00",0,0,996.00,0,0,418.00,543.00,26.00,94.68%
TOSCANA,GROSSETO,1.00,DIVORZIO,"3,844.00",0,0,"3,576.00",0,0,"1,065.00","2,426.00",60.00,93.03%
TOSCANA,GROSSETO,1.00,DIVORZIO,"2,179.00",0,0,"2,085.00",0,0,713.00,"1,334.00",24.00,95.69%
TOSCANA,GROSSETO,1.00,DIVORZIO,"2,644.00",0,0,"2,486.00",0,0,722.00,"1,725.00",23.00,94.02%
TOSCANA,GROSSETO,1.00,DIVORZIO,"3,493.00",0,0,"3,407.00",0,0,"1,264.00","2,064.00",57.00,97.54%
TOSCANA,GROSSETO,1.00,DIVORZIO,"2,277.00",0,0,"2,084.00",0,0,641.00,"1,389.00",33.00,91.52%
TOSCANA,GROSSETO,1.00,DIVORZIO,"5,830.00",0,0,"5,573.00",0,0,"1,640.00","3,857.00",45.00,95.59%
TOSCANA,GROSSETO,1.00,DIVORZIO,"2,849.00",0,0,"2,685.00",0,0,927.00,"1,714.00",26.00,94.24%
TOSCANA,GROSSETO,1.00,DIVORZIO,"2,802.00",0,0,"2,645.00",0,0,"1,083.00","1,511.00",37.00,94.40%
TOSCANA,GROSSETO,1.00,DIVORZIO,"13,098.00",0,0,"12,335.00",0,0,"2,346.00","9,864.00",87.00,94.17%
TOSCANA,GROSSETO,1.00,DIVORZIO,"6,364.00",0,0,"6,029.00",0,0,"1,434.00","4,522.00",45.00,94.74%
TOSCANA,GROSSETO,1.00,DIVORZIO,"45,925.00",0,0,"44,147.00",0,0,"12,218.00","31,377.00",357.00,96.13%
TOSCANA,GROSSETO,1.00,DIVORZIO,"1,288.00",0,0,"1,104.00",0,0,572.00,506.00,19.00,85.71%
TOSCANA,GROSSETO,1.00,DIVORZIO,"3,223.00",0,0,"3,047.00",0,0,832.00,"2,163.00",34.00,94.54%
TOSCANA,GROSSETO,1.00,DIVORZIO,"5,982.00",0,0,"5,722.00",0,0,"1,659.00","3,968.00",54.00,95.65%
TOSCANA,GROSSETO,1.00,DIVORZIO,"8,189.00",0,0,"7,837.00",0,0,"1,378.00","6,366.00",65.00,95.70%
TOSCANA,GROSSETO,1.00,DIVORZIO,"9,264.00",0,0,"8,024.00",0,0,"3,025.00","4,858.00",83.00,86.61%
TOSCANA,GROSSETO,1.00,DIVORZIO,"1,369.00",0,0,"1,298.00",0,0,209.00,"1,069.00",12.00,94.81%
TOSCANA,GROSSETO,1.00,DIVORZIO,"1,913.00",0,0,"1,796.00",0,0,446.00,"1,293.00",38.00,93.88%
TOSCANA,GROSSETO,1.00,DIVORZIO,"9,896.00",0,0,"9,299.00",0,0,"2,912.00","6,236.00",89.00,93.97%
TOSCANA,GROSSETO,1.00,DIVORZIO,"3,309.00",0,0,"3,115.00",0,0,"1,147.00","1,883.00",49.00,94.14%
TOSCANA,GROSSETO,1.00,DIVORZIO,"1,605.00",0,0,"1,503.00",0,0,658.00,814.00,24.00,93.64%
TOSCANA,GROSSETO,1.00,DIVORZIO,"8,021.00",0,0,"7,593.00",0,0,"1,976.00","5,509.00",71.00,94.66%
TOSCANA,GROSSETO,1.00,DIVORZIO,"2,916.00",0,0,"2,665.00",0,0,948.00,"1,656.00",27.00,91.39%
TOSCANA,GROSSETO,1.00,DIVORZIO,"4,233.00",0,0,"4,048.00",0,0,"1,462.00","2,518.00",45.00,95.63%
TOSCANA,GROSSETO,1.00,DIVORZIO,"1,888.00",0,0,"1,797.00",0,0,355.00,"1,420.00",14.00,95.18%
TOSCANA,GROSSETO,1.00,DIVORZIO,"1,190.00",0,0,"1,106.00",0,0,475.00,594.00,30.00,92.94%
TOSCANA,GROSSETO,1.00,DIVORZIO,"1,589.00",0,0,"1,504.00",0,0,588.00,866.00,27.00,94.65%
TOSCANA,GROSSETO,1.00,DIVORZIO,"3,767.00",0,0,"3,552.00",0,0,"1,472.00","2,005.00",46.00,94.29%
LIGURIA,IMPERIA,1.00,DIVORZIO,349.00,0,0,313.00,0,0,74.00,221.00,10.00,89.68%
LIGURIA,IMPERIA,1.00,DIVORZIO,585.00,0,0,462.00,0,0,160.00,281.00,14.00,78.97%
LIGURIA,IMPERIA,1.00,DIVORZIO,209.00,0,0,189.00,0,0,131.00,49.00,6.00,90.43%
LIGURIA,IMPERIA,1.00,DIVORZIO,138.00,0,0,116.00,0,0,71.00,35.00,5.00,84.06%
LIGURIA,IMPERIA,1.00,DIVORZIO,422.00,0,0,369.00,0,0,180.00,158.00,21.00,87.44%
LIGURIA,IMPERIA,1.00,DIVORZIO,"1,324.00",0,0,"1,152.00",0,0,531.00,589.00,22.00,87.01%
LIGURIA,IMPERIA,1.00,DIVORZIO,455.00,0,0,373.00,0,0,88.00,269.00,13.00,81.98%
LIGURIA,IMPERIA,1.00,DIVORZIO,"9,048.00",0,0,"8,009.00",0,0,"2,112.00","5,746.00",106.00,88.52%
LIGURIA,IMPERIA,1.00,DIVORZIO,642.00,0,0,547.00,0,0,339.00,164.00,36.00,85.20%
LIGURIA,IMPERIA,1.00,DIVORZIO,"1,035.00",0,0,915.00,0,0,404.00,457.00,40.00,88.41%
LIGURIA,IMPERIA,1.00,DIVORZIO,"2,620.00",0,0,"2,290.00",0,0,556.00,"1,674.00",26.00,87.40%
LIGURIA,IMPERIA,1.00,DIVORZIO,245.00,0,0,232.00,0,0,157.00,62.00,6.00,94.69%
LIGURIA,IMPERIA,1.00,DIVORZIO,224.00,0,0,182.00,0,0,53.00,115.00,7.00,81.25%
LIGURIA,IMPERIA,1.00,DIVORZIO,496.00,0,0,408.00,0,0,123.00,270.00,11.00,82.26%
LIGURIA,IMPERIA,1.00,DIVORZIO,573.00,0,0,466.00,0,0,202.00,227.00,18.00,81.33%
LIGURIA,IMPERIA,1.00,DIVORZIO,"1,297.00",0,0,"1,084.00",0,0,289.00,754.00,25.00,83.58%
LIGURIA,IMPERIA,1.00,DIVORZIO,898.00,0,0,794.00,0,0,176.00,594.00,15.00,88.42%
LIGURIA,IMPERIA,1.00,DIVORZIO,293.00,0,0,253.00,0,0,114.00,128.00,9.00,86.35%
LIGURIA,IMPERIA,1.00,DIVORZIO,626.00,0,0,561.00,0,0,192.00,349.00,13.00,89.62%
LIGURIA,IMPERIA,1.00,DIVORZIO,412.00,0,0,365.00,0,0,157.00,186.00,12.00,88.59%
LIGURIA,IMPERIA,1.00,DIVORZIO,764.00,0,0,662.00,0,0,144.00,489.00,21.00,86.65%
LIGURIA,IMPERIA,1.00,DIVORZIO,323.00,0,0,278.00,0,0,95.00,166.00,12.00,86.07%
LIGURIA,IMPERIA,1.00,DIVORZIO,477.00,0,0,416.00,0,0,139.00,254.00,13.00,87.21%
LIGURIA,IMPERIA,1.00,DIVORZIO,410.00,0,0,505.00,0,0,142.00,353.00,5.00,123.17%
LIGURIA,IMPERIA,1.00,DIVORZIO,326.00,0,0,259.00,0,0,90.00,152.00,11.00,79.45%
LIGURIA,IMPERIA,1.00,DIVORZIO,890.00,0,0,752.00,0,0,252.00,467.00,24.00,84.49%
LIGURIA,IMPERIA,1.00,DIVORZIO,"4,998.00",0,0,"4,421.00",0,0,"1,010.00","3,305.00",72.00,88.46%
LIGURIA,IMPERIA,1.00,DIVORZIO,741.00,0,0,637.00,0,0,158.00,450.00,24.00,85.96%
LIGURIA,IMPERIA,1.00,DIVORZIO,"1,425.00",0,0,"1,210.00",0,0,355.00,826.00,16.00,84.91%
LIGURIA,IMPERIA,1.00,DIVORZIO,"1,058.00",0,0,894.00,0,0,327.00,519.00,27.00,84.50%
LIGURIA,IMPERIA,1.00,DIVORZIO,"30,062.00",0,0,"27,229.00",0,0,"6,495.00","20,175.00",410.00,90.58%
LIGURIA,IMPERIA,1.00,DIVORZIO,542.00,0,0,468.00,0,0,150.00,301.00,9.00,86.35%
LIGURIA,IMPERIA,1.00,DIVORZIO,286.00,0,0,237.00,0,0,119.00,106.00,7.00,82.87%
LIGURIA,IMPERIA,1.00,DIVORZIO,326.00,0,0,278.00,0,0,128.00,141.00,6.00,85.28%
LIGURIA,IMPERIA,1.00,DIVORZIO,842.00,0,0,632.00,0,0,268.00,341.00,15.00,75.06%
LIGURIA,IMPERIA,1.00,DIVORZIO,398.00,0,0,304.00,0,0,93.00,190.00,12.00,76.38%
LIGURIA,IMPERIA,1.00,DIVORZIO,180.00,0,0,166.00,0,0,78.00,71.00,9.00,92.22%
LIGURIA,IMPERIA,1.00,DIVORZIO,290.00,0,0,226.00,0,0,78.00,141.00,4.00,77.93%
LIGURIA,IMPERIA,1.00,DIVORZIO,"2,440.00",0,0,"2,136.00",0,0,538.00,"1,546.00",31.00,87.54%
LIGURIA,IMPERIA,1.00,DIVORZIO,872.00,0,0,618.00,0,0,145.00,451.00,11.00,70.87%
LIGURIA,IMPERIA,1.00,DIVORZIO,546.00,0,0,479.00,0,0,188.00,272.00,12.00,87.73%
LIGURIA,IMPERIA,1.00,DIVORZIO,"1,499.00",0,0,"1,339.00",0,0,535.00,725.00,46.00,89.33%
LIGURIA,IMPERIA,1.00,DIVORZIO,"1,829.00",0,0,"1,232.00",0,0,482.00,704.00,17.00,67.36%
LIGURIA,IMPERIA,1.00,DIVORZIO,443.00,0,0,342.00,0,0,137.00,183.00,12.00,77.20%
LIGURIA,IMPERIA,1.00,DIVORZIO,"1,369.00",0,0,"1,231.00",0,0,410.00,776.00,34.00,89.92%
LIGURIA,IMPERIA,1.00,DIVORZIO,623.00,0,0,542.00,0,0,257.00,263.00,15.00,87.00%
LIGURIA,IMPERIA,1.00,DIVORZIO,674.00,0,0,570.00,0,0,252.00,277.00,28.00,84.57%
LIGURIA,IMPERIA,1.00,DIVORZIO,574.00,0,0,471.00,0,0,206.00,235.00,25.00,82.06%
LIGURIA,IMPERIA,1.00,DIVORZIO,554.00,0,0,470.00,0,0,203.00,234.00,14.00,84.84%
LIGURIA,IMPERIA,1.00,DIVORZIO,"1,886.00",0,0,"1,668.00",0,0,491.00,"1,124.00",30.00,88.44%
LIGURIA,IMPERIA,1.00,DIVORZIO,304.00,0,0,264.00,0,0,75.00,183.00,3.00,86.84%
LIGURIA,IMPERIA,1.00,DIVORZIO,"1,799.00",0,0,"1,606.00",0,0,313.00,"1,257.00",27.00,89.27%
LIGURIA,IMPERIA,1.00,DIVORZIO,597.00,0,0,508.00,0,0,159.00,333.00,9.00,85.09%
LIGURIA,IMPERIA,1.00,DIVORZIO,835.00,0,0,749.00,0,0,201.00,518.00,25.00,89.70%
LIGURIA,IMPERIA,1.00,DIVORZIO,"47,871.00",0,0,"42,493.00",0,0,"10,711.00","30,972.00",509.00,88.77%
LIGURIA,IMPERIA,1.00,DIVORZIO,"1,298.00",0,0,"1,146.00",0,0,319.00,779.00,29.00,88.29%
LIGURIA,IMPERIA,1.00,DIVORZIO,220.00,0,0,194.00,0,0,73.00,114.00,5.00,88.18%
LIGURIA,IMPERIA,1.00,DIVORZIO,426.00,0,0,340.00,0,0,71.00,258.00,5.00,79.81%
LIGURIA,IMPERIA,1.00,DIVORZIO,"10,681.00",0,0,"9,505.00",0,0,"2,272.00","7,023.00",117.00,88.99%
LIGURIA,IMPERIA,1.00,DIVORZIO,205.00,0,0,182.00,0,0,108.00,68.00,3.00,88.78%
LIGURIA,IMPERIA,1.00,DIVORZIO,549.00,0,0,439.00,0,0,164.00,250.00,19.00,79.96%
LIGURIA,IMPERIA,1.00,DIVORZIO,606.00,0,0,519.00,0,0,127.00,383.00,5.00,85.64%
LIGURIA,IMPERIA,1.00,DIVORZIO,"5,432.00",0,0,"4,826.00",0,0,"1,139.00","3,593.00",53.00,88.84%
LIGURIA,IMPERIA,1.00,DIVORZIO,534.00,0,0,446.00,0,0,162.00,254.00,20.00,83.52%
LIGURIA,IMPERIA,1.00,DIVORZIO,"18,389.00",0,0,"16,026.00",0,0,"3,612.00","12,097.00",180.00,87.15%
LIGURIA,IMPERIA,1.00,DIVORZIO,307.00,0,0,269.00,0,0,138.00,118.00,10.00,87.62%
LIGURIA,IMPERIA,1.00,DIVORZIO,384.00,0,0,341.00,0,0,96.00,228.00,11.00,88.80%
ABRUZZO,L'AQUILA,1.00,DIVORZIO,745.00,0,0,576.00,0,0,289.00,271.00,6.00,77.32%
ABRUZZO,L'AQUILA,1.00,DIVORZIO,"1,307.00",0,0,"1,071.00",0,0,451.00,575.00,20.00,81.94%
ABRUZZO,L'AQUILA,1.00,DIVORZIO,713.00,0,0,499.00,0,0,307.00,178.00,7.00,69.99%
ABRUZZO,L'AQUILA,1.00,DIVORZIO,601.00,0,0,411.00,0,0,172.00,218.00,10.00,68.39%
ABRUZZO,L'AQUILA,1.00,DIVORZIO,"1,424.00",0,0,876.00,0,0,520.00,324.00,17.00,61.52%
ABRUZZO,L'AQUILA,1.00,DIVORZIO,"21,204.00",0,0,"19,238.00",0,0,"10,461.00","8,366.00",186.00,90.73%
ABRUZZO,L'AQUILA,1.00,DIVORZIO,"2,712.00",0,0,"1,918.00",0,0,"1,232.00",634.00,18.00,70.72%
ABRUZZO,L'AQUILA,1.00,DIVORZIO,553.00,0,0,434.00,0,0,188.00,241.00,3.00,78.48%
ABRUZZO,L'AQUILA,1.00,DIVORZIO,"1,479.00",0,0,"1,200.00",0,0,621.00,559.00,11.00,81.14%
ABRUZZO,L'AQUILA,1.00,DIVORZIO,767.00,0,0,617.00,0,0,395.00,197.00,9.00,80.44%
ABRUZZO,L'AQUILA,1.00,DIVORZIO,583.00,0,0,417.00,0,0,174.00,230.00,10.00,71.53%
ABRUZZO,L'AQUILA,1.00,DIVORZIO,"1,035.00",0,0,788.00,0,0,422.00,332.00,17.00,76.14%
ABRUZZO,L'AQUILA,1.00,DIVORZIO,"1,509.00",0,0,"1,275.00",0,0,508.00,741.00,10.00,84.49%
ABRUZZO,L'AQUILA,1.00,DIVORZIO,439.00,0,0,258.00,0,0,145.00,104.00,5.00,58.77%
ABRUZZO,L'AQUILA,1.00,DIVORZIO,732.00,0,0,612.00,0,0,322.00,286.00,2.00,83.61%
ABRUZZO,L'AQUILA,1.00,DIVORZIO,"1,284.00",0,0,916.00,0,0,305.00,586.00,13.00,71.34%
ABRUZZO,L'AQUILA,1.00,DIVORZIO,858.00,0,0,696.00,0,0,460.00,217.00,13.00,81.12%
ABRUZZO,L'AQUILA,1.00,DIVORZIO,430.00,0,0,349.00,0,0,191.00,148.00,8.00,81.16%
ABRUZZO,L'AQUILA,1.00,DIVORZIO,"1,151.00",0,0,953.00,0,0,327.00,614.00,8.00,82.80%
ABRUZZO,L'AQUILA,1.00,DIVORZIO,"3,593.00",0,0,"3,070.00",0,0,"1,643.00","1,373.00",34.00,85.44%
ABRUZZO,L'AQUILA,1.00,DIVORZIO,764.00,0,0,601.00,0,0,284.00,308.00,7.00,78.66%
ABRUZZO,L'AQUILA,1.00,DIVORZIO,412.00,0,0,306.00,0,0,198.00,100.00,1.00,74.27%
ABRUZZO,L'AQUILA,1.00,DIVORZIO,784.00,0,0,548.00,0,0,390.00,147.00,4.00,69.90%
ABRUZZO,L'AQUILA,1.00,DIVORZIO,137.00,0,0,117.00,0,0,93.00,24.00,0.00,85.40%
ABRUZZO,L'AQUILA,1.00,DIVORZIO,"3,522.00",0,0,"3,072.00",0,0,"1,659.00","1,348.00",21.00,87.22%
ABRUZZO,L'AQUILA,1.00,DIVORZIO,"1,042.00",0,0,662.00,0,0,332.00,314.00,11.00,63.53%
ABRUZZO,L'AQUILA,1.00,DIVORZIO,499.00,0,0,367.00,0,0,190.00,161.00,5.00,73.55%
ABRUZZO,L'AQUILA,1.00,DIVORZIO,"3,729.00",0,0,"3,035.00",0,0,"1,702.00","1,249.00",34.00,81.39%
ABRUZZO,L'AQUILA,1.00,DIVORZIO,649.00,0,0,548.00,0,0,264.00,253.00,12.00,84.44%
ABRUZZO,L'AQUILA,1.00,DIVORZIO,410.00,0,0,288.00,0,0,152.00,126.00,5.00,70.24%
ABRUZZO,L'AQUILA,1.00,DIVORZIO,"1,294.00",0,0,"1,113.00",0,0,311.00,777.00,13.00,86.01%
ABRUZZO,L'AQUILA,1.00,DIVORZIO,"7,320.00",0,0,"5,130.00",0,0,"2,898.00","2,047.00",80.00,70.08%
ABRUZZO,L'AQUILA,1.00,DIVORZIO,"1,387.00",0,0,"1,116.00",0,0,605.00,490.00,11.00,80.46%
ABRUZZO,L'AQUILA,1.00,DIVORZIO,726.00,0,0,597.00,0,0,378.00,202.00,10.00,82.23%
ABRUZZO,L'AQUILA,1.00,DIVORZIO,266.00,0,0,209.00,0,0,122.00,86.00,0.00,78.57%
ABRUZZO,L'AQUILA,1.00,DIVORZIO,"1,873.00",0,0,"1,532.00",0,0,"1,048.00",447.00,24.00,81.79%
ABRUZZO,L'AQUILA,1.00,DIVORZIO,605.00,0,0,421.00,0,0,202.00,209.00,6.00,69.59%
ABRUZZO,L'AQUILA,1.00,DIVORZIO,838.00,0,0,651.00,0,0,262.00,377.00,7.00,77.68%
ABRUZZO,L'AQUILA,1.00,DIVORZIO,"1,394.00",0,0,"1,193.00",0,0,876.00,297.00,11.00,85.58%
ABRUZZO,L'AQUILA,1.00,DIVORZIO,450.00,0,0,295.00,0,0,160.00,131.00,3.00,65.56%
ABRUZZO,L'AQUILA,1.00,DIVORZIO,817.00,0,0,652.00,0,0,352.00,282.00,12.00,79.80%
ABRUZZO,L'AQUILA,1.00,DIVORZIO,738.00,0,0,496.00,0,0,276.00,209.00,3.00,67.21%
ABRUZZO,L'AQUILA,1.00,DIVORZIO,434.00,0,0,318.00,0,0,159.00,155.00,3.00,73.27%
ABRUZZO,L'AQUILA,1.00,DIVORZIO,554.00,0,0,442.00,0,0,230.00,201.00,10.00,79.78%
ABRUZZO,L'AQUILA,1.00,DIVORZIO,536.00,0,0,334.00,0,0,217.00,102.00,10.00,62.31%
ABRUZZO,L'AQUILA,1.00,DIVORZIO,"1,830.00",0,0,"1,680.00",0,0,"1,010.00",605.00,29.00,91.80%
ABRUZZO,L'AQUILA,1.00,DIVORZIO,656.00,0,0,528.00,0,0,226.00,293.00,3.00,80.49%
ABRUZZO,L'AQUILA,1.00,DIVORZIO,"1,548.00",0,0,"1,016.00",0,0,472.00,514.00,13.00,65.63%
ABRUZZO,L'AQUILA,1.00,DIVORZIO,"41,821.00",0,0,"36,963.00",0,0,"17,100.00","19,044.00",344.00,88.38%
ABRUZZO,L'AQUILA,1.00,DIVORZIO,"1,357.00",0,0,"1,131.00",0,0,608.00,499.00,11.00,83.35%
ABRUZZO,L'AQUILA,1.00,DIVORZIO,"3,180.00",0,0,"2,908.00",0,0,"1,079.00","1,733.00",81.00,91.45%
ABRUZZO,L'AQUILA,1.00,DIVORZIO,"1,326.00",0,0,"1,016.00",0,0,593.00,404.00,4.00,76.62%
ABRUZZO,L'AQUILA,1.00,DIVORZIO,"2,101.00",0,0,"1,927.00",0,0,"1,222.00",656.00,26.00,91.72%
ABRUZZO,L'AQUILA,1.00,DIVORZIO,867.00,0,0,762.00,0,0,590.00,161.00,5.00,87.89%
ABRUZZO,L'AQUILA,1.00,DIVORZIO,488.00,0,0,402.00,0,0,121.00,256.00,13.00,82.38%
ABRUZZO,L'AQUILA,1.00,DIVORZIO,"3,029.00",0,0,"2,437.00",0,0,949.00,"1,397.00",44.00,80.46%
ABRUZZO,L'AQUILA,1.00,DIVORZIO,"1,120.00",0,0,994.00,0,0,739.00,228.00,14.00,88.75%
ABRUZZO,L'AQUILA,1.00,DIVORZIO,834.00,0,0,679.00,0,0,354.00,312.00,4.00,81.41%
ABRUZZO,L'AQUILA,1.00,DIVORZIO,688.00,0,0,565.00,0,0,374.00,180.00,5.00,82.12%
ABRUZZO,L'AQUILA,1.00,DIVORZIO,"1,020.00",0,0,658.00,0,0,312.00,338.00,5.00,64.51%
ABRUZZO,L'AQUILA,1.00,DIVORZIO,433.00,0,0,341.00,0,0,161.00,119.00,15.00,78.75%
ABRUZZO,L'AQUILA,1.00,DIVORZIO,525.00,0,0,490.00,0,0,203.00,268.00,8.00,93.33%
ABRUZZO,L'AQUILA,1.00,DIVORZIO,"1,288.00",0,0,"1,115.00",0,0,612.00,477.00,14.00,86.57%
ABRUZZO,L'AQUILA,1.00,DIVORZIO,"1,313.00",0,0,"1,173.00",0,0,608.00,545.00,6.00,89.34%
ABRUZZO,L'AQUILA,1.00,DIVORZIO,"1,112.00",0,0,834.00,0,0,493.00,318.00,10.00,75.00%
ABRUZZO,L'AQUILA,1.00,DIVORZIO,"1,311.00",0,0,944.00,0,0,738.00,192.00,8.00,72.01%
ABRUZZO,L'AQUILA,1.00,DIVORZIO,409.00,0,0,356.00,0,0,204.00,145.00,5.00,87.04%
ABRUZZO,L'AQUILA,1.00,DIVORZIO,"1,703.00",0,0,"1,393.00",0,0,803.00,571.00,8.00,81.80%
ABRUZZO,L'AQUILA,1.00,DIVORZIO,"3,298.00",0,0,"2,974.00",0,0,"1,368.00","1,541.00",34.00,90.18%
ABRUZZO,L'AQUILA,1.00,DIVORZIO,"1,238.00",0,0,925.00,0,0,661.00,241.00,7.00,74.72%
ABRUZZO,L'AQUILA,1.00,DIVORZIO,"1,710.00",0,0,990.00,0,0,439.00,529.00,11.00,57.89%
ABRUZZO,L'AQUILA,1.00,DIVORZIO,"1,853.00",0,0,"1,633.00",0,0,590.00,994.00,25.00,88.13%
ABRUZZO,L'AQUILA,1.00,DIVORZIO,638.00,0,0,530.00,0,0,160.00,362.00,3.00,83.07%
ABRUZZO,L'AQUILA,1.00,DIVORZIO,576.00,0,0,453.00,0,0,234.00,213.00,5.00,78.65%
ABRUZZO,L'AQUILA,1.00,DIVORZIO,"5,873.00",0,0,"4,771.00",0,0,"1,690.00","2,978.00",46.00,81.24%
ABRUZZO,L'AQUILA,1.00,DIVORZIO,"1,247.00",0,0,941.00,0,0,474.00,453.00,6.00,75.46%
ABRUZZO,L'AQUILA,1.00,DIVORZIO,"2,251.00",0,0,"1,667.00",0,0,697.00,929.00,30.00,74.06%
ABRUZZO,L'AQUILA,1.00,DIVORZIO,747.00,0,0,584.00,0,0,272.00,303.00,4.00,78.18%
ABRUZZO,L'AQUILA,1.00,DIVORZIO,786.00,0,0,529.00,0,0,276.00,244.00,4.00,67.30%
ABRUZZO,L'AQUILA,1.00,DIVORZIO,349.00,0,0,309.00,0,0,118.00,179.00,7.00,88.54%
ABRUZZO,L'AQUILA,1.00,DIVORZIO,502.00,0,0,396.00,0,0,138.00,248.00,6.00,78.88%
ABRUZZO,L'AQUILA,1.00,DIVORZIO,"1,611.00",0,0,"1,238.00",0,0,660.00,547.00,13.00,76.85%
ABRUZZO,L'AQUILA,1.00,DIVORZIO,326.00,0,0,241.00,0,0,169.00,65.00,5.00,73.93%
ABRUZZO,L'AQUILA,1.00,DIVORZIO,"1,171.00",0,0,929.00,0,0,593.00,320.00,6.00,79.33%
ABRUZZO,L'AQUILA,1.00,DIVORZIO,"2,576.00",0,0,"2,279.00",0,0,"1,020.00","1,195.00",37.00,88.47%
ABRUZZO,L'AQUILA,1.00,DIVORZIO,332.00,0,0,181.00,0,0,123.00,56.00,2.00,54.52%
ABRUZZO,L'AQUILA,1.00,DIVORZIO,"1,195.00",0,0,995.00,0,0,433.00,542.00,15.00,83.26%
ABRUZZO,L'AQUILA,1.00,DIVORZIO,607.00,0,0,409.00,0,0,166.00,223.00,10.00,67.38%
ABRUZZO,L'AQUILA,1.00,DIVORZIO,"1,414.00",0,0,"1,240.00",0,0,862.00,350.00,12.00,87.69%
ABRUZZO,L'AQUILA,1.00,DIVORZIO,453.00,0,0,332.00,0,0,183.00,140.00,4.00,73.29%
ABRUZZO,L'AQUILA,1.00,DIVORZIO,251.00,0,0,173.00,0,0,102.00,68.00,3.00,68.92%
ABRUZZO,L'AQUILA,1.00,DIVORZIO,"2,225.00",0,0,"1,896.00",0,0,"1,123.00",723.00,30.00,85.21%
ABRUZZO,L'AQUILA,1.00,DIVORZIO,"2,272.00",0,0,"1,666.00",0,0,838.00,794.00,24.00,73.33%
ABRUZZO,L'AQUILA,1.00,DIVORZIO,462.00,0,0,336.00,0,0,187.00,146.00,1.00,72.73%
ABRUZZO,L'AQUILA,1.00,DIVORZIO,"1,257.00",0,0,"1,141.00",0,0,698.00,421.00,8.00,90.77%
ABRUZZO,L'AQUILA,1.00,DIVORZIO,"1,461.00",0,0,"1,311.00",0,0,819.00,457.00,22.00,89.73%
ABRUZZO,L'AQUILA,1.00,DIVORZIO,698.00,0,0,463.00,0,0,264.00,187.00,2.00,66.33%
ABRUZZO,L'AQUILA,1.00,DIVORZIO,"15,952.00",0,0,"13,650.00",0,0,"5,557.00","7,822.00",136.00,85.57%
ABRUZZO,L'AQUILA,1.00,DIVORZIO,"5,065.00",0,0,"4,135.00",0,0,"2,373.00","1,604.00",68.00,81.64%
ABRUZZO,L'AQUILA,1.00,DIVORZIO,670.00,0,0,464.00,0,0,229.00,229.00,1.00,69.25%
ABRUZZO,L'AQUILA,1.00,DIVORZIO,"2,205.00",0,0,"1,837.00",0,0,798.00,997.00,15.00,83.31%
ABRUZZO,L'AQUILA,1.00,DIVORZIO,"3,826.00",0,0,"3,295.00",0,0,"1,740.00","1,478.00",39.00,86.12%
ABRUZZO,L'AQUILA,1.00,DIVORZIO,742.00,0,0,608.00,0,0,364.00,234.00,7.00,81.94%
ABRUZZO,L'AQUILA,1.00,DIVORZIO,529.00,0,0,389.00,0,0,239.00,140.00,7.00,73.53%
ABRUZZO,L'AQUILA,1.00,DIVORZIO,444.00,0,0,327.00,0,0,195.00,125.00,3.00,73.65%
ABRUZZO,L'AQUILA,1.00,DIVORZIO,938.00,0,0,679.00,0,0,489.00,178.00,6.00,72.39%
ABRUZZO,L'AQUILA,1.00,DIVORZIO,537.00,0,0,437.00,0,0,255.00,173.00,4.00,81.38%
ABRUZZO,L'AQUILA,1.00,DIVORZIO,"1,009.00",0,0,859.00,0,0,429.00,408.00,8.00,85.13%
LIGURIA,LA SPEZIA,1.00,DIVORZIO,"2,952.00",0,0,"2,514.00",0,0,734.00,"1,728.00",27.00,85.16%
LIGURIA,LA SPEZIA,1.00,DIVORZIO,"6,883.00",0,0,"6,221.00",0,0,"1,105.00","5,004.00",68.00,90.38%
LIGURIA,LA SPEZIA,1.00,DIVORZIO,"1,595.00",0,0,"1,429.00",0,0,716.00,660.00,25.00,89.59%
LIGURIA,LA SPEZIA,1.00,DIVORZIO,"3,510.00",0,0,"3,190.00",0,0,"1,066.00","1,929.00",62.00,90.88%
LIGURIA,LA SPEZIA,1.00,DIVORZIO,952.00,0,0,849.00,0,0,276.00,532.00,13.00,89.18%
LIGURIA,LA SPEZIA,1.00,DIVORZIO,930.00,0,0,799.00,0,0,392.00,386.00,16.00,85.91%
LIGURIA,LA SPEZIA,1.00,DIVORZIO,723.00,0,0,597.00,0,0,254.00,325.00,11.00,82.57%
LIGURIA,LA SPEZIA,1.00,DIVORZIO,"1,166.00",0,0,965.00,0,0,352.00,573.00,29.00,82.76%
LIGURIA,LA SPEZIA,1.00,DIVORZIO,623.00,0,0,536.00,0,0,342.00,183.00,7.00,86.04%
LIGURIA,LA SPEZIA,1.00,DIVORZIO,548.00,0,0,474.00,0,0,170.00,291.00,10.00,86.50%
LIGURIA,LA SPEZIA,1.00,DIVORZIO,"5,180.00",0,0,"4,789.00",0,0,927.00,"3,765.00",49.00,92.45%
LIGURIA,LA SPEZIA,1.00,DIVORZIO,"1,172.00",0,0,"1,034.00",0,0,311.00,700.00,14.00,88.23%
LIGURIA,LA SPEZIA,1.00,DIVORZIO,"2,603.00",0,0,"2,363.00",0,0,767.00,"1,537.00",38.00,90.78%
LIGURIA,LA SPEZIA,1.00,DIVORZIO,760.00,0,0,616.00,0,0,200.00,402.00,12.00,81.05%
LIGURIA,LA SPEZIA,1.00,DIVORZIO,"93,174.00",0,0,"87,353.00",0,0,"22,356.00","63,813.00",821.00,93.75%
LIGURIA,LA SPEZIA,1.00,DIVORZIO,"11,025.00",0,0,"9,878.00",0,0,"2,878.00","6,818.00",131.00,89.60%
LIGURIA,LA SPEZIA,1.00,DIVORZIO,"5,007.00",0,0,"4,439.00",0,0,"1,424.00","2,878.00",95.00,88.66%
LIGURIA,LA SPEZIA,1.00,DIVORZIO,756.00,0,0,606.00,0,0,353.00,231.00,15.00,80.16%
LIGURIA,LA SPEZIA,1.00,DIVORZIO,"1,504.00",0,0,"1,286.00",0,0,456.00,800.00,18.00,85.51%
LIGURIA,LA SPEZIA,1.00,DIVORZIO,"4,246.00",0,0,"3,941.00",0,0,"1,203.00","2,674.00",32.00,92.82%
LIGURIA,LA SPEZIA,1.00,DIVORZIO,602.00,0,0,516.00,0,0,262.00,237.00,9.00,85.71%
LIGURIA,LA SPEZIA,1.00,DIVORZIO,"3,661.00",0,0,"3,309.00",0,0,899.00,"2,366.00",30.00,90.39%
LIGURIA,LA SPEZIA,1.00,DIVORZIO,"2,142.00",0,0,"1,871.00",0,0,688.00,"1,134.00",39.00,87.35%
LIGURIA,LA SPEZIA,1.00,DIVORZIO,"2,120.00",0,0,"1,772.00",0,0,655.00,"1,073.00",37.00,83.58%
LIGURIA,LA SPEZIA,1.00,DIVORZIO,928.00,0,0,681.00,0,0,333.00,336.00,10.00,73.38%
LIGURIA,LA SPEZIA,1.00,DIVORZIO,"4,546.00",0,0,"4,218.00",0,0,"1,288.00","2,823.00",65.00,92.78%
LIGURIA,LA SPEZIA,1.00,DIVORZIO,"14,029.00",0,0,"13,263.00",0,0,"2,892.00","10,098.00",168.00,94.54%
LIGURIA,LA SPEZIA,1.00,DIVORZIO,"1,456.00",0,0,"1,174.00",0,0,456.00,685.00,25.00,80.63%
LIGURIA,LA SPEZIA,1.00,DIVORZIO,"2,936.00",0,0,"2,353.00",0,0,"1,304.00",928.00,82.00,80.14%
LIGURIA,LA SPEZIA,1.00,DIVORZIO,"1,258.00",0,0,"1,079.00",0,0,488.00,567.00,22.00,85.77%
LIGURIA,LA SPEZIA,1.00,DIVORZIO,"5,086.00",0,0,"4,704.00",0,0,903.00,"3,701.00",58.00,92.49%
LIGURIA,LA SPEZIA,1.00,DIVORZIO,542.00,0,0,431.00,0,0,107.00,307.00,8.00,79.52%
LAZIO,LATINA,1.00,DIVORZIO,"19,082.00",0,0,"17,614.00",0,0,"6,060.00","11,261.00",131.00,92.31%
LAZIO,LATINA,1.00,DIVORZIO,"1,127.00",0,0,"1,024.00",0,0,445.00,559.00,11.00,90.86%
LAZIO,LATINA,1.00,DIVORZIO,661.00,0,0,555.00,0,0,344.00,186.00,7.00,83.96%
LAZIO,LATINA,1.00,DIVORZIO,"4,446.00",0,0,"3,698.00",0,0,"1,983.00","1,624.00",45.00,83.18%
LAZIO,LATINA,1.00,DIVORZIO,"14,228.00",0,0,"13,110.00",0,0,"5,375.00","7,520.00",91.00,92.14%
LAZIO,LATINA,1.00,DIVORZIO,"6,606.00",0,0,"6,270.00",0,0,"1,884.00","4,277.00",62.00,94.91%
LAZIO,LATINA,1.00,DIVORZIO,"16,677.00",0,0,"13,537.00",0,0,"5,898.00","7,339.00",148.00,81.17%
LAZIO,LATINA,1.00,DIVORZIO,"16,597.00",0,0,"14,457.00",0,0,"7,161.00","7,053.00",121.00,87.11%
LAZIO,LATINA,1.00,DIVORZIO,"14,749.00",0,0,"12,381.00",0,0,"5,566.00","6,641.00",86.00,83.94%
LAZIO,LATINA,1.00,DIVORZIO,"4,708.00",0,0,"3,927.00",0,0,"1,815.00","2,035.00",49.00,83.41%
LAZIO,LATINA,1.00,DIVORZIO,"50,822.00",0,0,"46,735.00",0,0,"21,634.00","24,449.00",307.00,91.96%
LAZIO,LATINA,1.00,DIVORZIO,"2,372.00",0,0,"1,870.00",0,0,986.00,823.00,31.00,78.84%
LAZIO,LATINA,1.00,DIVORZIO,"1,769.00",0,0,"1,600.00",0,0,720.00,847.00,20.00,90.45%
LAZIO,LATINA,1.00,DIVORZIO,"11,505.00",0,0,"9,133.00",0,0,"4,807.00","4,121.00",102.00,79.38%
LAZIO,LATINA,1.00,DIVORZIO,"3,440.00",0,0,"3,070.00",0,0,"1,739.00","1,199.00",40.00,89.24%
LAZIO,LATINA,1.00,DIVORZIO,"2,262.00",0,0,"2,093.00",0,0,999.00,"1,067.00",14.00,92.53%
LAZIO,LATINA,1.00,DIVORZIO,"6,004.00",0,0,"5,593.00",0,0,"2,512.00","2,941.00",62.00,93.15%
LAZIO,LATINA,1.00,DIVORZIO,"2,886.00",0,0,"1,821.00",0,0,840.00,916.00,40.00,63.10%
LAZIO,LATINA,1.00,DIVORZIO,"8,003.00",0,0,"7,431.00",0,0,"3,310.00","3,929.00",83.00,92.85%
LAZIO,LATINA,1.00,DIVORZIO,"1,303.00",0,0,945.00,0,0,641.00,288.00,9.00,72.52%
LAZIO,LATINA,1.00,DIVORZIO,"2,699.00",0,0,"2,418.00",0,0,756.00,"1,598.00",23.00,89.59%
LAZIO,LATINA,1.00,DIVORZIO,938.00,0,0,877.00,0,0,506.00,334.00,21.00,93.50%
LAZIO,LATINA,1.00,DIVORZIO,772.00,0,0,759.00,0,0,365.00,380.00,7.00,98.32%
LAZIO,LATINA,1.00,DIVORZIO,"7,060.00",0,0,"6,891.00",0,0,"3,250.00","3,479.00",75.00,97.61%
LAZIO,LATINA,1.00,DIVORZIO,"4,206.00",0,0,"3,734.00",0,0,"2,023.00","1,613.00",48.00,88.78%
LAZIO,LATINA,1.00,DIVORZIO,"2,144.00",0,0,"1,737.00",0,0,792.00,880.00,32.00,81.02%
LAZIO,LATINA,1.00,DIVORZIO,"3,245.00",0,0,"3,040.00",0,0,"1,392.00","1,599.00",18.00,93.68%
LAZIO,LATINA,1.00,DIVORZIO,"12,063.00",0,0,"11,002.00",0,0,"3,614.00","7,165.00",105.00,91.20%
LAZIO,LATINA,1.00,DIVORZIO,"4,519.00",0,0,"4,219.00",0,0,"2,083.00","2,004.00",28.00,93.36%
LAZIO,LATINA,1.00,DIVORZIO,"2,131.00",0,0,"1,874.00",0,0,774.00,"1,059.00",17.00,87.94%
LAZIO,LATINA,1.00,DIVORZIO,"1,436.00",0,0,"1,034.00",0,0,635.00,370.00,13.00,72.01%
LAZIO,LATINA,1.00,DIVORZIO,"22,569.00",0,0,"20,263.00",0,0,"8,968.00","10,803.00",170.00,89.78%
LAZIO,LATINA,1.00,DIVORZIO,376.00,0,0,294.00,0,0,200.00,87.00,1.00,78.19%
PUGLIA,LECCE,1.00,DIVORZIO,"2,841.00",0,0,"1,877.00",0,0,"1,188.00",661.00,8.00,66.07%
PUGLIA,LECCE,1.00,DIVORZIO,"4,307.00",0,0,"3,075.00",0,0,"1,630.00","1,391.00",19.00,71.40%
PUGLIA,LECCE,1.00,DIVORZIO,"3,856.00",0,0,"2,838.00",0,0,"1,780.00","1,003.00",36.00,73.60%
PUGLIA,LECCE,1.00,DIVORZIO,"4,258.00",0,0,"3,161.00",0,0,"1,883.00","1,198.00",32.00,74.24%
PUGLIA,LECCE,1.00,DIVORZIO,"2,914.00",0,0,"2,331.00",0,0,"1,565.00",719.00,14.00,79.99%
PUGLIA,LECCE,1.00,DIVORZIO,"5,721.00",0,0,"4,188.00",0,0,"2,490.00","1,636.00",19.00,73.20%
PUGLIA,LECCE,1.00,DIVORZIO,"2,318.00",0,0,"2,019.00",0,0,"1,302.00",672.00,26.00,87.10%
PUGLIA,LECCE,1.00,DIVORZIO,"1,245.00",0,0,968.00,0,0,706.00,239.00,12.00,77.75%
PUGLIA,LECCE,1.00,DIVORZIO,"1,989.00",0,0,"1,474.00",0,0,758.00,683.00,15.00,74.11%
PUGLIA,LECCE,1.00,DIVORZIO,"4,438.00",0,0,"3,815.00",0,0,"1,926.00","1,808.00",36.00,85.96%
PUGLIA,LECCE,1.00,DIVORZIO,"7,183.00",0,0,"5,980.00",0,0,"3,168.00","2,689.00",48.00,83.25%
PUGLIA,LECCE,1.00,DIVORZIO,"1,176.00",0,0,911.00,0,0,592.00,292.00,11.00,77.47%
PUGLIA,LECCE,1.00,DIVORZIO,"1,836.00",0,0,"1,640.00",0,0,942.00,620.00,29.00,89.32%
PUGLIA,LECCE,1.00,DIVORZIO,"6,717.00",0,0,"5,852.00",0,0,"3,645.00","2,080.00",45.00,87.12%
PUGLIA,LECCE,1.00,DIVORZIO,"2,375.00",0,0,"1,856.00",0,0,938.00,883.00,17.00,78.15%
PUGLIA,LECCE,1.00,DIVORZIO,"11,413.00",0,0,"8,988.00",0,0,"6,442.00","2,410.00",61.00,78.75%
PUGLIA,LECCE,1.00,DIVORZIO,"1,791.00",0,0,"1,637.00",0,0,977.00,632.00,15.00,91.40%
PUGLIA,LECCE,1.00,DIVORZIO,"2,531.00",0,0,"1,805.00",0,0,902.00,879.00,14.00,71.32%
PUGLIA,LECCE,1.00,DIVORZIO,"4,147.00",0,0,"2,854.00",0,0,"1,743.00","1,047.00",29.00,68.82%
PUGLIA,LECCE,1.00,DIVORZIO,"3,959.00",0,0,"3,477.00",0,0,"1,914.00","1,469.00",34.00,87.83%
PUGLIA,LECCE,1.00,DIVORZIO,"4,323.00",0,0,"3,302.00",0,0,"2,207.00","1,042.00",21.00,76.38%
PUGLIA,LECCE,1.00,DIVORZIO,"13,030.00",0,0,"10,935.00",0,0,"7,166.00","3,598.00",52.00,83.92%
PUGLIA,LECCE,1.00,DIVORZIO,"3,715.00",0,0,"2,787.00",0,0,"2,010.00",734.00,13.00,75.02%
PUGLIA,LECCE,1.00,DIVORZIO,"2,803.00",0,0,"2,076.00",0,0,"1,817.00",245.00,7.00,74.06%
PUGLIA,LECCE,1.00,DIVORZIO,"2,311.00",0,0,"1,864.00",0,0,"1,384.00",437.00,26.00,80.66%
PUGLIA,LECCE,1.00,DIVORZIO,"6,271.00",0,0,"4,902.00",0,0,"2,820.00","1,985.00",51.00,78.17%
PUGLIA,LECCE,1.00,DIVORZIO,"3,740.00",0,0,"3,085.00",0,0,"2,373.00",678.00,9.00,82.49%
PUGLIA,LECCE,1.00,DIVORZIO,"3,184.00",0,0,"2,126.00",0,0,"1,628.00",461.00,11.00,66.77%
PUGLIA,LECCE,1.00,DIVORZIO,"17,729.00",0,0,"15,603.00",0,0,"9,013.00","6,344.00",100.00,88.01%
PUGLIA,LECCE,1.00,DIVORZIO,"9,492.00",0,0,"7,676.00",0,0,"5,017.00","2,553.00",38.00,80.87%
PUGLIA,LECCE,1.00,DIVORZIO,"11,030.00",0,0,"8,358.00",0,0,"4,375.00","3,813.00",94.00,75.78%
PUGLIA,LECCE,1.00,DIVORZIO,825.00,0,0,663.00,0,0,489.00,166.00,3.00,80.36%
PUGLIA,LECCE,1.00,DIVORZIO,"1,004.00",0,0,774.00,0,0,639.00,116.00,6.00,77.09%
PUGLIA,LECCE,1.00,DIVORZIO,"4,444.00",0,0,"3,843.00",0,0,"1,658.00","2,154.00",13.00,86.48%
PUGLIA,LECCE,1.00,DIVORZIO,"55,145.00",0,0,"49,086.00",0,0,"22,404.00","25,961.00",322.00,89.01%
PUGLIA,LECCE,1.00,DIVORZIO,"3,978.00",0,0,"3,489.00",0,0,"1,904.00","1,495.00",38.00,87.71%
PUGLIA,LECCE,1.00,DIVORZIO,"7,411.00",0,0,"6,145.00",0,0,"3,895.00","2,167.00",43.00,82.92%
PUGLIA,LECCE,1.00,DIVORZIO,"4,885.00",0,0,"4,298.00",0,0,"2,585.00","1,619.00",27.00,87.98%
PUGLIA,LECCE,1.00,DIVORZIO,"9,355.00",0,0,"8,087.00",0,0,"4,601.00","3,358.00",60.00,86.45%
PUGLIA,LECCE,1.00,DIVORZIO,"6,031.00",0,0,"4,651.00",0,0,"2,511.00","2,028.00",43.00,77.12%
PUGLIA,LECCE,1.00,DIVORZIO,"1,148.00",0,0,"1,023.00",0,0,517.00,480.00,12.00,89.11%
PUGLIA,LECCE,1.00,DIVORZIO,"7,133.00",0,0,"5,102.00",0,0,"3,884.00","1,143.00",33.00,71.53%
PUGLIA,LECCE,1.00,DIVORZIO,"4,614.00",0,0,"3,852.00",0,0,"1,606.00","2,172.00",25.00,83.49%
PUGLIA,LECCE,1.00,DIVORZIO,"4,115.00",0,0,"3,495.00",0,0,"1,540.00","1,916.00",18.00,84.93%
PUGLIA,LECCE,1.00,DIVORZIO,"1,566.00",0,0,"1,027.00",0,0,527.00,480.00,9.00,65.58%
PUGLIA,LECCE,1.00,DIVORZIO,"2,146.00",0,0,"1,597.00",0,0,"1,200.00",381.00,7.00,74.42%
PUGLIA,LECCE,1.00,DIVORZIO,"2,859.00",0,0,"2,285.00",0,0,"1,715.00",538.00,13.00,79.92%
PUGLIA,LECCE,1.00,DIVORZIO,"7,438.00",0,0,"6,258.00",0,0,"4,038.00","2,096.00",41.00,84.14%
PUGLIA,LECCE,1.00,DIVORZIO,"1,418.00",0,0,"1,142.00",0,0,539.00,583.00,6.00,80.54%
PUGLIA,LECCE,1.00,DIVORZIO,"2,794.00",0,0,"1,780.00",0,0,960.00,791.00,17.00,63.71%
PUGLIA,LECCE,1.00,DIVORZIO,"3,479.00",0,0,"2,773.00",0,0,"2,004.00",713.00,20.00,79.71%
PUGLIA,LECCE,1.00,DIVORZIO,"19,381.00",0,0,"15,353.00",0,0,"9,576.00","5,582.00",56.00,79.22%
PUGLIA,LECCE,1.00,DIVORZIO,"4,006.00",0,0,"3,024.00",0,0,"2,536.00",458.00,13.00,75.49%
PUGLIA,LECCE,1.00,DIVORZIO,"3,045.00",0,0,"2,423.00",0,0,"1,788.00",572.00,29.00,79.57%
PUGLIA,LECCE,1.00,DIVORZIO,"6,204.00",0,0,"5,216.00",0,0,"3,523.00","1,655.00",21.00,84.07%
PUGLIA,LECCE,1.00,DIVORZIO,"1,737.00",0,0,"1,442.00",0,0,"1,084.00",344.00,8.00,83.02%
PUGLIA,LECCE,1.00,DIVORZIO,"2,629.00",0,0,"2,249.00",0,0,"1,293.00",921.00,11.00,85.55%
PUGLIA,LECCE,1.00,DIVORZIO,"1,046.00",0,0,824.00,0,0,583.00,208.00,21.00,78.78%
PUGLIA,LECCE,1.00,DIVORZIO,"6,159.00",0,0,"4,665.00",0,0,"3,531.00","1,089.00",17.00,75.74%
PUGLIA,LECCE,1.00,DIVORZIO,"1,154.00",0,0,790.00,0,0,582.00,201.00,4.00,68.46%
PUGLIA,LECCE,1.00,DIVORZIO,"3,759.00",0,0,"2,957.00",0,0,"1,888.00","1,023.00",25.00,78.66%
PUGLIA,LECCE,1.00,DIVORZIO,"4,447.00",0,0,"2,838.00",0,0,"1,306.00","1,490.00",23.00,63.82%
PUGLIA,LECCE,1.00,DIVORZIO,"5,099.00",0,0,"4,138.00",0,0,"2,580.00","1,431.00",52.00,81.15%
PUGLIA,LECCE,1.00,DIVORZIO,"5,863.00",0,0,"3,994.00",0,0,"2,886.00","1,043.00",22.00,68.12%
PUGLIA,LECCE,1.00,DIVORZIO,"5,259.00",0,0,"4,442.00",0,0,"2,807.00","1,604.00",12.00,84.46%
PUGLIA,LECCE,1.00,DIVORZIO,"3,645.00",0,0,"2,338.00",0,0,"1,311.00","1,068.00",17.00,64.14%
PUGLIA,LECCE,1.00,DIVORZIO,991.00,0,0,830.00,0,0,402.00,413.00,5.00,83.75%
PUGLIA,LECCE,1.00,DIVORZIO,"4,751.00",0,0,"4,189.00",0,0,"2,220.00","1,855.00",46.00,88.17%
PUGLIA,LECCE,1.00,DIVORZIO,"3,274.00",0,0,"2,802.00",0,0,"1,594.00","1,138.00",34.00,85.58%
PUGLIA,LECCE,1.00,DIVORZIO,"4,716.00",0,0,"3,650.00",0,0,"2,415.00","1,170.00",23.00,77.40%
PUGLIA,LECCE,1.00,DIVORZIO,"2,694.00",0,0,"2,372.00",0,0,"1,560.00",773.00,13.00,88.05%
PUGLIA,LECCE,1.00,DIVORZIO,"1,989.00",0,0,"1,680.00",0,0,"1,060.00",590.00,9.00,84.46%
PUGLIA,LECCE,1.00,DIVORZIO,"3,591.00",0,0,"2,879.00",0,0,"2,239.00",589.00,11.00,80.17%
PUGLIA,LECCE,1.00,DIVORZIO,"1,142.00",0,0,867.00,0,0,529.00,331.00,3.00,75.92%
PUGLIA,LECCE,1.00,DIVORZIO,"2,555.00",0,0,"2,040.00",0,0,"1,253.00",762.00,13.00,79.84%
PUGLIA,LECCE,1.00,DIVORZIO,"3,366.00",0,0,"2,881.00",0,0,"1,722.00","1,108.00",23.00,85.59%
PUGLIA,LECCE,1.00,DIVORZIO,"3,067.00",0,0,"2,290.00",0,0,"1,351.00",909.00,7.00,74.67%
PUGLIA,LECCE,1.00,DIVORZIO,"2,376.00",0,0,"1,824.00",0,0,"1,451.00",338.00,11.00,76.77%
PUGLIA,LECCE,1.00,DIVORZIO,"10,003.00",0,0,"8,725.00",0,0,"4,962.00","3,659.00",54.00,87.22%
PUGLIA,LECCE,1.00,DIVORZIO,"1,675.00",0,0,"1,409.00",0,0,843.00,520.00,18.00,84.12%
PUGLIA,LECCE,1.00,DIVORZIO,"2,851.00",0,0,"2,128.00",0,0,"1,587.00",511.00,8.00,74.64%
PUGLIA,LECCE,1.00,DIVORZIO,"1,197.00",0,0,899.00,0,0,568.00,318.00,4.00,75.10%
PUGLIA,LECCE,1.00,DIVORZIO,"5,070.00",0,0,"4,367.00",0,0,"3,106.00","1,174.00",25.00,86.13%
PUGLIA,LECCE,1.00,DIVORZIO,"5,945.00",0,0,"4,031.00",0,0,"2,719.00","1,254.00",24.00,67.80%
PUGLIA,LECCE,1.00,DIVORZIO,"6,567.00",0,0,"5,500.00",0,0,"2,528.00","2,905.00",31.00,83.75%
PUGLIA,LECCE,1.00,DIVORZIO,"1,307.00",0,0,995.00,0,0,874.00,113.00,1.00,76.13%
PUGLIA,LECCE,1.00,DIVORZIO,"7,727.00",0,0,"6,706.00",0,0,"3,410.00","3,172.00",55.00,86.79%
PUGLIA,LECCE,1.00,DIVORZIO,"9,311.00",0,0,"7,237.00",0,0,"5,382.00","1,731.00",37.00,77.73%
PUGLIA,LECCE,1.00,DIVORZIO,"4,059.00",0,0,"2,891.00",0,0,"1,877.00",967.00,28.00,71.22%
PUGLIA,LECCE,1.00,DIVORZIO,"6,408.00",0,0,"4,390.00",0,0,"3,140.00","1,175.00",24.00,68.51%
PUGLIA,LECCE,1.00,DIVORZIO,"2,868.00",0,0,"2,160.00",0,0,"1,534.00",584.00,20.00,75.31%
PUGLIA,LECCE,1.00,DIVORZIO,"7,121.00",0,0,"5,806.00",0,0,"3,646.00","2,065.00",29.00,81.53%
PUGLIA,LECCE,1.00,DIVORZIO,"4,388.00",0,0,"3,889.00",0,0,"2,246.00","1,535.00",36.00,88.63%
PUGLIA,LECCE,1.00,DIVORZIO,"1,483.00",0,0,"1,136.00",0,0,798.00,326.00,4.00,76.60%
TOSCANA,LIVORNO,1.00,DIVORZIO,"1,865.00",0,0,"1,762.00",0,0,413.00,"1,317.00",21.00,94.48%
TOSCANA,LIVORNO,1.00,DIVORZIO,"8,471.00",0,0,"8,180.00",0,0,"1,505.00","6,566.00",80.00,96.56%
TOSCANA,LIVORNO,1.00,DIVORZIO,"2,762.00",0,0,"2,350.00",0,0,845.00,"1,452.00",32.00,85.08%
TOSCANA,LIVORNO,1.00,DIVORZIO,"1,635.00",0,0,"1,444.00",0,0,511.00,865.00,55.00,88.32%
TOSCANA,LIVORNO,1.00,DIVORZIO,222.00,0,0,169.00,0,0,62.00,102.00,1.00,76.13%
TOSCANA,LIVORNO,1.00,DIVORZIO,"5,787.00",0,0,"5,443.00",0,0,"1,449.00","3,891.00",70.00,94.06%
TOSCANA,LIVORNO,1.00,DIVORZIO,"16,401.00",0,0,"15,863.00",0,0,"3,728.00","11,797.00",225.00,96.72%
TOSCANA,LIVORNO,1.00,DIVORZIO,"8,029.00",0,0,"7,591.00",0,0,"2,021.00","5,402.00",131.00,94.54%
TOSCANA,LIVORNO,1.00,DIVORZIO,"128,237.00",0,0,"119,397.00",0,0,"25,526.00","92,272.00","1,134.00",93.11%
TOSCANA,LIVORNO,1.00,DIVORZIO,"1,650.00",0,0,"1,385.00",0,0,536.00,762.00,53.00,83.94%
TOSCANA,LIVORNO,1.00,DIVORZIO,"1,309.00",0,0,"1,071.00",0,0,348.00,685.00,30.00,81.82%
TOSCANA,LIVORNO,1.00,DIVORZIO,"30,315.00",0,0,"28,799.00",0,0,"4,501.00","23,950.00",256.00,95.00%
TOSCANA,LIVORNO,1.00,DIVORZIO,"1,838.00",0,0,"1,688.00",0,0,558.00,"1,091.00",27.00,91.84%
TOSCANA,LIVORNO,1.00,DIVORZIO,"7,952.00",0,0,"7,121.00",0,0,"2,078.00","4,862.00",113.00,89.55%
TOSCANA,LIVORNO,1.00,DIVORZIO,"2,023.00",0,0,"1,695.00",0,0,660.00,987.00,40.00,83.79%
TOSCANA,LIVORNO,1.00,DIVORZIO,760.00,0,0,601.00,0,0,234.00,349.00,11.00,79.08%
TOSCANA,LIVORNO,1.00,DIVORZIO,"22,072.00",0,0,"20,695.00",0,0,"4,556.00","15,809.00",223.00,93.76%
TOSCANA,LIVORNO,1.00,DIVORZIO,"5,417.00",0,0,"5,134.00",0,0,877.00,"4,189.00",43.00,94.78%
TOSCANA,LIVORNO,1.00,DIVORZIO,512.00,0,0,470.00,0,0,150.00,301.00,13.00,91.80%
TOSCANA,LIVORNO,1.00,DIVORZIO,"2,213.00",0,0,"2,103.00",0,0,520.00,"1,545.00",26.00,95.03%
TOSCANA,LUCCA,1.00,DIVORZIO,"6,505.00",0,0,"5,980.00",0,0,"2,033.00","3,788.00",102.00,91.93%
TOSCANA,LUCCA,1.00,DIVORZIO,"7,221.00",0,0,"5,284.00",0,0,"2,074.00","3,057.00",102.00,73.18%
TOSCANA,LUCCA,1.00,DIVORZIO,"8,461.00",0,0,"7,307.00",0,0,"2,744.00","4,390.00",123.00,86.36%
TOSCANA,LUCCA,1.00,DIVORZIO,"5,621.00",0,0,"4,982.00",0,0,"2,820.00","1,972.00",101.00,88.63%
TOSCANA,LUCCA,1.00,DIVORZIO,"21,232.00",0,0,"19,773.00",0,0,"8,658.00","10,623.00",273.00,93.13%
TOSCANA,LUCCA,1.00,DIVORZIO,"2,065.00",0,0,"1,744.00",0,0,968.00,732.00,30.00,84.46%
TOSCANA,LUCCA,1.00,DIVORZIO,"31,500.00",0,0,"28,577.00",0,0,"14,183.00","13,583.00",466.00,90.72%
TOSCANA,LUCCA,1.00,DIVORZIO,798.00,0,0,566.00,0,0,367.00,186.00,6.00,70.93%
TOSCANA,LUCCA,1.00,DIVORZIO,"4,693.00",0,0,"4,201.00",0,0,"2,319.00","1,788.00",57.00,89.52%
TOSCANA,LUCCA,1.00,DIVORZIO,"1,706.00",0,0,"1,394.00",0,0,862.00,491.00,20.00,81.71%
TOSCANA,LUCCA,1.00,DIVORZIO,"3,867.00",0,0,"3,369.00",0,0,"1,533.00","1,723.00",63.00,87.12%
TOSCANA,LUCCA,1.00,DIVORZIO,628.00,0,0,491.00,0,0,290.00,184.00,11.00,78.18%
TOSCANA,LUCCA,1.00,DIVORZIO,"7,346.00",0,0,"6,893.00",0,0,"2,086.00","4,679.00",53.00,93.83%
TOSCANA,LUCCA,1.00,DIVORZIO,626.00,0,0,558.00,0,0,390.00,155.00,6.00,89.14%
TOSCANA,LUCCA,1.00,DIVORZIO,"3,415.00",0,0,"2,870.00",0,0,"1,380.00","1,427.00",30.00,84.04%
TOSCANA,LUCCA,1.00,DIVORZIO,558.00,0,0,458.00,0,0,303.00,145.00,7.00,82.08%
TOSCANA,LUCCA,1.00,DIVORZIO,"67,263.00",0,0,"61,875.00",0,0,"28,432.00","31,961.00",819.00,91.99%
TOSCANA,LUCCA,1.00,DIVORZIO,"11,863.00",0,0,"11,106.00",0,0,"5,341.00","5,476.00",156.00,93.62%
TOSCANA,LUCCA,1.00,DIVORZIO,"2,378.00",0,0,"2,013.00",0,0,947.00,"1,001.00",34.00,84.65%
TOSCANA,LUCCA,1.00,DIVORZIO,"1,182.00",0,0,"1,038.00",0,0,552.00,454.00,15.00,87.82%
TOSCANA,LUCCA,1.00,DIVORZIO,"2,453.00",0,0,"2,283.00",0,0,748.00,"1,456.00",50.00,93.07%
TOSCANA,LUCCA,1.00,DIVORZIO,"2,949.00",0,0,"2,609.00",0,0,"1,538.00",964.00,51.00,88.47%
TOSCANA,LUCCA,1.00,DIVORZIO,"1,871.00",0,0,"1,658.00",0,0,"1,040.00",585.00,21.00,88.62%
TOSCANA,LUCCA,1.00,DIVORZIO,"18,228.00",0,0,"17,054.00",0,0,"5,266.00","11,225.00",254.00,93.56%
TOSCANA,LUCCA,1.00,DIVORZIO,"1,871.00",0,0,"1,680.00",0,0,902.00,721.00,23.00,89.79%
TOSCANA,LUCCA,1.00,DIVORZIO,"4,528.00",0,0,"4,164.00",0,0,"1,830.00","2,254.00",53.00,91.96%
TOSCANA,LUCCA,1.00,DIVORZIO,"1,153.00",0,0,958.00,0,0,538.00,389.00,21.00,83.09%
TOSCANA,LUCCA,1.00,DIVORZIO,"9,465.00",0,0,"8,867.00",0,0,"2,857.00","5,738.00",118.00,93.68%
TOSCANA,LUCCA,1.00,DIVORZIO,790.00,0,0,667.00,0,0,344.00,296.00,17.00,84.43%
TOSCANA,LUCCA,1.00,DIVORZIO,"3,503.00",0,0,"3,128.00",0,0,"1,639.00","1,370.00",38.00,89.29%
TOSCANA,LUCCA,1.00,DIVORZIO,"1,154.00",0,0,966.00,0,0,511.00,421.00,16.00,83.71%
TOSCANA,LUCCA,1.00,DIVORZIO,560.00,0,0,453.00,0,0,266.00,177.00,8.00,80.89%
TOSCANA,LUCCA,1.00,DIVORZIO,"40,831.00",0,0,"37,290.00",0,0,"11,273.00","25,424.00",392.00,91.33%
TOSCANA,LUCCA,1.00,DIVORZIO,"1,681.00",0,0,"1,552.00",0,0,841.00,656.00,36.00,92.33%
TOSCANA,LUCCA,1.00,DIVORZIO,"1,159.00",0,0,992.00,0,0,689.00,270.00,14.00,85.59%
MARCHE,MACERATA,1.00,DIVORZIO,140.00,0,0,127.00,0,0,77.00,48.00,2.00,90.71%
MARCHE,MACERATA,1.00,DIVORZIO,"2,138.00",0,0,"2,040.00",0,0,"1,136.00",825.00,43.00,95.42%
MARCHE,MACERATA,1.00,DIVORZIO,"2,249.00",0,0,"2,141.00",0,0,"1,013.00","1,042.00",54.00,95.20%
MARCHE,MACERATA,1.00,DIVORZIO,"1,043.00",0,0,973.00,0,0,388.00,532.00,36.00,93.29%
MARCHE,MACERATA,1.00,DIVORZIO,129.00,0,0,119.00,0,0,63.00,49.00,4.00,92.25%
MARCHE,MACERATA,1.00,DIVORZIO,"1,466.00",0,0,"1,391.00",0,0,666.00,673.00,38.00,94.88%
MARCHE,MACERATA,1.00,DIVORZIO,"6,299.00",0,0,"5,898.00",0,0,"2,628.00","3,102.00",91.00,93.63%
MARCHE,MACERATA,1.00,DIVORZIO,398.00,0,0,368.00,0,0,188.00,171.00,7.00,92.46%
MARCHE,MACERATA,1.00,DIVORZIO,"2,906.00",0,0,"2,628.00",0,0,"1,386.00","1,165.00",54.00,90.43%
MARCHE,MACERATA,1.00,DIVORZIO,472.00,0,0,345.00,0,0,229.00,107.00,4.00,73.09%
MARCHE,MACERATA,1.00,DIVORZIO,611.00,0,0,544.00,0,0,337.00,175.00,17.00,89.03%
MARCHE,MACERATA,1.00,DIVORZIO,"7,544.00",0,0,"7,091.00",0,0,"4,238.00","2,579.00",133.00,94.00%
MARCHE,MACERATA,1.00,DIVORZIO,"23,511.00",0,0,"21,358.00",0,0,"7,743.00","12,909.00",428.00,90.84%
MARCHE,MACERATA,1.00,DIVORZIO,986.00,0,0,940.00,0,0,612.00,297.00,19.00,95.33%
MARCHE,MACERATA,1.00,DIVORZIO,"7,621.00",0,0,"7,202.00",0,0,"3,912.00","2,972.00",174.00,94.50%
MARCHE,MACERATA,1.00,DIVORZIO,"1,482.00",0,0,"1,302.00",0,0,378.00,878.00,22.00,87.85%
MARCHE,MACERATA,1.00,DIVORZIO,661.00,0,0,529.00,0,0,304.00,200.00,17.00,80.03%
MARCHE,MACERATA,1.00,DIVORZIO,264.00,0,0,223.00,0,0,151.00,68.00,1.00,84.47%
MARCHE,MACERATA,1.00,DIVORZIO,"1,524.00",0,0,"1,235.00",0,0,657.00,547.00,20.00,81.04%
MARCHE,MACERATA,1.00,DIVORZIO,511.00,0,0,438.00,0,0,261.00,160.00,10.00,85.71%
MARCHE,MACERATA,1.00,DIVORZIO,935.00,0,0,850.00,0,0,572.00,251.00,18.00,90.91%
MARCHE,MACERATA,1.00,DIVORZIO,"1,997.00",0,0,"1,862.00",0,0,910.00,855.00,57.00,93.24%
MARCHE,MACERATA,1.00,DIVORZIO,"30,898.00",0,0,"29,205.00",0,0,"14,391.00","14,012.00",426.00,94.52%
MARCHE,MACERATA,1.00,DIVORZIO,"6,417.00",0,0,"5,735.00",0,0,"2,154.00","3,363.00",128.00,89.37%
MARCHE,MACERATA,1.00,DIVORZIO,"3,509.00",0,0,"3,282.00",0,0,"1,687.00","1,467.00",93.00,93.53%
MARCHE,MACERATA,1.00,DIVORZIO,"3,605.00",0,0,"3,412.00",0,0,"2,300.00",988.00,66.00,94.65%
MARCHE,MACERATA,1.00,DIVORZIO,209.00,0,0,173.00,0,0,111.00,54.00,4.00,82.78%
MARCHE,MACERATA,1.00,DIVORZIO,"3,053.00",0,0,"2,874.00",0,0,"1,471.00","1,274.00",70.00,94.14%
MARCHE,MACERATA,1.00,DIVORZIO,"2,233.00",0,0,"2,111.00",0,0,"1,213.00",813.00,53.00,94.54%
MARCHE,MACERATA,1.00,DIVORZIO,"2,243.00",0,0,"2,066.00",0,0,"1,094.00",854.00,62.00,92.11%
MARCHE,MACERATA,1.00,DIVORZIO,"4,667.00",0,0,"4,433.00",0,0,"2,151.00","2,032.00",152.00,94.99%
MARCHE,MACERATA,1.00,DIVORZIO,719.00,0,0,657.00,0,0,512.00,123.00,14.00,91.38%
MARCHE,MACERATA,1.00,DIVORZIO,"4,610.00",0,0,"4,243.00",0,0,"2,411.00","1,612.00",137.00,92.04%
MARCHE,MACERATA,1.00,DIVORZIO,664.00,0,0,598.00,0,0,253.00,323.00,15.00,90.06%
MARCHE,MACERATA,1.00,DIVORZIO,"1,420.00",0,0,"1,304.00",0,0,735.00,515.00,31.00,91.83%
MARCHE,MACERATA,1.00,DIVORZIO,"1,379.00",0,0,"1,307.00",0,0,792.00,474.00,30.00,94.78%
MARCHE,MACERATA,1.00,DIVORZIO,741.00,0,0,638.00,0,0,318.00,286.00,23.00,86.10%
MARCHE,MACERATA,1.00,DIVORZIO,"1,230.00",0,0,"1,092.00",0,0,616.00,448.00,21.00,88.78%
MARCHE,MACERATA,1.00,DIVORZIO,"1,341.00",0,0,"1,217.00",0,0,452.00,731.00,23.00,90.75%
MARCHE,MACERATA,1.00,DIVORZIO,284.00,0,0,261.00,0,0,146.00,97.00,15.00,91.90%
MARCHE,MACERATA,1.00,DIVORZIO,"3,764.00",0,0,"3,586.00",0,0,"2,249.00","1,207.00",64.00,95.27%
MARCHE,MACERATA,1.00,DIVORZIO,"4,758.00",0,0,"4,408.00",0,0,"1,629.00","2,614.00",122.00,92.64%
MARCHE,MACERATA,1.00,DIVORZIO,"8,296.00",0,0,"7,843.00",0,0,"3,346.00","4,196.00",184.00,94.54%
MARCHE,MACERATA,1.00,DIVORZIO,"12,714.00",0,0,"11,964.00",0,0,"5,886.00","5,581.00",289.00,94.10%
MARCHE,MACERATA,1.00,DIVORZIO,656.00,0,0,605.00,0,0,361.00,220.00,17.00,92.23%
MARCHE,MACERATA,1.00,DIVORZIO,"3,637.00",0,0,"3,316.00",0,0,"1,909.00","1,302.00",56.00,91.17%
MARCHE,MACERATA,1.00,DIVORZIO,"9,662.00",0,0,"8,979.00",0,0,"4,395.00","4,194.00",199.00,92.93%
MARCHE,MACERATA,1.00,DIVORZIO,"1,386.00",0,0,"1,258.00",0,0,700.00,504.00,35.00,90.76%
MARCHE,MACERATA,1.00,DIVORZIO,"2,803.00",0,0,"2,502.00",0,0,"1,542.00",875.00,64.00,89.26%
MARCHE,MACERATA,1.00,DIVORZIO,474.00,0,0,394.00,0,0,220.00,158.00,11.00,83.12%
MARCHE,MACERATA,1.00,DIVORZIO,650.00,0,0,616.00,0,0,304.00,293.00,9.00,94.77%
MARCHE,MACERATA,1.00,DIVORZIO,"1,373.00",0,0,"1,173.00",0,0,595.00,545.00,17.00,85.43%
MARCHE,MACERATA,1.00,DIVORZIO,"12,723.00",0,0,"11,962.00",0,0,"4,458.00","7,019.00",255.00,94.02%
MARCHE,MACERATA,1.00,DIVORZIO,"6,411.00",0,0,"6,045.00",0,0,"3,343.00","2,421.00",129.00,94.29%
MARCHE,MACERATA,1.00,DIVORZIO,"1,787.00",0,0,"1,694.00",0,0,"1,030.00",599.00,41.00,94.80%
MARCHE,MACERATA,1.00,DIVORZIO,425.00,0,0,338.00,0,0,217.00,115.00,3.00,79.53%
MARCHE,MACERATA,1.00,DIVORZIO,"1,174.00",0,0,996.00,0,0,613.00,350.00,16.00,84.84%
LOMBARDIA,MANTOVA,1.00,DIVORZIO,"2,505.00",0,0,"2,359.00",0,0,629.00,"1,677.00",40.00,94.17%
LOMBARDIA,MANTOVA,1.00,DIVORZIO,"6,235.00",0,0,"6,045.00",0,0,"2,586.00","3,248.00",136.00,96.95%
LOMBARDIA,MANTOVA,1.00,DIVORZIO,"3,847.00",0,0,"3,697.00",0,0,"1,592.00","2,023.00",52.00,96.10%
LOMBARDIA,MANTOVA,1.00,DIVORZIO,"1,215.00",0,0,"1,146.00",0,0,418.00,709.00,12.00,94.32%
LOMBARDIA,MANTOVA,1.00,DIVORZIO,"2,550.00",0,0,"2,447.00",0,0,982.00,"1,395.00",53.00,95.96%
LOMBARDIA,MANTOVA,1.00,DIVORZIO,"1,000.00",0,0,947.00,0,0,412.00,512.00,17.00,94.70%
LOMBARDIA,MANTOVA,1.00,DIVORZIO,"2,998.00",0,0,"2,958.00",0,0,"1,153.00","1,688.00",92.00,98.67%
LOMBARDIA,MANTOVA,1.00,DIVORZIO,"3,576.00",0,0,"3,377.00",0,0,"1,266.00","1,987.00",96.00,94.44%
LOMBARDIA,MANTOVA,1.00,DIVORZIO,"1,110.00",0,0,"1,044.00",0,0,340.00,670.00,24.00,94.05%
LOMBARDIA,MANTOVA,1.00,DIVORZIO,"1,114.00",0,0,"1,047.00",0,0,396.00,627.00,18.00,93.99%
LOMBARDIA,MANTOVA,1.00,DIVORZIO,"1,261.00",0,0,"1,197.00",0,0,462.00,679.00,42.00,94.92%
LOMBARDIA,MANTOVA,1.00,DIVORZIO,825.00,0,0,782.00,0,0,403.00,351.00,20.00,94.79%
LOMBARDIA,MANTOVA,1.00,DIVORZIO,"1,754.00",0,0,"1,674.00",0,0,783.00,850.00,35.00,95.44%
LOMBARDIA,MANTOVA,1.00,DIVORZIO,"2,956.00",0,0,"2,833.00",0,0,885.00,"1,867.00",51.00,95.84%
LOMBARDIA,MANTOVA,1.00,DIVORZIO,"4,972.00",0,0,"4,806.00",0,0,"2,360.00","2,286.00",120.00,96.66%
LOMBARDIA,MANTOVA,1.00,DIVORZIO,"3,703.00",0,0,"3,511.00",0,0,"1,531.00","1,876.00",76.00,94.82%
LOMBARDIA,MANTOVA,1.00,DIVORZIO,"8,637.00",0,0,"8,256.00",0,0,"3,243.00","4,775.00",158.00,95.59%
LOMBARDIA,MANTOVA,1.00,DIVORZIO,"2,218.00",0,0,"2,082.00",0,0,"1,151.00",869.00,44.00,93.87%
LOMBARDIA,MANTOVA,1.00,DIVORZIO,"1,725.00",0,0,"1,648.00",0,0,969.00,617.00,45.00,95.54%
LOMBARDIA,MANTOVA,1.00,DIVORZIO,928.00,0,0,883.00,0,0,406.00,451.00,16.00,95.15%
LOMBARDIA,MANTOVA,1.00,DIVORZIO,"5,987.00",0,0,"5,756.00",0,0,"2,019.00","3,602.00",100.00,96.14%
LOMBARDIA,MANTOVA,1.00,DIVORZIO,"2,565.00",0,0,"2,448.00",0,0,733.00,"1,659.00",34.00,95.44%
LOMBARDIA,MANTOVA,1.00,DIVORZIO,"1,659.00",0,0,"1,513.00",0,0,516.00,960.00,27.00,91.20%
LOMBARDIA,MANTOVA,1.00,DIVORZIO,"1,488.00",0,0,"1,413.00",0,0,584.00,773.00,46.00,94.96%
LOMBARDIA,MANTOVA,1.00,DIVORZIO,"2,218.00",0,0,"2,097.00",0,0,742.00,"1,279.00",55.00,94.54%
LOMBARDIA,MANTOVA,1.00,DIVORZIO,"6,174.00",0,0,"5,955.00",0,0,"2,522.00","3,285.00",113.00,96.45%
LOMBARDIA,MANTOVA,1.00,DIVORZIO,"4,991.00",0,0,"4,790.00",0,0,"1,591.00","3,076.00",91.00,95.97%
LOMBARDIA,MANTOVA,1.00,DIVORZIO,"3,086.00",0,0,"2,970.00",0,0,"1,257.00","1,629.00",67.00,96.24%
LOMBARDIA,MANTOVA,1.00,DIVORZIO,"1,562.00",0,0,"1,491.00",0,0,603.00,870.00,14.00,95.45%
LOMBARDIA,MANTOVA,1.00,DIVORZIO,"48,269.00",0,0,"46,542.00",0,0,"12,675.00","32,892.00",702.00,96.42%
LOMBARDIA,MANTOVA,1.00,DIVORZIO,"5,584.00",0,0,"5,287.00",0,0,"2,316.00","2,841.00",86.00,94.68%
LOMBARDIA,MANTOVA,1.00,DIVORZIO,482.00,0,0,455.00,0,0,202.00,238.00,7.00,94.40%
LOMBARDIA,MANTOVA,1.00,DIVORZIO,"4,924.00",0,0,"4,772.00",0,0,"1,766.00","2,869.00",90.00,96.91%
LOMBARDIA,MANTOVA,1.00,DIVORZIO,"2,376.00",0,0,"2,257.00",0,0,844.00,"1,328.00",68.00,94.99%
LOMBARDIA,MANTOVA,1.00,DIVORZIO,"4,227.00",0,0,"4,038.00",0,0,"1,189.00","2,749.00",80.00,95.53%
LOMBARDIA,MANTOVA,1.00,DIVORZIO,"2,332.00",0,0,"2,172.00",0,0,"1,100.00","1,014.00",36.00,93.14%
LOMBARDIA,MANTOVA,1.00,DIVORZIO,"1,631.00",0,0,"1,593.00",0,0,423.00,"1,127.00",38.00,97.67%
LOMBARDIA,MANTOVA,1.00,DIVORZIO,"6,058.00",0,0,"5,762.00",0,0,"1,767.00","3,879.00",85.00,95.11%
LOMBARDIA,MANTOVA,1.00,DIVORZIO,"4,802.00",0,0,"4,661.00",0,0,"1,268.00","3,307.00",71.00,97.06%
LOMBARDIA,MANTOVA,1.00,DIVORZIO,766.00,0,0,727.00,0,0,224.00,484.00,13.00,94.91%
LOMBARDIA,MANTOVA,1.00,DIVORZIO,"1,265.00",0,0,"1,164.00",0,0,603.00,523.00,31.00,92.02%
LOMBARDIA,MANTOVA,1.00,DIVORZIO,"4,669.00",0,0,"4,501.00",0,0,"1,587.00","2,826.00",68.00,96.40%
LOMBARDIA,MANTOVA,1.00,DIVORZIO,"1,161.00",0,0,"1,090.00",0,0,544.00,506.00,32.00,93.88%
LOMBARDIA,MANTOVA,1.00,DIVORZIO,"1,067.00",0,0,"1,001.00",0,0,453.00,521.00,22.00,93.81%
LOMBARDIA,MANTOVA,1.00,DIVORZIO,"4,946.00",0,0,"4,809.00",0,0,"1,301.00","3,404.00",68.00,97.23%
LOMBARDIA,MANTOVA,1.00,DIVORZIO,"1,198.00",0,0,"1,121.00",0,0,320.00,773.00,18.00,93.57%
LOMBARDIA,MANTOVA,1.00,DIVORZIO,"5,082.00",0,0,"4,858.00",0,0,"1,682.00","3,067.00",86.00,95.59%
LOMBARDIA,MANTOVA,1.00,DIVORZIO,"1,210.00",0,0,"1,146.00",0,0,513.00,595.00,28.00,94.71%
LOMBARDIA,MANTOVA,1.00,DIVORZIO,"2,333.00",0,0,"2,168.00",0,0,843.00,"1,273.00",38.00,92.93%
LOMBARDIA,MANTOVA,1.00,DIVORZIO,"2,207.00",0,0,"2,094.00",0,0,"1,078.00",958.00,44.00,94.88%
LOMBARDIA,MANTOVA,1.00,DIVORZIO,"3,655.00",0,0,"3,547.00",0,0,"1,456.00","1,961.00",94.00,97.05%
LOMBARDIA,MANTOVA,1.00,DIVORZIO,"4,987.00",0,0,"4,786.00",0,0,"1,528.00","3,142.00",84.00,95.97%
LOMBARDIA,MANTOVA,1.00,DIVORZIO,"5,598.00",0,0,"5,376.00",0,0,"2,380.00","2,820.00",112.00,96.03%
LOMBARDIA,MANTOVA,1.00,DIVORZIO,"3,892.00",0,0,"3,691.00",0,0,"1,782.00","1,804.00",81.00,94.84%
LOMBARDIA,MANTOVA,1.00,DIVORZIO,"6,499.00",0,0,"6,206.00",0,0,"1,810.00","4,267.00",95.00,95.49%
LOMBARDIA,MANTOVA,1.00,DIVORZIO,"1,633.00",0,0,"1,570.00",0,0,729.00,791.00,39.00,96.14%
LOMBARDIA,MANTOVA,1.00,DIVORZIO,"3,544.00",0,0,"3,409.00",0,0,989.00,"2,347.00",55.00,96.19%
LOMBARDIA,MANTOVA,1.00,DIVORZIO,"1,090.00",0,0,"1,032.00",0,0,456.00,543.00,24.00,94.68%
LOMBARDIA,MANTOVA,1.00,DIVORZIO,"1,565.00",0,0,"1,468.00",0,0,353.00,"1,044.00",56.00,93.80%
LOMBARDIA,MANTOVA,1.00,DIVORZIO,"1,142.00",0,0,"1,070.00",0,0,434.00,594.00,32.00,93.70%
LOMBARDIA,MANTOVA,1.00,DIVORZIO,"5,544.00",0,0,"5,264.00",0,0,"1,681.00","3,470.00",87.00,94.95%
LOMBARDIA,MANTOVA,1.00,DIVORZIO,"1,566.00",0,0,"1,501.00",0,0,545.00,917.00,31.00,95.85%
LOMBARDIA,MANTOVA,1.00,DIVORZIO,"1,350.00",0,0,"1,238.00",0,0,604.00,598.00,19.00,91.70%
LOMBARDIA,MANTOVA,1.00,DIVORZIO,"1,850.00",0,0,"1,742.00",0,0,646.00,"1,041.00",39.00,94.16%
LOMBARDIA,MANTOVA,1.00,DIVORZIO,"13,492.00",0,0,"13,020.00",0,0,"2,991.00","9,781.00",179.00,96.50%
LOMBARDIA,MANTOVA,1.00,DIVORZIO,"11,637.00",0,0,"11,201.00",0,0,"4,425.00","6,435.00",236.00,96.25%
LOMBARDIA,MANTOVA,1.00,DIVORZIO,"1,436.00",0,0,"1,363.00",0,0,493.00,832.00,26.00,94.92%
LOMBARDIA,MANTOVA,1.00,DIVORZIO,"1,839.00",0,0,"1,749.00",0,0,603.00,"1,113.00",23.00,95.11%
LOMBARDIA,MANTOVA,1.00,DIVORZIO,"4,818.00",0,0,"4,640.00",0,0,"1,615.00","2,893.00",104.00,96.31%
LOMBARDIA,MANTOVA,1.00,DIVORZIO,"3,814.00",0,0,"3,657.00",0,0,"1,771.00","1,771.00",84.00,95.88%
TOSCANA,MASSA-CARRARA,1.00,DIVORZIO,"7,551.00",0,0,"6,968.00",0,0,"2,480.00","4,275.00",116.00,92.28%
TOSCANA,MASSA-CARRARA,1.00,DIVORZIO,"2,557.00",0,0,"2,095.00",0,0,"1,319.00",695.00,45.00,81.93%
TOSCANA,MASSA-CARRARA,1.00,DIVORZIO,"49,155.00",0,0,"45,205.00",0,0,"11,596.00","32,709.00",457.00,91.96%
TOSCANA,MASSA-CARRARA,1.00,DIVORZIO,"1,369.00",0,0,"1,154.00",0,0,567.00,557.00,18.00,84.30%
TOSCANA,MASSA-CARRARA,1.00,DIVORZIO,884.00,0,0,759.00,0,0,386.00,355.00,9.00,85.86%
TOSCANA,MASSA-CARRARA,1.00,DIVORZIO,"2,393.00",0,0,"1,966.00",0,0,784.00,"1,109.00",45.00,82.16%
TOSCANA,MASSA-CARRARA,1.00,DIVORZIO,"8,506.00",0,0,"7,479.00",0,0,"3,096.00","4,165.00",129.00,87.93%
TOSCANA,MASSA-CARRARA,1.00,DIVORZIO,"3,170.00",0,0,"2,917.00",0,0,953.00,"1,877.00",53.00,92.02%
TOSCANA,MASSA-CARRARA,1.00,DIVORZIO,"3,446.00",0,0,"3,031.00",0,0,"1,284.00","1,663.00",49.00,87.96%
TOSCANA,MASSA-CARRARA,1.00,DIVORZIO,"43,604.00",0,0,"41,080.00",0,0,"14,305.00","25,962.00",352.00,94.21%
TOSCANA,MASSA-CARRARA,1.00,DIVORZIO,"5,569.00",0,0,"5,137.00",0,0,"1,575.00","3,450.00",53.00,92.24%
TOSCANA,MASSA-CARRARA,1.00,DIVORZIO,"2,506.00",0,0,"1,969.00",0,0,718.00,"1,188.00",34.00,78.57%
TOSCANA,MASSA-CARRARA,1.00,DIVORZIO,"1,012.00",0,0,900.00,0,0,326.00,539.00,24.00,88.93%
TOSCANA,MASSA-CARRARA,1.00,DIVORZIO,"9,029.00",0,0,"7,201.00",0,0,"3,272.00","3,633.00",181.00,79.75%
TOSCANA,MASSA-CARRARA,1.00,DIVORZIO,"2,098.00",0,0,"1,714.00",0,0,555.00,"1,105.00",31.00,81.70%
TOSCANA,MASSA-CARRARA,1.00,DIVORZIO,"3,561.00",0,0,"3,065.00",0,0,"1,388.00","1,576.00",66.00,86.07%
TOSCANA,MASSA-CARRARA,1.00,DIVORZIO,"1,633.00",0,0,"1,265.00",0,0,484.00,717.00,41.00,77.46%
BASILICATA,MATERA,1.00,DIVORZIO,"2,552.00",0,0,"1,682.00",0,0,878.00,718.00,37.00,65.91%
BASILICATA,MATERA,1.00,DIVORZIO,"1,172.00",0,0,958.00,0,0,684.00,254.00,8.00,81.74%
BASILICATA,MATERA,1.00,DIVORZIO,"6,751.00",0,0,"5,590.00",0,0,"2,134.00","3,345.00",31.00,82.80%
BASILICATA,MATERA,1.00,DIVORZIO,751.00,0,0,641.00,0,0,331.00,277.00,6.00,85.35%
BASILICATA,MATERA,1.00,DIVORZIO,650.00,0,0,472.00,0,0,290.00,154.00,7.00,72.62%
BASILICATA,MATERA,1.00,DIVORZIO,"1,479.00",0,0,"1,104.00",0,0,671.00,400.00,9.00,74.65%
BASILICATA,MATERA,1.00,DIVORZIO,857.00,0,0,656.00,0,0,382.00,251.00,13.00,76.55%
BASILICATA,MATERA,1.00,DIVORZIO,"5,763.00",0,0,"5,082.00",0,0,"2,498.00","2,506.00",27.00,88.18%
BASILICATA,MATERA,1.00,DIVORZIO,878.00,0,0,653.00,0,0,444.00,184.00,7.00,74.37%
BASILICATA,MATERA,1.00,DIVORZIO,"1,022.00",0,0,731.00,0,0,500.00,196.00,5.00,71.53%
BASILICATA,MATERA,1.00,DIVORZIO,"4,747.00",0,0,"3,561.00",0,0,"2,189.00","1,281.00",29.00,75.02%
BASILICATA,MATERA,1.00,DIVORZIO,"2,037.00",0,0,"1,701.00",0,0,832.00,824.00,11.00,83.51%
BASILICATA,MATERA,1.00,DIVORZIO,"5,070.00",0,0,"4,291.00",0,0,"1,610.00","2,597.00",22.00,84.64%
BASILICATA,MATERA,1.00,DIVORZIO,"28,815.00",0,0,"26,315.00",0,0,"11,695.00","13,978.00",210.00,91.32%
BASILICATA,MATERA,1.00,DIVORZIO,"1,824.00",0,0,"1,515.00",0,0,701.00,787.00,8.00,83.06%
BASILICATA,MATERA,1.00,DIVORZIO,"7,802.00",0,0,"6,632.00",0,0,"3,604.00","2,844.00",44.00,85.00%
BASILICATA,MATERA,1.00,DIVORZIO,"6,207.00",0,0,"4,577.00",0,0,"2,358.00","2,097.00",43.00,73.74%
BASILICATA,MATERA,1.00,DIVORZIO,"2,788.00",0,0,"2,419.00",0,0,"1,364.00",966.00,28.00,86.76%
BASILICATA,MATERA,1.00,DIVORZIO,641.00,0,0,465.00,0,0,310.00,124.00,19.00,72.54%
BASILICATA,MATERA,1.00,DIVORZIO,"10,820.00",0,0,"9,604.00",0,0,"5,101.00","4,281.00",57.00,88.76%
BASILICATA,MATERA,1.00,DIVORZIO,"5,029.00",0,0,"4,523.00",0,0,"2,392.00","2,002.00",35.00,89.94%
BASILICATA,MATERA,1.00,DIVORZIO,"3,296.00",0,0,"2,387.00",0,0,"1,149.00","1,113.00",54.00,72.42%
BASILICATA,MATERA,1.00,DIVORZIO,"2,701.00",0,0,"2,033.00",0,0,"1,043.00",946.00,11.00,75.27%
BASILICATA,MATERA,1.00,DIVORZIO,"2,173.00",0,0,"1,864.00",0,0,"1,209.00",595.00,16.00,85.78%
BASILICATA,MATERA,1.00,DIVORZIO,"1,460.00",0,0,"1,163.00",0,0,639.00,494.00,7.00,79.66%
BASILICATA,MATERA,1.00,DIVORZIO,"1,987.00",0,0,"1,464.00",0,0,650.00,781.00,14.00,73.68%
BASILICATA,MATERA,1.00,DIVORZIO,"5,416.00",0,0,"4,464.00",0,0,"2,117.00","2,222.00",52.00,82.42%
BASILICATA,MATERA,1.00,DIVORZIO,"5,005.00",0,0,"3,638.00",0,0,"1,916.00","1,634.00",30.00,72.69%
BASILICATA,MATERA,1.00,DIVORZIO,"3,446.00",0,0,"2,907.00",0,0,"1,531.00","1,307.00",16.00,84.36%
BASILICATA,MATERA,1.00,DIVORZIO,"1,457.00",0,0,"1,063.00",0,0,575.00,445.00,11.00,72.96%
SICILIA,MESSINA,1.00,DIVORZIO,"2,716.00",0,0,"1,974.00",0,0,"1,300.00",639.00,10.00,72.68%
SICILIA,MESSINA,1.00,DIVORZIO,"2,150.00",0,0,"1,414.00",0,0,905.00,471.00,7.00,65.77%
SICILIA,MESSINA,1.00,DIVORZIO,854.00,0,0,651.00,0,0,395.00,215.00,14.00,76.23%
SICILIA,MESSINA,1.00,DIVORZIO,"1,575.00",0,0,"1,354.00",0,0,916.00,404.00,14.00,85.97%
SICILIA,MESSINA,1.00,DIVORZIO,"1,136.00",0,0,895.00,0,0,305.00,536.00,13.00,78.79%
SICILIA,MESSINA,1.00,DIVORZIO,"22,341.00",0,0,"18,309.00",0,0,"10,535.00","7,098.00",208.00,81.95%
SICILIA,MESSINA,1.00,DIVORZIO,827.00,0,0,583.00,0,0,404.00,153.00,5.00,70.50%
SICILIA,MESSINA,1.00,DIVORZIO,"2,183.00",0,0,"1,765.00",0,0,862.00,847.00,22.00,80.85%
SICILIA,MESSINA,1.00,DIVORZIO,"2,710.00",0,0,"1,480.00",0,0,980.00,455.00,6.00,54.61%
SICILIA,MESSINA,1.00,DIVORZIO,"6,416.00",0,0,"4,829.00",0,0,"2,812.00","1,875.00",50.00,75.26%
SICILIA,MESSINA,1.00,DIVORZIO,"1,133.00",0,0,880.00,0,0,636.00,219.00,10.00,77.67%
SICILIA,MESSINA,1.00,DIVORZIO,"3,167.00",0,0,"2,298.00",0,0,"1,112.00","1,148.00",13.00,72.56%
SICILIA,MESSINA,1.00,DIVORZIO,"1,546.00",0,0,"1,284.00",0,0,457.00,755.00,24.00,83.05%
SICILIA,MESSINA,1.00,DIVORZIO,"1,143.00",0,0,928.00,0,0,569.00,333.00,5.00,81.19%
SICILIA,MESSINA,1.00,DIVORZIO,"2,581.00",0,0,"1,875.00",0,0,925.00,874.00,19.00,72.65%
SICILIA,MESSINA,1.00,DIVORZIO,710.00,0,0,566.00,0,0,351.00,177.00,10.00,79.72%
SICILIA,MESSINA,1.00,DIVORZIO,"2,738.00",0,0,"2,141.00",0,0,"1,106.00",935.00,31.00,78.20%
SICILIA,MESSINA,1.00,DIVORZIO,"2,504.00",0,0,"1,734.00",0,0,"1,045.00",640.00,16.00,69.25%
SICILIA,MESSINA,1.00,DIVORZIO,560.00,0,0,401.00,0,0,120.00,256.00,1.00,71.61%
SICILIA,MESSINA,1.00,DIVORZIO,"1,939.00",0,0,"1,138.00",0,0,562.00,518.00,34.00,58.69%
SICILIA,MESSINA,1.00,DIVORZIO,"1,798.00",0,0,"1,503.00",0,0,700.00,735.00,31.00,83.59%
SICILIA,MESSINA,1.00,DIVORZIO,"1,441.00",0,0,"1,157.00",0,0,662.00,435.00,25.00,80.29%
SICILIA,MESSINA,1.00,DIVORZIO,783.00,0,0,475.00,0,0,317.00,148.00,1.00,60.66%
SICILIA,MESSINA,1.00,DIVORZIO,"1,797.00",0,0,"1,272.00",0,0,722.00,463.00,15.00,70.78%
SICILIA,MESSINA,1.00,DIVORZIO,816.00,0,0,596.00,0,0,309.00,266.00,6.00,73.04%
SICILIA,MESSINA,1.00,DIVORZIO,"3,707.00",0,0,"2,523.00",0,0,"1,297.00","1,164.00",11.00,68.06%
SICILIA,MESSINA,1.00,DIVORZIO,879.00,0,0,624.00,0,0,458.00,156.00,4.00,70.99%
SICILIA,MESSINA,1.00,DIVORZIO,"2,285.00",0,0,"1,876.00",0,0,"1,251.00",556.00,14.00,82.10%
SICILIA,MESSINA,1.00,DIVORZIO,"2,306.00",0,0,"1,661.00",0,0,"1,021.00",597.00,7.00,72.03%
SICILIA,MESSINA,1.00,DIVORZIO,949.00,0,0,655.00,0,0,305.00,334.00,8.00,69.02%
SICILIA,MESSINA,1.00,DIVORZIO,"2,375.00",0,0,"1,794.00",0,0,"1,228.00",511.00,23.00,75.54%
SICILIA,MESSINA,1.00,DIVORZIO,402.00,0,0,296.00,0,0,150.00,134.00,12.00,73.63%
SICILIA,MESSINA,1.00,DIVORZIO,"4,415.00",0,0,"3,349.00",0,0,"1,204.00","2,085.00",23.00,75.86%
SICILIA,MESSINA,1.00,DIVORZIO,"4,484.00",0,0,"3,031.00",0,0,"1,747.00","1,180.00",25.00,67.60%
SICILIA,MESSINA,1.00,DIVORZIO,"1,291.00",0,0,942.00,0,0,587.00,337.00,12.00,72.97%
SICILIA,MESSINA,1.00,DIVORZIO,"2,018.00",0,0,"1,601.00",0,0,"1,157.00",370.00,30.00,79.34%
SICILIA,MESSINA,1.00,DIVORZIO,"1,272.00",0,0,"1,006.00",0,0,650.00,326.00,8.00,79.09%
SICILIA,MESSINA,1.00,DIVORZIO,414.00,0,0,331.00,0,0,199.00,124.00,4.00,79.95%
SICILIA,MESSINA,1.00,DIVORZIO,"1,574.00",0,0,"1,287.00",0,0,560.00,707.00,6.00,81.77%
SICILIA,MESSINA,1.00,DIVORZIO,"1,782.00",0,0,"1,249.00",0,0,550.00,603.00,18.00,70.09%
SICILIA,MESSINA,1.00,DIVORZIO,"1,452.00",0,0,834.00,0,0,257.00,568.00,6.00,57.44%
SICILIA,MESSINA,1.00,DIVORZIO,"6,384.00",0,0,"4,607.00",0,0,"2,268.00","2,221.00",45.00,72.16%
SICILIA,MESSINA,1.00,DIVORZIO,"1,310.00",0,0,963.00,0,0,558.00,371.00,18.00,73.51%
SICILIA,MESSINA,1.00,DIVORZIO,520.00,0,0,352.00,0,0,226.00,118.00,5.00,67.69%
SICILIA,MESSINA,1.00,DIVORZIO,"1,182.00",0,0,790.00,0,0,385.00,372.00,15.00,66.84%
SICILIA,MESSINA,1.00,DIVORZIO,831.00,0,0,594.00,0,0,231.00,326.00,17.00,71.48%
SICILIA,MESSINA,1.00,DIVORZIO,"1,524.00",0,0,"1,164.00",0,0,597.00,516.00,13.00,76.38%
SICILIA,MESSINA,1.00,DIVORZIO,"1,250.00",0,0,"1,002.00",0,0,636.00,315.00,19.00,80.16%
SICILIA,MESSINA,1.00,DIVORZIO,"170,705.00",0,0,"135,101.00",0,0,"67,599.00","65,021.00",749.00,79.14%
SICILIA,MESSINA,1.00,DIVORZIO,"17,238.00",0,0,"13,558.00",0,0,"6,722.00","6,576.00",99.00,78.65%
SICILIA,MESSINA,1.00,DIVORZIO,"1,455.00",0,0,"1,008.00",0,0,770.00,214.00,5.00,69.28%
SICILIA,MESSINA,1.00,DIVORZIO,"1,183.00",0,0,835.00,0,0,436.00,378.00,10.00,70.58%
SICILIA,MESSINA,1.00,DIVORZIO,"5,150.00",0,0,"4,054.00",0,0,"2,537.00","1,414.00",33.00,78.72%
SICILIA,MESSINA,1.00,DIVORZIO,646.00,0,0,511.00,0,0,367.00,131.00,3.00,79.10%
SICILIA,MESSINA,1.00,DIVORZIO,"2,803.00",0,0,"1,953.00",0,0,"1,453.00",437.00,22.00,69.68%
SICILIA,MESSINA,1.00,DIVORZIO,862.00,0,0,666.00,0,0,391.00,219.00,22.00,77.26%
SICILIA,MESSINA,1.00,DIVORZIO,"1,526.00",0,0,"1,073.00",0,0,675.00,365.00,11.00,70.31%
SICILIA,MESSINA,1.00,DIVORZIO,"3,254.00",0,0,"2,203.00",0,0,"1,543.00",589.00,22.00,67.70%
SICILIA,MESSINA,1.00,DIVORZIO,966.00,0,0,612.00,0,0,391.00,183.00,16.00,63.35%
SICILIA,MESSINA,1.00,DIVORZIO,871.00,0,0,738.00,0,0,527.00,179.00,10.00,84.73%
SICILIA,MESSINA,1.00,DIVORZIO,"4,199.00",0,0,"3,027.00",0,0,"1,598.00","1,328.00",32.00,72.09%
SICILIA,MESSINA,1.00,DIVORZIO,"1,937.00",0,0,"1,611.00",0,0,843.00,725.00,14.00,83.17%
SICILIA,MESSINA,1.00,DIVORZIO,"2,658.00",0,0,"1,602.00",0,0,877.00,639.00,32.00,60.27%
SICILIA,MESSINA,1.00,DIVORZIO,"1,053.00",0,0,729.00,0,0,489.00,224.00,5.00,69.23%
SICILIA,MESSINA,1.00,DIVORZIO,"2,769.00",0,0,"2,245.00",0,0,"1,129.00","1,049.00",24.00,81.08%
SICILIA,MESSINA,1.00,DIVORZIO,"1,328.00",0,0,"1,058.00",0,0,596.00,402.00,23.00,79.67%
SICILIA,MESSINA,1.00,DIVORZIO,"8,497.00",0,0,"6,821.00",0,0,"3,706.00","2,928.00",60.00,80.28%
SICILIA,MESSINA,1.00,DIVORZIO,"1,172.00",0,0,917.00,0,0,575.00,318.00,7.00,78.24%
SICILIA,MESSINA,1.00,DIVORZIO,"2,968.00",0,0,"2,166.00",0,0,"1,224.00",862.00,23.00,72.98%
SICILIA,MESSINA,1.00,DIVORZIO,"1,843.00",0,0,"1,291.00",0,0,479.00,749.00,18.00,70.05%
SICILIA,MESSINA,1.00,DIVORZIO,782.00,0,0,649.00,0,0,289.00,321.00,5.00,82.99%
SICILIA,MESSINA,1.00,DIVORZIO,242.00,0,0,153.00,0,0,69.00,73.00,7.00,63.22%
SICILIA,MESSINA,1.00,DIVORZIO,"3,100.00",0,0,"2,652.00",0,0,"1,596.00",970.00,39.00,85.55%
SICILIA,MESSINA,1.00,DIVORZIO,"1,003.00",0,0,758.00,0,0,470.00,259.00,8.00,75.57%
SICILIA,MESSINA,1.00,DIVORZIO,"1,023.00",0,0,667.00,0,0,398.00,249.00,8.00,65.20%
SICILIA,MESSINA,1.00,DIVORZIO,"1,856.00",0,0,"1,491.00",0,0,989.00,438.00,19.00,80.33%
SICILIA,MESSINA,1.00,DIVORZIO,"3,094.00",0,0,"2,431.00",0,0,"1,626.00",675.00,39.00,78.57%
SICILIA,MESSINA,1.00,DIVORZIO,"3,351.00",0,0,"2,874.00",0,0,"1,072.00","1,654.00",64.00,85.77%
SICILIA,MESSINA,1.00,DIVORZIO,"4,095.00",0,0,"2,386.00",0,0,"1,828.00",527.00,9.00,58.27%
SICILIA,MESSINA,1.00,DIVORZIO,"3,256.00",0,0,"2,679.00",0,0,"1,653.00",951.00,30.00,82.28%
SICILIA,MESSINA,1.00,DIVORZIO,"2,685.00",0,0,"1,900.00",0,0,"1,428.00",424.00,19.00,70.76%
SICILIA,MESSINA,1.00,DIVORZIO,"3,533.00",0,0,"2,604.00",0,0,"1,508.00",979.00,39.00,73.71%
SICILIA,MESSINA,1.00,DIVORZIO,"1,975.00",0,0,"1,182.00",0,0,824.00,328.00,6.00,59.85%
SICILIA,MESSINA,1.00,DIVORZIO,934.00,0,0,659.00,0,0,300.00,341.00,7.00,70.56%
SICILIA,MESSINA,1.00,DIVORZIO,"7,694.00",0,0,"5,940.00",0,0,"3,680.00","2,171.00",22.00,77.20%
SICILIA,MESSINA,1.00,DIVORZIO,830.00,0,0,669.00,0,0,373.00,265.00,13.00,80.60%
SICILIA,MESSINA,1.00,DIVORZIO,"4,086.00",0,0,"3,460.00",0,0,"1,357.00","1,926.00",61.00,84.68%
SICILIA,MESSINA,1.00,DIVORZIO,451.00,0,0,290.00,0,0,172.00,111.00,2.00,64.30%
SICILIA,MESSINA,1.00,DIVORZIO,"3,923.00",0,0,"2,750.00",0,0,"1,556.00","1,090.00",42.00,70.10%
SICILIA,MESSINA,1.00,DIVORZIO,"5,065.00",0,0,"4,072.00",0,0,"2,441.00","1,471.00",47.00,80.39%
SICILIA,MESSINA,1.00,DIVORZIO,"1,387.00",0,0,"1,136.00",0,0,729.00,372.00,10.00,81.90%
SICILIA,MESSINA,1.00,DIVORZIO,"3,829.00",0,0,"2,839.00",0,0,"1,385.00","1,396.00",26.00,74.14%
SICILIA,MESSINA,1.00,DIVORZIO,"2,817.00",0,0,"2,437.00",0,0,"1,654.00",719.00,34.00,86.51%
SICILIA,MESSINA,1.00,DIVORZIO,"1,197.00",0,0,979.00,0,0,659.00,247.00,14.00,81.79%
SICILIA,MESSINA,1.00,DIVORZIO,"1,951.00",0,0,"1,626.00",0,0,"1,066.00",504.00,12.00,83.34%
SICILIA,MESSINA,1.00,DIVORZIO,"2,159.00",0,0,"1,696.00",0,0,589.00,"1,050.00",24.00,78.55%
SICILIA,MESSINA,1.00,DIVORZIO,"3,221.00",0,0,"2,581.00",0,0,"1,630.00",874.00,25.00,80.13%
SICILIA,MESSINA,1.00,DIVORZIO,"6,468.00",0,0,"5,093.00",0,0,"1,624.00","3,343.00",40.00,78.74%
SICILIA,MESSINA,1.00,DIVORZIO,"3,006.00",0,0,"2,333.00",0,0,"1,431.00",759.00,33.00,77.61%
SICILIA,MESSINA,1.00,DIVORZIO,"2,644.00",0,0,"2,019.00",0,0,"1,017.00",917.00,35.00,76.36%
SICILIA,MESSINA,1.00,DIVORZIO,"6,191.00",0,0,"3,562.00",0,0,"1,676.00","1,791.00",29.00,57.54%
SICILIA,MESSINA,1.00,DIVORZIO,"1,296.00",0,0,919.00,0,0,416.00,463.00,14.00,70.91%
SICILIA,MESSINA,1.00,DIVORZIO,"3,343.00",0,0,"2,630.00",0,0,"1,235.00","1,357.00",15.00,78.67%
SICILIA,MESSINA,1.00,DIVORZIO,"1,665.00",0,0,"1,336.00",0,0,578.00,702.00,10.00,80.24%
SICILIA,MESSINA,1.00,DIVORZIO,873.00,0,0,771.00,0,0,329.00,411.00,8.00,88.32%
SICILIA,MESSINA,1.00,DIVORZIO,"1,784.00",0,0,"1,426.00",0,0,796.00,571.00,20.00,79.93%
SICILIA,MESSINA,1.00,DIVORZIO,"4,013.00",0,0,"3,316.00",0,0,"1,714.00","1,439.00",48.00,82.63%
LOMBARDIA,MILANO,1.00,DIVORZIO,188.00,0,0,178.00,0,0,90.00,77.00,7.00,94.68%
LOMBARDIA,MILANO,1.00,DIVORZIO,"19,159.00",0,0,"17,975.00",0,0,"6,414.00","11,049.00",336.00,93.82%
LOMBARDIA,MILANO,1.00,DIVORZIO,"5,940.00",0,0,"5,722.00",0,0,"2,904.00","2,690.00",73.00,96.33%
LOMBARDIA,MILANO,1.00,DIVORZIO,"1,044.00",0,0,"1,009.00",0,0,572.00,411.00,17.00,96.65%
LOMBARDIA,MILANO,1.00,DIVORZIO,"1,740.00",0,0,"1,621.00",0,0,873.00,693.00,35.00,93.16%
LOMBARDIA,MILANO,1.00,DIVORZIO,"3,068.00",0,0,"2,917.00",0,0,"1,451.00","1,365.00",69.00,95.08%
LOMBARDIA,MILANO,1.00,DIVORZIO,"2,934.00",0,0,"2,772.00",0,0,"1,255.00","1,413.00",82.00,94.48%
LOMBARDIA,MILANO,1.00,DIVORZIO,"8,949.00",0,0,"8,570.00",0,0,"3,514.00","4,859.00",143.00,95.76%
LOMBARDIA,MILANO,1.00,DIVORZIO,"4,311.00",0,0,"4,111.00",0,0,"1,170.00","2,869.00",56.00,95.36%
LOMBARDIA,MILANO,1.00,DIVORZIO,"5,686.00",0,0,"5,381.00",0,0,"2,093.00","3,157.00",87.00,94.64%
LOMBARDIA,MILANO,1.00,DIVORZIO,791.00,0,0,738.00,0,0,162.00,564.00,11.00,93.30%
LOMBARDIA,MILANO,1.00,DIVORZIO,"6,911.00",0,0,"6,571.00",0,0,"2,456.00","3,956.00",103.00,95.08%
LOMBARDIA,MILANO,1.00,DIVORZIO,"3,537.00",0,0,"3,357.00",0,0,"1,264.00","1,991.00",66.00,94.91%
LOMBARDIA,MILANO,1.00,DIVORZIO,780.00,0,0,756.00,0,0,396.00,341.00,13.00,96.92%
LOMBARDIA,MILANO,1.00,DIVORZIO,308.00,0,0,302.00,0,0,130.00,167.00,4.00,98.05%
LOMBARDIA,MILANO,1.00,DIVORZIO,"1,313.00",0,0,"1,251.00",0,0,628.00,584.00,29.00,95.28%
LOMBARDIA,MILANO,1.00,DIVORZIO,"3,329.00",0,0,"3,182.00",0,0,"1,392.00","1,719.00",47.00,95.58%
LOMBARDIA,MILANO,1.00,DIVORZIO,"3,832.00",0,0,"3,679.00",0,0,"1,616.00","1,983.00",62.00,96.01%
LOMBARDIA,MILANO,1.00,DIVORZIO,"1,727.00",0,0,"1,647.00",0,0,"1,015.00",567.00,51.00,95.37%
LOMBARDIA,MILANO,1.00,DIVORZIO,886.00,0,0,856.00,0,0,390.00,440.00,20.00,96.61%
LOMBARDIA,MILANO,1.00,DIVORZIO,"7,878.00",0,0,"7,613.00",0,0,"4,474.00","2,914.00",150.00,96.64%
LOMBARDIA,MILANO,1.00,DIVORZIO,"1,104.00",0,0,"1,037.00",0,0,404.00,600.00,26.00,93.93%
LOMBARDIA,MILANO,1.00,DIVORZIO,"5,269.00",0,0,"5,076.00",0,0,"2,583.00","2,368.00",87.00,96.34%
LOMBARDIA,MILANO,1.00,DIVORZIO,"3,971.00",0,0,"3,776.00",0,0,"1,331.00","2,374.00",49.00,95.09%
LOMBARDIA,MILANO,1.00,DIVORZIO,577.00,0,0,539.00,0,0,285.00,236.00,14.00,93.41%
LOMBARDIA,MILANO,1.00,DIVORZIO,"2,471.00",0,0,"2,363.00",0,0,"1,254.00","1,033.00",59.00,95.63%
LOMBARDIA,MILANO,1.00,DIVORZIO,"27,622.00",0,0,"26,075.00",0,0,"7,357.00","18,320.00",251.00,94.40%
LOMBARDIA,MILANO,1.00,DIVORZIO,"2,542.00",0,0,"2,387.00",0,0,"1,096.00","1,224.00",40.00,93.90%
LOMBARDIA,MILANO,1.00,DIVORZIO,644.00,0,0,611.00,0,0,299.00,299.00,10.00,94.88%
LOMBARDIA,MILANO,1.00,DIVORZIO,"7,214.00",0,0,"6,831.00",0,0,"2,878.00","3,808.00",105.00,94.69%
LOMBARDIA,MILANO,1.00,DIVORZIO,"1,847.00",0,0,"1,770.00",0,0,690.00,"1,031.00",35.00,95.83%
LOMBARDIA,MILANO,1.00,DIVORZIO,"21,362.00",0,0,"20,020.00",0,0,"5,362.00","14,357.00",193.00,93.72%
LOMBARDIA,MILANO,1.00,DIVORZIO,"2,846.00",0,0,"2,734.00",0,0,"1,553.00","1,092.00",67.00,96.06%
LOMBARDIA,MILANO,1.00,DIVORZIO,"16,893.00",0,0,"16,039.00",0,0,"6,070.00","9,634.00",224.00,94.94%
LOMBARDIA,MILANO,1.00,DIVORZIO,380.00,0,0,353.00,0,0,159.00,175.00,14.00,92.89%
LOMBARDIA,MILANO,1.00,DIVORZIO,"5,925.00",0,0,"5,557.00",0,0,"1,155.00","4,319.00",47.00,93.79%
LOMBARDIA,MILANO,1.00,DIVORZIO,"1,271.00",0,0,"1,231.00",0,0,459.00,747.00,21.00,96.85%
LOMBARDIA,MILANO,1.00,DIVORZIO,"2,521.00",0,0,"2,384.00",0,0,"1,222.00","1,094.00",49.00,94.57%
LOMBARDIA,MILANO,1.00,DIVORZIO,"1,738.00",0,0,"1,675.00",0,0,916.00,720.00,19.00,96.38%
LOMBARDIA,MILANO,1.00,DIVORZIO,"2,014.00",0,0,"1,912.00",0,0,766.00,"1,100.00",35.00,94.94%
LOMBARDIA,MILANO,1.00,DIVORZIO,"6,881.00",0,0,"6,555.00",0,0,"3,198.00","3,194.00",111.00,95.26%
LOMBARDIA,MILANO,1.00,DIVORZIO,267.00,0,0,250.00,0,0,101.00,133.00,13.00,93.63%
LOMBARDIA,MILANO,1.00,DIVORZIO,399.00,0,0,375.00,0,0,158.00,206.00,7.00,93.98%
LOMBARDIA,MILANO,1.00,DIVORZIO,"2,108.00",0,0,"2,033.00",0,0,754.00,"1,210.00",53.00,96.44%
LOMBARDIA,MILANO,1.00,DIVORZIO,731.00,0,0,697.00,0,0,319.00,359.00,12.00,95.35%
LOMBARDIA,MILANO,1.00,DIVORZIO,"6,869.00",0,0,"6,495.00",0,0,"2,329.00","4,031.00",89.00,94.56%
LOMBARDIA,MILANO,1.00,DIVORZIO,"1,754.00",0,0,"1,695.00",0,0,919.00,733.00,31.00,96.64%
LOMBARDIA,MILANO,1.00,DIVORZIO,"9,890.00",0,0,"9,523.00",0,0,"4,867.00","4,402.00",182.00,96.29%
LOMBARDIA,MILANO,1.00,DIVORZIO,"3,228.00",0,0,"3,067.00",0,0,"1,091.00","1,906.00",53.00,95.01%
LOMBARDIA,MILANO,1.00,DIVORZIO,911.00,0,0,863.00,0,0,359.00,484.00,15.00,94.73%
LOMBARDIA,MILANO,1.00,DIVORZIO,"5,451.00",0,0,"5,248.00",0,0,"2,547.00","2,590.00",74.00,96.28%
LOMBARDIA,MILANO,1.00,DIVORZIO,927.00,0,0,900.00,0,0,411.00,463.00,16.00,97.09%
LOMBARDIA,MILANO,1.00,DIVORZIO,660.00,0,0,632.00,0,0,235.00,380.00,11.00,95.76%
LOMBARDIA,MILANO,1.00,DIVORZIO,"9,191.00",0,0,"8,934.00",0,0,"3,723.00","4,936.00",210.00,97.20%
LOMBARDIA,MILANO,1.00,DIVORZIO,"1,088.00",0,0,"1,006.00",0,0,259.00,720.00,21.00,92.46%
LOMBARDIA,MILANO,1.00,DIVORZIO,"1,425.00",0,0,"1,335.00",0,0,765.00,523.00,32.00,93.68%
LOMBARDIA,MILANO,1.00,DIVORZIO,600.00,0,0,568.00,0,0,263.00,278.00,20.00,94.67%
LOMBARDIA,MILANO,1.00,DIVORZIO,"2,223.00",0,0,"2,137.00",0,0,"1,102.00",981.00,37.00,96.13%
LOMBARDIA,MILANO,1.00,DIVORZIO,"9,682.00",0,0,"9,342.00",0,0,"3,767.00","5,336.00",172.00,96.49%
LOMBARDIA,MILANO,1.00,DIVORZIO,"3,680.00",0,0,"3,471.00",0,0,946.00,"2,462.00",46.00,94.32%
LOMBARDIA,MILANO,1.00,DIVORZIO,753.00,0,0,702.00,0,0,406.00,260.00,29.00,93.23%
LOMBARDIA,MILANO,1.00,DIVORZIO,"6,641.00",0,0,"6,215.00",0,0,"2,451.00","3,537.00",162.00,93.59%
LOMBARDIA,MILANO,1.00,DIVORZIO,"1,319.00",0,0,"1,211.00",0,0,515.00,618.00,46.00,91.81%
LOMBARDIA,MILANO,1.00,DIVORZIO,"3,038.00",0,0,"2,915.00",0,0,"1,368.00","1,067.00",47.00,95.95%
LOMBARDIA,MILANO,1.00,DIVORZIO,597.00,0,0,573.00,0,0,295.00,257.00,14.00,95.98%
LOMBARDIA,MILANO,1.00,DIVORZIO,503.00,0,0,479.00,0,0,223.00,238.00,9.00,95.23%
LOMBARDIA,MILANO,1.00,DIVORZIO,"1,392.00",0,0,"1,322.00",0,0,714.00,553.00,46.00,94.97%
LOMBARDIA,MILANO,1.00,DIVORZIO,"2,397.00",0,0,"2,299.00",0,0,914.00,"1,339.00",35.00,95.91%
LOMBARDIA,MILANO,1.00,DIVORZIO,"3,122.00",0,0,"2,918.00",0,0,"1,071.00","1,793.00",34.00,93.47%
LOMBARDIA,MILANO,1.00,DIVORZIO,"14,011.00",0,0,"13,598.00",0,0,"5,250.00","8,097.00",182.00,97.05%
LOMBARDIA,MILANO,1.00,DIVORZIO,948.00,0,0,907.00,0,0,286.00,587.00,18.00,95.68%
LOMBARDIA,MILANO,1.00,DIVORZIO,"8,927.00",0,0,"8,431.00",0,0,"3,768.00","4,419.00",160.00,94.44%
LOMBARDIA,MILANO,1.00,DIVORZIO,583.00,0,0,563.00,0,0,272.00,281.00,8.00,96.57%
LOMBARDIA,MILANO,1.00,DIVORZIO,"13,602.00",0,0,"12,421.00",0,0,"2,596.00","9,637.00",105.00,91.32%
LOMBARDIA,MILANO,1.00,DIVORZIO,"20,710.00",0,0,"19,625.00",0,0,"8,886.00","10,317.00",261.00,94.76%
LOMBARDIA,MILANO,1.00,DIVORZIO,"5,732.00",0,0,"5,437.00",0,0,"1,862.00","3,481.00",57.00,94.85%
LOMBARDIA,MILANO,1.00,DIVORZIO,"50,547.00",0,0,"47,358.00",0,0,"10,611.00","36,088.00",418.00,93.69%
LOMBARDIA,MILANO,1.00,DIVORZIO,"1,471.00",0,0,"1,405.00",0,0,635.00,732.00,25.00,95.51%
LOMBARDIA,MILANO,1.00,DIVORZIO,"10,529.00",0,0,"9,962.00",0,0,"3,964.00","5,694.00",213.00,94.61%
LOMBARDIA,MILANO,1.00,DIVORZIO,"3,674.00",0,0,"3,464.00",0,0,"1,508.00","1,873.00",54.00,94.28%
LOMBARDIA,MILANO,1.00,DIVORZIO,"29,876.00",0,0,"27,650.00",0,0,"6,652.00","20,593.00",265.00,92.55%
LOMBARDIA,MILANO,1.00,DIVORZIO,513.00,0,0,493.00,0,0,163.00,321.00,5.00,96.10%
LOMBARDIA,MILANO,1.00,DIVORZIO,607.00,0,0,587.00,0,0,281.00,292.00,10.00,96.71%
LOMBARDIA,MILANO,1.00,DIVORZIO,"7,684.00",0,0,"7,291.00",0,0,"3,511.00","3,639.00",113.00,94.89%
LOMBARDIA,MILANO,1.00,DIVORZIO,"8,347.00",0,0,"7,840.00",0,0,"3,298.00","4,302.00",183.00,93.93%
LOMBARDIA,MILANO,1.00,DIVORZIO,"13,166.00",0,0,"12,463.00",0,0,"2,829.00","9,441.00",135.00,94.66%
LOMBARDIA,MILANO,1.00,DIVORZIO,"9,469.00",0,0,"8,949.00",0,0,"2,847.00","5,948.00",94.00,94.51%
LOMBARDIA,MILANO,1.00,DIVORZIO,"4,690.00",0,0,"4,510.00",0,0,"2,061.00","2,325.00",90.00,96.16%
LOMBARDIA,MILANO,1.00,DIVORZIO,754.00,0,0,735.00,0,0,316.00,389.00,21.00,97.48%
LOMBARDIA,MILANO,1.00,DIVORZIO,934.00,0,0,894.00,0,0,456.00,406.00,19.00,95.72%
LOMBARDIA,MILANO,1.00,DIVORZIO,203.00,0,0,192.00,0,0,105.00,78.00,8.00,94.58%
LOMBARDIA,MILANO,1.00,DIVORZIO,662.00,0,0,625.00,0,0,323.00,282.00,14.00,94.41%
LOMBARDIA,MILANO,1.00,DIVORZIO,"27,278.00",0,0,"25,605.00",0,0,"5,116.00","20,150.00",234.00,93.87%
LOMBARDIA,MILANO,1.00,DIVORZIO,852.00,0,0,815.00,0,0,347.00,457.00,8.00,95.66%
LOMBARDIA,MILANO,1.00,DIVORZIO,918.00,0,0,880.00,0,0,430.00,416.00,18.00,95.86%
LOMBARDIA,MILANO,1.00,DIVORZIO,"4,663.00",0,0,"4,528.00",0,0,"1,986.00","2,429.00",80.00,97.10%
LOMBARDIA,MILANO,1.00,DIVORZIO,"1,018.00",0,0,984.00,0,0,405.00,550.00,22.00,96.66%
LOMBARDIA,MILANO,1.00,DIVORZIO,"13,860.00",0,0,"13,142.00",0,0,"3,728.00","9,171.00",155.00,94.82%
LOMBARDIA,MILANO,1.00,DIVORZIO,"2,199.00",0,0,"2,106.00",0,0,"1,195.00",835.00,54.00,95.77%
LOMBARDIA,MILANO,1.00,DIVORZIO,"20,712.00",0,0,"20,076.00",0,0,"7,564.00","11,996.00",363.00,96.93%
LOMBARDIA,MILANO,1.00,DIVORZIO,"1,107.00",0,0,"1,045.00",0,0,331.00,689.00,16.00,94.40%
LOMBARDIA,MILANO,1.00,DIVORZIO,"1,070.00",0,0,"1,029.00",0,0,506.00,473.00,28.00,96.17%
LOMBARDIA,MILANO,1.00,DIVORZIO,"3,834.00",0,0,"3,661.00",0,0,"1,512.00","2,078.00",48.00,95.49%
LOMBARDIA,MILANO,1.00,DIVORZIO,195.00,0,0,189.00,0,0,73.00,112.00,3.00,96.92%
LOMBARDIA,MILANO,1.00,DIVORZIO,"12,342.00",0,0,"12,029.00",0,0,"3,750.00","8,058.00",130.00,97.46%
LOMBARDIA,MILANO,1.00,DIVORZIO,"2,548.00",0,0,"2,434.00",0,0,"1,224.00","1,136.00",59.00,95.53%
LOMBARDIA,MILANO,1.00,DIVORZIO,"12,151.00",0,0,"11,580.00",0,0,"6,617.00","4,674.00",168.00,95.30%
LOMBARDIA,MILANO,1.00,DIVORZIO,"8,819.00",0,0,"8,533.00",0,0,"3,641.00","4,725.00",109.00,96.76%
LOMBARDIA,MILANO,1.00,DIVORZIO,"1,551.00",0,0,"1,490.00",0,0,819.00,625.00,35.00,96.07%
LOMBARDIA,MILANO,1.00,DIVORZIO,803.00,0,0,774.00,0,0,496.00,261.00,13.00,96.39%
LOMBARDIA,MILANO,1.00,DIVORZIO,"1,752.00",0,0,"1,643.00",0,0,841.00,742.00,41.00,93.78%
LOMBARDIA,MILANO,1.00,DIVORZIO,269.00,0,0,261.00,0,0,135.00,117.00,8.00,97.03%
LOMBARDIA,MILANO,1.00,DIVORZIO,"4,830.00",0,0,"4,632.00",0,0,"2,515.00","1,982.00",99.00,95.90%
LOMBARDIA,MILANO,1.00,DIVORZIO,"4,982.00",0,0,"4,810.00",0,0,"2,294.00","2,402.00",90.00,96.55%
LOMBARDIA,MILANO,1.00,DIVORZIO,"4,206.00",0,0,"4,053.00",0,0,"1,057.00","2,915.00",56.00,96.36%
LOMBARDIA,MILANO,1.00,DIVORZIO,"10,539.00",0,0,"9,950.00",0,0,"3,303.00","6,438.00",156.00,94.41%
LOMBARDIA,MILANO,1.00,DIVORZIO,"3,290.00",0,0,"3,111.00",0,0,"1,275.00","1,716.00",83.00,94.56%
LOMBARDIA,MILANO,1.00,DIVORZIO,"33,298.00",0,0,"31,549.00",0,0,"11,627.00","19,221.00",476.00,94.75%
LOMBARDIA,MILANO,1.00,DIVORZIO,"8,546.00",0,0,"8,059.00",0,0,"3,034.00","4,783.00",171.00,94.30%
LOMBARDIA,MILANO,1.00,DIVORZIO,"2,851.00",0,0,"2,715.00",0,0,"1,250.00","1,406.00",43.00,95.23%
LOMBARDIA,MILANO,1.00,DIVORZIO,"18,968.00",0,0,"17,767.00",0,0,"4,538.00","12,931.00",174.00,93.67%
LOMBARDIA,MILANO,1.00,DIVORZIO,"1,007.00",0,0,961.00,0,0,351.00,563.00,31.00,95.43%
LOMBARDIA,MILANO,1.00,DIVORZIO,"19,845.00",0,0,"18,793.00",0,0,"8,650.00","9,638.00",299.00,94.70%
LOMBARDIA,MILANO,1.00,DIVORZIO,"1,855.00",0,0,"1,755.00",0,0,828.00,880.00,41.00,94.61%
LOMBARDIA,MILANO,1.00,DIVORZIO,"4,639.00",0,0,"4,458.00",0,0,"1,145.00","3,214.00",67.00,96.10%
LOMBARDIA,MILANO,1.00,DIVORZIO,"31,986.00",0,0,"30,593.00",0,0,"11,979.00","17,938.00",443.00,95.64%
LOMBARDIA,MILANO,1.00,DIVORZIO,"3,508.00",0,0,"3,387.00",0,0,"1,394.00","1,890.00",79.00,96.55%
LOMBARDIA,MILANO,1.00,DIVORZIO,99.00,0,0,95.00,0,0,53.00,38.00,3.00,95.96%
LOMBARDIA,MILANO,1.00,DIVORZIO,"3,721.00",0,0,"3,587.00",0,0,"1,912.00","1,605.00",45.00,96.40%
LOMBARDIA,MILANO,1.00,DIVORZIO,"16,023.00",0,0,"15,392.00",0,0,"6,233.00","8,721.00",302.00,96.06%
LOMBARDIA,MILANO,1.00,DIVORZIO,"4,444.00",0,0,"4,214.00",0,0,"1,969.00","2,089.00",123.00,94.82%
LOMBARDIA,MILANO,1.00,DIVORZIO,740.00,0,0,699.00,0,0,375.00,312.00,10.00,94.46%
LOMBARDIA,MILANO,1.00,DIVORZIO,"2,488.00",0,0,"2,320.00",0,0,"1,101.00","1,126.00",65.00,93.25%
LOMBARDIA,MILANO,1.00,DIVORZIO,"2,963.00",0,0,"2,806.00",0,0,"1,495.00","1,194.00",84.00,94.70%
LOMBARDIA,MILANO,1.00,DIVORZIO,504.00,0,0,478.00,0,0,217.00,232.00,14.00,94.84%
LOMBARDIA,MILANO,1.00,DIVORZIO,974.00,0,0,932.00,0,0,415.00,490.00,23.00,95.69%
LOMBARDIA,MILANO,1.00,DIVORZIO,"1,302.00",0,0,"1,256.00",0,0,589.00,622.00,25.00,96.47%
LOMBARDIA,MILANO,1.00,DIVORZIO,"12,096.00",0,0,"11,427.00",0,0,"5,155.00","5,993.00",209.00,94.47%
LOMBARDIA,MILANO,1.00,DIVORZIO,"3,778.00",0,0,"3,536.00",0,0,"1,061.00","2,405.00",45.00,93.59%
LOMBARDIA,MILANO,1.00,DIVORZIO,"13,179.00",0,0,"12,700.00",0,0,"4,086.00","8,278.00",221.00,96.37%
LOMBARDIA,MILANO,1.00,DIVORZIO,451.00,0,0,426.00,0,0,234.00,161.00,22.00,94.46%
LOMBARDIA,MILANO,1.00,DIVORZIO,"12,042.00",0,0,"11,632.00",0,0,"4,225.00","7,175.00",165.00,96.60%
LOMBARDIA,MILANO,1.00,DIVORZIO,489.00,0,0,461.00,0,0,200.00,245.00,10.00,94.27%
LOMBARDIA,MILANO,1.00,DIVORZIO,"1,691.00",0,0,"1,628.00",0,0,926.00,637.00,47.00,96.27%
LOMBARDIA,MILANO,1.00,DIVORZIO,"1,737.00",0,0,"1,685.00",0,0,696.00,955.00,28.00,97.01%
LOMBARDIA,MILANO,1.00,DIVORZIO,"1,232,531.00",0,0,"1,121,926.00",0,0,"293,045.00","812,955.00","10,475.00",91.03%
LOMBARDIA,MILANO,1.00,DIVORZIO,"1,783.00",0,0,"1,676.00",0,0,765.00,865.00,32.00,94.00%
LOMBARDIA,MILANO,1.00,DIVORZIO,535.00,0,0,506.00,0,0,212.00,271.00,19.00,94.58%
LOMBARDIA,MILANO,1.00,DIVORZIO,"79,183.00",0,0,"75,100.00",0,0,"28,060.00","45,685.00",940.00,94.84%
LOMBARDIA,MILANO,1.00,DIVORZIO,654.00,0,0,604.00,0,0,323.00,247.00,19.00,92.35%
LOMBARDIA,MILANO,1.00,DIVORZIO,"3,496.00",0,0,"3,290.00",0,0,"1,354.00","1,843.00",70.00,94.11%
LOMBARDIA,MILANO,1.00,DIVORZIO,"11,654.00",0,0,"11,096.00",0,0,"3,697.00","7,148.00",169.00,95.21%
LOMBARDIA,MILANO,1.00,DIVORZIO,"2,155.00",0,0,"2,018.00",0,0,799.00,"1,152.00",50.00,93.64%
LOMBARDIA,MILANO,1.00,DIVORZIO,"9,340.00",0,0,"8,982.00",0,0,"3,854.00","4,875.00",182.00,96.17%
LOMBARDIA,MILANO,1.00,DIVORZIO,493.00,0,0,471.00,0,0,166.00,280.00,20.00,95.54%
LOMBARDIA,MILANO,1.00,DIVORZIO,"10,832.00",0,0,"10,119.00",0,0,"3,360.00","6,586.00",108.00,93.42%
LOMBARDIA,MILANO,1.00,DIVORZIO,"11,718.00",0,0,"11,089.00",0,0,"3,013.00","7,909.00",118.00,94.63%
LOMBARDIA,MILANO,1.00,DIVORZIO,686.00,0,0,639.00,0,0,185.00,437.00,11.00,93.15%
LOMBARDIA,MILANO,1.00,DIVORZIO,"4,278.00",0,0,"4,098.00",0,0,774.00,"3,259.00",52.00,95.79%
LOMBARDIA,MILANO,1.00,DIVORZIO,"1,195.00",0,0,"1,145.00",0,0,498.00,613.00,26.00,95.82%
LOMBARDIA,MILANO,1.00,DIVORZIO,"1,542.00",0,0,"1,523.00",0,0,639.00,842.00,32.00,98.77%
LOMBARDIA,MILANO,1.00,DIVORZIO,"1,044.00",0,0,996.00,0,0,407.00,558.00,21.00,95.40%
LOMBARDIA,MILANO,1.00,DIVORZIO,714.00,0,0,684.00,0,0,310.00,349.00,14.00,95.80%
LOMBARDIA,MILANO,1.00,DIVORZIO,"2,086.00",0,0,"1,996.00",0,0,"1,098.00",837.00,46.00,95.69%
LOMBARDIA,MILANO,1.00,DIVORZIO,741.00,0,0,696.00,0,0,250.00,425.00,12.00,93.93%
LOMBARDIA,MILANO,1.00,DIVORZIO,"23,608.00",0,0,"22,321.00",0,0,"7,041.00","14,804.00",320.00,94.55%
LOMBARDIA,MILANO,1.00,DIVORZIO,"1,994.00",0,0,"1,903.00",0,0,583.00,"1,277.00",26.00,95.44%
LOMBARDIA,MILANO,1.00,DIVORZIO,"13,742.00",0,0,"12,995.00",0,0,"5,577.00","7,101.00",212.00,94.56%
LOMBARDIA,MILANO,1.00,DIVORZIO,"4,607.00",0,0,"4,378.00",0,0,"1,376.00","2,905.00",67.00,95.03%
LOMBARDIA,MILANO,1.00,DIVORZIO,"6,648.00",0,0,"6,279.00",0,0,"1,441.00","4,740.00",67.00,94.45%
LOMBARDIA,MILANO,1.00,DIVORZIO,"5,650.00",0,0,"5,367.00",0,0,"1,421.00","3,839.00",77.00,94.99%
LOMBARDIA,MILANO,1.00,DIVORZIO,"2,836.00",0,0,"2,739.00",0,0,"1,394.00","1,282.00",45.00,96.58%
LOMBARDIA,MILANO,1.00,DIVORZIO,"2,987.00",0,0,"2,804.00",0,0,617.00,"2,138.00",24.00,93.87%
LOMBARDIA,MILANO,1.00,DIVORZIO,583.00,0,0,554.00,0,0,307.00,238.00,5.00,95.03%
LOMBARDIA,MILANO,1.00,DIVORZIO,"18,241.00",0,0,"16,727.00",0,0,"4,455.00","12,023.00",145.00,91.70%
LOMBARDIA,MILANO,1.00,DIVORZIO,"3,674.00",0,0,"3,526.00",0,0,"1,519.00","1,931.00",49.00,95.97%
LOMBARDIA,MILANO,1.00,DIVORZIO,"1,261.00",0,0,"1,220.00",0,0,518.00,661.00,24.00,96.75%
LOMBARDIA,MILANO,1.00,DIVORZIO,"3,474.00",0,0,"3,321.00",0,0,"1,395.00","1,845.00",56.00,95.60%
LOMBARDIA,MILANO,1.00,DIVORZIO,"2,859.00",0,0,"2,738.00",0,0,"1,042.00","1,640.00",40.00,95.77%
LOMBARDIA,MILANO,1.00,DIVORZIO,"2,096.00",0,0,"1,992.00",0,0,"1,049.00",879.00,46.00,95.04%
LOMBARDIA,MILANO,1.00,DIVORZIO,"7,481.00",0,0,"7,159.00",0,0,"2,968.00","3,966.00",148.00,95.70%
LOMBARDIA,MILANO,1.00,DIVORZIO,"31,828.00",0,0,"30,370.00",0,0,"11,079.00","18,714.00",373.00,95.42%
LOMBARDIA,MILANO,1.00,DIVORZIO,"2,376.00",0,0,"2,271.00",0,0,"1,110.00","1,068.00",54.00,95.58%
LOMBARDIA,MILANO,1.00,DIVORZIO,"2,917.00",0,0,"2,764.00",0,0,"1,434.00","1,246.00",63.00,94.75%
LOMBARDIA,MILANO,1.00,DIVORZIO,874.00,0,0,822.00,0,0,265.00,540.00,14.00,94.05%
LOMBARDIA,MILANO,1.00,DIVORZIO,878.00,0,0,848.00,0,0,395.00,441.00,9.00,96.58%
LOMBARDIA,MILANO,1.00,DIVORZIO,"1,178.00",0,0,"1,136.00",0,0,717.00,395.00,21.00,96.43%
LOMBARDIA,MILANO,1.00,DIVORZIO,"2,115.00",0,0,"2,027.00",0,0,864.00,"1,108.00",48.00,95.84%
LOMBARDIA,MILANO,1.00,DIVORZIO,"20,610.00",0,0,"19,339.00",0,0,"3,209.00","15,845.00",170.00,93.83%
LOMBARDIA,MILANO,1.00,DIVORZIO,913.00,0,0,881.00,0,0,362.00,494.00,22.00,96.50%
LOMBARDIA,MILANO,1.00,DIVORZIO,"4,816.00",0,0,"4,472.00",0,0,"1,984.00","2,357.00",76.00,92.86%
LOMBARDIA,MILANO,1.00,DIVORZIO,"17,055.00",0,0,"16,118.00",0,0,"3,860.00","12,045.00",146.00,94.51%
LOMBARDIA,MILANO,1.00,DIVORZIO,953.00,0,0,901.00,0,0,498.00,367.00,24.00,94.54%
LOMBARDIA,MILANO,1.00,DIVORZIO,"4,246.00",0,0,"3,965.00",0,0,"1,866.00","1,969.00",102.00,93.38%
LOMBARDIA,MILANO,1.00,DIVORZIO,"17,888.00",0,0,"16,891.00",0,0,"3,410.00","13,224.00",169.00,94.43%
LOMBARDIA,MILANO,1.00,DIVORZIO,"1,682.00",0,0,"1,634.00",0,0,702.00,875.00,42.00,97.15%
LOMBARDIA,MILANO,1.00,DIVORZIO,"2,314.00",0,0,"2,167.00",0,0,889.00,"1,192.00",62.00,93.65%
LOMBARDIA,MILANO,1.00,DIVORZIO,"7,560.00",0,0,"7,286.00",0,0,"3,717.00","3,368.00",128.00,96.38%
LOMBARDIA,MILANO,1.00,DIVORZIO,"1,435.00",0,0,"1,331.00",0,0,655.00,618.00,37.00,92.75%
LOMBARDIA,MILANO,1.00,DIVORZIO,"1,803.00",0,0,"1,728.00",0,0,678.00,999.00,36.00,95.84%
LOMBARDIA,MILANO,1.00,DIVORZIO,"4,214.00",0,0,"3,994.00",0,0,"1,576.00","2,296.00",83.00,94.78%
LOMBARDIA,MILANO,1.00,DIVORZIO,759.00,0,0,728.00,0,0,289.00,406.00,19.00,95.92%
LOMBARDIA,MILANO,1.00,DIVORZIO,"1,162.00",0,0,"1,099.00",0,0,422.00,645.00,29.00,94.58%
LOMBARDIA,MILANO,1.00,DIVORZIO,"5,061.00",0,0,"4,776.00",0,0,"1,680.00","2,947.00",113.00,94.37%
LOMBARDIA,MILANO,1.00,DIVORZIO,"12,856.00",0,0,"12,200.00",0,0,"2,827.00","9,192.00",126.00,94.90%
LOMBARDIA,MILANO,1.00,DIVORZIO,"10,863.00",0,0,"10,241.00",0,0,"2,837.00","7,249.00",88.00,94.27%
LOMBARDIA,MILANO,1.00,DIVORZIO,"1,640.00",0,0,"1,525.00",0,0,710.00,771.00,32.00,92.99%
LOMBARDIA,MILANO,1.00,DIVORZIO,"23,939.00",0,0,"22,719.00",0,0,"10,986.00","11,200.00",346.00,94.90%
LOMBARDIA,MILANO,1.00,DIVORZIO,"64,538.00",0,0,"60,784.00",0,0,"14,464.00","45,473.00",571.00,94.18%
LOMBARDIA,MILANO,1.00,DIVORZIO,"2,165.00",0,0,"2,071.00",0,0,674.00,"1,334.00",40.00,95.66%
LOMBARDIA,MILANO,1.00,DIVORZIO,"6,213.00",0,0,"5,885.00",0,0,"1,374.00","4,392.00",93.00,94.72%
LOMBARDIA,MILANO,1.00,DIVORZIO,"10,611.00",0,0,"10,125.00",0,0,"4,584.00","5,294.00",142.00,95.42%
LOMBARDIA,MILANO,1.00,DIVORZIO,"5,536.00",0,0,"5,208.00",0,0,"1,859.00","3,259.00",60.00,94.08%
LOMBARDIA,MILANO,1.00,DIVORZIO,"1,971.00",0,0,"1,880.00",0,0,851.00,931.00,75.00,95.38%
LOMBARDIA,MILANO,1.00,DIVORZIO,776.00,0,0,749.00,0,0,267.00,462.00,17.00,96.52%
LOMBARDIA,MILANO,1.00,DIVORZIO,"4,269.00",0,0,"4,064.00",0,0,"2,115.00","1,863.00",61.00,95.20%
LOMBARDIA,MILANO,1.00,DIVORZIO,"1,522.00",0,0,"1,467.00",0,0,919.00,510.00,20.00,96.39%
LOMBARDIA,MILANO,1.00,DIVORZIO,"2,233.00",0,0,"2,133.00",0,0,718.00,"1,357.00",45.00,95.52%
LOMBARDIA,MILANO,1.00,DIVORZIO,535.00,0,0,502.00,0,0,250.00,240.00,9.00,93.83%
LOMBARDIA,MILANO,1.00,DIVORZIO,970.00,0,0,937.00,0,0,576.00,340.00,16.00,96.60%
LOMBARDIA,MILANO,1.00,DIVORZIO,"8,953.00",0,0,"8,373.00",0,0,"1,809.00","6,453.00",71.00,93.52%
LOMBARDIA,MILANO,1.00,DIVORZIO,"6,788.00",0,0,"6,481.00",0,0,"2,535.00","3,807.00",116.00,95.48%
LOMBARDIA,MILANO,1.00,DIVORZIO,543.00,0,0,517.00,0,0,197.00,303.00,9.00,95.21%
LOMBARDIA,MILANO,1.00,DIVORZIO,"4,089.00",0,0,"3,915.00",0,0,"2,144.00","1,669.00",75.00,95.74%
LOMBARDIA,MILANO,1.00,DIVORZIO,"2,335.00",0,0,"2,230.00",0,0,972.00,"1,183.00",55.00,95.50%
LOMBARDIA,MILANO,1.00,DIVORZIO,"1,002.00",0,0,953.00,0,0,400.00,533.00,16.00,95.11%
LOMBARDIA,MILANO,1.00,DIVORZIO,"4,840.00",0,0,"4,530.00",0,0,"1,491.00","2,895.00",119.00,93.60%
LOMBARDIA,MILANO,1.00,DIVORZIO,"3,690.00",0,0,"3,523.00",0,0,"1,584.00","1,850.00",57.00,95.47%
LOMBARDIA,MILANO,1.00,DIVORZIO,482.00,0,0,465.00,0,0,231.00,219.00,9.00,96.47%
LOMBARDIA,MILANO,1.00,DIVORZIO,"2,872.00",0,0,"2,697.00",0,0,"1,210.00","1,386.00",74.00,93.91%
LOMBARDIA,MILANO,1.00,DIVORZIO,"3,450.00",0,0,"3,290.00",0,0,"1,408.00","1,824.00",42.00,95.36%
LOMBARDIA,MILANO,1.00,DIVORZIO,"4,080.00",0,0,"4,010.00",0,0,"1,681.00","2,215.00",86.00,98.28%
LOMBARDIA,MILANO,1.00,DIVORZIO,"7,333.00",0,0,"7,004.00",0,0,"2,731.00","4,141.00",71.00,95.51%
LOMBARDIA,MILANO,1.00,DIVORZIO,"3,606.00",0,0,"3,371.00",0,0,"1,501.00","1,795.00",58.00,93.48%
LOMBARDIA,MILANO,1.00,DIVORZIO,"2,551.00",0,0,"2,375.00",0,0,"1,190.00","1,105.00",54.00,93.10%
LOMBARDIA,MILANO,1.00,DIVORZIO,"4,305.00",0,0,"4,090.00",0,0,"2,186.00","1,809.00",63.00,95.01%
LOMBARDIA,MILANO,1.00,DIVORZIO,736.00,0,0,680.00,0,0,300.00,361.00,9.00,92.39%
LOMBARDIA,MILANO,1.00,DIVORZIO,"1,356.00",0,0,"1,284.00",0,0,528.00,715.00,25.00,94.69%
LOMBARDIA,MILANO,1.00,DIVORZIO,"3,060.00",0,0,"2,910.00",0,0,937.00,"1,900.00",47.00,95.10%
LOMBARDIA,MILANO,1.00,DIVORZIO,"2,986.00",0,0,"2,872.00",0,0,"1,487.00","1,304.00",61.00,96.18%
LOMBARDIA,MILANO,1.00,DIVORZIO,678.00,0,0,649.00,0,0,373.00,254.00,13.00,95.72%
LOMBARDIA,MILANO,1.00,DIVORZIO,"6,805.00",0,0,"6,422.00",0,0,"3,138.00","3,159.00",80.00,94.37%
LOMBARDIA,MILANO,1.00,DIVORZIO,"13,625.00",0,0,"12,985.00",0,0,"5,187.00","7,482.00",229.00,95.30%
LOMBARDIA,MILANO,1.00,DIVORZIO,"7,524.00",0,0,"7,157.00",0,0,"1,869.00","5,174.00",89.00,95.12%
LOMBARDIA,MILANO,1.00,DIVORZIO,"4,219.00",0,0,"4,012.00",0,0,"1,409.00","2,521.00",64.00,95.09%
LOMBARDIA,MILANO,1.00,DIVORZIO,768.00,0,0,"1,015.00",0,0,328.00,658.00,18.00,132.16%
LOMBARDIA,MILANO,1.00,DIVORZIO,"2,046.00",0,0,"1,923.00",0,0,764.00,"1,120.00",24.00,93.99%
LOMBARDIA,MILANO,1.00,DIVORZIO,266.00,0,0,249.00,0,0,107.00,129.00,10.00,93.61%
LOMBARDIA,MILANO,1.00,DIVORZIO,"1,850.00",0,0,"1,753.00",0,0,388.00,"1,341.00",19.00,94.76%
EMILIA-ROMAGNA,MODENA,1.00,DIVORZIO,"1,269.00",0,0,"1,239.00",0,0,237.00,986.00,12.00,97.64%
EMILIA-ROMAGNA,MODENA,1.00,DIVORZIO,"3,839.00",0,0,"3,720.00",0,0,"1,050.00","2,609.00",49.00,96.90%
EMILIA-ROMAGNA,MODENA,1.00,DIVORZIO,"3,850.00",0,0,"3,740.00",0,0,891.00,"2,797.00",38.00,97.14%
EMILIA-ROMAGNA,MODENA,1.00,DIVORZIO,"2,163.00",0,0,"2,077.00",0,0,738.00,"1,301.00",28.00,96.02%
EMILIA-ROMAGNA,MODENA,1.00,DIVORZIO,"41,139.00",0,0,"40,006.00",0,0,"8,114.00","31,336.00",402.00,97.25%
EMILIA-ROMAGNA,MODENA,1.00,DIVORZIO,"14,614.00",0,0,"14,217.00",0,0,"3,008.00","10,923.00",222.00,97.28%
EMILIA-ROMAGNA,MODENA,1.00,DIVORZIO,"4,990.00",0,0,"4,834.00",0,0,"1,032.00","3,699.00",79.00,96.87%
EMILIA-ROMAGNA,MODENA,1.00,DIVORZIO,"4,840.00",0,0,"4,637.00",0,0,"1,392.00","3,120.00",94.00,95.81%
EMILIA-ROMAGNA,MODENA,1.00,DIVORZIO,"4,447.00",0,0,"4,281.00",0,0,"1,119.00","3,026.00",97.00,96.27%
EMILIA-ROMAGNA,MODENA,1.00,DIVORZIO,"6,665.00",0,0,"6,488.00",0,0,"2,051.00","4,285.00",104.00,97.34%
EMILIA-ROMAGNA,MODENA,1.00,DIVORZIO,"2,672.00",0,0,"2,353.00",0,0,844.00,"1,393.00",85.00,88.06%
EMILIA-ROMAGNA,MODENA,1.00,DIVORZIO,"11,069.00",0,0,"10,617.00",0,0,"3,039.00","7,377.00",159.00,95.92%
EMILIA-ROMAGNA,MODENA,1.00,DIVORZIO,"7,362.00",0,0,"7,009.00",0,0,"2,289.00","4,549.00",123.00,95.21%
EMILIA-ROMAGNA,MODENA,1.00,DIVORZIO,"1,283.00",0,0,"1,110.00",0,0,579.00,486.00,29.00,86.52%
EMILIA-ROMAGNA,MODENA,1.00,DIVORZIO,"11,978.00",0,0,"11,622.00",0,0,"4,197.00","7,131.00",219.00,97.03%
EMILIA-ROMAGNA,MODENA,1.00,DIVORZIO,"2,596.00",0,0,"2,133.00",0,0,"1,216.00",836.00,57.00,82.16%
EMILIA-ROMAGNA,MODENA,1.00,DIVORZIO,"2,363.00",0,0,"2,222.00",0,0,842.00,"1,310.00",56.00,94.03%
EMILIA-ROMAGNA,MODENA,1.00,DIVORZIO,"2,785.00",0,0,"2,508.00",0,0,"1,026.00","1,391.00",61.00,90.05%
EMILIA-ROMAGNA,MODENA,1.00,DIVORZIO,"6,657.00",0,0,"6,354.00",0,0,"1,930.00","4,227.00",145.00,95.45%
EMILIA-ROMAGNA,MODENA,1.00,DIVORZIO,"2,396.00",0,0,"2,275.00",0,0,738.00,"1,468.00",57.00,94.95%
EMILIA-ROMAGNA,MODENA,1.00,DIVORZIO,"3,664.00",0,0,"3,551.00",0,0,877.00,"2,590.00",62.00,96.92%
EMILIA-ROMAGNA,MODENA,1.00,DIVORZIO,"15,941.00",0,0,"15,586.00",0,0,"4,351.00","10,924.00",226.00,97.77%
EMILIA-ROMAGNA,MODENA,1.00,DIVORZIO,"128,834.00",0,0,"124,074.00",0,0,"30,276.00","91,790.00","1,458.00",96.31%
EMILIA-ROMAGNA,MODENA,1.00,DIVORZIO,"1,016.00",0,0,919.00,0,0,341.00,554.00,15.00,90.45%
EMILIA-ROMAGNA,MODENA,1.00,DIVORZIO,"2,239.00",0,0,"1,878.00",0,0,910.00,894.00,50.00,83.88%
EMILIA-ROMAGNA,MODENA,1.00,DIVORZIO,"2,799.00",0,0,"2,608.00",0,0,"1,134.00","1,357.00",72.00,93.18%
EMILIA-ROMAGNA,MODENA,1.00,DIVORZIO,"6,739.00",0,0,"6,537.00",0,0,"1,061.00","5,383.00",69.00,97.00%
EMILIA-ROMAGNA,MODENA,1.00,DIVORZIO,"6,762.00",0,0,"6,518.00",0,0,"1,187.00","5,248.00",66.00,96.39%
EMILIA-ROMAGNA,MODENA,1.00,DIVORZIO,"2,228.00",0,0,"1,857.00",0,0,967.00,835.00,34.00,83.35%
EMILIA-ROMAGNA,MODENA,1.00,DIVORZIO,"9,059.00",0,0,"8,467.00",0,0,"3,361.00","4,827.00",191.00,93.47%
EMILIA-ROMAGNA,MODENA,1.00,DIVORZIO,"1,856.00",0,0,"1,561.00",0,0,739.00,773.00,39.00,84.11%
EMILIA-ROMAGNA,MODENA,1.00,DIVORZIO,"1,971.00",0,0,"1,765.00",0,0,926.00,788.00,35.00,89.55%
EMILIA-ROMAGNA,MODENA,1.00,DIVORZIO,"2,476.00",0,0,"2,304.00",0,0,"1,321.00",909.00,47.00,93.05%
EMILIA-ROMAGNA,MODENA,1.00,DIVORZIO,"3,027.00",0,0,"2,919.00",0,0,784.00,"2,092.00",35.00,96.43%
EMILIA-ROMAGNA,MODENA,1.00,DIVORZIO,831.00,0,0,694.00,0,0,385.00,291.00,10.00,83.51%
EMILIA-ROMAGNA,MODENA,1.00,DIVORZIO,"3,422.00",0,0,"3,336.00",0,0,685.00,"2,605.00",30.00,97.49%
EMILIA-ROMAGNA,MODENA,1.00,DIVORZIO,"6,803.00",0,0,"6,538.00",0,0,"2,441.00","3,934.00",117.00,96.10%
EMILIA-ROMAGNA,MODENA,1.00,DIVORZIO,"2,457.00",0,0,"2,359.00",0,0,739.00,"1,577.00",34.00,96.01%
EMILIA-ROMAGNA,MODENA,1.00,DIVORZIO,"2,512.00",0,0,"2,443.00",0,0,631.00,"1,766.00",35.00,97.25%
EMILIA-ROMAGNA,MODENA,1.00,DIVORZIO,"24,849.00",0,0,"23,890.00",0,0,"7,800.00","15,532.00",410.00,96.14%
EMILIA-ROMAGNA,MODENA,1.00,DIVORZIO,"4,816.00",0,0,"4,690.00",0,0,"1,016.00","3,593.00",62.00,97.38%
EMILIA-ROMAGNA,MODENA,1.00,DIVORZIO,"3,925.00",0,0,"3,682.00",0,0,"1,883.00","1,657.00",91.00,93.81%
EMILIA-ROMAGNA,MODENA,1.00,DIVORZIO,"2,200.00",0,0,"2,001.00",0,0,800.00,"1,108.00",67.00,90.95%
EMILIA-ROMAGNA,MODENA,1.00,DIVORZIO,"6,873.00",0,0,"6,683.00",0,0,"1,351.00","5,237.00",74.00,97.24%
EMILIA-ROMAGNA,MODENA,1.00,DIVORZIO,"7,011.00",0,0,"6,761.00",0,0,"1,462.00","5,185.00",93.00,96.43%
EMILIA-ROMAGNA,MODENA,1.00,DIVORZIO,"13,543.00",0,0,"13,170.00",0,0,"3,220.00","9,635.00",248.00,97.25%
EMILIA-ROMAGNA,MODENA,1.00,DIVORZIO,"3,343.00",0,0,"3,112.00",0,0,"1,114.00","1,893.00",82.00,93.09%
CAMPANIA,NAPOLI,1.00,DIVORZIO,"17,322.00",0,0,"12,891.00",0,0,"5,769.00","6,811.00",115.00,74.42%
CAMPANIA,NAPOLI,1.00,DIVORZIO,"27,824.00",0,0,"20,265.00",0,0,"11,122.00","8,925.00",78.00,72.83%
CAMPANIA,NAPOLI,1.00,DIVORZIO,"4,383.00",0,0,"3,598.00",0,0,"2,733.00",791.00,49.00,82.09%
CAMPANIA,NAPOLI,1.00,DIVORZIO,"2,703.00",0,0,"2,332.00",0,0,"1,314.00",965.00,26.00,86.27%
CAMPANIA,NAPOLI,1.00,DIVORZIO,"14,002.00",0,0,"11,800.00",0,0,"5,813.00","5,828.00",54.00,84.27%
CAMPANIA,NAPOLI,1.00,DIVORZIO,"12,621.00",0,0,"10,259.00",0,0,"4,259.00","5,748.00",105.00,81.29%
CAMPANIA,NAPOLI,1.00,DIVORZIO,"3,992.00",0,0,"2,861.00",0,0,"1,643.00","1,169.00",16.00,71.67%
CAMPANIA,NAPOLI,1.00,DIVORZIO,"11,300.00",0,0,"9,042.00",0,0,"5,062.00","3,800.00",87.00,80.02%
CAMPANIA,NAPOLI,1.00,DIVORZIO,"12,077.00",0,0,"9,591.00",0,0,"4,430.00","5,032.00",72.00,79.42%
CAMPANIA,NAPOLI,1.00,DIVORZIO,"4,945.00",0,0,"3,863.00",0,0,"1,673.00","2,061.00",32.00,78.12%
CAMPANIA,NAPOLI,1.00,DIVORZIO,"15,028.00",0,0,"11,298.00",0,0,"5,625.00","5,491.00",75.00,75.18%
CAMPANIA,NAPOLI,1.00,DIVORZIO,"3,130.00",0,0,"2,801.00",0,0,"1,521.00","1,239.00",13.00,89.49%
CAMPANIA,NAPOLI,1.00,DIVORZIO,"2,731.00",0,0,"2,056.00",0,0,"1,220.00",785.00,24.00,75.28%
CAMPANIA,NAPOLI,1.00,DIVORZIO,"5,276.00",0,0,"4,510.00",0,0,"2,210.00","2,237.00",28.00,85.48%
CAMPANIA,NAPOLI,1.00,DIVORZIO,998.00,0,0,823.00,0,0,600.00,208.00,3.00,82.46%
CAMPANIA,NAPOLI,1.00,DIVORZIO,"6,966.00",0,0,"5,451.00",0,0,"2,979.00","2,382.00",38.00,78.25%
CAMPANIA,NAPOLI,1.00,DIVORZIO,"10,987.00",0,0,"9,281.00",0,0,"5,420.00","3,698.00",66.00,84.47%
CAMPANIA,NAPOLI,1.00,DIVORZIO,"1,444.00",0,0,"1,205.00",0,0,444.00,742.00,10.00,83.45%
CAMPANIA,NAPOLI,1.00,DIVORZIO,"3,583.00",0,0,"2,995.00",0,0,"1,838.00","1,109.00",31.00,83.59%
CAMPANIA,NAPOLI,1.00,DIVORZIO,"3,306.00",0,0,"2,813.00",0,0,"1,634.00","1,136.00",26.00,85.09%
CAMPANIA,NAPOLI,1.00,DIVORZIO,"7,061.00",0,0,"5,735.00",0,0,"2,568.00","3,113.00",15.00,81.22%
CAMPANIA,NAPOLI,1.00,DIVORZIO,"1,743.00",0,0,"1,519.00",0,0,"1,142.00",337.00,17.00,87.15%
CAMPANIA,NAPOLI,1.00,DIVORZIO,"30,414.00",0,0,"24,033.00",0,0,"9,670.00","14,097.00",106.00,79.02%
CAMPANIA,NAPOLI,1.00,DIVORZIO,"43,783.00",0,0,"37,084.00",0,0,"14,103.00","22,337.00",330.00,84.70%
CAMPANIA,NAPOLI,1.00,DIVORZIO,"1,825.00",0,0,"1,508.00",0,0,783.00,660.00,28.00,82.63%
CAMPANIA,NAPOLI,1.00,DIVORZIO,"8,244.00",0,0,"7,234.00",0,0,"3,077.00","4,043.00",50.00,87.75%
CAMPANIA,NAPOLI,1.00,DIVORZIO,"6,082.00",0,0,"4,667.00",0,0,"3,399.00","1,171.00",33.00,76.73%
CAMPANIA,NAPOLI,1.00,DIVORZIO,"3,589.00",0,0,"2,809.00",0,0,"1,775.00",992.00,22.00,78.27%
CAMPANIA,NAPOLI,1.00,DIVORZIO,"1,116.00",0,0,922.00,0,0,652.00,267.00,1.00,82.62%
CAMPANIA,NAPOLI,1.00,DIVORZIO,"2,302.00",0,0,"1,682.00",0,0,974.00,693.00,7.00,73.07%
CAMPANIA,NAPOLI,1.00,DIVORZIO,"29,213.00",0,0,"22,866.00",0,0,"8,971.00","13,648.00",94.00,78.27%
CAMPANIA,NAPOLI,1.00,DIVORZIO,"5,229.00",0,0,"4,357.00",0,0,"2,709.00","1,574.00",45.00,83.32%
CAMPANIA,NAPOLI,1.00,DIVORZIO,"19,525.00",0,0,"17,034.00",0,0,"10,345.00","6,490.00",72.00,87.24%
CAMPANIA,NAPOLI,1.00,DIVORZIO,"5,085.00",0,0,"4,230.00",0,0,"1,973.00","2,182.00",38.00,83.19%
CAMPANIA,NAPOLI,1.00,DIVORZIO,"21,043.00",0,0,"17,564.00",0,0,"8,534.00","8,652.00",107.00,83.47%
CAMPANIA,NAPOLI,1.00,DIVORZIO,"15,009.00",0,0,"12,920.00",0,0,"7,580.00","5,022.00",162.00,86.08%
CAMPANIA,NAPOLI,1.00,DIVORZIO,"8,913.00",0,0,"7,258.00",0,0,"3,979.00","3,169.00",60.00,81.43%
CAMPANIA,NAPOLI,1.00,DIVORZIO,"9,723.00",0,0,"7,798.00",0,0,"5,076.00","2,600.00",48.00,80.20%
CAMPANIA,NAPOLI,1.00,DIVORZIO,"1,946.00",0,0,"1,691.00",0,0,"1,079.00",581.00,16.00,86.90%
CAMPANIA,NAPOLI,1.00,DIVORZIO,"2,390.00",0,0,"1,996.00",0,0,"1,480.00",462.00,27.00,83.51%
CAMPANIA,NAPOLI,1.00,DIVORZIO,"1,135.00",0,0,925.00,0,0,697.00,213.00,5.00,81.50%
CAMPANIA,NAPOLI,1.00,DIVORZIO,"17,079.00",0,0,"14,144.00",0,0,"6,403.00","7,532.00",70.00,82.82%
CAMPANIA,NAPOLI,1.00,DIVORZIO,"2,573.00",0,0,"2,081.00",0,0,"1,259.00",782.00,13.00,80.88%
CAMPANIA,NAPOLI,1.00,DIVORZIO,"13,988.00",0,0,"11,724.00",0,0,"6,926.00","4,554.00",118.00,83.81%
CAMPANIA,NAPOLI,1.00,DIVORZIO,"6,336.00",0,0,"5,297.00",0,0,"3,576.00","1,514.00",106.00,83.60%
CAMPANIA,NAPOLI,1.00,DIVORZIO,"6,091.00",0,0,"5,097.00",0,0,"2,623.00","2,389.00",44.00,83.68%
CAMPANIA,NAPOLI,1.00,DIVORZIO,"4,451.00",0,0,"3,564.00",0,0,"1,932.00","1,555.00",44.00,80.07%
CAMPANIA,NAPOLI,1.00,DIVORZIO,"7,274.00",0,0,"4,692.00",0,0,"2,736.00","1,852.00",52.00,64.50%
CAMPANIA,NAPOLI,1.00,DIVORZIO,"9,315.00",0,0,"7,862.00",0,0,"4,127.00","3,604.00",50.00,84.40%
CAMPANIA,NAPOLI,1.00,DIVORZIO,"760,320.00",0,0,"606,157.00",0,0,"238,464.00","362,218.00","2,387.00",79.72%
CAMPANIA,NAPOLI,1.00,DIVORZIO,"17,010.00",0,0,"13,769.00",0,0,"8,103.00","5,446.00",109.00,80.95%
CAMPANIA,NAPOLI,1.00,DIVORZIO,"10,672.00",0,0,"8,976.00",0,0,"4,501.00","4,295.00",70.00,84.11%
CAMPANIA,NAPOLI,1.00,DIVORZIO,"7,844.00",0,0,"6,306.00",0,0,"4,327.00","1,819.00",81.00,80.39%
CAMPANIA,NAPOLI,1.00,DIVORZIO,"6,418.00",0,0,"5,275.00",0,0,"3,332.00","1,822.00",54.00,82.19%
CAMPANIA,NAPOLI,1.00,DIVORZIO,"2,065.00",0,0,"1,775.00",0,0,987.00,735.00,27.00,85.96%
CAMPANIA,NAPOLI,1.00,DIVORZIO,"7,872.00",0,0,"6,522.00",0,0,"3,796.00","2,571.00",69.00,82.85%
CAMPANIA,NAPOLI,1.00,DIVORZIO,"3,847.00",0,0,"3,506.00",0,0,"2,095.00","1,356.00",22.00,91.14%
CAMPANIA,NAPOLI,1.00,DIVORZIO,"18,869.00",0,0,"16,134.00",0,0,"7,421.00","8,439.00",93.00,85.51%
CAMPANIA,NAPOLI,1.00,DIVORZIO,"12,428.00",0,0,"10,826.00",0,0,"6,835.00","3,811.00",69.00,87.11%
CAMPANIA,NAPOLI,1.00,DIVORZIO,"46,844.00",0,0,"38,986.00",0,0,"14,295.00","24,024.00",188.00,83.23%
CAMPANIA,NAPOLI,1.00,DIVORZIO,"34,803.00",0,0,"28,695.00",0,0,"9,923.00","18,384.00",178.00,82.45%
CAMPANIA,NAPOLI,1.00,DIVORZIO,"6,612.00",0,0,"4,748.00",0,0,"2,841.00","1,867.00",22.00,71.81%
CAMPANIA,NAPOLI,1.00,DIVORZIO,"5,126.00",0,0,"4,616.00",0,0,"2,173.00","2,308.00",56.00,90.05%
CAMPANIA,NAPOLI,1.00,DIVORZIO,"4,612.00",0,0,"3,692.00",0,0,"2,127.00","1,479.00",29.00,80.05%
CAMPANIA,NAPOLI,1.00,DIVORZIO,"3,102.00",0,0,"2,344.00",0,0,"1,500.00",799.00,22.00,75.56%
CAMPANIA,NAPOLI,1.00,DIVORZIO,"3,895.00",0,0,"3,362.00",0,0,"1,887.00","1,425.00",20.00,86.32%
CAMPANIA,NAPOLI,1.00,DIVORZIO,"28,792.00",0,0,"24,410.00",0,0,"9,159.00","14,973.00",142.00,84.78%
CAMPANIA,NAPOLI,1.00,DIVORZIO,"13,602.00",0,0,"11,266.00",0,0,"6,907.00","4,150.00",91.00,82.83%
CAMPANIA,NAPOLI,1.00,DIVORZIO,"1,862.00",0,0,"1,491.00",0,0,"1,097.00",363.00,10.00,80.08%
CAMPANIA,NAPOLI,1.00,DIVORZIO,"3,341.00",0,0,"2,996.00",0,0,976.00,"1,995.00",13.00,89.67%
CAMPANIA,NAPOLI,1.00,DIVORZIO,"4,676.00",0,0,"3,820.00",0,0,"2,354.00","1,383.00",42.00,81.69%
CAMPANIA,NAPOLI,1.00,DIVORZIO,"11,204.00",0,0,"9,856.00",0,0,"5,739.00","3,923.00",78.00,87.97%
CAMPANIA,NAPOLI,1.00,DIVORZIO,"11,464.00",0,0,"9,049.00",0,0,"5,087.00","3,808.00",72.00,78.93%
CAMPANIA,NAPOLI,1.00,DIVORZIO,"6,844.00",0,0,"6,367.00",0,0,"5,117.00","1,043.00",54.00,93.03%
CAMPANIA,NAPOLI,1.00,DIVORZIO,"2,004.00",0,0,"1,641.00",0,0,780.00,819.00,23.00,81.89%
CAMPANIA,NAPOLI,1.00,DIVORZIO,"6,735.00",0,0,"4,838.00",0,0,"2,800.00","1,924.00",43.00,71.83%
CAMPANIA,NAPOLI,1.00,DIVORZIO,"2,303.00",0,0,"1,881.00",0,0,943.00,889.00,25.00,81.68%
CAMPANIA,NAPOLI,1.00,DIVORZIO,"1,605.00",0,0,"1,322.00",0,0,731.00,558.00,17.00,82.37%
CAMPANIA,NAPOLI,1.00,DIVORZIO,"12,164.00",0,0,"10,330.00",0,0,"6,373.00","3,728.00",96.00,84.92%
CAMPANIA,NAPOLI,1.00,DIVORZIO,"10,071.00",0,0,"8,452.00",0,0,"4,715.00","3,569.00",84.00,83.92%
CAMPANIA,NAPOLI,1.00,DIVORZIO,"2,987.00",0,0,"2,274.00",0,0,"1,302.00",928.00,20.00,76.13%
CAMPANIA,NAPOLI,1.00,DIVORZIO,"6,247.00",0,0,"5,099.00",0,0,"3,323.00","1,651.00",53.00,81.62%
CAMPANIA,NAPOLI,1.00,DIVORZIO,"35,756.00",0,0,"28,087.00",0,0,"9,745.00","17,826.00",152.00,78.55%
CAMPANIA,NAPOLI,1.00,DIVORZIO,"55,638.00",0,0,"38,865.00",0,0,"16,648.00","21,836.00",138.00,69.85%
CAMPANIA,NAPOLI,1.00,DIVORZIO,"1,667.00",0,0,"1,320.00",0,0,713.00,571.00,22.00,79.18%
CAMPANIA,NAPOLI,1.00,DIVORZIO,"10,204.00",0,0,"8,716.00",0,0,"5,559.00","2,924.00",105.00,85.42%
CAMPANIA,NAPOLI,1.00,DIVORZIO,"4,996.00",0,0,"4,165.00",0,0,"2,197.00","1,852.00",27.00,83.37%
CAMPANIA,NAPOLI,1.00,DIVORZIO,"2,324.00",0,0,"1,732.00",0,0,"1,188.00",484.00,29.00,74.53%
CAMPANIA,NAPOLI,1.00,DIVORZIO,"3,892.00",0,0,"3,285.00",0,0,"1,920.00","1,280.00",34.00,84.40%
PIEMONTE,NOVARA,1.00,DIVORZIO,728.00,0,0,651.00,0,0,281.00,336.00,27.00,89.42%
PIEMONTE,NOVARA,1.00,DIVORZIO,751.00,0,0,645.00,0,0,300.00,331.00,7.00,85.89%
PIEMONTE,NOVARA,1.00,DIVORZIO,496.00,0,0,454.00,0,0,226.00,217.00,9.00,91.53%
PIEMONTE,NOVARA,1.00,DIVORZIO,345.00,0,0,317.00,0,0,64.00,226.00,21.00,91.88%
PIEMONTE,NOVARA,1.00,DIVORZIO,785.00,0,0,729.00,0,0,224.00,479.00,15.00,92.87%
PIEMONTE,NOVARA,1.00,DIVORZIO,"1,586.00",0,0,"1,353.00",0,0,612.00,684.00,40.00,85.31%
PIEMONTE,NOVARA,1.00,DIVORZIO,267.00,0,0,221.00,0,0,103.00,106.00,7.00,82.77%
PIEMONTE,NOVARA,1.00,DIVORZIO,"11,714.00",0,0,"10,803.00",0,0,"3,418.00","7,096.00",208.00,92.22%
PIEMONTE,NOVARA,1.00,DIVORZIO,214.00,0,0,168.00,0,0,48.00,117.00,1.00,78.50%
PIEMONTE,NOVARA,1.00,DIVORZIO,824.00,0,0,742.00,0,0,252.00,456.00,31.00,90.05%
PIEMONTE,NOVARA,1.00,DIVORZIO,567.00,0,0,461.00,0,0,191.00,249.00,18.00,81.31%
PIEMONTE,NOVARA,1.00,DIVORZIO,875.00,0,0,789.00,0,0,379.00,373.00,36.00,90.17%
PIEMONTE,NOVARA,1.00,DIVORZIO,"3,033.00",0,0,"2,727.00",0,0,775.00,"1,876.00",55.00,89.91%
PIEMONTE,NOVARA,1.00,DIVORZIO,371.00,0,0,344.00,0,0,128.00,203.00,7.00,92.72%
PIEMONTE,NOVARA,1.00,DIVORZIO,425.00,0,0,384.00,0,0,137.00,236.00,9.00,90.35%
PIEMONTE,NOVARA,1.00,DIVORZIO,"5,425.00",0,0,"5,465.00",0,0,"2,460.00","2,752.00",181.00,100.74%
PIEMONTE,NOVARA,1.00,DIVORZIO,"1,120.00",0,0,994.00,0,0,330.00,634.00,22.00,88.75%
PIEMONTE,NOVARA,1.00,DIVORZIO,968.00,0,0,909.00,0,0,383.00,475.00,41.00,93.90%
PIEMONTE,NOVARA,1.00,DIVORZIO,840.00,0,0,716.00,0,0,224.00,462.00,23.00,85.24%
PIEMONTE,NOVARA,1.00,DIVORZIO,425.00,0,0,376.00,0,0,184.00,173.00,15.00,88.47%
PIEMONTE,NOVARA,1.00,DIVORZIO,946.00,0,0,845.00,0,0,411.00,398.00,28.00,89.32%
PIEMONTE,NOVARA,1.00,DIVORZIO,662.00,0,0,579.00,0,0,184.00,373.00,19.00,87.46%
PIEMONTE,NOVARA,1.00,DIVORZIO,"1,642.00",0,0,"1,503.00",0,0,506.00,943.00,45.00,91.53%
PIEMONTE,NOVARA,1.00,DIVORZIO,"13,626.00",0,0,"12,671.00",0,0,"5,522.00","6,620.00",366.00,92.99%
PIEMONTE,NOVARA,1.00,DIVORZIO,"2,096.00",0,0,"1,918.00",0,0,623.00,"1,246.00",35.00,91.51%
PIEMONTE,NOVARA,1.00,DIVORZIO,"1,584.00",0,0,"1,438.00",0,0,538.00,839.00,40.00,90.78%
PIEMONTE,NOVARA,1.00,DIVORZIO,959.00,0,0,914.00,0,0,322.00,552.00,28.00,95.31%
PIEMONTE,NOVARA,1.00,DIVORZIO,380.00,0,0,316.00,0,0,150.00,146.00,11.00,83.16%
PIEMONTE,NOVARA,1.00,DIVORZIO,765.00,0,0,607.00,0,0,228.00,357.00,14.00,79.35%
PIEMONTE,NOVARA,1.00,DIVORZIO,"1,511.00",0,0,"1,406.00",0,0,470.00,874.00,53.00,93.05%
PIEMONTE,NOVARA,1.00,DIVORZIO,953.00,0,0,975.00,0,0,262.00,682.00,21.00,102.31%
PIEMONTE,NOVARA,1.00,DIVORZIO,"5,802.00",0,0,"5,582.00",0,0,"1,822.00","3,618.00",113.00,96.21%
PIEMONTE,NOVARA,1.00,DIVORZIO,"1,026.00",0,0,846.00,0,0,278.00,541.00,18.00,82.46%
PIEMONTE,NOVARA,1.00,DIVORZIO,"3,939.00",0,0,"3,256.00",0,0,911.00,"2,270.00",48.00,82.66%
PIEMONTE,NOVARA,1.00,DIVORZIO,155.00,0,0,126.00,0,0,50.00,66.00,7.00,81.29%
PIEMONTE,NOVARA,1.00,DIVORZIO,"1,959.00",0,0,"1,786.00",0,0,745.00,957.00,68.00,91.17%
PIEMONTE,NOVARA,1.00,DIVORZIO,398.00,0,0,368.00,0,0,161.00,185.00,19.00,92.46%
PIEMONTE,NOVARA,1.00,DIVORZIO,"2,025.00",0,0,"1,881.00",0,0,562.00,"1,261.00",44.00,92.89%
PIEMONTE,NOVARA,1.00,DIVORZIO,628.00,0,0,575.00,0,0,206.00,333.00,31.00,91.56%
PIEMONTE,NOVARA,1.00,DIVORZIO,"1,330.00",0,0,"1,248.00",0,0,407.00,784.00,38.00,93.83%
PIEMONTE,NOVARA,1.00,DIVORZIO,825.00,0,0,760.00,0,0,295.00,434.00,27.00,92.12%
PIEMONTE,NOVARA,1.00,DIVORZIO,287.00,0,0,264.00,0,0,116.00,132.00,13.00,91.99%
PIEMONTE,NOVARA,1.00,DIVORZIO,"5,086.00",0,0,"4,710.00",0,0,"1,247.00","3,362.00",70.00,92.61%
PIEMONTE,NOVARA,1.00,DIVORZIO,327.00,0,0,308.00,0,0,131.00,154.00,17.00,94.19%
PIEMONTE,NOVARA,1.00,DIVORZIO,"1,119.00",0,0,"1,012.00",0,0,380.00,588.00,31.00,90.44%
PIEMONTE,NOVARA,1.00,DIVORZIO,304.00,0,0,232.00,0,0,72.00,151.00,5.00,76.32%
PIEMONTE,NOVARA,1.00,DIVORZIO,787.00,0,0,725.00,0,0,158.00,522.00,35.00,92.12%
PIEMONTE,NOVARA,1.00,DIVORZIO,393.00,0,0,322.00,0,0,122.00,185.00,13.00,81.93%
PIEMONTE,NOVARA,1.00,DIVORZIO,"4,755.00",0,0,"4,433.00",0,0,"1,588.00","2,643.00",152.00,93.23%
PIEMONTE,NOVARA,1.00,DIVORZIO,530.00,0,0,430.00,0,0,193.00,212.00,15.00,81.13%
PIEMONTE,NOVARA,1.00,DIVORZIO,269.00,0,0,233.00,0,0,72.00,148.00,8.00,86.62%
PIEMONTE,NOVARA,1.00,DIVORZIO,428.00,0,0,370.00,0,0,164.00,189.00,13.00,86.45%
PIEMONTE,NOVARA,1.00,DIVORZIO,568.00,0,0,476.00,0,0,160.00,295.00,12.00,83.80%
PIEMONTE,NOVARA,1.00,DIVORZIO,549.00,0,0,458.00,0,0,185.00,255.00,9.00,83.42%
PIEMONTE,NOVARA,1.00,DIVORZIO,"1,105.00",0,0,"1,007.00",0,0,196.00,769.00,38.00,91.13%
PIEMONTE,NOVARA,1.00,DIVORZIO,"2,454.00",0,0,"2,132.00",0,0,502.00,"1,566.00",37.00,86.88%
PIEMONTE,NOVARA,1.00,DIVORZIO,"1,175.00",0,0,943.00,0,0,301.00,597.00,39.00,80.26%
PIEMONTE,NOVARA,1.00,DIVORZIO,"1,398.00",0,0,"1,264.00",0,0,475.00,714.00,56.00,90.41%
PIEMONTE,NOVARA,1.00,DIVORZIO,268.00,0,0,181.00,0,0,61.00,110.00,4.00,67.54%
PIEMONTE,NOVARA,1.00,DIVORZIO,684.00,0,0,616.00,0,0,191.00,408.00,9.00,90.06%
PIEMONTE,NOVARA,1.00,DIVORZIO,"14,122.00",0,0,"12,676.00",0,0,"3,219.00","9,210.00",181.00,89.76%
PIEMONTE,NOVARA,1.00,DIVORZIO,"1,636.00",0,0,"1,503.00",0,0,379.00,"1,091.00",30.00,91.87%
PIEMONTE,NOVARA,1.00,DIVORZIO,663.00,0,0,564.00,0,0,247.00,289.00,18.00,85.07%
PIEMONTE,NOVARA,1.00,DIVORZIO,401.00,0,0,292.00,0,0,176.00,110.00,2.00,72.82%
PIEMONTE,NOVARA,1.00,DIVORZIO,"1,755.00",0,0,"1,586.00",0,0,508.00,"1,039.00",30.00,90.37%
PIEMONTE,NOVARA,1.00,DIVORZIO,"1,866.00",0,0,"1,686.00",0,0,556.00,"1,040.00",68.00,90.35%
PIEMONTE,NOVARA,1.00,DIVORZIO,387.00,0,0,343.00,0,0,162.00,166.00,12.00,88.63%
PIEMONTE,NOVARA,1.00,DIVORZIO,"10,262.00",0,0,"9,331.00",0,0,"2,608.00","6,341.00",290.00,90.93%
PIEMONTE,NOVARA,1.00,DIVORZIO,584.00,0,0,544.00,0,0,213.00,310.00,16.00,93.15%
PIEMONTE,NOVARA,1.00,DIVORZIO,"1,009.00",0,0,913.00,0,0,275.00,607.00,26.00,90.49%
PIEMONTE,NOVARA,1.00,DIVORZIO,"1,904.00",0,0,"1,729.00",0,0,744.00,886.00,80.00,90.81%
PIEMONTE,NOVARA,1.00,DIVORZIO,119.00,0,0,115.00,0,0,83.00,31.00,1.00,96.64%
PIEMONTE,NOVARA,1.00,DIVORZIO,"3,022.00",0,0,"2,728.00",0,0,804.00,"1,809.00",87.00,90.27%
PIEMONTE,NOVARA,1.00,DIVORZIO,"1,603.00",0,0,"1,448.00",0,0,466.00,933.00,36.00,90.33%
PIEMONTE,NOVARA,1.00,DIVORZIO,729.00,0,0,642.00,0,0,194.00,425.00,18.00,88.07%
PIEMONTE,NOVARA,1.00,DIVORZIO,"4,586.00",0,0,"4,270.00",0,0,"1,542.00","2,582.00",110.00,93.11%
PIEMONTE,NOVARA,1.00,DIVORZIO,829.00,0,0,784.00,0,0,256.00,496.00,24.00,94.57%
PIEMONTE,NOVARA,1.00,DIVORZIO,"4,817.00",0,0,"4,447.00",0,0,"1,023.00","3,306.00",85.00,92.32%
PIEMONTE,NOVARA,1.00,DIVORZIO,"3,524.00",0,0,"3,186.00",0,0,741.00,"2,330.00",92.00,90.41%
PIEMONTE,NOVARA,1.00,DIVORZIO,491.00,0,0,282.00,0,0,119.00,157.00,4.00,57.43%
PIEMONTE,NOVARA,1.00,DIVORZIO,182.00,0,0,126.00,0,0,39.00,83.00,1.00,69.23%
PIEMONTE,NOVARA,1.00,DIVORZIO,"2,458.00",0,0,"2,179.00",0,0,729.00,"1,349.00",84.00,88.65%
PIEMONTE,NOVARA,1.00,DIVORZIO,465.00,0,0,413.00,0,0,211.00,178.00,13.00,88.82%
PIEMONTE,NOVARA,1.00,DIVORZIO,"1,923.00",0,0,"1,689.00",0,0,634.00,983.00,55.00,87.83%
PIEMONTE,NOVARA,1.00,DIVORZIO,350.00,0,0,307.00,0,0,202.00,92.00,6.00,87.71%
PIEMONTE,NOVARA,1.00,DIVORZIO,562.00,0,0,430.00,0,0,150.00,262.00,13.00,76.51%
PIEMONTE,NOVARA,1.00,DIVORZIO,373.00,0,0,322.00,0,0,117.00,187.00,14.00,86.33%
PIEMONTE,NOVARA,1.00,DIVORZIO,"1,274.00",0,0,"1,090.00",0,0,479.00,561.00,43.00,85.56%
PIEMONTE,NOVARA,1.00,DIVORZIO,"1,075.00",0,0,900.00,0,0,323.00,543.00,14.00,83.72%
PIEMONTE,NOVARA,1.00,DIVORZIO,233.00,0,0,222.00,0,0,142.00,72.00,6.00,95.28%
PIEMONTE,NOVARA,1.00,DIVORZIO,776.00,0,0,722.00,0,0,367.00,319.00,27.00,93.04%
PIEMONTE,NOVARA,1.00,DIVORZIO,929.00,0,0,772.00,0,0,197.00,553.00,16.00,83.10%
PIEMONTE,NOVARA,1.00,DIVORZIO,665.00,0,0,607.00,0,0,246.00,309.00,34.00,91.28%
PIEMONTE,NOVARA,1.00,DIVORZIO,197.00,0,0,173.00,0,0,63.00,105.00,3.00,87.82%
PIEMONTE,NOVARA,1.00,DIVORZIO,"1,653.00",0,0,"1,492.00",0,0,520.00,917.00,37.00,90.26%
PIEMONTE,NOVARA,1.00,DIVORZIO,"1,556.00",0,0,"1,368.00",0,0,422.00,827.00,33.00,87.92%
PIEMONTE,NOVARA,1.00,DIVORZIO,713.00,0,0,618.00,0,0,298.00,295.00,15.00,86.68%
PIEMONTE,NOVARA,1.00,DIVORZIO,671.00,0,0,530.00,0,0,185.00,335.00,9.00,78.99%
PIEMONTE,NOVARA,1.00,DIVORZIO,311.00,0,0,284.00,0,0,117.00,165.00,0.00,91.32%
PIEMONTE,NOVARA,1.00,DIVORZIO,"1,974.00",0,0,"1,812.00",0,0,807.00,939.00,52.00,91.79%
PIEMONTE,NOVARA,1.00,DIVORZIO,894.00,0,0,774.00,0,0,273.00,457.00,36.00,86.58%
PIEMONTE,NOVARA,1.00,DIVORZIO,441.00,0,0,364.00,0,0,99.00,261.00,2.00,82.54%
PIEMONTE,NOVARA,1.00,DIVORZIO,897.00,0,0,776.00,0,0,299.00,440.00,31.00,86.51%
PIEMONTE,NOVARA,1.00,DIVORZIO,540.00,0,0,499.00,0,0,135.00,350.00,13.00,92.41%
PIEMONTE,NOVARA,1.00,DIVORZIO,646.00,0,0,545.00,0,0,204.00,331.00,6.00,84.37%
PIEMONTE,NOVARA,1.00,DIVORZIO,"72,778.00",0,0,"67,940.00",0,0,"18,318.00","48,009.00","1,189.00",93.35%
PIEMONTE,NOVARA,1.00,DIVORZIO,739.00,0,0,598.00,0,0,189.00,387.00,19.00,80.92%
PIEMONTE,NOVARA,1.00,DIVORZIO,"7,524.00",0,0,"6,671.00",0,0,"2,435.00","3,944.00",212.00,88.66%
PIEMONTE,NOVARA,1.00,DIVORZIO,879.00,0,0,801.00,0,0,255.00,505.00,34.00,91.13%
PIEMONTE,NOVARA,1.00,DIVORZIO,"11,591.00",0,0,"10,777.00",0,0,"2,908.00","7,642.00",159.00,92.98%
PIEMONTE,NOVARA,1.00,DIVORZIO,"2,122.00",0,0,"1,908.00",0,0,629.00,"1,212.00",48.00,89.92%
PIEMONTE,NOVARA,1.00,DIVORZIO,934.00,0,0,832.00,0,0,341.00,465.00,19.00,89.08%
PIEMONTE,NOVARA,1.00,DIVORZIO,794.00,0,0,744.00,0,0,262.00,453.00,19.00,93.70%
PIEMONTE,NOVARA,1.00,DIVORZIO,736.00,0,0,630.00,0,0,263.00,349.00,14.00,85.60%
PIEMONTE,NOVARA,1.00,DIVORZIO,921.00,0,0,853.00,0,0,280.00,554.00,11.00,92.62%
PIEMONTE,NOVARA,1.00,DIVORZIO,810.00,0,0,708.00,0,0,237.00,445.00,13.00,87.41%
PIEMONTE,NOVARA,1.00,DIVORZIO,"1,247.00",0,0,"1,079.00",0,0,268.00,776.00,17.00,86.53%
PIEMONTE,NOVARA,1.00,DIVORZIO,"2,021.00",0,0,"1,808.00",0,0,415.00,"1,338.00",40.00,89.46%
PIEMONTE,NOVARA,1.00,DIVORZIO,409.00,0,0,353.00,0,0,120.00,217.00,13.00,86.31%
PIEMONTE,NOVARA,1.00,DIVORZIO,957.00,0,0,865.00,0,0,286.00,551.00,21.00,90.39%
PIEMONTE,NOVARA,1.00,DIVORZIO,905.00,0,0,822.00,0,0,284.00,514.00,11.00,90.83%
PIEMONTE,NOVARA,1.00,DIVORZIO,"1,390.00",0,0,"1,283.00",0,0,310.00,934.00,29.00,92.30%
PIEMONTE,NOVARA,1.00,DIVORZIO,628.00,0,0,530.00,0,0,142.00,372.00,10.00,84.39%
PIEMONTE,NOVARA,1.00,DIVORZIO,577.00,0,0,454.00,0,0,151.00,286.00,15.00,78.68%
PIEMONTE,NOVARA,1.00,DIVORZIO,"1,645.00",0,0,"1,412.00",0,0,455.00,902.00,38.00,85.84%
PIEMONTE,NOVARA,1.00,DIVORZIO,324.00,0,0,274.00,0,0,132.00,126.00,11.00,84.57%
PIEMONTE,NOVARA,1.00,DIVORZIO,465.00,0,0,382.00,0,0,144.00,222.00,6.00,82.15%
PIEMONTE,NOVARA,1.00,DIVORZIO,678.00,0,0,586.00,0,0,296.00,270.00,12.00,86.43%
PIEMONTE,NOVARA,1.00,DIVORZIO,815.00,0,0,694.00,0,0,263.00,375.00,44.00,85.15%
PIEMONTE,NOVARA,1.00,DIVORZIO,"3,397.00",0,0,"3,164.00",0,0,778.00,"2,300.00",72.00,93.14%
PIEMONTE,NOVARA,1.00,DIVORZIO,"2,814.00",0,0,"2,654.00",0,0,"1,060.00","1,498.00",81.00,94.31%
PIEMONTE,NOVARA,1.00,DIVORZIO,782.00,0,0,668.00,0,0,180.00,445.00,14.00,85.42%
PIEMONTE,NOVARA,1.00,DIVORZIO,"1,820.00",0,0,"1,711.00",0,0,544.00,"1,085.00",61.00,94.01%
PIEMONTE,NOVARA,1.00,DIVORZIO,623.00,0,0,578.00,0,0,221.00,329.00,20.00,92.78%
PIEMONTE,NOVARA,1.00,DIVORZIO,"1,211.00",0,0,"1,153.00",0,0,391.00,721.00,36.00,95.21%
PIEMONTE,NOVARA,1.00,DIVORZIO,878.00,0,0,739.00,0,0,285.00,440.00,11.00,84.17%
PIEMONTE,NOVARA,1.00,DIVORZIO,229.00,0,0,211.00,0,0,89.00,112.00,8.00,92.14%
PIEMONTE,NOVARA,1.00,DIVORZIO,545.00,0,0,484.00,0,0,279.00,177.00,19.00,88.81%
PIEMONTE,NOVARA,1.00,DIVORZIO,"1,124.00",0,0,"1,015.00",0,0,405.00,553.00,44.00,90.30%
PIEMONTE,NOVARA,1.00,DIVORZIO,565.00,0,0,518.00,0,0,164.00,343.00,8.00,91.68%
PIEMONTE,NOVARA,1.00,DIVORZIO,671.00,0,0,619.00,0,0,239.00,348.00,22.00,92.25%
PIEMONTE,NOVARA,1.00,DIVORZIO,"3,752.00",0,0,"3,300.00",0,0,"1,045.00","2,154.00",84.00,87.95%
PIEMONTE,NOVARA,1.00,DIVORZIO,"2,275.00",0,0,"2,113.00",0,0,670.00,"1,350.00",72.00,92.88%
PIEMONTE,NOVARA,1.00,DIVORZIO,378.00,0,0,357.00,0,0,103.00,238.00,14.00,94.44%
PIEMONTE,NOVARA,1.00,DIVORZIO,411.00,0,0,332.00,0,0,166.00,155.00,8.00,80.78%
PIEMONTE,NOVARA,1.00,DIVORZIO,788.00,0,0,726.00,0,0,287.00,413.00,18.00,92.13%
PIEMONTE,NOVARA,1.00,DIVORZIO,396.00,0,0,300.00,0,0,100.00,190.00,5.00,75.76%
PIEMONTE,NOVARA,1.00,DIVORZIO,392.00,0,0,323.00,0,0,97.00,209.00,13.00,82.40%
PIEMONTE,NOVARA,1.00,DIVORZIO,"10,011.00",0,0,"9,090.00",0,0,"3,217.00","5,545.00",249.00,90.80%
PIEMONTE,NOVARA,1.00,DIVORZIO,"1,179.00",0,0,957.00,0,0,305.00,623.00,16.00,81.17%
PIEMONTE,NOVARA,1.00,DIVORZIO,"1,014.00",0,0,840.00,0,0,425.00,387.00,17.00,82.84%
PIEMONTE,NOVARA,1.00,DIVORZIO,353.00,0,0,296.00,0,0,90.00,201.00,5.00,83.85%
PIEMONTE,NOVARA,1.00,DIVORZIO,792.00,0,0,718.00,0,0,310.00,376.00,26.00,90.66%
PIEMONTE,NOVARA,1.00,DIVORZIO,"2,851.00",0,0,"2,601.00",0,0,861.00,"1,640.00",67.00,91.23%
PIEMONTE,NOVARA,1.00,DIVORZIO,"1,826.00",0,0,"1,520.00",0,0,424.00,"1,048.00",25.00,83.24%
PIEMONTE,NOVARA,1.00,DIVORZIO,"24,336.00",0,0,"22,241.00",0,0,"5,741.00","16,059.00",314.00,91.39%
PIEMONTE,NOVARA,1.00,DIVORZIO,962.00,0,0,938.00,0,0,366.00,530.00,31.00,97.51%
PIEMONTE,NOVARA,1.00,DIVORZIO,"1,761.00",0,0,"1,628.00",0,0,458.00,"1,103.00",55.00,92.45%
PIEMONTE,NOVARA,1.00,DIVORZIO,634.00,0,0,546.00,0,0,228.00,295.00,16.00,86.12%
PIEMONTE,NOVARA,1.00,DIVORZIO,233.00,0,0,223.00,0,0,73.00,137.00,10.00,95.71%
PIEMONTE,NOVARA,1.00,DIVORZIO,435.00,0,0,365.00,0,0,100.00,257.00,6.00,83.91%
PIEMONTE,NOVARA,1.00,DIVORZIO,"5,334.00",0,0,"4,894.00",0,0,"1,086.00","3,714.00",65.00,91.75%
PIEMONTE,NOVARA,1.00,DIVORZIO,194.00,0,0,143.00,0,0,63.00,73.00,4.00,73.71%
PIEMONTE,NOVARA,1.00,DIVORZIO,587.00,0,0,540.00,0,0,252.00,262.00,19.00,91.99%
PIEMONTE,NOVARA,1.00,DIVORZIO,"1,456.00",0,0,"1,263.00",0,0,344.00,885.00,31.00,86.74%
SARDEGNA,NUORO,1.00,DIVORZIO,"1,275.00",0,0,925.00,0,0,456.00,460.00,4.00,72.55%
SARDEGNA,NUORO,1.00,DIVORZIO,"2,019.00",0,0,"1,123.00",0,0,597.00,512.00,3.00,55.62%
SARDEGNA,NUORO,1.00,DIVORZIO,929.00,0,0,739.00,0,0,376.00,344.00,6.00,79.55%
SARDEGNA,NUORO,1.00,DIVORZIO,767.00,0,0,528.00,0,0,239.00,282.00,3.00,68.84%
SARDEGNA,NUORO,1.00,DIVORZIO,"2,146.00",0,0,"1,753.00",0,0,"1,097.00",615.00,8.00,81.69%
SARDEGNA,NUORO,1.00,DIVORZIO,"2,735.00",0,0,"2,185.00",0,0,"1,228.00",877.00,31.00,79.89%
SARDEGNA,NUORO,1.00,DIVORZIO,532.00,0,0,456.00,0,0,346.00,106.00,2.00,85.71%
SARDEGNA,NUORO,1.00,DIVORZIO,300.00,0,0,244.00,0,0,132.00,105.00,2.00,81.33%
SARDEGNA,NUORO,1.00,DIVORZIO,"3,282.00",0,0,"2,449.00",0,0,"1,534.00",873.00,14.00,74.62%
SARDEGNA,NUORO,1.00,DIVORZIO,"2,698.00",0,0,"2,040.00",0,0,831.00,"1,166.00",17.00,75.61%
SARDEGNA,NUORO,1.00,DIVORZIO,"1,777.00",0,0,"1,294.00",0,0,729.00,551.00,6.00,72.82%
SARDEGNA,NUORO,1.00,DIVORZIO,"1,561.00",0,0,"1,156.00",0,0,723.00,408.00,11.00,74.06%
SARDEGNA,NUORO,1.00,DIVORZIO,"5,115.00",0,0,"3,902.00",0,0,"1,925.00","1,936.00",15.00,76.29%
SARDEGNA,NUORO,1.00,DIVORZIO,"1,659.00",0,0,"1,315.00",0,0,898.00,383.00,12.00,79.26%
SARDEGNA,NUORO,1.00,DIVORZIO,"2,752.00",0,0,"2,216.00",0,0,"1,496.00",685.00,12.00,80.52%
SARDEGNA,NUORO,1.00,DIVORZIO,"2,657.00",0,0,"1,645.00",0,0,"1,172.00",459.00,3.00,61.91%
SARDEGNA,NUORO,1.00,DIVORZIO,"4,585.00",0,0,"3,738.00",0,0,"1,889.00","1,808.00",19.00,81.53%
SARDEGNA,NUORO,1.00,DIVORZIO,606.00,0,0,447.00,0,0,257.00,165.00,8.00,73.76%
SARDEGNA,NUORO,1.00,DIVORZIO,316.00,0,0,244.00,0,0,161.00,66.00,6.00,77.22%
SARDEGNA,NUORO,1.00,DIVORZIO,"1,871.00",0,0,"1,373.00",0,0,624.00,728.00,6.00,73.38%
SARDEGNA,NUORO,1.00,DIVORZIO,568.00,0,0,467.00,0,0,223.00,221.00,12.00,82.22%
SARDEGNA,NUORO,1.00,DIVORZIO,889.00,0,0,610.00,0,0,342.00,257.00,3.00,68.62%
SARDEGNA,NUORO,1.00,DIVORZIO,415.00,0,0,335.00,0,0,158.00,169.00,3.00,80.72%
SARDEGNA,NUORO,1.00,DIVORZIO,"3,241.00",0,0,"2,399.00",0,0,"1,799.00",578.00,7.00,74.02%
SARDEGNA,NUORO,1.00,DIVORZIO,873.00,0,0,500.00,0,0,286.00,202.00,4.00,57.27%
SARDEGNA,NUORO,1.00,DIVORZIO,"1,806.00",0,0,"1,389.00",0,0,710.00,639.00,20.00,76.91%
SARDEGNA,NUORO,1.00,DIVORZIO,"1,255.00",0,0,"1,017.00",0,0,647.00,329.00,12.00,81.04%
SARDEGNA,NUORO,1.00,DIVORZIO,"2,359.00",0,0,"1,904.00",0,0,977.00,896.00,20.00,80.71%
SARDEGNA,NUORO,1.00,DIVORZIO,871.00,0,0,702.00,0,0,476.00,215.00,5.00,80.60%
SARDEGNA,NUORO,1.00,DIVORZIO,"1,227.00",0,0,"1,046.00",0,0,513.00,485.00,15.00,85.25%
SARDEGNA,NUORO,1.00,DIVORZIO,299.00,0,0,201.00,0,0,84.00,111.00,1.00,67.22%
SARDEGNA,NUORO,1.00,DIVORZIO,"1,554.00",0,0,"1,056.00",0,0,647.00,385.00,7.00,67.95%
SARDEGNA,NUORO,1.00,DIVORZIO,"1,212.00",0,0,929.00,0,0,488.00,414.00,6.00,76.65%
SARDEGNA,NUORO,1.00,DIVORZIO,"1,873.00",0,0,"1,586.00",0,0,855.00,708.00,10.00,84.68%
SARDEGNA,NUORO,1.00,DIVORZIO,"2,550.00",0,0,"1,972.00",0,0,871.00,"1,087.00",7.00,77.33%
SARDEGNA,NUORO,1.00,DIVORZIO,"1,758.00",0,0,"1,485.00",0,0,739.00,717.00,9.00,84.47%
SARDEGNA,NUORO,1.00,DIVORZIO,"3,656.00",0,0,"2,815.00",0,0,"1,435.00","1,326.00",17.00,77.00%
SARDEGNA,NUORO,1.00,DIVORZIO,473.00,0,0,381.00,0,0,166.00,204.00,3.00,80.55%
SARDEGNA,NUORO,1.00,DIVORZIO,"1,117.00",0,0,712.00,0,0,450.00,248.00,2.00,63.74%
SARDEGNA,NUORO,1.00,DIVORZIO,359.00,0,0,251.00,0,0,143.00,97.00,1.00,69.92%
SARDEGNA,NUORO,1.00,DIVORZIO,"2,176.00",0,0,"1,411.00",0,0,906.00,477.00,9.00,64.84%
SARDEGNA,NUORO,1.00,DIVORZIO,899.00,0,0,656.00,0,0,250.00,380.00,9.00,72.97%
SARDEGNA,NUORO,1.00,DIVORZIO,"1,422.00",0,0,902.00,0,0,467.00,427.00,3.00,63.43%
SARDEGNA,NUORO,1.00,DIVORZIO,"6,067.00",0,0,"5,119.00",0,0,"2,142.00","2,912.00",22.00,84.37%
SARDEGNA,NUORO,1.00,DIVORZIO,455.00,0,0,368.00,0,0,263.00,94.00,4.00,80.88%
SARDEGNA,NUORO,1.00,DIVORZIO,"1,780.00",0,0,"1,534.00",0,0,763.00,741.00,10.00,86.18%
SARDEGNA,NUORO,1.00,DIVORZIO,"1,609.00",0,0,"1,339.00",0,0,853.00,465.00,10.00,83.22%
SARDEGNA,NUORO,1.00,DIVORZIO,240.00,0,0,219.00,0,0,175.00,41.00,2.00,91.25%
SARDEGNA,NUORO,1.00,DIVORZIO,768.00,0,0,570.00,0,0,361.00,194.00,9.00,74.22%
SARDEGNA,NUORO,1.00,DIVORZIO,374.00,0,0,262.00,0,0,132.00,119.00,5.00,70.05%
SARDEGNA,NUORO,1.00,DIVORZIO,"19,001.00",0,0,"16,898.00",0,0,"6,575.00","10,115.00",91.00,88.93%
SARDEGNA,NUORO,1.00,DIVORZIO,776.00,0,0,644.00,0,0,393.00,228.00,9.00,82.99%
SARDEGNA,NUORO,1.00,DIVORZIO,849.00,0,0,734.00,0,0,384.00,340.00,2.00,86.45%
SARDEGNA,NUORO,1.00,DIVORZIO,"2,009.00",0,0,"1,524.00",0,0,717.00,752.00,30.00,75.86%
SARDEGNA,NUORO,1.00,DIVORZIO,"4,503.00",0,0,"3,654.00",0,0,"2,248.00","1,334.00",25.00,81.15%
SARDEGNA,NUORO,1.00,DIVORZIO,"1,277.00",0,0,824.00,0,0,354.00,454.00,7.00,64.53%
SARDEGNA,NUORO,1.00,DIVORZIO,937.00,0,0,752.00,0,0,414.00,318.00,11.00,80.26%
SARDEGNA,NUORO,1.00,DIVORZIO,600.00,0,0,436.00,0,0,243.00,188.00,0.00,72.67%
SARDEGNA,NUORO,1.00,DIVORZIO,537.00,0,0,458.00,0,0,271.00,179.00,3.00,85.29%
SARDEGNA,NUORO,1.00,DIVORZIO,657.00,0,0,548.00,0,0,282.00,256.00,5.00,83.41%
SARDEGNA,NUORO,1.00,DIVORZIO,"2,281.00",0,0,"1,750.00",0,0,733.00,966.00,21.00,76.72%
SARDEGNA,NUORO,1.00,DIVORZIO,"2,904.00",0,0,"2,147.00",0,0,902.00,"1,225.00",8.00,73.93%
SARDEGNA,NUORO,1.00,DIVORZIO,"2,517.00",0,0,"2,059.00",0,0,995.00,"1,030.00",10.00,81.80%
SARDEGNA,NUORO,1.00,DIVORZIO,"1,945.00",0,0,"1,343.00",0,0,675.00,643.00,12.00,69.05%
SARDEGNA,NUORO,1.00,DIVORZIO,"1,903.00",0,0,"1,630.00",0,0,861.00,717.00,25.00,85.65%
SARDEGNA,NUORO,1.00,DIVORZIO,"1,283.00",0,0,930.00,0,0,662.00,256.00,6.00,72.49%
SARDEGNA,NUORO,1.00,DIVORZIO,"2,800.00",0,0,"1,568.00",0,0,931.00,596.00,11.00,56.00%
SARDEGNA,NUORO,1.00,DIVORZIO,290.00,0,0,202.00,0,0,118.00,76.00,2.00,69.66%
SARDEGNA,NUORO,1.00,DIVORZIO,"1,093.00",0,0,700.00,0,0,339.00,346.00,1.00,64.04%
SARDEGNA,NUORO,1.00,DIVORZIO,"1,331.00",0,0,910.00,0,0,474.00,411.00,8.00,68.37%
SARDEGNA,NUORO,1.00,DIVORZIO,"1,201.00",0,0,918.00,0,0,332.00,568.00,2.00,76.44%
SARDEGNA,NUORO,1.00,DIVORZIO,"1,567.00",0,0,"1,353.00",0,0,688.00,631.00,8.00,86.34%
SARDEGNA,NUORO,1.00,DIVORZIO,863.00,0,0,660.00,0,0,318.00,335.00,0.00,76.48%
SARDEGNA,NUORO,1.00,DIVORZIO,813.00,0,0,583.00,0,0,294.00,280.00,2.00,71.71%
SARDEGNA,NUORO,1.00,DIVORZIO,247.00,0,0,161.00,0,0,86.00,67.00,0.00,65.18%
SARDEGNA,NUORO,1.00,DIVORZIO,"1,102.00",0,0,802.00,0,0,311.00,481.00,5.00,72.78%
SARDEGNA,NUORO,1.00,DIVORZIO,"1,563.00",0,0,"1,171.00",0,0,676.00,470.00,10.00,74.92%
SARDEGNA,NUORO,1.00,DIVORZIO,"1,651.00",0,0,"1,365.00",0,0,867.00,468.00,5.00,82.68%
SARDEGNA,NUORO,1.00,DIVORZIO,223.00,0,0,160.00,0,0,97.00,58.00,3.00,71.75%
SARDEGNA,NUORO,1.00,DIVORZIO,574.00,0,0,454.00,0,0,295.00,135.00,4.00,79.09%
SARDEGNA,NUORO,1.00,DIVORZIO,"1,625.00",0,0,"1,121.00",0,0,544.00,544.00,8.00,68.98%
SARDEGNA,NUORO,1.00,DIVORZIO,962.00,0,0,743.00,0,0,271.00,453.00,11.00,77.23%
SARDEGNA,NUORO,1.00,DIVORZIO,"1,768.00",0,0,"1,319.00",0,0,770.00,522.00,5.00,74.60%
SARDEGNA,NUORO,1.00,DIVORZIO,"1,838.00",0,0,"1,352.00",0,0,900.00,433.00,6.00,73.56%
SARDEGNA,NUORO,1.00,DIVORZIO,"4,641.00",0,0,"3,652.00",0,0,"1,789.00","1,770.00",38.00,78.69%
SARDEGNA,NUORO,1.00,DIVORZIO,"1,353.00",0,0,"1,162.00",0,0,549.00,600.00,5.00,85.88%
SARDEGNA,NUORO,1.00,DIVORZIO,"1,063.00",0,0,850.00,0,0,659.00,182.00,3.00,79.96%
SARDEGNA,NUORO,1.00,DIVORZIO,831.00,0,0,573.00,0,0,377.00,180.00,3.00,68.95%
SARDEGNA,NUORO,1.00,DIVORZIO,"2,135.00",0,0,"1,577.00",0,0,750.00,795.00,13.00,73.86%
SARDEGNA,NUORO,1.00,DIVORZIO,548.00,0,0,431.00,0,0,218.00,209.00,2.00,78.65%
SARDEGNA,NUORO,1.00,DIVORZIO,504.00,0,0,420.00,0,0,289.00,124.00,2.00,83.33%
SARDEGNA,NUORO,1.00,DIVORZIO,214.00,0,0,180.00,0,0,108.00,71.00,0.00,84.11%
SARDEGNA,NUORO,1.00,DIVORZIO,"1,725.00",0,0,"1,292.00",0,0,616.00,653.00,11.00,74.90%
SARDEGNA,NUORO,1.00,DIVORZIO,"1,598.00",0,0,"1,083.00",0,0,626.00,436.00,4.00,67.77%
SARDEGNA,NUORO,1.00,DIVORZIO,"3,634.00",0,0,"3,103.00",0,0,"1,119.00","1,924.00",24.00,85.39%
SARDEGNA,NUORO,1.00,DIVORZIO,"1,311.00",0,0,"1,102.00",0,0,741.00,329.00,10.00,84.06%
SARDEGNA,NUORO,1.00,DIVORZIO,793.00,0,0,610.00,0,0,314.00,284.00,2.00,76.92%
SARDEGNA,NUORO,1.00,DIVORZIO,"1,453.00",0,0,989.00,0,0,466.00,510.00,4.00,68.07%
SARDEGNA,NUORO,1.00,DIVORZIO,"1,003.00",0,0,789.00,0,0,535.00,236.00,6.00,78.66%
SARDEGNA,NUORO,1.00,DIVORZIO,738.00,0,0,518.00,0,0,233.00,269.00,2.00,70.19%
SARDEGNA,NUORO,1.00,DIVORZIO,"2,465.00",0,0,"2,037.00",0,0,"1,270.00",694.00,20.00,82.64%
SARDEGNA,NUORO,1.00,DIVORZIO,849.00,0,0,592.00,0,0,313.00,252.00,9.00,69.73%
VENETO,PADOVA,1.00,DIVORZIO,"9,490.00",0,0,"9,065.00",0,0,"3,988.00","4,862.00",122.00,95.52%
VENETO,PADOVA,1.00,DIVORZIO,"2,072.00",0,0,"1,957.00",0,0,"1,066.00",827.00,41.00,94.45%
VENETO,PADOVA,1.00,DIVORZIO,"8,529.00",0,0,"8,176.00",0,0,"4,279.00","3,673.00",145.00,95.86%
VENETO,PADOVA,1.00,DIVORZIO,"3,692.00",0,0,"3,469.00",0,0,"1,766.00","1,613.00",60.00,93.96%
VENETO,PADOVA,1.00,DIVORZIO,"1,253.00",0,0,"1,159.00",0,0,792.00,343.00,11.00,92.50%
VENETO,PADOVA,1.00,DIVORZIO,"1,376.00",0,0,"1,269.00",0,0,910.00,312.00,27.00,92.22%
VENETO,PADOVA,1.00,DIVORZIO,"2,536.00",0,0,"2,370.00",0,0,"1,714.00",595.00,42.00,93.45%
VENETO,PADOVA,1.00,DIVORZIO,"2,760.00",0,0,"2,632.00",0,0,"1,392.00","1,171.00",51.00,95.36%
VENETO,PADOVA,1.00,DIVORZIO,"1,805.00",0,0,"1,678.00",0,0,"1,171.00",456.00,28.00,92.96%
VENETO,PADOVA,1.00,DIVORZIO,658.00,0,0,605.00,0,0,357.00,219.00,20.00,91.95%
VENETO,PADOVA,1.00,DIVORZIO,"2,953.00",0,0,"2,812.00",0,0,"1,116.00","1,627.00",56.00,95.23%
VENETO,PADOVA,1.00,DIVORZIO,"1,707.00",0,0,"1,624.00",0,0,770.00,815.00,28.00,95.14%
VENETO,PADOVA,1.00,DIVORZIO,"3,546.00",0,0,"3,304.00",0,0,"2,466.00",777.00,41.00,93.18%
VENETO,PADOVA,1.00,DIVORZIO,"1,990.00",0,0,"1,864.00",0,0,"1,284.00",535.00,27.00,93.67%
VENETO,PADOVA,1.00,DIVORZIO,"2,717.00",0,0,"2,531.00",0,0,"1,797.00",676.00,41.00,93.15%
VENETO,PADOVA,1.00,DIVORZIO,"6,339.00",0,0,"6,091.00",0,0,"2,440.00","3,517.00",85.00,96.09%
VENETO,PADOVA,1.00,DIVORZIO,"5,938.00",0,0,"5,681.00",0,0,"3,870.00","1,694.00",72.00,95.67%
VENETO,PADOVA,1.00,DIVORZIO,991.00,0,0,938.00,0,0,747.00,171.00,9.00,94.65%
VENETO,PADOVA,1.00,DIVORZIO,"5,106.00",0,0,"5,355.00",0,0,"3,910.00","1,324.00",59.00,104.88%
VENETO,PADOVA,1.00,DIVORZIO,"2,889.00",0,0,"2,820.00",0,0,"1,860.00",882.00,45.00,97.61%
VENETO,PADOVA,1.00,DIVORZIO,"1,676.00",0,0,"1,583.00",0,0,"1,098.00",432.00,28.00,94.45%
VENETO,PADOVA,1.00,DIVORZIO,"1,065.00",0,0,998.00,0,0,622.00,338.00,24.00,93.71%
VENETO,PADOVA,1.00,DIVORZIO,"4,150.00",0,0,"3,900.00",0,0,"2,633.00","1,165.00",70.00,93.98%
VENETO,PADOVA,1.00,DIVORZIO,"2,297.00",0,0,"2,204.00",0,0,"1,232.00",915.00,37.00,95.95%
VENETO,PADOVA,1.00,DIVORZIO,"1,046.00",0,0,988.00,0,0,626.00,339.00,14.00,94.46%
VENETO,PADOVA,1.00,DIVORZIO,"2,505.00",0,0,"2,398.00",0,0,"1,425.00",909.00,40.00,95.73%
VENETO,PADOVA,1.00,DIVORZIO,"2,718.00",0,0,"2,547.00",0,0,"1,236.00","1,244.00",54.00,93.71%
VENETO,PADOVA,1.00,DIVORZIO,"2,504.00",0,0,"2,451.00",0,0,"1,682.00",700.00,41.00,97.88%
VENETO,PADOVA,1.00,DIVORZIO,"1,427.00",0,0,"1,335.00",0,0,576.00,728.00,23.00,93.55%
VENETO,PADOVA,1.00,DIVORZIO,"2,590.00",0,0,"2,456.00",0,0,"1,810.00",602.00,27.00,94.83%
VENETO,PADOVA,1.00,DIVORZIO,"1,434.00",0,0,"1,280.00",0,0,925.00,306.00,20.00,89.26%
VENETO,PADOVA,1.00,DIVORZIO,"10,406.00",0,0,"10,378.00",0,0,"7,339.00","2,824.00",125.00,99.73%
VENETO,PADOVA,1.00,DIVORZIO,"3,203.00",0,0,"3,041.00",0,0,"1,971.00",987.00,51.00,94.94%
VENETO,PADOVA,1.00,DIVORZIO,"5,068.00",0,0,"4,890.00",0,0,"3,021.00","1,710.00",104.00,96.49%
VENETO,PADOVA,1.00,DIVORZIO,"3,273.00",0,0,"3,091.00",0,0,"2,065.00",930.00,49.00,94.44%
VENETO,PADOVA,1.00,DIVORZIO,"3,345.00",0,0,"3,152.00",0,0,"2,017.00","1,080.00",39.00,94.23%
VENETO,PADOVA,1.00,DIVORZIO,"11,992.00",0,0,"11,478.00",0,0,"6,019.00","5,099.00",245.00,95.71%
VENETO,PADOVA,1.00,DIVORZIO,"4,369.00",0,0,"4,126.00",0,0,"2,987.00","1,062.00",51.00,94.44%
VENETO,PADOVA,1.00,DIVORZIO,"3,815.00",0,0,"3,582.00",0,0,"2,168.00","1,341.00",48.00,93.89%
VENETO,PADOVA,1.00,DIVORZIO,"2,744.00",0,0,"2,487.00",0,0,"1,490.00",927.00,41.00,90.63%
VENETO,PADOVA,1.00,DIVORZIO,"1,884.00",0,0,"1,768.00",0,0,"1,456.00",273.00,24.00,93.84%
VENETO,PADOVA,1.00,DIVORZIO,"2,289.00",0,0,"2,121.00",0,0,"1,388.00",674.00,41.00,92.66%
VENETO,PADOVA,1.00,DIVORZIO,"1,007.00",0,0,921.00,0,0,470.00,421.00,19.00,91.46%
VENETO,PADOVA,1.00,DIVORZIO,"3,632.00",0,0,"3,404.00",0,0,"1,842.00","1,480.00",60.00,93.72%
VENETO,PADOVA,1.00,DIVORZIO,"3,281.00",0,0,"3,141.00",0,0,"1,836.00","1,247.00",36.00,95.73%
VENETO,PADOVA,1.00,DIVORZIO,"2,485.00",0,0,"2,312.00",0,0,"1,841.00",422.00,27.00,93.04%
VENETO,PADOVA,1.00,DIVORZIO,"2,096.00",0,0,"1,801.00",0,0,"1,125.00",612.00,35.00,85.93%
VENETO,PADOVA,1.00,DIVORZIO,"3,137.00",0,0,"2,957.00",0,0,"1,660.00","1,232.00",37.00,94.26%
VENETO,PADOVA,1.00,DIVORZIO,"1,310.00",0,0,"1,220.00",0,0,585.00,598.00,27.00,93.13%
VENETO,PADOVA,1.00,DIVORZIO,"1,721.00",0,0,"1,591.00",0,0,"1,193.00",356.00,22.00,92.45%
VENETO,PADOVA,1.00,DIVORZIO,"1,424.00",0,0,"1,297.00",0,0,635.00,627.00,24.00,91.08%
VENETO,PADOVA,1.00,DIVORZIO,"1,442.00",0,0,"1,348.00",0,0,626.00,684.00,27.00,93.48%
VENETO,PADOVA,1.00,DIVORZIO,"2,221.00",0,0,"2,043.00",0,0,992.00,970.00,62.00,91.99%
VENETO,PADOVA,1.00,DIVORZIO,"3,165.00",0,0,"2,993.00",0,0,"2,193.00",757.00,23.00,94.57%
VENETO,PADOVA,1.00,DIVORZIO,"11,697.00",0,0,"11,311.00",0,0,"5,574.00","5,420.00",232.00,96.70%
VENETO,PADOVA,1.00,DIVORZIO,"7,065.00",0,0,"6,702.00",0,0,"3,238.00","3,241.00",166.00,94.86%
VENETO,PADOVA,1.00,DIVORZIO,"5,237.00",0,0,"4,888.00",0,0,"2,308.00","2,423.00",74.00,93.34%
VENETO,PADOVA,1.00,DIVORZIO,"4,652.00",0,0,"4,454.00",0,0,"1,864.00","2,487.00",71.00,95.74%
VENETO,PADOVA,1.00,DIVORZIO,"3,095.00",0,0,"2,883.00",0,0,"1,430.00","1,345.00",73.00,93.15%
VENETO,PADOVA,1.00,DIVORZIO,"162,313.00",0,0,"155,367.00",0,0,"65,392.00","86,928.00","2,030.00",95.72%
VENETO,PADOVA,1.00,DIVORZIO,"2,195.00",0,0,"2,037.00",0,0,"1,297.00",683.00,35.00,92.80%
VENETO,PADOVA,1.00,DIVORZIO,"1,301.00",0,0,"1,184.00",0,0,703.00,448.00,30.00,91.01%
VENETO,PADOVA,1.00,DIVORZIO,"6,921.00",0,0,"6,518.00",0,0,"4,095.00","2,282.00",82.00,94.18%
VENETO,PADOVA,1.00,DIVORZIO,"4,686.00",0,0,"4,340.00",0,0,"3,294.00",958.00,50.00,92.62%
VENETO,PADOVA,1.00,DIVORZIO,"10,355.00",0,0,"10,049.00",0,0,"6,282.00","3,493.00",173.00,97.04%
VENETO,PADOVA,1.00,DIVORZIO,"1,322.00",0,0,"1,255.00",0,0,933.00,285.00,22.00,94.93%
VENETO,PADOVA,1.00,DIVORZIO,"1,514.00",0,0,"1,439.00",0,0,743.00,663.00,26.00,95.05%
VENETO,PADOVA,1.00,DIVORZIO,"2,456.00",0,0,"2,282.00",0,0,"1,408.00",813.00,36.00,92.92%
VENETO,PADOVA,1.00,DIVORZIO,"4,418.00",0,0,"4,273.00",0,0,"2,267.00","1,879.00",77.00,96.72%
VENETO,PADOVA,1.00,DIVORZIO,"2,246.00",0,0,"2,124.00",0,0,"1,250.00",808.00,43.00,94.57%
VENETO,PADOVA,1.00,DIVORZIO,"2,215.00",0,0,"2,063.00",0,0,"1,588.00",438.00,22.00,93.14%
VENETO,PADOVA,1.00,DIVORZIO,"4,907.00",0,0,"4,354.00",0,0,"2,531.00","1,726.00",47.00,88.73%
VENETO,PADOVA,1.00,DIVORZIO,"2,209.00",0,0,"2,103.00",0,0,"1,502.00",569.00,16.00,95.20%
VENETO,PADOVA,1.00,DIVORZIO,"1,728.00",0,0,"1,544.00",0,0,783.00,700.00,42.00,89.35%
VENETO,PADOVA,1.00,DIVORZIO,"4,188.00",0,0,"3,970.00",0,0,"3,002.00",914.00,36.00,94.79%
VENETO,PADOVA,1.00,DIVORZIO,"2,873.00",0,0,"2,739.00",0,0,"2,120.00",559.00,37.00,95.34%
VENETO,PADOVA,1.00,DIVORZIO,"6,394.00",0,0,"6,023.00",0,0,"4,121.00","1,807.00",50.00,94.20%
VENETO,PADOVA,1.00,DIVORZIO,"2,255.00",0,0,"2,127.00",0,0,"1,587.00",493.00,28.00,94.32%
VENETO,PADOVA,1.00,DIVORZIO,"1,435.00",0,0,"1,360.00",0,0,994.00,312.00,34.00,94.77%
VENETO,PADOVA,1.00,DIVORZIO,"3,063.00",0,0,"2,849.00",0,0,"2,202.00",581.00,35.00,93.01%
VENETO,PADOVA,1.00,DIVORZIO,"1,601.00",0,0,"1,491.00",0,0,701.00,743.00,34.00,93.13%
VENETO,PADOVA,1.00,DIVORZIO,"3,605.00",0,0,"3,426.00",0,0,"1,920.00","1,434.00",51.00,95.03%
VENETO,PADOVA,1.00,DIVORZIO,"1,009.00",0,0,946.00,0,0,578.00,335.00,16.00,93.76%
VENETO,PADOVA,1.00,DIVORZIO,"1,790.00",0,0,"1,685.00",0,0,"1,012.00",603.00,52.00,94.13%
VENETO,PADOVA,1.00,DIVORZIO,"4,073.00",0,0,"3,908.00",0,0,"2,260.00","1,558.00",62.00,95.95%
VENETO,PADOVA,1.00,DIVORZIO,"8,448.00",0,0,"8,057.00",0,0,"4,267.00","3,579.00",144.00,95.37%
VENETO,PADOVA,1.00,DIVORZIO,"4,416.00",0,0,"4,146.00",0,0,"1,768.00","2,212.00",123.00,93.89%
VENETO,PADOVA,1.00,DIVORZIO,"3,115.00",0,0,"2,929.00",0,0,"1,205.00","1,649.00",57.00,94.03%
VENETO,PADOVA,1.00,DIVORZIO,"4,429.00",0,0,"4,195.00",0,0,"2,755.00","1,326.00",58.00,94.72%
VENETO,PADOVA,1.00,DIVORZIO,"1,220.00",0,0,"1,163.00",0,0,850.00,279.00,22.00,95.33%
VENETO,PADOVA,1.00,DIVORZIO,"4,012.00",0,0,"3,795.00",0,0,"2,639.00","1,082.00",44.00,94.59%
VENETO,PADOVA,1.00,DIVORZIO,"3,173.00",0,0,"2,905.00",0,0,"1,621.00","1,171.00",65.00,91.55%
VENETO,PADOVA,1.00,DIVORZIO,"5,074.00",0,0,"4,636.00",0,0,"3,645.00",901.00,61.00,91.37%
VENETO,PADOVA,1.00,DIVORZIO,"2,634.00",0,0,"2,461.00",0,0,"1,258.00","1,106.00",70.00,93.43%
VENETO,PADOVA,1.00,DIVORZIO,"1,313.00",0,0,"1,223.00",0,0,752.00,437.00,25.00,93.15%
VENETO,PADOVA,1.00,DIVORZIO,"1,195.00",0,0,"1,129.00",0,0,891.00,210.00,15.00,94.48%
VENETO,PADOVA,1.00,DIVORZIO,"1,114.00",0,0,"1,040.00",0,0,674.00,341.00,19.00,93.36%
VENETO,PADOVA,1.00,DIVORZIO,701.00,0,0,640.00,0,0,409.00,204.00,18.00,91.30%
VENETO,PADOVA,1.00,DIVORZIO,"5,127.00",0,0,"4,923.00",0,0,"2,771.00","2,043.00",67.00,96.02%
VENETO,PADOVA,1.00,DIVORZIO,"8,974.00",0,0,"8,473.00",0,0,"4,631.00","3,639.00",119.00,94.42%
VENETO,PADOVA,1.00,DIVORZIO,"2,517.00",0,0,"2,395.00",0,0,"1,973.00",384.00,19.00,95.15%
VENETO,PADOVA,1.00,DIVORZIO,"1,741.00",0,0,"1,643.00",0,0,916.00,654.00,47.00,94.37%
VENETO,PADOVA,1.00,DIVORZIO,"3,348.00",0,0,"3,196.00",0,0,"2,367.00",775.00,24.00,95.46%
VENETO,PADOVA,1.00,DIVORZIO,"2,630.00",0,0,"2,463.00",0,0,"1,726.00",684.00,31.00,93.65%
VENETO,PADOVA,1.00,DIVORZIO,"2,446.00",0,0,"2,283.00",0,0,"1,644.00",601.00,18.00,93.34%
SICILIA,PALERMO,1.00,DIVORZIO,"4,431.00",0,0,"2,796.00",0,0,"1,826.00",877.00,29.00,63.10%
SICILIA,PALERMO,1.00,DIVORZIO,"2,862.00",0,0,"1,904.00",0,0,"1,261.00",599.00,13.00,66.53%
SICILIA,PALERMO,1.00,DIVORZIO,"1,045.00",0,0,873.00,0,0,713.00,149.00,3.00,83.54%
SICILIA,PALERMO,1.00,DIVORZIO,"3,233.00",0,0,"1,989.00",0,0,"1,275.00",679.00,14.00,61.52%
SICILIA,PALERMO,1.00,DIVORZIO,"4,262.00",0,0,"3,351.00",0,0,"1,694.00","1,546.00",41.00,78.63%
SICILIA,PALERMO,1.00,DIVORZIO,"24,543.00",0,0,"19,408.00",0,0,"11,062.00","7,877.00",204.00,79.08%
SICILIA,PALERMO,1.00,DIVORZIO,"4,000.00",0,0,"2,328.00",0,0,"1,427.00",860.00,7.00,58.20%
SICILIA,PALERMO,1.00,DIVORZIO,"1,756.00",0,0,"1,293.00",0,0,981.00,287.00,7.00,73.63%
SICILIA,PALERMO,1.00,DIVORZIO,"4,307.00",0,0,"3,548.00",0,0,"2,036.00","1,336.00",61.00,82.38%
SICILIA,PALERMO,1.00,DIVORZIO,"5,040.00",0,0,"3,111.00",0,0,"2,027.00","1,021.00",32.00,61.73%
SICILIA,PALERMO,1.00,DIVORZIO,"1,394.00",0,0,979.00,0,0,543.00,396.00,18.00,70.23%
SICILIA,PALERMO,1.00,DIVORZIO,"1,598.00",0,0,"1,273.00",0,0,781.00,450.00,15.00,79.66%
SICILIA,PALERMO,1.00,DIVORZIO,"2,145.00",0,0,"1,555.00",0,0,831.00,654.00,20.00,72.49%
SICILIA,PALERMO,1.00,DIVORZIO,"4,050.00",0,0,"2,660.00",0,0,"1,987.00",603.00,13.00,65.68%
SICILIA,PALERMO,1.00,DIVORZIO,"5,875.00",0,0,"4,813.00",0,0,"3,886.00",781.00,55.00,81.92%
SICILIA,PALERMO,1.00,DIVORZIO,"3,812.00",0,0,"3,081.00",0,0,"2,109.00",917.00,16.00,80.82%
SICILIA,PALERMO,1.00,DIVORZIO,668.00,0,0,435.00,0,0,256.00,172.00,3.00,65.12%
SICILIA,PALERMO,1.00,DIVORZIO,"2,759.00",0,0,"2,240.00",0,0,833.00,"1,358.00",9.00,81.19%
SICILIA,PALERMO,1.00,DIVORZIO,"1,283.00",0,0,847.00,0,0,452.00,376.00,10.00,66.02%
SICILIA,PALERMO,1.00,DIVORZIO,"3,407.00",0,0,"2,591.00",0,0,"1,422.00","1,100.00",14.00,76.05%
SICILIA,PALERMO,1.00,DIVORZIO,"4,049.00",0,0,"2,653.00",0,0,"1,673.00",950.00,13.00,65.52%
SICILIA,PALERMO,1.00,DIVORZIO,"11,883.00",0,0,"6,989.00",0,0,"4,912.00","1,984.00",27.00,58.82%
SICILIA,PALERMO,1.00,DIVORZIO,"6,980.00",0,0,"5,693.00",0,0,"3,372.00","2,204.00",33.00,81.56%
SICILIA,PALERMO,1.00,DIVORZIO,"4,654.00",0,0,"3,494.00",0,0,"2,077.00","1,322.00",27.00,75.08%
SICILIA,PALERMO,1.00,DIVORZIO,"3,176.00",0,0,"2,472.00",0,0,"1,250.00","1,124.00",48.00,77.83%
SICILIA,PALERMO,1.00,DIVORZIO,"2,761.00",0,0,"2,115.00",0,0,"1,374.00",675.00,17.00,76.60%
SICILIA,PALERMO,1.00,DIVORZIO,610.00,0,0,517.00,0,0,441.00,71.00,2.00,84.75%
SICILIA,PALERMO,1.00,DIVORZIO,"9,453.00",0,0,"7,213.00",0,0,"4,133.00","2,896.00",64.00,76.30%
SICILIA,PALERMO,1.00,DIVORZIO,"3,402.00",0,0,"2,576.00",0,0,"1,719.00",817.00,13.00,75.72%
SICILIA,PALERMO,1.00,DIVORZIO,"3,558.00",0,0,"2,335.00",0,0,"1,883.00",399.00,21.00,65.63%
SICILIA,PALERMO,1.00,DIVORZIO,"3,754.00",0,0,"2,262.00",0,0,"1,688.00",498.00,34.00,60.26%
SICILIA,PALERMO,1.00,DIVORZIO,"5,445.00",0,0,"2,982.00",0,0,"1,982.00",963.00,10.00,54.77%
SICILIA,PALERMO,1.00,DIVORZIO,"3,605.00",0,0,"2,885.00",0,0,"1,318.00","1,520.00",15.00,80.03%
SICILIA,PALERMO,1.00,DIVORZIO,"1,818.00",0,0,"1,238.00",0,0,676.00,520.00,15.00,68.10%
SICILIA,PALERMO,1.00,DIVORZIO,"8,499.00",0,0,"5,771.00",0,0,"3,699.00","1,962.00",33.00,67.90%
SICILIA,PALERMO,1.00,DIVORZIO,"3,752.00",0,0,"3,065.00",0,0,"1,842.00","1,187.00",11.00,81.69%
SICILIA,PALERMO,1.00,DIVORZIO,"6,793.00",0,0,"4,932.00",0,0,"3,743.00","1,108.00",21.00,72.60%
SICILIA,PALERMO,1.00,DIVORZIO,"1,973.00",0,0,"1,653.00",0,0,"1,187.00",426.00,16.00,83.78%
SICILIA,PALERMO,1.00,DIVORZIO,899.00,0,0,705.00,0,0,560.00,138.00,3.00,78.42%
SICILIA,PALERMO,1.00,DIVORZIO,"2,017.00",0,0,"1,590.00",0,0,"1,149.00",389.00,29.00,78.83%
SICILIA,PALERMO,1.00,DIVORZIO,688.00,0,0,533.00,0,0,427.00,89.00,0.00,77.47%
SICILIA,PALERMO,1.00,DIVORZIO,"1,217.00",0,0,930.00,0,0,653.00,264.00,5.00,76.42%
SICILIA,PALERMO,1.00,DIVORZIO,"1,958.00",0,0,"1,521.00",0,0,"1,127.00",353.00,12.00,77.68%
SICILIA,PALERMO,1.00,DIVORZIO,"1,792.00",0,0,"1,351.00",0,0,841.00,483.00,13.00,75.39%
SICILIA,PALERMO,1.00,DIVORZIO,"1,787.00",0,0,"1,401.00",0,0,841.00,524.00,9.00,78.40%
SICILIA,PALERMO,1.00,DIVORZIO,"6,768.00",0,0,"4,130.00",0,0,"2,704.00","1,325.00",29.00,61.02%
SICILIA,PALERMO,1.00,DIVORZIO,"4,553.00",0,0,"3,151.00",0,0,"2,161.00",887.00,31.00,69.21%
SICILIA,PALERMO,1.00,DIVORZIO,"2,397.00",0,0,"1,724.00",0,0,"1,248.00",439.00,10.00,71.92%
SICILIA,PALERMO,1.00,DIVORZIO,"9,639.00",0,0,"8,368.00",0,0,"5,546.00","2,639.00",65.00,86.81%
SICILIA,PALERMO,1.00,DIVORZIO,"15,551.00",0,0,"11,046.00",0,0,"6,682.00","4,163.00",36.00,71.03%
SICILIA,PALERMO,1.00,DIVORZIO,"3,308.00",0,0,"2,604.00",0,0,"1,934.00",623.00,19.00,78.72%
SICILIA,PALERMO,1.00,DIVORZIO,"3,617.00",0,0,"2,658.00",0,0,"2,347.00",287.00,5.00,73.49%
SICILIA,PALERMO,1.00,DIVORZIO,"2,248.00",0,0,"1,779.00",0,0,"1,028.00",708.00,14.00,79.14%
SICILIA,PALERMO,1.00,DIVORZIO,"409,406.00",0,0,"313,228.00",0,0,"135,149.00","174,024.00","1,202.00",76.51%
SICILIA,PALERMO,1.00,DIVORZIO,"17,292.00",0,0,"12,792.00",0,0,"8,021.00","4,617.00",47.00,73.98%
SICILIA,PALERMO,1.00,DIVORZIO,"3,507.00",0,0,"2,811.00",0,0,"1,209.00","1,536.00",27.00,80.15%
SICILIA,PALERMO,1.00,DIVORZIO,"3,237.00",0,0,"2,545.00",0,0,"1,112.00","1,345.00",43.00,78.62%
SICILIA,PALERMO,1.00,DIVORZIO,"4,595.00",0,0,"3,463.00",0,0,"1,259.00","2,135.00",28.00,75.36%
SICILIA,PALERMO,1.00,DIVORZIO,"4,176.00",0,0,"3,127.00",0,0,"1,319.00","1,714.00",29.00,74.88%
SICILIA,PALERMO,1.00,DIVORZIO,"2,007.00",0,0,"1,543.00",0,0,772.00,708.00,20.00,76.88%
SICILIA,PALERMO,1.00,DIVORZIO,"5,239.00",0,0,"4,132.00",0,0,"2,717.00","1,304.00",32.00,78.87%
SICILIA,PALERMO,1.00,DIVORZIO,"1,697.00",0,0,"1,237.00",0,0,767.00,439.00,14.00,72.89%
SICILIA,PALERMO,1.00,DIVORZIO,"2,380.00",0,0,"1,771.00",0,0,"1,081.00",628.00,16.00,74.41%
SICILIA,PALERMO,1.00,DIVORZIO,"3,470.00",0,0,"2,620.00",0,0,"1,322.00","1,254.00",14.00,75.50%
SICILIA,PALERMO,1.00,DIVORZIO,"6,099.00",0,0,"4,300.00",0,0,"2,073.00","2,148.00",31.00,70.50%
SICILIA,PALERMO,1.00,DIVORZIO,"2,708.00",0,0,"1,855.00",0,0,"1,519.00",303.00,4.00,68.50%
SICILIA,PALERMO,1.00,DIVORZIO,638.00,0,0,366.00,0,0,270.00,89.00,4.00,57.37%
SICILIA,PALERMO,1.00,DIVORZIO,"5,004.00",0,0,"4,035.00",0,0,"2,725.00","1,249.00",28.00,80.64%
SICILIA,PALERMO,1.00,DIVORZIO,"1,932.00",0,0,"1,122.00",0,0,751.00,325.00,10.00,58.07%
SICILIA,PALERMO,1.00,DIVORZIO,597.00,0,0,470.00,0,0,288.00,180.00,1.00,78.73%
SICILIA,PALERMO,1.00,DIVORZIO,503.00,0,0,429.00,0,0,286.00,116.00,10.00,85.29%
SICILIA,PALERMO,1.00,DIVORZIO,"15,914.00",0,0,"12,748.00",0,0,"7,054.00","5,452.00",81.00,80.11%
SICILIA,PALERMO,1.00,DIVORZIO,"5,441.00",0,0,"3,738.00",0,0,"2,567.00","1,127.00",22.00,68.70%
SICILIA,PALERMO,1.00,DIVORZIO,"2,267.00",0,0,"1,331.00",0,0,"1,037.00",270.00,5.00,58.71%
SICILIA,PALERMO,1.00,DIVORZIO,"4,469.00",0,0,"3,665.00",0,0,"2,414.00","1,171.00",36.00,82.01%
SICILIA,PALERMO,1.00,DIVORZIO,"1,866.00",0,0,927.00,0,0,698.00,222.00,3.00,49.68%
SICILIA,PALERMO,1.00,DIVORZIO,775.00,0,0,599.00,0,0,392.00,202.00,2.00,77.29%
SICILIA,PALERMO,1.00,DIVORZIO,"4,120.00",0,0,"2,839.00",0,0,"1,853.00",927.00,21.00,68.91%
SICILIA,PALERMO,1.00,DIVORZIO,"2,062.00",0,0,"1,528.00",0,0,794.00,691.00,16.00,74.10%
SICILIA,PALERMO,1.00,DIVORZIO,"2,669.00",0,0,"2,054.00",0,0,"1,311.00",701.00,17.00,76.96%
SICILIA,PALERMO,1.00,DIVORZIO,"6,530.00",0,0,"5,358.00",0,0,"3,278.00","1,984.00",32.00,82.05%
SICILIA,PALERMO,1.00,DIVORZIO,"2,054.00",0,0,"1,724.00",0,0,779.00,896.00,19.00,83.93%
EMILIA-ROMAGNA,PARMA,1.00,DIVORZIO,"2,127.00",0,0,"1,474.00",0,0,726.00,694.00,38.00,69.30%
EMILIA-ROMAGNA,PARMA,1.00,DIVORZIO,"4,065.00",0,0,"2,701.00",0,0,"1,575.00","1,035.00",60.00,66.45%
EMILIA-ROMAGNA,PARMA,1.00,DIVORZIO,"4,638.00",0,0,"3,138.00",0,0,"1,817.00","1,210.00",75.00,67.66%
EMILIA-ROMAGNA,PARMA,1.00,DIVORZIO,"3,175.00",0,0,"2,476.00",0,0,"1,235.00","1,169.00",56.00,77.98%
EMILIA-ROMAGNA,PARMA,1.00,DIVORZIO,"1,233.00",0,0,"1,050.00",0,0,463.00,554.00,18.00,85.16%
EMILIA-ROMAGNA,PARMA,1.00,DIVORZIO,"6,125.00",0,0,"5,080.00",0,0,"2,176.00","2,681.00",165.00,82.94%
EMILIA-ROMAGNA,PARMA,1.00,DIVORZIO,"5,826.00",0,0,"5,441.00",0,0,"2,391.00","2,892.00",100.00,93.39%
EMILIA-ROMAGNA,PARMA,1.00,DIVORZIO,"1,607.00",0,0,"1,500.00",0,0,708.00,748.00,27.00,93.34%
EMILIA-ROMAGNA,PARMA,1.00,DIVORZIO,"7,434.00",0,0,"7,038.00",0,0,"2,015.00","4,856.00",86.00,94.67%
EMILIA-ROMAGNA,PARMA,1.00,DIVORZIO,"4,992.00",0,0,"4,846.00",0,0,"1,569.00","3,106.00",99.00,97.08%
EMILIA-ROMAGNA,PARMA,1.00,DIVORZIO,"1,045.00",0,0,794.00,0,0,533.00,225.00,20.00,75.98%
EMILIA-ROMAGNA,PARMA,1.00,DIVORZIO,"3,010.00",0,0,"2,545.00",0,0,"1,078.00","1,377.00",49.00,84.55%
EMILIA-ROMAGNA,PARMA,1.00,DIVORZIO,"3,414.00",0,0,"3,241.00",0,0,"1,112.00","2,069.00",41.00,94.93%
EMILIA-ROMAGNA,PARMA,1.00,DIVORZIO,"18,149.00",0,0,"17,291.00",0,0,"5,455.00","11,397.00",288.00,95.27%
EMILIA-ROMAGNA,PARMA,1.00,DIVORZIO,"4,707.00",0,0,"4,483.00",0,0,"1,608.00","2,747.00",77.00,95.24%
EMILIA-ROMAGNA,PARMA,1.00,DIVORZIO,"3,106.00",0,0,"2,990.00",0,0,889.00,"2,024.00",42.00,96.27%
EMILIA-ROMAGNA,PARMA,1.00,DIVORZIO,"4,622.00",0,0,"4,259.00",0,0,"1,320.00","2,815.00",75.00,92.15%
EMILIA-ROMAGNA,PARMA,1.00,DIVORZIO,"5,065.00",0,0,"4,746.00",0,0,"1,508.00","3,087.00",91.00,93.70%
EMILIA-ROMAGNA,PARMA,1.00,DIVORZIO,"1,722.00",0,0,"1,588.00",0,0,664.00,874.00,30.00,92.22%
EMILIA-ROMAGNA,PARMA,1.00,DIVORZIO,"5,497.00",0,0,"5,131.00",0,0,"1,938.00","3,002.00",84.00,93.34%
EMILIA-ROMAGNA,PARMA,1.00,DIVORZIO,"2,027.00",0,0,"1,918.00",0,0,699.00,"1,150.00",45.00,94.62%
EMILIA-ROMAGNA,PARMA,1.00,DIVORZIO,"1,519.00",0,0,"1,280.00",0,0,512.00,726.00,26.00,84.27%
EMILIA-ROMAGNA,PARMA,1.00,DIVORZIO,"4,921.00",0,0,"4,770.00",0,0,"1,438.00","3,222.00",68.00,96.93%
EMILIA-ROMAGNA,PARMA,1.00,DIVORZIO,"3,480.00",0,0,"3,191.00",0,0,"1,295.00","1,811.00",48.00,91.70%
EMILIA-ROMAGNA,PARMA,1.00,DIVORZIO,"6,824.00",0,0,"6,455.00",0,0,"2,492.00","3,776.00",123.00,94.59%
EMILIA-ROMAGNA,PARMA,1.00,DIVORZIO,"1,570.00",0,0,"1,386.00",0,0,661.00,692.00,21.00,88.28%
EMILIA-ROMAGNA,PARMA,1.00,DIVORZIO,"131,473.00",0,0,"125,734.00",0,0,"34,907.00","88,417.00","1,474.00",95.63%
EMILIA-ROMAGNA,PARMA,1.00,DIVORZIO,"1,716.00",0,0,"1,333.00",0,0,753.00,535.00,18.00,77.68%
EMILIA-ROMAGNA,PARMA,1.00,DIVORZIO,"1,393.00",0,0,"1,308.00",0,0,584.00,680.00,33.00,93.90%
EMILIA-ROMAGNA,PARMA,1.00,DIVORZIO,"2,736.00",0,0,"2,612.00",0,0,934.00,"1,603.00",53.00,95.47%
EMILIA-ROMAGNA,PARMA,1.00,DIVORZIO,"2,440.00",0,0,"2,297.00",0,0,776.00,"1,470.00",28.00,94.14%
EMILIA-ROMAGNA,PARMA,1.00,DIVORZIO,"13,800.00",0,0,"12,826.00",0,0,"3,457.00","9,070.00",181.00,92.94%
EMILIA-ROMAGNA,PARMA,1.00,DIVORZIO,"3,658.00",0,0,"3,597.00",0,0,"1,337.00","2,135.00",81.00,98.33%
EMILIA-ROMAGNA,PARMA,1.00,DIVORZIO,"3,163.00",0,0,"3,013.00",0,0,"1,025.00","1,915.00",46.00,95.26%
EMILIA-ROMAGNA,PARMA,1.00,DIVORZIO,"1,378.00",0,0,"1,251.00",0,0,594.00,620.00,24.00,90.78%
EMILIA-ROMAGNA,PARMA,1.00,DIVORZIO,"3,141.00",0,0,"2,989.00",0,0,"1,243.00","1,660.00",69.00,95.16%
EMILIA-ROMAGNA,PARMA,1.00,DIVORZIO,"4,868.00",0,0,"4,734.00",0,0,"1,289.00","3,318.00",80.00,97.25%
EMILIA-ROMAGNA,PARMA,1.00,DIVORZIO,"1,366.00",0,0,"1,119.00",0,0,478.00,604.00,22.00,81.92%
EMILIA-ROMAGNA,PARMA,1.00,DIVORZIO,"2,396.00",0,0,"2,150.00",0,0,886.00,"1,208.00",32.00,89.73%
EMILIA-ROMAGNA,PARMA,1.00,DIVORZIO,"1,746.00",0,0,"1,361.00",0,0,942.00,381.00,23.00,77.95%
EMILIA-ROMAGNA,PARMA,1.00,DIVORZIO,"2,194.00",0,0,"2,075.00",0,0,687.00,"1,316.00",42.00,94.58%
EMILIA-ROMAGNA,PARMA,1.00,DIVORZIO,"4,111.00",0,0,"3,878.00",0,0,"1,701.00","2,035.00",81.00,94.33%
EMILIA-ROMAGNA,PARMA,1.00,DIVORZIO,"2,039.00",0,0,"1,935.00",0,0,789.00,"1,080.00",50.00,94.90%
EMILIA-ROMAGNA,PARMA,1.00,DIVORZIO,"1,075.00",0,0,718.00,0,0,441.00,257.00,14.00,66.79%
EMILIA-ROMAGNA,PARMA,1.00,DIVORZIO,"1,740.00",0,0,"1,576.00",0,0,624.00,878.00,29.00,90.57%
EMILIA-ROMAGNA,PARMA,1.00,DIVORZIO,"2,183.00",0,0,"1,775.00",0,0,951.00,743.00,46.00,81.31%
EMILIA-ROMAGNA,PARMA,1.00,DIVORZIO,"1,958.00",0,0,"1,874.00",0,0,865.00,948.00,43.00,95.71%
LOMBARDIA,PAVIA,1.00,DIVORZIO,622.00,0,0,574.00,0,0,229.00,330.00,11.00,92.28%
LOMBARDIA,PAVIA,1.00,DIVORZIO,221.00,0,0,201.00,0,0,99.00,91.00,7.00,90.95%
LOMBARDIA,PAVIA,1.00,DIVORZIO,452.00,0,0,416.00,0,0,187.00,208.00,17.00,92.04%
LOMBARDIA,PAVIA,1.00,DIVORZIO,"1,421.00",0,0,"1,370.00",0,0,534.00,801.00,27.00,96.41%
LOMBARDIA,PAVIA,1.00,DIVORZIO,"1,422.00",0,0,"1,296.00",0,0,531.00,721.00,30.00,91.14%
LOMBARDIA,PAVIA,1.00,DIVORZIO,342.00,0,0,319.00,0,0,179.00,132.00,3.00,93.27%
LOMBARDIA,PAVIA,1.00,DIVORZIO,523.00,0,0,472.00,0,0,266.00,190.00,11.00,90.25%
LOMBARDIA,PAVIA,1.00,DIVORZIO,700.00,0,0,642.00,0,0,299.00,328.00,9.00,91.71%
LOMBARDIA,PAVIA,1.00,DIVORZIO,889.00,0,0,847.00,0,0,477.00,344.00,17.00,95.28%
LOMBARDIA,PAVIA,1.00,DIVORZIO,199.00,0,0,188.00,0,0,61.00,123.00,3.00,94.47%
LOMBARDIA,PAVIA,1.00,DIVORZIO,854.00,0,0,786.00,0,0,339.00,422.00,23.00,92.04%
LOMBARDIA,PAVIA,1.00,DIVORZIO,293.00,0,0,269.00,0,0,143.00,116.00,8.00,91.81%
LOMBARDIA,PAVIA,1.00,DIVORZIO,"3,968.00",0,0,"3,753.00",0,0,"1,471.00","2,176.00",71.00,94.58%
LOMBARDIA,PAVIA,1.00,DIVORZIO,"1,532.00",0,0,"1,453.00",0,0,504.00,906.00,31.00,94.84%
LOMBARDIA,PAVIA,1.00,DIVORZIO,668.00,0,0,629.00,0,0,120.00,490.00,13.00,94.16%
LOMBARDIA,PAVIA,1.00,DIVORZIO,"1,243.00",0,0,"1,143.00",0,0,520.00,569.00,40.00,91.95%
LOMBARDIA,PAVIA,1.00,DIVORZIO,497.00,0,0,442.00,0,0,240.00,182.00,18.00,88.93%
LOMBARDIA,PAVIA,1.00,DIVORZIO,775.00,0,0,729.00,0,0,201.00,486.00,31.00,94.06%
LOMBARDIA,PAVIA,1.00,DIVORZIO,640.00,0,0,603.00,0,0,250.00,333.00,15.00,94.22%
LOMBARDIA,PAVIA,1.00,DIVORZIO,469.00,0,0,428.00,0,0,119.00,286.00,17.00,91.26%
LOMBARDIA,PAVIA,1.00,DIVORZIO,"1,300.00",0,0,"1,119.00",0,0,496.00,561.00,46.00,86.08%
LOMBARDIA,PAVIA,1.00,DIVORZIO,"1,132.00",0,0,"1,054.00",0,0,478.00,527.00,36.00,93.11%
LOMBARDIA,PAVIA,1.00,DIVORZIO,"2,484.00",0,0,"2,366.00",0,0,541.00,"1,775.00",42.00,95.25%
LOMBARDIA,PAVIA,1.00,DIVORZIO,"8,186.00",0,0,"7,667.00",0,0,"2,033.00","5,410.00",170.00,93.66%
LOMBARDIA,PAVIA,1.00,DIVORZIO,133.00,0,0,128.00,0,0,36.00,89.00,2.00,96.24%
LOMBARDIA,PAVIA,1.00,DIVORZIO,532.00,0,0,492.00,0,0,226.00,241.00,20.00,92.48%
LOMBARDIA,PAVIA,1.00,DIVORZIO,"1,620.00",0,0,"1,479.00",0,0,470.00,965.00,40.00,91.30%
LOMBARDIA,PAVIA,1.00,DIVORZIO,145.00,0,0,131.00,0,0,66.00,59.00,5.00,90.34%
LOMBARDIA,PAVIA,1.00,DIVORZIO,"1,340.00",0,0,"1,159.00",0,0,344.00,788.00,21.00,86.49%
LOMBARDIA,PAVIA,1.00,DIVORZIO,987.00,0,0,920.00,0,0,291.00,599.00,24.00,93.21%
LOMBARDIA,PAVIA,1.00,DIVORZIO,306.00,0,0,286.00,0,0,128.00,148.00,7.00,93.46%
LOMBARDIA,PAVIA,1.00,DIVORZIO,664.00,0,0,613.00,0,0,217.00,370.00,17.00,92.32%
LOMBARDIA,PAVIA,1.00,DIVORZIO,"1,874.00",0,0,"1,729.00",0,0,566.00,"1,105.00",43.00,92.26%
LOMBARDIA,PAVIA,1.00,DIVORZIO,"3,419.00",0,0,"3,362.00",0,0,"1,100.00","2,181.00",52.00,98.33%
LOMBARDIA,PAVIA,1.00,DIVORZIO,"4,599.00",0,0,"4,277.00",0,0,"1,690.00","2,427.00",121.00,93.00%
LOMBARDIA,PAVIA,1.00,DIVORZIO,752.00,0,0,682.00,0,0,304.00,357.00,16.00,90.69%
LOMBARDIA,PAVIA,1.00,DIVORZIO,"5,923.00",0,0,"5,526.00",0,0,"1,810.00","3,532.00",140.00,93.30%
LOMBARDIA,PAVIA,1.00,DIVORZIO,867.00,0,0,788.00,0,0,305.00,449.00,26.00,90.89%
LOMBARDIA,PAVIA,1.00,DIVORZIO,469.00,0,0,446.00,0,0,133.00,301.00,11.00,95.10%
LOMBARDIA,PAVIA,1.00,DIVORZIO,646.00,0,0,592.00,0,0,181.00,387.00,17.00,91.64%
LOMBARDIA,PAVIA,1.00,DIVORZIO,"3,028.00",0,0,"2,868.00",0,0,797.00,"1,971.00",69.00,94.72%
LOMBARDIA,PAVIA,1.00,DIVORZIO,315.00,0,0,278.00,0,0,153.00,113.00,10.00,88.25%
LOMBARDIA,PAVIA,1.00,DIVORZIO,312.00,0,0,297.00,0,0,164.00,126.00,4.00,95.19%
LOMBARDIA,PAVIA,1.00,DIVORZIO,271.00,0,0,252.00,0,0,71.00,170.00,7.00,92.99%
LOMBARDIA,PAVIA,1.00,DIVORZIO,686.00,0,0,632.00,0,0,226.00,372.00,25.00,92.13%
LOMBARDIA,PAVIA,1.00,DIVORZIO,"2,265.00",0,0,"2,161.00",0,0,635.00,"1,446.00",56.00,95.41%
LOMBARDIA,PAVIA,1.00,DIVORZIO,"1,176.00",0,0,"1,056.00",0,0,398.00,613.00,41.00,89.80%
LOMBARDIA,PAVIA,1.00,DIVORZIO,"2,338.00",0,0,"2,147.00",0,0,721.00,"1,357.00",48.00,91.83%
LOMBARDIA,PAVIA,1.00,DIVORZIO,"1,111.00",0,0,"1,035.00",0,0,371.00,635.00,19.00,93.16%
LOMBARDIA,PAVIA,1.00,DIVORZIO,"3,376.00",0,0,"3,125.00",0,0,823.00,"2,181.00",88.00,92.57%
LOMBARDIA,PAVIA,1.00,DIVORZIO,"1,100.00",0,0,"1,011.00",0,0,464.00,514.00,25.00,91.91%
LOMBARDIA,PAVIA,1.00,DIVORZIO,"1,495.00",0,0,"1,375.00",0,0,434.00,889.00,41.00,91.97%
LOMBARDIA,PAVIA,1.00,DIVORZIO,"1,042.00",0,0,989.00,0,0,416.00,543.00,19.00,94.91%
LOMBARDIA,PAVIA,1.00,DIVORZIO,899.00,0,0,823.00,0,0,347.00,433.00,29.00,91.55%
LOMBARDIA,PAVIA,1.00,DIVORZIO,704.00,0,0,660.00,0,0,226.00,413.00,13.00,93.75%
LOMBARDIA,PAVIA,1.00,DIVORZIO,"1,320.00",0,0,"1,267.00",0,0,472.00,769.00,15.00,95.98%
LOMBARDIA,PAVIA,1.00,DIVORZIO,994.00,0,0,925.00,0,0,353.00,540.00,28.00,93.06%
LOMBARDIA,PAVIA,1.00,DIVORZIO,365.00,0,0,339.00,0,0,219.00,104.00,11.00,92.88%
LOMBARDIA,PAVIA,1.00,DIVORZIO,567.00,0,0,521.00,0,0,206.00,286.00,21.00,91.89%
LOMBARDIA,PAVIA,1.00,DIVORZIO,730.00,0,0,696.00,0,0,346.00,315.00,30.00,95.34%
LOMBARDIA,PAVIA,1.00,DIVORZIO,"2,954.00",0,0,"2,726.00",0,0,"1,023.00","1,559.00",121.00,92.28%
LOMBARDIA,PAVIA,1.00,DIVORZIO,"1,010.00",0,0,951.00,0,0,230.00,695.00,19.00,94.16%
LOMBARDIA,PAVIA,1.00,DIVORZIO,591.00,0,0,551.00,0,0,282.00,264.00,3.00,93.23%
LOMBARDIA,PAVIA,1.00,DIVORZIO,465.00,0,0,379.00,0,0,182.00,187.00,9.00,81.51%
LOMBARDIA,PAVIA,1.00,DIVORZIO,"1,086.00",0,0,"1,022.00",0,0,333.00,639.00,36.00,94.11%
LOMBARDIA,PAVIA,1.00,DIVORZIO,203.00,0,0,195.00,0,0,78.00,105.00,9.00,96.06%
LOMBARDIA,PAVIA,1.00,DIVORZIO,353.00,0,0,324.00,0,0,129.00,181.00,10.00,91.78%
LOMBARDIA,PAVIA,1.00,DIVORZIO,"4,922.00",0,0,"4,545.00",0,0,"1,662.00","2,659.00",160.00,92.34%
LOMBARDIA,PAVIA,1.00,DIVORZIO,"7,326.00",0,0,"6,727.00",0,0,"2,127.00","4,367.00",185.00,91.82%
LOMBARDIA,PAVIA,1.00,DIVORZIO,384.00,0,0,343.00,0,0,169.00,151.00,18.00,89.32%
LOMBARDIA,PAVIA,1.00,DIVORZIO,493.00,0,0,454.00,0,0,229.00,200.00,20.00,92.09%
LOMBARDIA,PAVIA,1.00,DIVORZIO,"2,310.00",0,0,"2,206.00",0,0,757.00,"1,365.00",60.00,95.50%
LOMBARDIA,PAVIA,1.00,DIVORZIO,"1,907.00",0,0,"1,780.00",0,0,811.00,911.00,40.00,93.34%
LOMBARDIA,PAVIA,1.00,DIVORZIO,263.00,0,0,234.00,0,0,136.00,89.00,7.00,88.97%
LOMBARDIA,PAVIA,1.00,DIVORZIO,"1,639.00",0,0,"1,490.00",0,0,514.00,903.00,61.00,90.91%
LOMBARDIA,PAVIA,1.00,DIVORZIO,"2,840.00",0,0,"2,665.00",0,0,961.00,"1,561.00",108.00,93.84%
LOMBARDIA,PAVIA,1.00,DIVORZIO,822.00,0,0,764.00,0,0,465.00,272.00,17.00,92.94%
LOMBARDIA,PAVIA,1.00,DIVORZIO,"2,562.00",0,0,"2,438.00",0,0,982.00,"1,386.00",48.00,95.16%
LOMBARDIA,PAVIA,1.00,DIVORZIO,580.00,0,0,536.00,0,0,217.00,287.00,27.00,92.41%
LOMBARDIA,PAVIA,1.00,DIVORZIO,821.00,0,0,780.00,0,0,250.00,510.00,13.00,95.01%
LOMBARDIA,PAVIA,1.00,DIVORZIO,"1,571.00",0,0,"1,521.00",0,0,522.00,946.00,32.00,96.82%
LOMBARDIA,PAVIA,1.00,DIVORZIO,183.00,0,0,167.00,0,0,82.00,77.00,6.00,91.26%
LOMBARDIA,PAVIA,1.00,DIVORZIO,"1,999.00",0,0,"1,855.00",0,0,535.00,"1,245.00",58.00,92.80%
LOMBARDIA,PAVIA,1.00,DIVORZIO,"1,725.00",0,0,"1,620.00",0,0,651.00,911.00,47.00,93.91%
LOMBARDIA,PAVIA,1.00,DIVORZIO,965.00,0,0,900.00,0,0,362.00,518.00,13.00,93.26%
LOMBARDIA,PAVIA,1.00,DIVORZIO,"1,145.00",0,0,"1,086.00",0,0,488.00,564.00,29.00,94.85%
LOMBARDIA,PAVIA,1.00,DIVORZIO,677.00,0,0,638.00,0,0,387.00,234.00,15.00,94.24%
LOMBARDIA,PAVIA,1.00,DIVORZIO,"5,569.00",0,0,"5,360.00",0,0,"1,425.00","3,763.00",133.00,96.25%
LOMBARDIA,PAVIA,1.00,DIVORZIO,677.00,0,0,596.00,0,0,269.00,298.00,20.00,88.04%
LOMBARDIA,PAVIA,1.00,DIVORZIO,"1,262.00",0,0,"1,172.00",0,0,354.00,760.00,44.00,92.87%
LOMBARDIA,PAVIA,1.00,DIVORZIO,476.00,0,0,440.00,0,0,114.00,304.00,14.00,92.44%
LOMBARDIA,PAVIA,1.00,DIVORZIO,"1,141.00",0,0,"1,012.00",0,0,397.00,582.00,28.00,88.69%
LOMBARDIA,PAVIA,1.00,DIVORZIO,"2,181.00",0,0,"2,010.00",0,0,"1,167.00",778.00,49.00,92.16%
LOMBARDIA,PAVIA,1.00,DIVORZIO,968.00,0,0,890.00,0,0,379.00,480.00,25.00,91.94%
LOMBARDIA,PAVIA,1.00,DIVORZIO,"1,335.00",0,0,"1,248.00",0,0,401.00,793.00,45.00,93.48%
LOMBARDIA,PAVIA,1.00,DIVORZIO,612.00,0,0,550.00,0,0,257.00,257.00,29.00,89.87%
LOMBARDIA,PAVIA,1.00,DIVORZIO,294.00,0,0,269.00,0,0,124.00,134.00,7.00,91.50%
LOMBARDIA,PAVIA,1.00,DIVORZIO,382.00,0,0,325.00,0,0,153.00,148.00,11.00,85.08%
LOMBARDIA,PAVIA,1.00,DIVORZIO,603.00,0,0,549.00,0,0,243.00,279.00,21.00,91.04%
LOMBARDIA,PAVIA,1.00,DIVORZIO,"1,827.00",0,0,"1,637.00",0,0,748.00,803.00,48.00,89.60%
LOMBARDIA,PAVIA,1.00,DIVORZIO,722.00,0,0,675.00,0,0,343.00,302.00,23.00,93.49%
LOMBARDIA,PAVIA,1.00,DIVORZIO,"11,455.00",0,0,"10,753.00",0,0,"3,317.00","7,079.00",258.00,93.87%
LOMBARDIA,PAVIA,1.00,DIVORZIO,404.00,0,0,379.00,0,0,155.00,204.00,13.00,93.81%
LOMBARDIA,PAVIA,1.00,DIVORZIO,717.00,0,0,682.00,0,0,178.00,490.00,12.00,95.12%
LOMBARDIA,PAVIA,1.00,DIVORZIO,208.00,0,0,198.00,0,0,82.00,109.00,7.00,95.19%
LOMBARDIA,PAVIA,1.00,DIVORZIO,"1,077.00",0,0,994.00,0,0,405.00,556.00,28.00,92.29%
LOMBARDIA,PAVIA,1.00,DIVORZIO,"1,804.00",0,0,"1,643.00",0,0,586.00,979.00,65.00,91.08%
LOMBARDIA,PAVIA,1.00,DIVORZIO,358.00,0,0,335.00,0,0,148.00,175.00,9.00,93.58%
LOMBARDIA,PAVIA,1.00,DIVORZIO,969.00,0,0,899.00,0,0,379.00,490.00,26.00,92.78%
LOMBARDIA,PAVIA,1.00,DIVORZIO,"64,263.00",0,0,"61,386.00",0,0,"18,891.00","41,207.00",872.00,95.52%
LOMBARDIA,PAVIA,1.00,DIVORZIO,943.00,0,0,860.00,0,0,300.00,524.00,32.00,91.20%
LOMBARDIA,PAVIA,1.00,DIVORZIO,812.00,0,0,769.00,0,0,199.00,539.00,27.00,94.70%
LOMBARDIA,PAVIA,1.00,DIVORZIO,"2,051.00",0,0,"1,917.00",0,0,672.00,"1,167.00",56.00,93.47%
LOMBARDIA,PAVIA,1.00,DIVORZIO,"2,243.00",0,0,"2,022.00",0,0,878.00,"1,091.00",33.00,90.15%
LOMBARDIA,PAVIA,1.00,DIVORZIO,"1,255.00",0,0,"1,148.00",0,0,396.00,710.00,34.00,91.47%
LOMBARDIA,PAVIA,1.00,DIVORZIO,812.00,0,0,750.00,0,0,252.00,476.00,22.00,92.36%
LOMBARDIA,PAVIA,1.00,DIVORZIO,738.00,0,0,620.00,0,0,276.00,322.00,18.00,84.01%
LOMBARDIA,PAVIA,1.00,DIVORZIO,884.00,0,0,829.00,0,0,288.00,504.00,27.00,93.78%
LOMBARDIA,PAVIA,1.00,DIVORZIO,513.00,0,0,474.00,0,0,151.00,307.00,15.00,92.40%
LOMBARDIA,PAVIA,1.00,DIVORZIO,970.00,0,0,880.00,0,0,327.00,518.00,23.00,90.72%
LOMBARDIA,PAVIA,1.00,DIVORZIO,"1,063.00",0,0,955.00,0,0,388.00,541.00,20.00,89.84%
LOMBARDIA,PAVIA,1.00,DIVORZIO,"2,566.00",0,0,"2,294.00",0,0,762.00,"1,463.00",49.00,89.40%
LOMBARDIA,PAVIA,1.00,DIVORZIO,"5,617.00",0,0,"5,293.00",0,0,"1,701.00","3,371.00",173.00,94.23%
LOMBARDIA,PAVIA,1.00,DIVORZIO,573.00,0,0,524.00,0,0,209.00,289.00,25.00,91.45%
LOMBARDIA,PAVIA,1.00,DIVORZIO,239.00,0,0,218.00,0,0,78.00,139.00,1.00,91.21%
LOMBARDIA,PAVIA,1.00,DIVORZIO,260.00,0,0,235.00,0,0,120.00,104.00,6.00,90.38%
LOMBARDIA,PAVIA,1.00,DIVORZIO,106.00,0,0,98.00,0,0,51.00,46.00,1.00,92.45%
LOMBARDIA,PAVIA,1.00,DIVORZIO,"1,163.00",0,0,"1,024.00",0,0,438.00,545.00,34.00,88.05%
LOMBARDIA,PAVIA,1.00,DIVORZIO,141.00,0,0,137.00,0,0,81.00,54.00,2.00,97.16%
LOMBARDIA,PAVIA,1.00,DIVORZIO,862.00,0,0,803.00,0,0,293.00,479.00,24.00,93.16%
LOMBARDIA,PAVIA,1.00,DIVORZIO,"1,081.00",0,0,998.00,0,0,430.00,531.00,31.00,92.32%
LOMBARDIA,PAVIA,1.00,DIVORZIO,808.00,0,0,681.00,0,0,323.00,325.00,21.00,84.28%
LOMBARDIA,PAVIA,1.00,DIVORZIO,390.00,0,0,360.00,0,0,124.00,226.00,10.00,92.31%
LOMBARDIA,PAVIA,1.00,DIVORZIO,853.00,0,0,773.00,0,0,293.00,456.00,22.00,90.62%
LOMBARDIA,PAVIA,1.00,DIVORZIO,"1,359.00",0,0,"1,292.00",0,0,402.00,851.00,28.00,95.07%
LOMBARDIA,PAVIA,1.00,DIVORZIO,"1,297.00",0,0,"1,196.00",0,0,505.00,653.00,23.00,92.21%
LOMBARDIA,PAVIA,1.00,DIVORZIO,"2,535.00",0,0,"2,397.00",0,0,551.00,"1,795.00",40.00,94.56%
LOMBARDIA,PAVIA,1.00,DIVORZIO,"4,199.00",0,0,"3,910.00",0,0,"1,071.00","2,728.00",84.00,93.12%
LOMBARDIA,PAVIA,1.00,DIVORZIO,"1,554.00",0,0,"1,466.00",0,0,614.00,811.00,33.00,94.34%
LOMBARDIA,PAVIA,1.00,DIVORZIO,"1,575.00",0,0,"1,481.00",0,0,457.00,988.00,26.00,94.03%
LOMBARDIA,PAVIA,1.00,DIVORZIO,175.00,0,0,163.00,0,0,63.00,94.00,5.00,93.14%
LOMBARDIA,PAVIA,1.00,DIVORZIO,810.00,0,0,693.00,0,0,328.00,333.00,28.00,85.56%
LOMBARDIA,PAVIA,1.00,DIVORZIO,"2,199.00",0,0,"2,056.00",0,0,908.00,"1,063.00",71.00,93.50%
LOMBARDIA,PAVIA,1.00,DIVORZIO,585.00,0,0,553.00,0,0,207.00,332.00,13.00,94.53%
LOMBARDIA,PAVIA,1.00,DIVORZIO,517.00,0,0,448.00,0,0,129.00,307.00,11.00,86.65%
LOMBARDIA,PAVIA,1.00,DIVORZIO,"1,850.00",0,0,"1,723.00",0,0,448.00,"1,219.00",53.00,93.14%
LOMBARDIA,PAVIA,1.00,DIVORZIO,681.00,0,0,643.00,0,0,233.00,383.00,19.00,94.42%
LOMBARDIA,PAVIA,1.00,DIVORZIO,360.00,0,0,338.00,0,0,100.00,222.00,13.00,93.89%
LOMBARDIA,PAVIA,1.00,DIVORZIO,565.00,0,0,533.00,0,0,179.00,334.00,18.00,94.34%
LOMBARDIA,PAVIA,1.00,DIVORZIO,"2,136.00",0,0,"2,037.00",0,0,581.00,"1,382.00",59.00,95.37%
LOMBARDIA,PAVIA,1.00,DIVORZIO,712.00,0,0,663.00,0,0,254.00,389.00,14.00,93.12%
LOMBARDIA,PAVIA,1.00,DIVORZIO,307.00,0,0,285.00,0,0,140.00,128.00,14.00,92.83%
LOMBARDIA,PAVIA,1.00,DIVORZIO,"8,729.00",0,0,"8,239.00",0,0,"2,247.00","5,761.00",172.00,94.39%
LOMBARDIA,PAVIA,1.00,DIVORZIO,680.00,0,0,614.00,0,0,232.00,357.00,23.00,90.29%
LOMBARDIA,PAVIA,1.00,DIVORZIO,"1,206.00",0,0,"1,105.00",0,0,497.00,578.00,24.00,91.63%
LOMBARDIA,PAVIA,1.00,DIVORZIO,535.00,0,0,494.00,0,0,145.00,331.00,13.00,92.34%
LOMBARDIA,PAVIA,1.00,DIVORZIO,316.00,0,0,298.00,0,0,99.00,189.00,4.00,94.30%
LOMBARDIA,PAVIA,1.00,DIVORZIO,264.00,0,0,251.00,0,0,108.00,132.00,7.00,95.08%
LOMBARDIA,PAVIA,1.00,DIVORZIO,847.00,0,0,789.00,0,0,284.00,479.00,20.00,93.15%
LOMBARDIA,PAVIA,1.00,DIVORZIO,"1,074.00",0,0,"1,021.00",0,0,580.00,404.00,28.00,95.07%
LOMBARDIA,PAVIA,1.00,DIVORZIO,634.00,0,0,589.00,0,0,234.00,337.00,13.00,92.90%
LOMBARDIA,PAVIA,1.00,DIVORZIO,"1,529.00",0,0,"1,459.00",0,0,381.00,"1,050.00",19.00,95.42%
LOMBARDIA,PAVIA,1.00,DIVORZIO,728.00,0,0,684.00,0,0,289.00,372.00,19.00,93.96%
LOMBARDIA,PAVIA,1.00,DIVORZIO,"2,458.00",0,0,"2,316.00",0,0,872.00,"1,352.00",78.00,94.22%
LOMBARDIA,PAVIA,1.00,DIVORZIO,369.00,0,0,351.00,0,0,245.00,91.00,9.00,95.12%
LOMBARDIA,PAVIA,1.00,DIVORZIO,762.00,0,0,631.00,0,0,259.00,353.00,11.00,82.81%
LOMBARDIA,PAVIA,1.00,DIVORZIO,282.00,0,0,273.00,0,0,135.00,131.00,7.00,96.81%
LOMBARDIA,PAVIA,1.00,DIVORZIO,"2,043.00",0,0,"1,892.00",0,0,511.00,"1,301.00",62.00,92.61%
LOMBARDIA,PAVIA,1.00,DIVORZIO,665.00,0,0,639.00,0,0,132.00,485.00,17.00,96.09%
LOMBARDIA,PAVIA,1.00,DIVORZIO,429.00,0,0,365.00,0,0,168.00,185.00,8.00,85.08%
LOMBARDIA,PAVIA,1.00,DIVORZIO,"3,442.00",0,0,"3,092.00",0,0,"1,394.00","1,582.00",93.00,89.83%
LOMBARDIA,PAVIA,1.00,DIVORZIO,90.00,0,0,81.00,0,0,46.00,32.00,2.00,90.00%
LOMBARDIA,PAVIA,1.00,DIVORZIO,887.00,0,0,844.00,0,0,347.00,474.00,15.00,95.15%
LOMBARDIA,PAVIA,1.00,DIVORZIO,264.00,0,0,253.00,0,0,120.00,118.00,11.00,95.83%
LOMBARDIA,PAVIA,1.00,DIVORZIO,"1,204.00",0,0,"1,093.00",0,0,516.00,530.00,40.00,90.78%
LOMBARDIA,PAVIA,1.00,DIVORZIO,"2,139.00",0,0,"2,060.00",0,0,967.00,"1,039.00",39.00,96.31%
LOMBARDIA,PAVIA,1.00,DIVORZIO,"48,986.00",0,0,"45,705.00",0,0,"11,844.00","32,479.00",976.00,93.30%
LOMBARDIA,PAVIA,1.00,DIVORZIO,95.00,0,0,91.00,0,0,30.00,57.00,4.00,95.79%
LOMBARDIA,PAVIA,1.00,DIVORZIO,560.00,0,0,536.00,0,0,161.00,360.00,12.00,95.71%
LOMBARDIA,PAVIA,1.00,DIVORZIO,"1,854.00",0,0,"1,684.00",0,0,732.00,908.00,32.00,90.83%
LOMBARDIA,PAVIA,1.00,DIVORZIO,694.00,0,0,651.00,0,0,309.00,317.00,17.00,93.80%
LOMBARDIA,PAVIA,1.00,DIVORZIO,"30,736.00",0,0,"28,576.00",0,0,"7,815.00","20,077.00",516.00,92.97%
LOMBARDIA,PAVIA,1.00,DIVORZIO,160.00,0,0,146.00,0,0,93.00,47.00,6.00,91.25%
LOMBARDIA,PAVIA,1.00,DIVORZIO,"1,203.00",0,0,"1,057.00",0,0,361.00,666.00,20.00,87.86%
LOMBARDIA,PAVIA,1.00,DIVORZIO,581.00,0,0,563.00,0,0,257.00,286.00,12.00,96.90%
LOMBARDIA,PAVIA,1.00,DIVORZIO,"1,161.00",0,0,"1,097.00",0,0,324.00,735.00,33.00,94.49%
LOMBARDIA,PAVIA,1.00,DIVORZIO,347.00,0,0,316.00,0,0,157.00,145.00,12.00,91.07%
LOMBARDIA,PAVIA,1.00,DIVORZIO,424.00,0,0,395.00,0,0,176.00,207.00,9.00,93.16%
LOMBARDIA,PAVIA,1.00,DIVORZIO,"1,015.00",0,0,962.00,0,0,234.00,691.00,30.00,94.78%
LOMBARDIA,PAVIA,1.00,DIVORZIO,"2,328.00",0,0,"2,191.00",0,0,889.00,"1,220.00",61.00,94.12%
UMBRIA,PERUGIA,1.00,DIVORZIO,"17,989.00",0,0,"16,342.00",0,0,"6,788.00","9,009.00",287.00,90.84%
UMBRIA,PERUGIA,1.00,DIVORZIO,"9,013.00",0,0,"8,351.00",0,0,"2,643.00","5,556.00",79.00,92.66%
UMBRIA,PERUGIA,1.00,DIVORZIO,"2,372.00",0,0,"2,171.00",0,0,890.00,"1,229.00",38.00,91.53%
UMBRIA,PERUGIA,1.00,DIVORZIO,"3,454.00",0,0,"3,143.00",0,0,"1,153.00","1,919.00",35.00,91.00%
UMBRIA,PERUGIA,1.00,DIVORZIO,"1,419.00",0,0,"1,300.00",0,0,547.00,702.00,28.00,91.61%
UMBRIA,PERUGIA,1.00,DIVORZIO,"2,426.00",0,0,"2,199.00",0,0,870.00,"1,290.00",22.00,90.64%
UMBRIA,PERUGIA,1.00,DIVORZIO,"2,514.00",0,0,"2,139.00",0,0,"1,416.00",676.00,30.00,85.08%
UMBRIA,PERUGIA,1.00,DIVORZIO,"1,507.00",0,0,"1,412.00",0,0,632.00,736.00,21.00,93.70%
UMBRIA,PERUGIA,1.00,DIVORZIO,"10,185.00",0,0,"9,576.00",0,0,"2,529.00","6,879.00",108.00,94.02%
UMBRIA,PERUGIA,1.00,DIVORZIO,"1,052.00",0,0,942.00,0,0,575.00,350.00,6.00,89.54%
UMBRIA,PERUGIA,1.00,DIVORZIO,"2,019.00",0,0,"1,897.00",0,0,556.00,"1,294.00",32.00,93.96%
UMBRIA,PERUGIA,1.00,DIVORZIO,"4,921.00",0,0,"4,734.00",0,0,"1,108.00","3,535.00",43.00,96.20%
UMBRIA,PERUGIA,1.00,DIVORZIO,"26,051.00",0,0,"23,998.00",0,0,"8,060.00","15,435.00",316.00,92.12%
UMBRIA,PERUGIA,1.00,DIVORZIO,"2,045.00",0,0,"1,875.00",0,0,768.00,"1,071.00",26.00,91.69%
UMBRIA,PERUGIA,1.00,DIVORZIO,"6,145.00",0,0,"5,819.00",0,0,"1,722.00","3,996.00",63.00,94.69%
UMBRIA,PERUGIA,1.00,DIVORZIO,"1,130.00",0,0,954.00,0,0,313.00,622.00,12.00,84.42%
UMBRIA,PERUGIA,1.00,DIVORZIO,"5,042.00",0,0,"4,747.00",0,0,"1,927.00","2,723.00",53.00,94.15%
UMBRIA,PERUGIA,1.00,DIVORZIO,"37,012.00",0,0,"35,373.00",0,0,"11,397.00","23,205.00",415.00,95.57%
UMBRIA,PERUGIA,1.00,DIVORZIO,"1,839.00",0,0,"1,499.00",0,0,703.00,765.00,16.00,81.51%
UMBRIA,PERUGIA,1.00,DIVORZIO,"1,304.00",0,0,"1,227.00",0,0,301.00,900.00,17.00,94.10%
UMBRIA,PERUGIA,1.00,DIVORZIO,"2,204.00",0,0,"2,035.00",0,0,923.00,"1,062.00",37.00,92.33%
UMBRIA,PERUGIA,1.00,DIVORZIO,"4,516.00",0,0,"3,949.00",0,0,"1,418.00","2,457.00",45.00,87.44%
UMBRIA,PERUGIA,1.00,DIVORZIO,"10,357.00",0,0,"8,808.00",0,0,"3,261.00","5,359.00",110.00,85.04%
UMBRIA,PERUGIA,1.00,DIVORZIO,"21,832.00",0,0,"18,699.00",0,0,"5,025.00","13,351.00",167.00,85.65%
UMBRIA,PERUGIA,1.00,DIVORZIO,559.00,0,0,524.00,0,0,111.00,400.00,12.00,93.74%
UMBRIA,PERUGIA,1.00,DIVORZIO,"8,150.00",0,0,"7,385.00",0,0,"2,070.00","5,154.00",106.00,90.61%
UMBRIA,PERUGIA,1.00,DIVORZIO,"11,032.00",0,0,"10,579.00",0,0,"3,535.00","6,818.00",135.00,95.89%
UMBRIA,PERUGIA,1.00,DIVORZIO,"2,774.00",0,0,"2,501.00",0,0,"1,245.00","1,170.00",36.00,90.16%
UMBRIA,PERUGIA,1.00,DIVORZIO,"1,433.00",0,0,"1,309.00",0,0,490.00,777.00,33.00,91.35%
UMBRIA,PERUGIA,1.00,DIVORZIO,"3,992.00",0,0,"3,721.00",0,0,"1,335.00","2,276.00",56.00,93.21%
UMBRIA,PERUGIA,1.00,DIVORZIO,498.00,0,0,396.00,0,0,256.00,122.00,8.00,79.52%
UMBRIA,PERUGIA,1.00,DIVORZIO,"1,094.00",0,0,"1,033.00",0,0,493.00,514.00,18.00,94.42%
UMBRIA,PERUGIA,1.00,DIVORZIO,"1,252.00",0,0,"1,164.00",0,0,229.00,914.00,14.00,92.97%
UMBRIA,PERUGIA,1.00,DIVORZIO,"5,001.00",0,0,"4,424.00",0,0,"2,003.00","2,289.00",75.00,88.46%
UMBRIA,PERUGIA,1.00,DIVORZIO,"3,713.00",0,0,"3,214.00",0,0,"2,064.00","1,080.00",33.00,86.56%
UMBRIA,PERUGIA,1.00,DIVORZIO,686.00,0,0,642.00,0,0,154.00,477.00,9.00,93.59%
UMBRIA,PERUGIA,1.00,DIVORZIO,"3,732.00",0,0,"3,459.00",0,0,778.00,"2,626.00",42.00,92.68%
UMBRIA,PERUGIA,1.00,DIVORZIO,"3,362.00",0,0,"3,036.00",0,0,928.00,"2,041.00",40.00,90.30%
UMBRIA,PERUGIA,1.00,DIVORZIO,"95,264.00",0,0,"90,231.00",0,0,"27,494.00","60,956.00",942.00,94.72%
UMBRIA,PERUGIA,1.00,DIVORZIO,"2,785.00",0,0,"2,581.00",0,0,764.00,"1,763.00",31.00,92.68%
UMBRIA,PERUGIA,1.00,DIVORZIO,"1,965.00",0,0,"1,722.00",0,0,565.00,"1,134.00",12.00,87.63%
UMBRIA,PERUGIA,1.00,DIVORZIO,316.00,0,0,210.00,0,0,135.00,72.00,2.00,66.46%
UMBRIA,PERUGIA,1.00,DIVORZIO,994.00,0,0,795.00,0,0,495.00,271.00,9.00,79.98%
UMBRIA,PERUGIA,1.00,DIVORZIO,"6,327.00",0,0,"5,864.00",0,0,"1,611.00","4,108.00",98.00,92.68%
UMBRIA,PERUGIA,1.00,DIVORZIO,489.00,0,0,427.00,0,0,205.00,219.00,2.00,87.32%
UMBRIA,PERUGIA,1.00,DIVORZIO,"1,414.00",0,0,"1,154.00",0,0,512.00,610.00,25.00,81.61%
UMBRIA,PERUGIA,1.00,DIVORZIO,451.00,0,0,397.00,0,0,218.00,164.00,11.00,88.03%
UMBRIA,PERUGIA,1.00,DIVORZIO,"1,361.00",0,0,"1,203.00",0,0,792.00,346.00,20.00,88.39%
UMBRIA,PERUGIA,1.00,DIVORZIO,"1,575.00",0,0,"1,402.00",0,0,472.00,906.00,16.00,89.02%
UMBRIA,PERUGIA,1.00,DIVORZIO,"5,208.00",0,0,"4,820.00",0,0,"1,162.00","3,548.00",60.00,92.55%
UMBRIA,PERUGIA,1.00,DIVORZIO,"27,294.00",0,0,"25,593.00",0,0,"7,211.00","17,891.00",219.00,93.77%
UMBRIA,PERUGIA,1.00,DIVORZIO,"12,794.00",0,0,"11,913.00",0,0,"4,790.00","6,788.00",162.00,93.11%
UMBRIA,PERUGIA,1.00,DIVORZIO,"3,323.00",0,0,"2,974.00",0,0,"1,026.00","1,866.00",47.00,89.50%
UMBRIA,PERUGIA,1.00,DIVORZIO,"4,853.00",0,0,"4,455.00",0,0,"1,533.00","2,801.00",53.00,91.80%
UMBRIA,PERUGIA,1.00,DIVORZIO,"2,784.00",0,0,"2,409.00",0,0,806.00,"1,556.00",30.00,86.53%
UMBRIA,PERUGIA,1.00,DIVORZIO,"10,316.00",0,0,"9,805.00",0,0,"1,894.00","7,766.00",92.00,95.05%
UMBRIA,PERUGIA,1.00,DIVORZIO,"2,520.00",0,0,"2,223.00",0,0,"1,124.00","1,034.00",36.00,88.21%
UMBRIA,PERUGIA,1.00,DIVORZIO,435.00,0,0,393.00,0,0,226.00,165.00,1.00,90.34%
UMBRIA,PERUGIA,1.00,DIVORZIO,"1,112.00",0,0,953.00,0,0,441.00,501.00,4.00,85.70%
MARCHE,PESARO E URBINO,1.00,DIVORZIO,"2,564.00",0,0,"2,296.00",0,0,818.00,"1,407.00",40.00,89.55%
MARCHE,PESARO E URBINO,1.00,DIVORZIO,"1,992.00",0,0,"1,783.00",0,0,702.00,"1,037.00",28.00,89.51%
MARCHE,PESARO E URBINO,1.00,DIVORZIO,957.00,0,0,874.00,0,0,310.00,547.00,11.00,91.33%
MARCHE,PESARO E URBINO,1.00,DIVORZIO,892.00,0,0,784.00,0,0,358.00,392.00,22.00,87.89%
MARCHE,PESARO E URBINO,1.00,DIVORZIO,486.00,0,0,444.00,0,0,234.00,200.00,3.00,91.36%
MARCHE,PESARO E URBINO,1.00,DIVORZIO,792.00,0,0,635.00,0,0,345.00,268.00,12.00,80.18%
MARCHE,PESARO E URBINO,1.00,DIVORZIO,"7,626.00",0,0,"6,512.00",0,0,"2,461.00","3,897.00",104.00,85.39%
MARCHE,PESARO E URBINO,1.00,DIVORZIO,"2,776.00",0,0,"2,267.00",0,0,420.00,"1,816.00",20.00,81.66%
MARCHE,PESARO E URBINO,1.00,DIVORZIO,"1,155.00",0,0,"1,041.00",0,0,655.00,372.00,6.00,90.13%
MARCHE,PESARO E URBINO,1.00,DIVORZIO,"3,302.00",0,0,"3,048.00",0,0,"1,342.00","1,620.00",48.00,92.31%
MARCHE,PESARO E URBINO,1.00,DIVORZIO,611.00,0,0,490.00,0,0,241.00,230.00,13.00,80.20%
MARCHE,PESARO E URBINO,1.00,DIVORZIO,"2,041.00",0,0,"1,913.00",0,0,591.00,"1,288.00",20.00,93.73%
MARCHE,PESARO E URBINO,1.00,DIVORZIO,"35,235.00",0,0,"32,382.00",0,0,"12,139.00","19,284.00",582.00,91.90%
MARCHE,PESARO E URBINO,1.00,DIVORZIO,"3,632.00",0,0,"3,299.00",0,0,"1,350.00","1,834.00",56.00,90.83%
MARCHE,PESARO E URBINO,1.00,DIVORZIO,"7,209.00",0,0,"6,632.00",0,0,"2,294.00","4,158.00",86.00,92.00%
MARCHE,PESARO E URBINO,1.00,DIVORZIO,874.00,0,0,807.00,0,0,391.00,404.00,8.00,92.33%
MARCHE,PESARO E URBINO,1.00,DIVORZIO,352.00,0,0,328.00,0,0,185.00,140.00,2.00,93.18%
MARCHE,PESARO E URBINO,1.00,DIVORZIO,"1,061.00",0,0,869.00,0,0,391.00,442.00,27.00,81.90%
MARCHE,PESARO E URBINO,1.00,DIVORZIO,"3,692.00",0,0,"3,457.00",0,0,892.00,"2,480.00",52.00,93.63%
MARCHE,PESARO E URBINO,1.00,DIVORZIO,"1,456.00",0,0,"1,336.00",0,0,332.00,961.00,28.00,91.76%
MARCHE,PESARO E URBINO,1.00,DIVORZIO,563.00,0,0,515.00,0,0,252.00,242.00,11.00,91.47%
MARCHE,PESARO E URBINO,1.00,DIVORZIO,663.00,0,0,622.00,0,0,304.00,310.00,4.00,93.82%
MARCHE,PESARO E URBINO,1.00,DIVORZIO,"1,644.00",0,0,"1,585.00",0,0,654.00,915.00,13.00,96.41%
MARCHE,PESARO E URBINO,1.00,DIVORZIO,629.00,0,0,543.00,0,0,218.00,308.00,15.00,86.33%
MARCHE,PESARO E URBINO,1.00,DIVORZIO,"1,284.00",0,0,"1,032.00",0,0,545.00,457.00,23.00,80.37%
MARCHE,PESARO E URBINO,1.00,DIVORZIO,843.00,0,0,781.00,0,0,347.00,420.00,8.00,92.65%
MARCHE,PESARO E URBINO,1.00,DIVORZIO,"1,355.00",0,0,"1,241.00",0,0,685.00,495.00,40.00,91.59%
MARCHE,PESARO E URBINO,1.00,DIVORZIO,"2,696.00",0,0,"2,482.00",0,0,"1,138.00","1,240.00",68.00,92.06%
MARCHE,PESARO E URBINO,1.00,DIVORZIO,"5,274.00",0,0,"4,912.00",0,0,"1,643.00","3,093.00",114.00,93.14%
MARCHE,PESARO E URBINO,1.00,DIVORZIO,"1,206.00",0,0,"1,129.00",0,0,184.00,936.00,5.00,93.62%
MARCHE,PESARO E URBINO,1.00,DIVORZIO,643.00,0,0,592.00,0,0,165.00,416.00,8.00,92.07%
MARCHE,PESARO E URBINO,1.00,DIVORZIO,618.00,0,0,558.00,0,0,297.00,246.00,5.00,90.29%
MARCHE,PESARO E URBINO,1.00,DIVORZIO,909.00,0,0,856.00,0,0,421.00,419.00,10.00,94.17%
MARCHE,PESARO E URBINO,1.00,DIVORZIO,"1,913.00",0,0,"1,778.00",0,0,765.00,945.00,41.00,92.94%
MARCHE,PESARO E URBINO,1.00,DIVORZIO,935.00,0,0,860.00,0,0,263.00,574.00,17.00,91.98%
MARCHE,PESARO E URBINO,1.00,DIVORZIO,"1,897.00",0,0,"1,771.00",0,0,533.00,"1,194.00",21.00,93.36%
MARCHE,PESARO E URBINO,1.00,DIVORZIO,"1,382.00",0,0,"1,295.00",0,0,680.00,558.00,29.00,93.70%
MARCHE,PESARO E URBINO,1.00,DIVORZIO,"1,354.00",0,0,"1,204.00",0,0,538.00,612.00,33.00,88.92%
MARCHE,PESARO E URBINO,1.00,DIVORZIO,"4,468.00",0,0,"4,084.00",0,0,"1,631.00","2,344.00",70.00,91.41%
MARCHE,PESARO E URBINO,1.00,DIVORZIO,"1,742.00",0,0,"1,592.00",0,0,854.00,664.00,52.00,91.39%
MARCHE,PESARO E URBINO,1.00,DIVORZIO,424.00,0,0,391.00,0,0,151.00,228.00,8.00,92.22%
MARCHE,PESARO E URBINO,1.00,DIVORZIO,"2,274.00",0,0,"2,008.00",0,0,991.00,945.00,44.00,88.30%
MARCHE,PESARO E URBINO,1.00,DIVORZIO,"6,444.00",0,0,"5,392.00",0,0,"2,241.00","2,954.00",127.00,83.67%
MARCHE,PESARO E URBINO,1.00,DIVORZIO,"60,044.00",0,0,"56,609.00",0,0,"17,020.00","38,495.00",632.00,94.28%
MARCHE,PESARO E URBINO,1.00,DIVORZIO,"1,338.00",0,0,"1,265.00",0,0,568.00,666.00,18.00,94.54%
MARCHE,PESARO E URBINO,1.00,DIVORZIO,751.00,0,0,648.00,0,0,288.00,344.00,9.00,86.28%
MARCHE,PESARO E URBINO,1.00,DIVORZIO,"1,169.00",0,0,"1,090.00",0,0,366.00,703.00,12.00,93.24%
MARCHE,PESARO E URBINO,1.00,DIVORZIO,442.00,0,0,408.00,0,0,178.00,219.00,9.00,92.31%
MARCHE,PESARO E URBINO,1.00,DIVORZIO,"1,482.00",0,0,"1,275.00",0,0,611.00,627.00,30.00,86.03%
MARCHE,PESARO E URBINO,1.00,DIVORZIO,"2,331.00",0,0,"2,185.00",0,0,"1,034.00","1,080.00",41.00,93.74%
MARCHE,PESARO E URBINO,1.00,DIVORZIO,"2,750.00",0,0,"2,514.00",0,0,954.00,"1,461.00",69.00,91.42%
MARCHE,PESARO E URBINO,1.00,DIVORZIO,"1,075.00",0,0,965.00,0,0,392.00,533.00,18.00,89.77%
MARCHE,PESARO E URBINO,1.00,DIVORZIO,"2,042.00",0,0,"1,760.00",0,0,735.00,994.00,21.00,86.19%
MARCHE,PESARO E URBINO,1.00,DIVORZIO,"2,610.00",0,0,"2,266.00",0,0,840.00,"1,352.00",41.00,86.82%
MARCHE,PESARO E URBINO,1.00,DIVORZIO,"2,047.00",0,0,"1,802.00",0,0,961.00,785.00,35.00,88.03%
MARCHE,PESARO E URBINO,1.00,DIVORZIO,"2,512.00",0,0,"2,344.00",0,0,679.00,"1,611.00",27.00,93.31%
MARCHE,PESARO E URBINO,1.00,DIVORZIO,"2,594.00",0,0,"2,298.00",0,0,949.00,"1,271.00",45.00,88.59%
MARCHE,PESARO E URBINO,1.00,DIVORZIO,"1,132.00",0,0,"1,032.00",0,0,418.00,573.00,32.00,91.17%
MARCHE,PESARO E URBINO,1.00,DIVORZIO,"2,369.00",0,0,"2,271.00",0,0,857.00,"1,358.00",31.00,95.86%
MARCHE,PESARO E URBINO,1.00,DIVORZIO,943.00,0,0,843.00,0,0,366.00,445.00,22.00,89.40%
MARCHE,PESARO E URBINO,1.00,DIVORZIO,"1,097.00",0,0,898.00,0,0,457.00,413.00,16.00,81.86%
MARCHE,PESARO E URBINO,1.00,DIVORZIO,"1,396.00",0,0,"1,257.00",0,0,646.00,574.00,13.00,90.04%
MARCHE,PESARO E URBINO,1.00,DIVORZIO,529.00,0,0,441.00,0,0,186.00,244.00,8.00,83.36%
MARCHE,PESARO E URBINO,1.00,DIVORZIO,624.00,0,0,559.00,0,0,237.00,303.00,12.00,89.58%
MARCHE,PESARO E URBINO,1.00,DIVORZIO,"2,354.00",0,0,"2,172.00",0,0,643.00,"1,483.00",21.00,92.27%
MARCHE,PESARO E URBINO,1.00,DIVORZIO,"4,184.00",0,0,"3,876.00",0,0,"1,821.00","1,975.00",58.00,92.64%
MARCHE,PESARO E URBINO,1.00,DIVORZIO,"11,735.00",0,0,"10,970.00",0,0,"3,267.00","7,497.00",116.00,93.48%
ABRUZZO,PESCARA,1.00,DIVORZIO,617.00,0,0,305.00,0,0,199.00,92.00,6.00,49.43%
ABRUZZO,PESCARA,1.00,DIVORZIO,"2,830.00",0,0,"2,321.00",0,0,"1,156.00","1,092.00",20.00,82.01%
ABRUZZO,PESCARA,1.00,DIVORZIO,"1,202.00",0,0,916.00,0,0,407.00,483.00,13.00,76.21%
ABRUZZO,PESCARA,1.00,DIVORZIO,625.00,0,0,368.00,0,0,235.00,115.00,11.00,58.88%
ABRUZZO,PESCARA,1.00,DIVORZIO,"2,454.00",0,0,"2,233.00",0,0,583.00,"1,609.00",28.00,90.99%
ABRUZZO,PESCARA,1.00,DIVORZIO,"1,096.00",0,0,887.00,0,0,410.00,442.00,12.00,80.93%
ABRUZZO,PESCARA,1.00,DIVORZIO,"2,153.00",0,0,"1,499.00",0,0,821.00,632.00,25.00,69.62%
ABRUZZO,PESCARA,1.00,DIVORZIO,667.00,0,0,509.00,0,0,345.00,155.00,6.00,76.31%
ABRUZZO,PESCARA,1.00,DIVORZIO,"1,124.00",0,0,664.00,0,0,302.00,348.00,8.00,59.07%
ABRUZZO,PESCARA,1.00,DIVORZIO,"1,471.00",0,0,"1,066.00",0,0,433.00,609.00,15.00,72.47%
ABRUZZO,PESCARA,1.00,DIVORZIO,"3,995.00",0,0,"3,347.00",0,0,"1,504.00","1,778.00",20.00,83.78%
ABRUZZO,PESCARA,1.00,DIVORZIO,"5,608.00",0,0,"5,030.00",0,0,"2,167.00","2,724.00",44.00,89.69%
ABRUZZO,PESCARA,1.00,DIVORZIO,"1,274.00",0,0,883.00,0,0,445.00,406.00,16.00,69.31%
ABRUZZO,PESCARA,1.00,DIVORZIO,"2,161.00",0,0,"1,469.00",0,0,756.00,664.00,16.00,67.98%
ABRUZZO,PESCARA,1.00,DIVORZIO,"2,862.00",0,0,"2,312.00",0,0,959.00,"1,278.00",36.00,80.78%
ABRUZZO,PESCARA,1.00,DIVORZIO,661.00,0,0,365.00,0,0,196.00,162.00,4.00,55.22%
ABRUZZO,PESCARA,1.00,DIVORZIO,"1,400.00",0,0,"1,075.00",0,0,533.00,506.00,11.00,76.79%
ABRUZZO,PESCARA,1.00,DIVORZIO,"1,181.00",0,0,929.00,0,0,504.00,395.00,12.00,78.66%
ABRUZZO,PESCARA,1.00,DIVORZIO,"2,264.00",0,0,"1,472.00",0,0,866.00,562.00,16.00,65.02%
ABRUZZO,PESCARA,1.00,DIVORZIO,"2,281.00",0,0,"1,442.00",0,0,560.00,846.00,21.00,63.22%
ABRUZZO,PESCARA,1.00,DIVORZIO,"5,064.00",0,0,"4,096.00",0,0,"1,700.00","2,292.00",38.00,80.88%
ABRUZZO,PESCARA,1.00,DIVORZIO,"4,269.00",0,0,"3,012.00",0,0,"1,415.00","1,498.00",42.00,70.56%
ABRUZZO,PESCARA,1.00,DIVORZIO,"1,227.00",0,0,873.00,0,0,528.00,331.00,8.00,71.15%
ABRUZZO,PESCARA,1.00,DIVORZIO,"13,262.00",0,0,"11,382.00",0,0,"4,385.00","6,702.00",121.00,85.82%
ABRUZZO,PESCARA,1.00,DIVORZIO,"1,772.00",0,0,"1,462.00",0,0,845.00,568.00,18.00,82.51%
ABRUZZO,PESCARA,1.00,DIVORZIO,"1,235.00",0,0,833.00,0,0,451.00,339.00,10.00,67.45%
ABRUZZO,PESCARA,1.00,DIVORZIO,"7,974.00",0,0,"6,780.00",0,0,"2,908.00","3,686.00",100.00,85.03%
ABRUZZO,PESCARA,1.00,DIVORZIO,"85,382.00",0,0,"75,212.00",0,0,"28,139.00","45,847.00",588.00,88.09%
ABRUZZO,PESCARA,1.00,DIVORZIO,681.00,0,0,473.00,0,0,176.00,285.00,8.00,69.46%
ABRUZZO,PESCARA,1.00,DIVORZIO,"4,877.00",0,0,"3,954.00",0,0,"2,122.00","1,706.00",58.00,81.07%
ABRUZZO,PESCARA,1.00,DIVORZIO,"1,069.00",0,0,978.00,0,0,527.00,429.00,13.00,91.49%
ABRUZZO,PESCARA,1.00,DIVORZIO,702.00,0,0,532.00,0,0,307.00,208.00,7.00,75.78%
ABRUZZO,PESCARA,1.00,DIVORZIO,"4,793.00",0,0,"3,878.00",0,0,"1,112.00","2,672.00",64.00,80.91%
ABRUZZO,PESCARA,1.00,DIVORZIO,"1,278.00",0,0,618.00,0,0,408.00,183.00,20.00,48.36%
ABRUZZO,PESCARA,1.00,DIVORZIO,"1,999.00",0,0,"1,602.00",0,0,698.00,854.00,21.00,80.14%
ABRUZZO,PESCARA,1.00,DIVORZIO,623.00,0,0,332.00,0,0,140.00,185.00,6.00,53.29%
ABRUZZO,PESCARA,1.00,DIVORZIO,598.00,0,0,372.00,0,0,209.00,141.00,16.00,62.21%
ABRUZZO,PESCARA,1.00,DIVORZIO,"1,731.00",0,0,"1,230.00",0,0,483.00,687.00,49.00,71.06%
ABRUZZO,PESCARA,1.00,DIVORZIO,"2,548.00",0,0,"2,102.00",0,0,843.00,"1,164.00",47.00,82.50%
ABRUZZO,PESCARA,1.00,DIVORZIO,989.00,0,0,573.00,0,0,378.00,187.00,5.00,57.94%
ABRUZZO,PESCARA,1.00,DIVORZIO,"6,013.00",0,0,"5,115.00",0,0,"2,052.00","2,916.00",58.00,85.07%
ABRUZZO,PESCARA,1.00,DIVORZIO,"2,255.00",0,0,"1,859.00",0,0,892.00,897.00,46.00,82.44%
ABRUZZO,PESCARA,1.00,DIVORZIO,"2,467.00",0,0,"2,053.00",0,0,739.00,"1,264.00",34.00,83.22%
ABRUZZO,PESCARA,1.00,DIVORZIO,632.00,0,0,529.00,0,0,219.00,291.00,5.00,83.70%
ABRUZZO,PESCARA,1.00,DIVORZIO,553.00,0,0,417.00,0,0,257.00,145.00,8.00,75.41%
ABRUZZO,PESCARA,1.00,DIVORZIO,909.00,0,0,651.00,0,0,406.00,232.00,8.00,71.62%
EMILIA-ROMAGNA,PIACENZA,1.00,DIVORZIO,"1,614.00",0,0,"1,507.00",0,0,844.00,577.00,66.00,93.37%
EMILIA-ROMAGNA,PIACENZA,1.00,DIVORZIO,"3,171.00",0,0,"2,953.00",0,0,"1,119.00","1,730.00",78.00,93.13%
EMILIA-ROMAGNA,PIACENZA,1.00,DIVORZIO,"1,063.00",0,0,"1,000.00",0,0,497.00,457.00,33.00,94.07%
EMILIA-ROMAGNA,PIACENZA,1.00,DIVORZIO,"3,720.00",0,0,"3,170.00",0,0,"1,566.00","1,465.00",83.00,85.22%
EMILIA-ROMAGNA,PIACENZA,1.00,DIVORZIO,"3,783.00",0,0,"3,394.00",0,0,"1,179.00","2,056.00",114.00,89.72%
EMILIA-ROMAGNA,PIACENZA,1.00,DIVORZIO,"5,005.00",0,0,"4,679.00",0,0,"1,838.00","2,647.00",126.00,93.49%
EMILIA-ROMAGNA,PIACENZA,1.00,DIVORZIO,"3,025.00",0,0,"2,819.00",0,0,"1,247.00","1,452.00",73.00,93.19%
EMILIA-ROMAGNA,PIACENZA,1.00,DIVORZIO,"1,863.00",0,0,"1,757.00",0,0,671.00,"1,021.00",48.00,94.31%
EMILIA-ROMAGNA,PIACENZA,1.00,DIVORZIO,303.00,0,0,284.00,0,0,118.00,153.00,8.00,93.73%
EMILIA-ROMAGNA,PIACENZA,1.00,DIVORZIO,"3,323.00",0,0,"3,123.00",0,0,"1,179.00","1,832.00",75.00,93.98%
EMILIA-ROMAGNA,PIACENZA,1.00,DIVORZIO,"4,675.00",0,0,"4,297.00",0,0,"2,129.00","1,963.00",135.00,91.91%
EMILIA-ROMAGNA,PIACENZA,1.00,DIVORZIO,"3,430.00",0,0,"3,076.00",0,0,"1,219.00","1,751.00",74.00,89.68%
EMILIA-ROMAGNA,PIACENZA,1.00,DIVORZIO,"8,506.00",0,0,"8,072.00",0,0,"2,635.00","5,186.00",183.00,94.90%
EMILIA-ROMAGNA,PIACENZA,1.00,DIVORZIO,"3,918.00",0,0,"3,703.00",0,0,"1,210.00","2,383.00",75.00,94.51%
EMILIA-ROMAGNA,PIACENZA,1.00,DIVORZIO,473.00,0,0,401.00,0,0,170.00,213.00,16.00,84.78%
EMILIA-ROMAGNA,PIACENZA,1.00,DIVORZIO,"1,298.00",0,0,"1,096.00",0,0,416.00,629.00,30.00,84.44%
EMILIA-ROMAGNA,PIACENZA,1.00,DIVORZIO,950.00,0,0,788.00,0,0,286.00,475.00,22.00,82.95%
EMILIA-ROMAGNA,PIACENZA,1.00,DIVORZIO,"3,705.00",0,0,"3,531.00",0,0,"1,594.00","1,827.00",85.00,95.30%
EMILIA-ROMAGNA,PIACENZA,1.00,DIVORZIO,"2,739.00",0,0,"2,020.00",0,0,830.00,"1,053.00",81.00,73.75%
EMILIA-ROMAGNA,PIACENZA,1.00,DIVORZIO,"3,286.00",0,0,"2,364.00",0,0,"1,032.00","1,208.00",89.00,71.94%
EMILIA-ROMAGNA,PIACENZA,1.00,DIVORZIO,"10,498.00",0,0,"9,993.00",0,0,"3,356.00","6,281.00",231.00,95.19%
EMILIA-ROMAGNA,PIACENZA,1.00,DIVORZIO,"1,252.00",0,0,"1,140.00",0,0,469.00,606.00,31.00,91.05%
EMILIA-ROMAGNA,PIACENZA,1.00,DIVORZIO,"1,670.00",0,0,"1,596.00",0,0,442.00,"1,091.00",51.00,95.57%
EMILIA-ROMAGNA,PIACENZA,1.00,DIVORZIO,"2,396.00",0,0,"2,278.00",0,0,"1,043.00","1,139.00",66.00,95.08%
EMILIA-ROMAGNA,PIACENZA,1.00,DIVORZIO,"2,654.00",0,0,"2,192.00",0,0,"1,117.00",971.00,60.00,82.59%
EMILIA-ROMAGNA,PIACENZA,1.00,DIVORZIO,"3,327.00",0,0,"2,810.00",0,0,"1,316.00","1,392.00",76.00,84.46%
EMILIA-ROMAGNA,PIACENZA,1.00,DIVORZIO,"4,754.00",0,0,"4,556.00",0,0,"1,383.00","3,018.00",116.00,95.84%
EMILIA-ROMAGNA,PIACENZA,1.00,DIVORZIO,"2,612.00",0,0,"1,652.00",0,0,912.00,663.00,49.00,63.25%
EMILIA-ROMAGNA,PIACENZA,1.00,DIVORZIO,"2,251.00",0,0,"2,014.00",0,0,954.00,973.00,58.00,89.47%
EMILIA-ROMAGNA,PIACENZA,1.00,DIVORZIO,"1,296.00",0,0,999.00,0,0,509.00,442.00,32.00,77.08%
EMILIA-ROMAGNA,PIACENZA,1.00,DIVORZIO,"1,458.00",0,0,"1,244.00",0,0,508.00,687.00,41.00,85.32%
EMILIA-ROMAGNA,PIACENZA,1.00,DIVORZIO,"79,404.00",0,0,"75,099.00",0,0,"22,844.00","50,529.00","1,197.00",94.58%
EMILIA-ROMAGNA,PIACENZA,1.00,DIVORZIO,"2,047.00",0,0,"1,892.00",0,0,935.00,883.00,56.00,92.43%
EMILIA-ROMAGNA,PIACENZA,1.00,DIVORZIO,850.00,0,0,780.00,0,0,390.00,346.00,29.00,91.76%
EMILIA-ROMAGNA,PIACENZA,1.00,DIVORZIO,"4,132.00",0,0,"3,868.00",0,0,"1,311.00","2,377.00",135.00,93.61%
EMILIA-ROMAGNA,PIACENZA,1.00,DIVORZIO,"3,855.00",0,0,"3,610.00",0,0,"1,508.00","1,942.00",101.00,93.64%
EMILIA-ROMAGNA,PIACENZA,1.00,DIVORZIO,"3,673.00",0,0,"3,504.00",0,0,"1,273.00","2,114.00",84.00,95.40%
EMILIA-ROMAGNA,PIACENZA,1.00,DIVORZIO,"2,879.00",0,0,"2,632.00",0,0,973.00,"1,554.00",77.00,91.42%
EMILIA-ROMAGNA,PIACENZA,1.00,DIVORZIO,"4,712.00",0,0,"4,430.00",0,0,"1,410.00","2,865.00",115.00,94.02%
EMILIA-ROMAGNA,PIACENZA,1.00,DIVORZIO,"3,424.00",0,0,"3,183.00",0,0,"1,515.00","1,485.00",131.00,92.96%
EMILIA-ROMAGNA,PIACENZA,1.00,DIVORZIO,988.00,0,0,925.00,0,0,448.00,437.00,31.00,93.62%
EMILIA-ROMAGNA,PIACENZA,1.00,DIVORZIO,"1,993.00",0,0,"1,858.00",0,0,556.00,"1,229.00",53.00,93.23%
EMILIA-ROMAGNA,PIACENZA,1.00,DIVORZIO,"2,105.00",0,0,"1,840.00",0,0,661.00,"1,103.00",42.00,87.41%
EMILIA-ROMAGNA,PIACENZA,1.00,DIVORZIO,"2,767.00",0,0,"2,343.00",0,0,"1,269.00",971.00,63.00,84.68%
EMILIA-ROMAGNA,PIACENZA,1.00,DIVORZIO,"2,458.00",0,0,"2,202.00",0,0,988.00,"1,119.00",71.00,89.59%
EMILIA-ROMAGNA,PIACENZA,1.00,DIVORZIO,"1,806.00",0,0,"1,688.00",0,0,687.00,954.00,37.00,93.47%
EMILIA-ROMAGNA,PIACENZA,1.00,DIVORZIO,271.00,0,0,223.00,0,0,125.00,89.00,8.00,82.29%
EMILIA-ROMAGNA,PIACENZA,1.00,DIVORZIO,"2,847.00",0,0,"2,631.00",0,0,"1,093.00","1,415.00",91.00,92.41%
TOSCANA,PISA,1.00,DIVORZIO,"3,192.00",0,0,"3,020.00",0,0,"1,072.00","1,873.00",58.00,94.61%
TOSCANA,PISA,1.00,DIVORZIO,"3,768.00",0,0,"3,569.00",0,0,942.00,"2,474.00",127.00,94.72%
TOSCANA,PISA,1.00,DIVORZIO,"3,682.00",0,0,"3,493.00",0,0,"1,207.00","2,199.00",63.00,94.87%
TOSCANA,PISA,1.00,DIVORZIO,"4,312.00",0,0,"4,106.00",0,0,"1,007.00","3,014.00",63.00,95.22%
TOSCANA,PISA,1.00,DIVORZIO,"3,280.00",0,0,"3,062.00",0,0,"1,123.00","1,827.00",80.00,93.35%
TOSCANA,PISA,1.00,DIVORZIO,619.00,0,0,578.00,0,0,217.00,357.00,1.00,93.38%
TOSCANA,PISA,1.00,DIVORZIO,"2,274.00",0,0,"2,127.00",0,0,758.00,"1,321.00",30.00,93.54%
TOSCANA,PISA,1.00,DIVORZIO,"24,895.00",0,0,"23,524.00",0,0,"6,377.00","16,640.00",391.00,94.49%
TOSCANA,PISA,1.00,DIVORZIO,"7,528.00",0,0,"7,037.00",0,0,"2,597.00","4,268.00",115.00,93.48%
TOSCANA,PISA,1.00,DIVORZIO,"1,343.00",0,0,"1,256.00",0,0,309.00,918.00,21.00,93.52%
TOSCANA,PISA,1.00,DIVORZIO,"2,558.00",0,0,"2,440.00",0,0,591.00,"1,800.00",39.00,95.39%
TOSCANA,PISA,1.00,DIVORZIO,"1,464.00",0,0,"1,365.00",0,0,549.00,778.00,29.00,93.24%
TOSCANA,PISA,1.00,DIVORZIO,"2,212.00",0,0,"2,117.00",0,0,687.00,"1,386.00",31.00,95.71%
TOSCANA,PISA,1.00,DIVORZIO,"1,978.00",0,0,"1,840.00",0,0,474.00,"1,311.00",44.00,93.02%
TOSCANA,PISA,1.00,DIVORZIO,806.00,0,0,760.00,0,0,259.00,490.00,7.00,94.29%
TOSCANA,PISA,1.00,DIVORZIO,"1,257.00",0,0,"1,174.00",0,0,354.00,779.00,32.00,93.40%
TOSCANA,PISA,1.00,DIVORZIO,"5,259.00",0,0,"4,932.00",0,0,"1,577.00","3,182.00",124.00,93.78%
TOSCANA,PISA,1.00,DIVORZIO,696.00,0,0,663.00,0,0,141.00,508.00,13.00,95.26%
TOSCANA,PISA,1.00,DIVORZIO,"1,995.00",0,0,"1,874.00",0,0,498.00,"1,345.00",24.00,93.93%
TOSCANA,PISA,1.00,DIVORZIO,861.00,0,0,822.00,0,0,268.00,540.00,10.00,95.47%
TOSCANA,PISA,1.00,DIVORZIO,688.00,0,0,645.00,0,0,330.00,300.00,12.00,93.75%
TOSCANA,PISA,1.00,DIVORZIO,"5,956.00",0,0,"5,645.00",0,0,"1,637.00","3,840.00",136.00,94.78%
TOSCANA,PISA,1.00,DIVORZIO,466.00,0,0,425.00,0,0,185.00,229.00,9.00,91.20%
TOSCANA,PISA,1.00,DIVORZIO,"3,502.00",0,0,"3,298.00",0,0,"1,475.00","1,724.00",74.00,94.17%
TOSCANA,PISA,1.00,DIVORZIO,"4,070.00",0,0,"3,857.00",0,0,"1,585.00","2,172.00",69.00,94.77%
TOSCANA,PISA,1.00,DIVORZIO,"75,748.00",0,0,"72,387.00",0,0,"22,565.00","48,667.00",809.00,95.56%
TOSCANA,PISA,1.00,DIVORZIO,"6,186.00",0,0,"5,929.00",0,0,"1,676.00","4,092.00",127.00,95.85%
TOSCANA,PISA,1.00,DIVORZIO,"7,776.00",0,0,"7,408.00",0,0,"2,518.00","4,677.00",168.00,95.27%
TOSCANA,PISA,1.00,DIVORZIO,"19,674.00",0,0,"19,009.00",0,0,"6,454.00","12,100.00",346.00,96.62%
TOSCANA,PISA,1.00,DIVORZIO,"1,098.00",0,0,"1,028.00",0,0,306.00,701.00,16.00,93.62%
TOSCANA,PISA,1.00,DIVORZIO,"18,848.00",0,0,"17,865.00",0,0,"3,740.00","13,873.00",156.00,94.78%
TOSCANA,PISA,1.00,DIVORZIO,"16,855.00",0,0,"16,024.00",0,0,"3,897.00","11,704.00",307.00,95.07%
TOSCANA,PISA,1.00,DIVORZIO,"8,190.00",0,0,"7,787.00",0,0,"2,095.00","5,541.00",116.00,95.08%
TOSCANA,PISA,1.00,DIVORZIO,"1,159.00",0,0,"1,117.00",0,0,397.00,701.00,12.00,96.38%
TOSCANA,PISA,1.00,DIVORZIO,"6,848.00",0,0,"6,321.00",0,0,"2,364.00","3,792.00",115.00,92.30%
TOSCANA,PISA,1.00,DIVORZIO,"3,100.00",0,0,"2,934.00",0,0,"1,143.00","1,685.00",72.00,94.65%
TOSCANA,PISA,1.00,DIVORZIO,"7,020.00",0,0,"6,700.00",0,0,"1,464.00","5,110.00",87.00,95.44%
TOSCANA,PISA,1.00,DIVORZIO,"5,472.00",0,0,"5,197.00",0,0,"1,452.00","3,600.00",113.00,94.97%
TOSCANA,PISA,1.00,DIVORZIO,"10,730.00",0,0,"10,295.00",0,0,"2,514.00","7,554.00",166.00,95.95%
TOSCANA,PISTOIA,1.00,DIVORZIO,610.00,0,0,544.00,0,0,210.00,318.00,12.00,89.18%
TOSCANA,PISTOIA,1.00,DIVORZIO,"9,027.00",0,0,"8,681.00",0,0,"2,841.00","5,605.00",175.00,96.17%
TOSCANA,PISTOIA,1.00,DIVORZIO,"4,620.00",0,0,"4,338.00",0,0,"1,059.00","3,194.00",52.00,93.90%
TOSCANA,PISTOIA,1.00,DIVORZIO,"2,772.00",0,0,"2,614.00",0,0,930.00,"1,628.00",46.00,94.30%
TOSCANA,PISTOIA,1.00,DIVORZIO,"1,585.00",0,0,"1,409.00",0,0,565.00,785.00,37.00,88.90%
TOSCANA,PISTOIA,1.00,DIVORZIO,"4,810.00",0,0,"4,620.00",0,0,849.00,"3,704.00",47.00,96.05%
TOSCANA,PISTOIA,1.00,DIVORZIO,"4,028.00",0,0,"3,871.00",0,0,782.00,"3,008.00",56.00,96.10%
TOSCANA,PISTOIA,1.00,DIVORZIO,"1,911.00",0,0,"1,725.00",0,0,701.00,988.00,17.00,90.27%
TOSCANA,PISTOIA,1.00,DIVORZIO,"3,849.00",0,0,"3,618.00",0,0,710.00,"2,812.00",68.00,94.00%
TOSCANA,PISTOIA,1.00,DIVORZIO,"10,658.00",0,0,"9,965.00",0,0,"2,502.00","7,237.00",151.00,93.50%
TOSCANA,PISTOIA,1.00,DIVORZIO,"5,588.00",0,0,"5,291.00",0,0,"1,712.00","3,425.00",117.00,94.69%
TOSCANA,PISTOIA,1.00,DIVORZIO,"15,770.00",0,0,"14,474.00",0,0,"4,667.00","9,532.00",180.00,91.78%
TOSCANA,PISTOIA,1.00,DIVORZIO,"14,639.00",0,0,"13,519.00",0,0,"4,576.00","8,601.00",208.00,92.35%
TOSCANA,PISTOIA,1.00,DIVORZIO,"4,851.00",0,0,"4,525.00",0,0,980.00,"3,441.00",56.00,93.28%
TOSCANA,PISTOIA,1.00,DIVORZIO,"69,087.00",0,0,"64,747.00",0,0,"18,649.00","44,727.00",878.00,93.72%
TOSCANA,PISTOIA,1.00,DIVORZIO,"2,272.00",0,0,"1,851.00",0,0,701.00,"1,101.00",19.00,81.47%
TOSCANA,PISTOIA,1.00,DIVORZIO,"4,941.00",0,0,"4,565.00",0,0,"1,316.00","3,137.00",72.00,92.39%
TOSCANA,PISTOIA,1.00,DIVORZIO,"12,361.00",0,0,"11,506.00",0,0,"4,545.00","6,651.00",218.00,93.08%
TOSCANA,PISTOIA,1.00,DIVORZIO,"1,699.00",0,0,"1,339.00",0,0,483.00,820.00,20.00,78.81%
TOSCANA,PISTOIA,1.00,DIVORZIO,"7,386.00",0,0,"6,642.00",0,0,"1,656.00","4,833.00",110.00,89.93%
TOSCANA,PISTOIA,1.00,DIVORZIO,"5,445.00",0,0,"5,111.00",0,0,"1,420.00","3,568.00",78.00,93.87%
TOSCANA,PISTOIA,1.00,DIVORZIO,"2,021.00",0,0,"1,892.00",0,0,589.00,"1,255.00",27.00,93.62%
BASILICATA,POTENZA,1.00,DIVORZIO,"1,644.00",0,0,"1,114.00",0,0,738.00,333.00,17.00,67.76%
BASILICATA,POTENZA,1.00,DIVORZIO,"2,425.00",0,0,"1,887.00",0,0,"1,018.00",861.00,24.00,77.81%
BASILICATA,POTENZA,1.00,DIVORZIO,"1,187.00",0,0,979.00,0,0,388.00,576.00,3.00,82.48%
BASILICATA,POTENZA,1.00,DIVORZIO,"1,631.00",0,0,989.00,0,0,629.00,327.00,12.00,60.64%
BASILICATA,POTENZA,1.00,DIVORZIO,974.00,0,0,802.00,0,0,553.00,220.00,13.00,82.34%
BASILICATA,POTENZA,1.00,DIVORZIO,"2,197.00",0,0,"1,544.00",0,0,774.00,720.00,17.00,70.28%
BASILICATA,POTENZA,1.00,DIVORZIO,"6,699.00",0,0,"5,910.00",0,0,"2,764.00","3,028.00",43.00,88.22%
BASILICATA,POTENZA,1.00,DIVORZIO,"1,525.00",0,0,"1,080.00",0,0,809.00,244.00,9.00,70.82%
BASILICATA,POTENZA,1.00,DIVORZIO,"1,385.00",0,0,940.00,0,0,561.00,357.00,11.00,67.87%
BASILICATA,POTENZA,1.00,DIVORZIO,"1,661.00",0,0,"1,296.00",0,0,699.00,519.00,18.00,78.03%
BASILICATA,POTENZA,1.00,DIVORZIO,"2,125.00",0,0,"1,708.00",0,0,900.00,787.00,9.00,80.38%
BASILICATA,POTENZA,1.00,DIVORZIO,"4,235.00",0,0,"2,683.00",0,0,"1,502.00","1,056.00",25.00,63.35%
BASILICATA,POTENZA,1.00,DIVORZIO,"2,654.00",0,0,"1,649.00",0,0,846.00,691.00,62.00,62.13%
BASILICATA,POTENZA,1.00,DIVORZIO,702.00,0,0,632.00,0,0,424.00,169.00,8.00,90.03%
BASILICATA,POTENZA,1.00,DIVORZIO,"2,271.00",0,0,"1,392.00",0,0,775.00,597.00,14.00,61.29%
BASILICATA,POTENZA,1.00,DIVORZIO,501.00,0,0,359.00,0,0,232.00,112.00,3.00,71.66%
BASILICATA,POTENZA,1.00,DIVORZIO,653.00,0,0,523.00,0,0,278.00,233.00,4.00,80.09%
BASILICATA,POTENZA,1.00,DIVORZIO,"1,372.00",0,0,"1,092.00",0,0,774.00,294.00,8.00,79.59%
BASILICATA,POTENZA,1.00,DIVORZIO,"1,200.00",0,0,766.00,0,0,542.00,202.00,8.00,63.83%
BASILICATA,POTENZA,1.00,DIVORZIO,"1,189.00",0,0,801.00,0,0,585.00,170.00,11.00,67.37%
BASILICATA,POTENZA,1.00,DIVORZIO,"1,706.00",0,0,"1,388.00",0,0,572.00,745.00,27.00,81.36%
BASILICATA,POTENZA,1.00,DIVORZIO,921.00,0,0,749.00,0,0,277.00,439.00,12.00,81.32%
BASILICATA,POTENZA,1.00,DIVORZIO,900.00,0,0,688.00,0,0,411.00,234.00,16.00,76.44%
BASILICATA,POTENZA,1.00,DIVORZIO,"1,424.00",0,0,922.00,0,0,474.00,407.00,17.00,64.75%
BASILICATA,POTENZA,1.00,DIVORZIO,"1,471.00",0,0,"1,117.00",0,0,403.00,659.00,26.00,75.93%
BASILICATA,POTENZA,1.00,DIVORZIO,715.00,0,0,517.00,0,0,333.00,166.00,9.00,72.31%
BASILICATA,POTENZA,1.00,DIVORZIO,"1,728.00",0,0,"1,394.00",0,0,705.00,670.00,4.00,80.67%
BASILICATA,POTENZA,1.00,DIVORZIO,"2,663.00",0,0,"2,159.00",0,0,"1,579.00",510.00,26.00,81.07%
BASILICATA,POTENZA,1.00,DIVORZIO,"1,235.00",0,0,894.00,0,0,488.00,381.00,12.00,72.39%
BASILICATA,POTENZA,1.00,DIVORZIO,718.00,0,0,532.00,0,0,131.00,388.00,8.00,74.09%
BASILICATA,POTENZA,1.00,DIVORZIO,"2,071.00",0,0,"1,787.00",0,0,898.00,820.00,29.00,86.29%
BASILICATA,POTENZA,1.00,DIVORZIO,"2,867.00",0,0,"1,786.00",0,0,"1,031.00",726.00,16.00,62.30%
BASILICATA,POTENZA,1.00,DIVORZIO,"2,415.00",0,0,"1,682.00",0,0,730.00,888.00,35.00,69.65%
BASILICATA,POTENZA,1.00,DIVORZIO,782.00,0,0,651.00,0,0,381.00,257.00,4.00,83.25%
BASILICATA,POTENZA,1.00,DIVORZIO,"4,646.00",0,0,"3,588.00",0,0,"2,098.00","1,431.00",25.00,77.23%
BASILICATA,POTENZA,1.00,DIVORZIO,715.00,0,0,543.00,0,0,410.00,121.00,6.00,75.94%
BASILICATA,POTENZA,1.00,DIVORZIO,"1,400.00",0,0,"1,141.00",0,0,569.00,504.00,41.00,81.50%
BASILICATA,POTENZA,1.00,DIVORZIO,759.00,0,0,548.00,0,0,291.00,236.00,3.00,72.20%
BASILICATA,POTENZA,1.00,DIVORZIO,"3,880.00",0,0,"3,339.00",0,0,"1,946.00","1,291.00",48.00,86.06%
BASILICATA,POTENZA,1.00,DIVORZIO,"4,022.00",0,0,"3,150.00",0,0,"1,399.00","1,642.00",46.00,78.32%
BASILICATA,POTENZA,1.00,DIVORZIO,"2,131.00",0,0,"1,715.00",0,0,"1,021.00",641.00,30.00,80.48%
BASILICATA,POTENZA,1.00,DIVORZIO,"8,244.00",0,0,"6,070.00",0,0,"2,951.00","2,497.00",163.00,73.63%
BASILICATA,POTENZA,1.00,DIVORZIO,"7,478.00",0,0,"6,587.00",0,0,"2,729.00","3,764.00",50.00,88.09%
BASILICATA,POTENZA,1.00,DIVORZIO,"3,187.00",0,0,"2,683.00",0,0,"1,689.00",930.00,33.00,84.19%
BASILICATA,POTENZA,1.00,DIVORZIO,"4,158.00",0,0,"2,029.00",0,0,"1,011.00",951.00,23.00,48.80%
BASILICATA,POTENZA,1.00,DIVORZIO,"1,774.00",0,0,"1,319.00",0,0,822.00,442.00,28.00,74.35%
BASILICATA,POTENZA,1.00,DIVORZIO,"1,941.00",0,0,"1,304.00",0,0,634.00,651.00,6.00,67.18%
BASILICATA,POTENZA,1.00,DIVORZIO,"9,284.00",0,0,"7,965.00",0,0,"4,053.00","3,767.00",57.00,85.79%
BASILICATA,POTENZA,1.00,DIVORZIO,605.00,0,0,492.00,0,0,243.00,234.00,2.00,81.32%
BASILICATA,POTENZA,1.00,DIVORZIO,"3,431.00",0,0,"2,637.00",0,0,"1,512.00","1,024.00",49.00,76.86%
BASILICATA,POTENZA,1.00,DIVORZIO,"1,915.00",0,0,"1,497.00",0,0,798.00,652.00,8.00,78.17%
BASILICATA,POTENZA,1.00,DIVORZIO,"1,386.00",0,0,"1,040.00",0,0,683.00,327.00,13.00,75.04%
BASILICATA,POTENZA,1.00,DIVORZIO,"5,077.00",0,0,"3,499.00",0,0,"2,290.00","1,081.00",42.00,68.92%
BASILICATA,POTENZA,1.00,DIVORZIO,"1,039.00",0,0,882.00,0,0,567.00,274.00,12.00,84.89%
BASILICATA,POTENZA,1.00,DIVORZIO,"1,241.00",0,0,862.00,0,0,318.00,523.00,9.00,69.46%
BASILICATA,POTENZA,1.00,DIVORZIO,"2,928.00",0,0,"2,161.00",0,0,"1,155.00",972.00,24.00,73.80%
BASILICATA,POTENZA,1.00,DIVORZIO,"4,202.00",0,0,"3,012.00",0,0,"1,671.00","1,286.00",27.00,71.68%
BASILICATA,POTENZA,1.00,DIVORZIO,"2,349.00",0,0,"1,306.00",0,0,655.00,612.00,11.00,55.60%
BASILICATA,POTENZA,1.00,DIVORZIO,"1,877.00",0,0,"1,415.00",0,0,793.00,593.00,8.00,75.39%
BASILICATA,POTENZA,1.00,DIVORZIO,"3,467.00",0,0,"2,375.00",0,0,"1,323.00","1,010.00",24.00,68.50%
BASILICATA,POTENZA,1.00,DIVORZIO,"3,110.00",0,0,"2,578.00",0,0,"1,476.00",984.00,31.00,82.89%
BASILICATA,POTENZA,1.00,DIVORZIO,"1,252.00",0,0,793.00,0,0,514.00,235.00,20.00,63.34%
BASILICATA,POTENZA,1.00,DIVORZIO,"2,153.00",0,0,"1,719.00",0,0,935.00,731.00,24.00,79.84%
BASILICATA,POTENZA,1.00,DIVORZIO,"35,780.00",0,0,"31,741.00",0,0,"15,902.00","15,005.00",260.00,88.71%
BASILICATA,POTENZA,1.00,DIVORZIO,"2,435.00",0,0,"2,036.00",0,0,844.00,"1,164.00",8.00,83.61%
BASILICATA,POTENZA,1.00,DIVORZIO,"1,129.00",0,0,697.00,0,0,510.00,156.00,13.00,61.74%
BASILICATA,POTENZA,1.00,DIVORZIO,"8,060.00",0,0,"6,491.00",0,0,"2,659.00","3,671.00",53.00,80.53%
BASILICATA,POTENZA,1.00,DIVORZIO,"1,884.00",0,0,"1,467.00",0,0,646.00,797.00,13.00,77.87%
BASILICATA,POTENZA,1.00,DIVORZIO,"2,231.00",0,0,"1,859.00",0,0,958.00,850.00,25.00,83.33%
BASILICATA,POTENZA,1.00,DIVORZIO,"1,416.00",0,0,"1,239.00",0,0,425.00,793.00,11.00,87.50%
BASILICATA,POTENZA,1.00,DIVORZIO,"2,686.00",0,0,"1,904.00",0,0,"1,014.00",804.00,43.00,70.89%
BASILICATA,POTENZA,1.00,DIVORZIO,"2,302.00",0,0,"1,598.00",0,0,814.00,738.00,8.00,69.42%
BASILICATA,POTENZA,1.00,DIVORZIO,"1,593.00",0,0,984.00,0,0,436.00,524.00,15.00,61.77%
BASILICATA,POTENZA,1.00,DIVORZIO,"1,242.00",0,0,"1,023.00",0,0,594.00,401.00,10.00,82.37%
BASILICATA,POTENZA,1.00,DIVORZIO,"1,706.00",0,0,996.00,0,0,552.00,381.00,40.00,58.38%
BASILICATA,POTENZA,1.00,DIVORZIO,"1,114.00",0,0,693.00,0,0,419.00,254.00,8.00,62.21%
BASILICATA,POTENZA,1.00,DIVORZIO,"4,720.00",0,0,"2,361.00",0,0,"1,047.00","1,248.00",30.00,50.02%
BASILICATA,POTENZA,1.00,DIVORZIO,975.00,0,0,661.00,0,0,364.00,255.00,18.00,67.79%
BASILICATA,POTENZA,1.00,DIVORZIO,536.00,0,0,324.00,0,0,194.00,116.00,3.00,60.45%
BASILICATA,POTENZA,1.00,DIVORZIO,"1,762.00",0,0,"1,187.00",0,0,769.00,386.00,15.00,67.37%
BASILICATA,POTENZA,1.00,DIVORZIO,"1,226.00",0,0,797.00,0,0,491.00,279.00,10.00,65.01%
BASILICATA,POTENZA,1.00,DIVORZIO,"3,779.00",0,0,"2,815.00",0,0,"1,872.00",898.00,15.00,74.49%
BASILICATA,POTENZA,1.00,DIVORZIO,796.00,0,0,600.00,0,0,390.00,190.00,13.00,75.38%
BASILICATA,POTENZA,1.00,DIVORZIO,809.00,0,0,505.00,0,0,295.00,167.00,21.00,62.42%
BASILICATA,POTENZA,1.00,DIVORZIO,"1,680.00",0,0,"1,100.00",0,0,770.00,290.00,24.00,65.48%
BASILICATA,POTENZA,1.00,DIVORZIO,918.00,0,0,576.00,0,0,358.00,189.00,6.00,62.75%
BASILICATA,POTENZA,1.00,DIVORZIO,"4,263.00",0,0,"3,121.00",0,0,"1,949.00","1,124.00",17.00,73.21%
BASILICATA,POTENZA,1.00,DIVORZIO,"1,330.00",0,0,964.00,0,0,643.00,295.00,9.00,72.48%
BASILICATA,POTENZA,1.00,DIVORZIO,616.00,0,0,446.00,0,0,265.00,163.00,11.00,72.40%
BASILICATA,POTENZA,1.00,DIVORZIO,"1,454.00",0,0,"1,096.00",0,0,520.00,521.00,22.00,75.38%
BASILICATA,POTENZA,1.00,DIVORZIO,"2,759.00",0,0,"2,262.00",0,0,"1,275.00",922.00,24.00,81.99%
BASILICATA,POTENZA,1.00,DIVORZIO,"2,696.00",0,0,"2,134.00",0,0,"1,445.00",633.00,24.00,79.15%
BASILICATA,POTENZA,1.00,DIVORZIO,"2,230.00",0,0,"1,742.00",0,0,987.00,699.00,13.00,78.12%
BASILICATA,POTENZA,1.00,DIVORZIO,"1,863.00",0,0,"1,485.00",0,0,791.00,613.00,45.00,79.71%
BASILICATA,POTENZA,1.00,DIVORZIO,755.00,0,0,619.00,0,0,466.00,134.00,0.00,81.99%
BASILICATA,POTENZA,1.00,DIVORZIO,"1,481.00",0,0,"1,256.00",0,0,960.00,241.00,14.00,84.81%
BASILICATA,POTENZA,1.00,DIVORZIO,"6,970.00",0,0,"5,881.00",0,0,"2,779.00","2,961.00",61.00,84.38%
BASILICATA,POTENZA,1.00,DIVORZIO,"2,190.00",0,0,"1,622.00",0,0,853.00,739.00,9.00,74.06%
BASILICATA,POTENZA,1.00,DIVORZIO,"2,912.00",0,0,"1,707.00",0,0,720.00,826.00,68.00,58.62%
BASILICATA,POTENZA,1.00,DIVORZIO,"2,175.00",0,0,"1,656.00",0,0,806.00,802.00,24.00,76.14%
SICILIA,RAGUSA,1.00,DIVORZIO,"3,942.00",0,0,"3,037.00",0,0,"1,422.00","1,549.00",32.00,77.04%
SICILIA,RAGUSA,1.00,DIVORZIO,"5,875.00",0,0,"4,731.00",0,0,"2,898.00","1,665.00",59.00,80.53%
SICILIA,RAGUSA,1.00,DIVORZIO,"17,972.00",0,0,"14,807.00",0,0,"5,823.00","8,676.00",112.00,82.39%
SICILIA,RAGUSA,1.00,DIVORZIO,"2,617.00",0,0,"2,125.00",0,0,933.00,"1,133.00",36.00,81.20%
SICILIA,RAGUSA,1.00,DIVORZIO,"8,360.00",0,0,"6,431.00",0,0,"3,296.00","3,000.00",44.00,76.93%
SICILIA,RAGUSA,1.00,DIVORZIO,"29,993.00",0,0,"25,555.00",0,0,"13,549.00","11,262.00",196.00,85.20%
SICILIA,RAGUSA,1.00,DIVORZIO,"2,878.00",0,0,"2,359.00",0,0,"1,249.00","1,070.00",18.00,81.97%
SICILIA,RAGUSA,1.00,DIVORZIO,"8,536.00",0,0,"5,977.00",0,0,"2,451.00","3,413.00",47.00,70.02%
SICILIA,RAGUSA,1.00,DIVORZIO,"42,701.00",0,0,"36,794.00",0,0,"17,259.00","18,744.00",333.00,86.17%
SICILIA,RAGUSA,1.00,DIVORZIO,"4,597.00",0,0,"3,813.00",0,0,"1,750.00","1,994.00",32.00,82.95%
SICILIA,RAGUSA,1.00,DIVORZIO,"16,077.00",0,0,"14,300.00",0,0,"4,940.00","8,740.00",215.00,88.95%
SICILIA,RAGUSA,1.00,DIVORZIO,"30,445.00",0,0,"25,690.00",0,0,"8,815.00","16,369.00",200.00,84.38%
EMILIA-ROMAGNA,RAVENNA,1.00,DIVORZIO,"9,403.00",0,0,"9,099.00",0,0,"1,105.00","7,837.00",102.00,96.77%
EMILIA-ROMAGNA,RAVENNA,1.00,DIVORZIO,"13,068.00",0,0,"12,454.00",0,0,"3,469.00","8,589.00",288.00,95.30%
EMILIA-ROMAGNA,RAVENNA,1.00,DIVORZIO,"1,432.00",0,0,"1,383.00",0,0,443.00,885.00,34.00,96.58%
EMILIA-ROMAGNA,RAVENNA,1.00,DIVORZIO,"6,795.00",0,0,"6,315.00",0,0,"2,582.00","3,484.00",180.00,92.94%
EMILIA-ROMAGNA,RAVENNA,1.00,DIVORZIO,"2,269.00",0,0,"2,091.00",0,0,755.00,"1,253.00",52.00,92.16%
EMILIA-ROMAGNA,RAVENNA,1.00,DIVORZIO,"5,143.00",0,0,"4,824.00",0,0,"1,542.00","3,055.00",138.00,93.80%
EMILIA-ROMAGNA,RAVENNA,1.00,DIVORZIO,"16,748.00",0,0,"16,125.00",0,0,"2,763.00","13,073.00",165.00,96.28%
EMILIA-ROMAGNA,RAVENNA,1.00,DIVORZIO,"7,258.00",0,0,"7,114.00",0,0,"1,039.00","5,974.00",69.00,98.02%
EMILIA-ROMAGNA,RAVENNA,1.00,DIVORZIO,"5,179.00",0,0,"4,915.00",0,0,"1,643.00","3,180.00",151.00,94.90%
EMILIA-ROMAGNA,RAVENNA,1.00,DIVORZIO,"40,135.00",0,0,"37,819.00",0,0,"12,382.00","24,338.00",758.00,94.23%
EMILIA-ROMAGNA,RAVENNA,1.00,DIVORZIO,"5,848.00",0,0,"5,637.00",0,0,"1,061.00","4,451.00",87.00,96.39%
EMILIA-ROMAGNA,RAVENNA,1.00,DIVORZIO,"25,732.00",0,0,"24,664.00",0,0,"6,020.00","18,002.00",453.00,95.85%
EMILIA-ROMAGNA,RAVENNA,1.00,DIVORZIO,"7,098.00",0,0,"6,823.00",0,0,905.00,"5,802.00",90.00,96.13%
EMILIA-ROMAGNA,RAVENNA,1.00,DIVORZIO,"95,457.00",0,0,"91,311.00",0,0,"18,220.00","71,659.00","1,005.00",95.66%
EMILIA-ROMAGNA,RAVENNA,1.00,DIVORZIO,"3,378.00",0,0,"3,233.00",0,0,977.00,"2,146.00",81.00,95.71%
EMILIA-ROMAGNA,RAVENNA,1.00,DIVORZIO,"7,871.00",0,0,"7,536.00",0,0,"2,146.00","5,186.00",148.00,95.74%
EMILIA-ROMAGNA,RAVENNA,1.00,DIVORZIO,"1,622.00",0,0,"1,532.00",0,0,462.00,"1,024.00",33.00,94.45%
EMILIA-ROMAGNA,RAVENNA,1.00,DIVORZIO,"3,016.00",0,0,"2,841.00",0,0,952.00,"1,779.00",79.00,94.20%
CALABRIA,REGGIO CALABRIA,1.00,DIVORZIO,"1,762.00",0,0,"1,390.00",0,0,468.00,896.00,13.00,78.89%
CALABRIA,REGGIO CALABRIA,1.00,DIVORZIO,601.00,0,0,373.00,0,0,149.00,200.00,5.00,62.06%
CALABRIA,REGGIO CALABRIA,1.00,DIVORZIO,"1,845.00",0,0,"1,405.00",0,0,939.00,448.00,6.00,76.15%
CALABRIA,REGGIO CALABRIA,1.00,DIVORZIO,"1,068.00",0,0,855.00,0,0,622.00,211.00,10.00,80.06%
CALABRIA,REGGIO CALABRIA,1.00,DIVORZIO,"3,827.00",0,0,"2,862.00",0,0,"1,552.00","1,237.00",32.00,74.78%
CALABRIA,REGGIO CALABRIA,1.00,DIVORZIO,"1,291.00",0,0,947.00,0,0,377.00,550.00,8.00,73.35%
CALABRIA,REGGIO CALABRIA,1.00,DIVORZIO,"7,769.00",0,0,"5,309.00",0,0,"3,280.00","1,924.00",44.00,68.34%
CALABRIA,REGGIO CALABRIA,1.00,DIVORZIO,"1,597.00",0,0,"1,151.00",0,0,651.00,469.00,14.00,72.07%
CALABRIA,REGGIO CALABRIA,1.00,DIVORZIO,"2,635.00",0,0,"1,904.00",0,0,861.00,985.00,28.00,72.26%
CALABRIA,REGGIO CALABRIA,1.00,DIVORZIO,"1,632.00",0,0,"1,242.00",0,0,666.00,548.00,15.00,76.10%
CALABRIA,REGGIO CALABRIA,1.00,DIVORZIO,950.00,0,0,713.00,0,0,301.00,378.00,15.00,75.05%
CALABRIA,REGGIO CALABRIA,1.00,DIVORZIO,"4,507.00",0,0,"3,409.00",0,0,"1,579.00","1,701.00",47.00,75.64%
CALABRIA,REGGIO CALABRIA,1.00,DIVORZIO,"2,807.00",0,0,"2,155.00",0,0,922.00,"1,159.00",36.00,76.77%
CALABRIA,REGGIO CALABRIA,1.00,DIVORZIO,"3,013.00",0,0,"1,989.00",0,0,913.00,"1,020.00",29.00,66.01%
CALABRIA,REGGIO CALABRIA,1.00,DIVORZIO,"1,880.00",0,0,"1,135.00",0,0,514.00,596.00,10.00,60.37%
CALABRIA,REGGIO CALABRIA,1.00,DIVORZIO,"1,372.00",0,0,"1,135.00",0,0,902.00,214.00,10.00,82.73%
CALABRIA,REGGIO CALABRIA,1.00,DIVORZIO,702.00,0,0,431.00,0,0,312.00,111.00,2.00,61.40%
CALABRIA,REGGIO CALABRIA,1.00,DIVORZIO,"2,100.00",0,0,"1,769.00",0,0,925.00,811.00,15.00,84.24%
CALABRIA,REGGIO CALABRIA,1.00,DIVORZIO,412.00,0,0,276.00,0,0,176.00,92.00,4.00,66.99%
CALABRIA,REGGIO CALABRIA,1.00,DIVORZIO,886.00,0,0,719.00,0,0,390.00,299.00,12.00,81.15%
CALABRIA,REGGIO CALABRIA,1.00,DIVORZIO,786.00,0,0,600.00,0,0,251.00,323.00,13.00,76.34%
CALABRIA,REGGIO CALABRIA,1.00,DIVORZIO,"2,112.00",0,0,"1,425.00",0,0,450.00,949.00,10.00,67.47%
CALABRIA,REGGIO CALABRIA,1.00,DIVORZIO,"1,647.00",0,0,"1,009.00",0,0,543.00,433.00,10.00,61.26%
CALABRIA,REGGIO CALABRIA,1.00,DIVORZIO,891.00,0,0,681.00,0,0,283.00,388.00,5.00,76.43%
CALABRIA,REGGIO CALABRIA,1.00,DIVORZIO,"6,156.00",0,0,"3,968.00",0,0,"1,406.00","2,415.00",38.00,64.46%
CALABRIA,REGGIO CALABRIA,1.00,DIVORZIO,901.00,0,0,556.00,0,0,279.00,257.00,7.00,61.71%
CALABRIA,REGGIO CALABRIA,1.00,DIVORZIO,"3,661.00",0,0,"2,626.00",0,0,"1,143.00","1,376.00",64.00,71.73%
CALABRIA,REGGIO CALABRIA,1.00,DIVORZIO,"7,766.00",0,0,"5,462.00",0,0,"2,780.00","2,549.00",40.00,70.33%
CALABRIA,REGGIO CALABRIA,1.00,DIVORZIO,"3,544.00",0,0,"2,509.00",0,0,"1,047.00","1,366.00",26.00,70.80%
CALABRIA,REGGIO CALABRIA,1.00,DIVORZIO,"1,071.00",0,0,842.00,0,0,487.00,340.00,6.00,78.62%
CALABRIA,REGGIO CALABRIA,1.00,DIVORZIO,"2,784.00",0,0,"1,825.00",0,0,"1,122.00",657.00,22.00,65.55%
CALABRIA,REGGIO CALABRIA,1.00,DIVORZIO,"1,216.00",0,0,815.00,0,0,492.00,311.00,3.00,67.02%
CALABRIA,REGGIO CALABRIA,1.00,DIVORZIO,853.00,0,0,576.00,0,0,164.00,391.00,6.00,67.53%
CALABRIA,REGGIO CALABRIA,1.00,DIVORZIO,"1,293.00",0,0,889.00,0,0,683.00,198.00,3.00,68.75%
CALABRIA,REGGIO CALABRIA,1.00,DIVORZIO,"1,786.00",0,0,"1,356.00",0,0,608.00,724.00,7.00,75.92%
CALABRIA,REGGIO CALABRIA,1.00,DIVORZIO,"2,158.00",0,0,"1,644.00",0,0,900.00,690.00,29.00,76.18%
CALABRIA,REGGIO CALABRIA,1.00,DIVORZIO,"1,882.00",0,0,"1,199.00",0,0,724.00,448.00,12.00,63.71%
CALABRIA,REGGIO CALABRIA,1.00,DIVORZIO,"8,681.00",0,0,"6,983.00",0,0,"4,120.00","2,738.00",53.00,80.44%
CALABRIA,REGGIO CALABRIA,1.00,DIVORZIO,"4,578.00",0,0,"3,076.00",0,0,"1,029.00","1,974.00",34.00,67.19%
CALABRIA,REGGIO CALABRIA,1.00,DIVORZIO,"3,899.00",0,0,"2,189.00",0,0,789.00,"1,315.00",37.00,56.14%
CALABRIA,REGGIO CALABRIA,1.00,DIVORZIO,568.00,0,0,461.00,0,0,303.00,136.00,1.00,81.16%
CALABRIA,REGGIO CALABRIA,1.00,DIVORZIO,"4,804.00",0,0,"3,465.00",0,0,"1,768.00","1,550.00",46.00,72.13%
CALABRIA,REGGIO CALABRIA,1.00,DIVORZIO,"7,162.00",0,0,"5,740.00",0,0,"2,960.00","2,632.00",56.00,80.15%
CALABRIA,REGGIO CALABRIA,1.00,DIVORZIO,"4,033.00",0,0,"1,943.00",0,0,959.00,960.00,11.00,48.18%
CALABRIA,REGGIO CALABRIA,1.00,DIVORZIO,"3,792.00",0,0,"2,171.00",0,0,"1,018.00","1,088.00",32.00,57.25%
CALABRIA,REGGIO CALABRIA,1.00,DIVORZIO,"1,519.00",0,0,"1,190.00",0,0,335.00,830.00,13.00,78.34%
CALABRIA,REGGIO CALABRIA,1.00,DIVORZIO,867.00,0,0,566.00,0,0,352.00,192.00,15.00,65.28%
CALABRIA,REGGIO CALABRIA,1.00,DIVORZIO,"1,310.00",0,0,906.00,0,0,509.00,355.00,19.00,69.16%
CALABRIA,REGGIO CALABRIA,1.00,DIVORZIO,"2,229.00",0,0,"1,576.00",0,0,762.00,753.00,26.00,70.70%
CALABRIA,REGGIO CALABRIA,1.00,DIVORZIO,"5,703.00",0,0,"4,498.00",0,0,"2,689.00","1,689.00",49.00,78.87%
CALABRIA,REGGIO CALABRIA,1.00,DIVORZIO,"2,365.00",0,0,"1,724.00",0,0,"1,057.00",606.00,20.00,72.90%
CALABRIA,REGGIO CALABRIA,1.00,DIVORZIO,"1,628.00",0,0,"1,162.00",0,0,609.00,531.00,6.00,71.38%
CALABRIA,REGGIO CALABRIA,1.00,DIVORZIO,"5,175.00",0,0,"3,578.00",0,0,"2,022.00","1,473.00",26.00,69.14%
CALABRIA,REGGIO CALABRIA,1.00,DIVORZIO,"4,367.00",0,0,"3,446.00",0,0,"1,673.00","1,687.00",30.00,78.91%
CALABRIA,REGGIO CALABRIA,1.00,DIVORZIO,"4,973.00",0,0,"3,597.00",0,0,"2,647.00",890.00,27.00,72.33%
CALABRIA,REGGIO CALABRIA,1.00,DIVORZIO,"2,397.00",0,0,"1,683.00",0,0,878.00,764.00,23.00,70.21%
CALABRIA,REGGIO CALABRIA,1.00,DIVORZIO,"10,979.00",0,0,"8,401.00",0,0,"4,045.00","4,193.00",79.00,76.52%
CALABRIA,REGGIO CALABRIA,1.00,DIVORZIO,"1,027.00",0,0,757.00,0,0,406.00,326.00,7.00,73.71%
CALABRIA,REGGIO CALABRIA,1.00,DIVORZIO,"1,452.00",0,0,838.00,0,0,492.00,324.00,8.00,57.71%
CALABRIA,REGGIO CALABRIA,1.00,DIVORZIO,"2,510.00",0,0,"1,739.00",0,0,"1,090.00",617.00,12.00,69.28%
CALABRIA,REGGIO CALABRIA,1.00,DIVORZIO,"6,247.00",0,0,"4,949.00",0,0,"1,875.00","2,930.00",56.00,79.22%
CALABRIA,REGGIO CALABRIA,1.00,DIVORZIO,"1,072.00",0,0,681.00,0,0,460.00,211.00,4.00,63.53%
CALABRIA,REGGIO CALABRIA,1.00,DIVORZIO,"109,343.00",0,0,"92,477.00",0,0,"54,006.00","36,939.00",569.00,84.58%
CALABRIA,REGGIO CALABRIA,1.00,DIVORZIO,"1,148.00",0,0,880.00,0,0,502.00,363.00,8.00,76.66%
CALABRIA,REGGIO CALABRIA,1.00,DIVORZIO,"4,404.00",0,0,"3,255.00",0,0,"1,985.00","1,088.00",50.00,73.91%
CALABRIA,REGGIO CALABRIA,1.00,DIVORZIO,905.00,0,0,584.00,0,0,126.00,448.00,7.00,64.53%
CALABRIA,REGGIO CALABRIA,1.00,DIVORZIO,"4,855.00",0,0,"3,206.00",0,0,"1,406.00","1,703.00",43.00,66.04%
CALABRIA,REGGIO CALABRIA,1.00,DIVORZIO,"1,005.00",0,0,606.00,0,0,344.00,238.00,13.00,60.30%
CALABRIA,REGGIO CALABRIA,1.00,DIVORZIO,"10,606.00",0,0,"8,255.00",0,0,"3,405.00","4,692.00",67.00,77.83%
CALABRIA,REGGIO CALABRIA,1.00,DIVORZIO,890.00,0,0,739.00,0,0,392.00,323.00,6.00,83.03%
CALABRIA,REGGIO CALABRIA,1.00,DIVORZIO,"2,596.00",0,0,"1,747.00",0,0,845.00,849.00,20.00,67.30%
CALABRIA,REGGIO CALABRIA,1.00,DIVORZIO,645.00,0,0,468.00,0,0,295.00,158.00,8.00,72.56%
CALABRIA,REGGIO CALABRIA,1.00,DIVORZIO,"3,233.00",0,0,"1,995.00",0,0,"1,117.00",823.00,22.00,61.71%
CALABRIA,REGGIO CALABRIA,1.00,DIVORZIO,"2,456.00",0,0,"1,505.00",0,0,418.00,"1,040.00",20.00,61.28%
CALABRIA,REGGIO CALABRIA,1.00,DIVORZIO,"1,415.00",0,0,849.00,0,0,471.00,366.00,2.00,60.00%
CALABRIA,REGGIO CALABRIA,1.00,DIVORZIO,642.00,0,0,472.00,0,0,293.00,164.00,9.00,73.52%
CALABRIA,REGGIO CALABRIA,1.00,DIVORZIO,"1,761.00",0,0,"1,118.00",0,0,695.00,389.00,12.00,63.49%
CALABRIA,REGGIO CALABRIA,1.00,DIVORZIO,"1,257.00",0,0,788.00,0,0,562.00,205.00,9.00,62.69%
CALABRIA,REGGIO CALABRIA,1.00,DIVORZIO,658.00,0,0,481.00,0,0,132.00,334.00,11.00,73.10%
CALABRIA,REGGIO CALABRIA,1.00,DIVORZIO,523.00,0,0,383.00,0,0,177.00,194.00,4.00,73.23%
CALABRIA,REGGIO CALABRIA,1.00,DIVORZIO,"3,267.00",0,0,"2,630.00",0,0,"1,380.00","1,136.00",37.00,80.50%
CALABRIA,REGGIO CALABRIA,1.00,DIVORZIO,"1,546.00",0,0,"1,062.00",0,0,759.00,287.00,12.00,68.69%
CALABRIA,REGGIO CALABRIA,1.00,DIVORZIO,"1,366.00",0,0,"1,021.00",0,0,648.00,360.00,2.00,74.74%
CALABRIA,REGGIO CALABRIA,1.00,DIVORZIO,976.00,0,0,680.00,0,0,427.00,237.00,5.00,69.67%
CALABRIA,REGGIO CALABRIA,1.00,DIVORZIO,"4,197.00",0,0,"3,151.00",0,0,"1,592.00","1,483.00",28.00,75.08%
CALABRIA,REGGIO CALABRIA,1.00,DIVORZIO,"2,928.00",0,0,"2,285.00",0,0,"1,323.00",871.00,46.00,78.04%
CALABRIA,REGGIO CALABRIA,1.00,DIVORZIO,845.00,0,0,564.00,0,0,298.00,243.00,17.00,66.75%
CALABRIA,REGGIO CALABRIA,1.00,DIVORZIO,"10,616.00",0,0,"6,570.00",0,0,"2,697.00","3,653.00",112.00,61.89%
CALABRIA,REGGIO CALABRIA,1.00,DIVORZIO,"1,749.00",0,0,"1,241.00",0,0,562.00,628.00,18.00,70.95%
CALABRIA,REGGIO CALABRIA,1.00,DIVORZIO,687.00,0,0,461.00,0,0,271.00,177.00,3.00,67.10%
CALABRIA,REGGIO CALABRIA,1.00,DIVORZIO,"1,077.00",0,0,741.00,0,0,481.00,224.00,3.00,68.80%
CALABRIA,REGGIO CALABRIA,1.00,DIVORZIO,"1,708.00",0,0,"1,257.00",0,0,851.00,376.00,17.00,73.59%
CALABRIA,REGGIO CALABRIA,1.00,DIVORZIO,"10,242.00",0,0,"7,957.00",0,0,"4,602.00","3,170.00",68.00,77.69%
CALABRIA,REGGIO CALABRIA,1.00,DIVORZIO,486.00,0,0,385.00,0,0,279.00,101.00,1.00,79.22%
CALABRIA,REGGIO CALABRIA,1.00,DIVORZIO,"1,907.00",0,0,"1,349.00",0,0,997.00,319.00,12.00,70.74%
CALABRIA,REGGIO CALABRIA,1.00,DIVORZIO,"7,751.00",0,0,"5,985.00",0,0,"3,055.00","2,828.00",65.00,77.22%
EMILIA-ROMAGNA,REGGIO EMILIA,1.00,DIVORZIO,"3,457.00",0,0,"3,478.00",0,0,"1,044.00","2,329.00",67.00,100.61%
EMILIA-ROMAGNA,REGGIO EMILIA,1.00,DIVORZIO,"4,534.00",0,0,"4,411.00",0,0,796.00,"3,552.00",46.00,97.29%
EMILIA-ROMAGNA,REGGIO EMILIA,1.00,DIVORZIO,"2,603.00",0,0,"2,439.00",0,0,"1,074.00","1,298.00",49.00,93.70%
EMILIA-ROMAGNA,REGGIO EMILIA,1.00,DIVORZIO,"4,769.00",0,0,"4,603.00",0,0,"1,120.00","3,405.00",58.00,96.52%
EMILIA-ROMAGNA,REGGIO EMILIA,1.00,DIVORZIO,"3,183.00",0,0,"3,049.00",0,0,"1,135.00","1,838.00",58.00,95.79%
EMILIA-ROMAGNA,REGGIO EMILIA,1.00,DIVORZIO,"3,254.00",0,0,"3,167.00",0,0,"1,035.00","2,053.00",47.00,97.33%
EMILIA-ROMAGNA,REGGIO EMILIA,1.00,DIVORZIO,"1,225.00",0,0,"1,121.00",0,0,419.00,670.00,20.00,91.51%
EMILIA-ROMAGNA,REGGIO EMILIA,1.00,DIVORZIO,"4,745.00",0,0,"4,593.00",0,0,934.00,"3,597.00",40.00,96.80%
EMILIA-ROMAGNA,REGGIO EMILIA,1.00,DIVORZIO,"3,091.00",0,0,"2,969.00",0,0,878.00,"2,035.00",40.00,96.05%
EMILIA-ROMAGNA,REGGIO EMILIA,1.00,DIVORZIO,"2,596.00",0,0,"2,515.00",0,0,412.00,"2,072.00",22.00,96.88%
EMILIA-ROMAGNA,REGGIO EMILIA,1.00,DIVORZIO,"3,121.00",0,0,"2,990.00",0,0,"1,183.00","1,732.00",50.00,95.80%
EMILIA-ROMAGNA,REGGIO EMILIA,1.00,DIVORZIO,"8,351.00",0,0,"8,065.00",0,0,"2,117.00","5,802.00",104.00,96.58%
EMILIA-ROMAGNA,REGGIO EMILIA,1.00,DIVORZIO,"3,079.00",0,0,"2,941.00",0,0,"1,247.00","1,628.00",40.00,95.52%
EMILIA-ROMAGNA,REGGIO EMILIA,1.00,DIVORZIO,"4,227.00",0,0,"4,039.00",0,0,"1,708.00","2,219.00",74.00,95.55%
EMILIA-ROMAGNA,REGGIO EMILIA,1.00,DIVORZIO,"5,044.00",0,0,"4,903.00",0,0,"1,397.00","3,427.00",55.00,97.20%
EMILIA-ROMAGNA,REGGIO EMILIA,1.00,DIVORZIO,"6,527.00",0,0,"6,369.00",0,0,"2,457.00","3,756.00",112.00,97.58%
EMILIA-ROMAGNA,REGGIO EMILIA,1.00,DIVORZIO,"5,064.00",0,0,"4,877.00",0,0,920.00,"3,874.00",69.00,96.31%
EMILIA-ROMAGNA,REGGIO EMILIA,1.00,DIVORZIO,"2,540.00",0,0,"2,389.00",0,0,928.00,"1,381.00",63.00,94.06%
EMILIA-ROMAGNA,REGGIO EMILIA,1.00,DIVORZIO,"1,050.00",0,0,926.00,0,0,381.00,524.00,13.00,88.19%
EMILIA-ROMAGNA,REGGIO EMILIA,1.00,DIVORZIO,"14,724.00",0,0,"14,347.00",0,0,"3,945.00","10,182.00",167.00,97.44%
EMILIA-ROMAGNA,REGGIO EMILIA,1.00,DIVORZIO,"4,064.00",0,0,"3,938.00",0,0,710.00,"3,169.00",46.00,96.90%
EMILIA-ROMAGNA,REGGIO EMILIA,1.00,DIVORZIO,"3,170.00",0,0,"3,025.00",0,0,914.00,"2,041.00",44.00,95.43%
EMILIA-ROMAGNA,REGGIO EMILIA,1.00,DIVORZIO,"4,598.00",0,0,"4,318.00",0,0,"1,325.00","2,895.00",73.00,93.91%
EMILIA-ROMAGNA,REGGIO EMILIA,1.00,DIVORZIO,"10,257.00",0,0,"9,834.00",0,0,"3,202.00","6,409.00",139.00,95.88%
EMILIA-ROMAGNA,REGGIO EMILIA,1.00,DIVORZIO,"1,241.00",0,0,"1,107.00",0,0,434.00,642.00,24.00,89.20%
EMILIA-ROMAGNA,REGGIO EMILIA,1.00,DIVORZIO,"6,019.00",0,0,"5,769.00",0,0,"1,599.00","4,025.00",104.00,95.85%
EMILIA-ROMAGNA,REGGIO EMILIA,1.00,DIVORZIO,"4,932.00",0,0,"4,868.00",0,0,"1,459.00","3,270.00",96.00,98.70%
EMILIA-ROMAGNA,REGGIO EMILIA,1.00,DIVORZIO,"7,956.00",0,0,"7,730.00",0,0,"1,828.00","5,753.00",109.00,97.16%
EMILIA-ROMAGNA,REGGIO EMILIA,1.00,DIVORZIO,"4,699.00",0,0,"4,580.00",0,0,"1,314.00","3,156.00",81.00,97.47%
EMILIA-ROMAGNA,REGGIO EMILIA,1.00,DIVORZIO,"4,923.00",0,0,"4,785.00",0,0,"1,375.00","3,345.00",48.00,97.20%
EMILIA-ROMAGNA,REGGIO EMILIA,1.00,DIVORZIO,"1,538.00",0,0,"1,375.00",0,0,545.00,783.00,23.00,89.40%
EMILIA-ROMAGNA,REGGIO EMILIA,1.00,DIVORZIO,"4,700.00",0,0,"4,545.00",0,0,"1,405.00","3,046.00",75.00,96.70%
EMILIA-ROMAGNA,REGGIO EMILIA,1.00,DIVORZIO,"96,718.00",0,0,"94,893.00",0,0,"25,783.00","65,829.00","1,310.00",98.11%
EMILIA-ROMAGNA,REGGIO EMILIA,1.00,DIVORZIO,"2,799.00",0,0,"2,747.00",0,0,562.00,"2,142.00",30.00,98.14%
EMILIA-ROMAGNA,REGGIO EMILIA,1.00,DIVORZIO,"2,466.00",0,0,"2,372.00",0,0,677.00,"1,655.00",27.00,96.19%
EMILIA-ROMAGNA,REGGIO EMILIA,1.00,DIVORZIO,"6,662.00",0,0,"6,428.00",0,0,"1,795.00","4,525.00",79.00,96.49%
EMILIA-ROMAGNA,REGGIO EMILIA,1.00,DIVORZIO,"3,661.00",0,0,"3,533.00",0,0,"1,269.00","2,194.00",55.00,96.50%
EMILIA-ROMAGNA,REGGIO EMILIA,1.00,DIVORZIO,"3,242.00",0,0,"3,071.00",0,0,922.00,"2,051.00",69.00,94.73%
EMILIA-ROMAGNA,REGGIO EMILIA,1.00,DIVORZIO,"6,225.00",0,0,"6,091.00",0,0,"1,420.00","4,563.00",81.00,97.85%
EMILIA-ROMAGNA,REGGIO EMILIA,1.00,DIVORZIO,"12,948.00",0,0,"12,556.00",0,0,"3,482.00","8,854.00",163.00,96.97%
EMILIA-ROMAGNA,REGGIO EMILIA,1.00,DIVORZIO,"2,882.00",0,0,"2,682.00",0,0,"1,382.00","1,230.00",40.00,93.06%
EMILIA-ROMAGNA,REGGIO EMILIA,1.00,DIVORZIO,"1,903.00",0,0,"1,741.00",0,0,779.00,915.00,33.00,91.49%
EMILIA-ROMAGNA,REGGIO EMILIA,1.00,DIVORZIO,"2,527.00",0,0,"2,437.00",0,0,801.00,"1,584.00",44.00,96.44%
EMILIA-ROMAGNA,REGGIO EMILIA,1.00,DIVORZIO,"1,837.00",0,0,"1,743.00",0,0,867.00,841.00,19.00,94.88%
EMILIA-ROMAGNA,REGGIO EMILIA,1.00,DIVORZIO,"3,882.00",0,0,"3,379.00",0,0,"1,631.00","1,663.00",56.00,87.04%
LAZIO,RIETI,1.00,DIVORZIO,890.00,0,0,743.00,0,0,416.00,311.00,5.00,83.48%
LAZIO,RIETI,1.00,DIVORZIO,"2,771.00",0,0,"2,228.00",0,0,"1,292.00",890.00,22.00,80.40%
LAZIO,RIETI,1.00,DIVORZIO,"2,309.00",0,0,"2,060.00",0,0,862.00,"1,159.00",20.00,89.22%
LAZIO,RIETI,1.00,DIVORZIO,304.00,0,0,274.00,0,0,158.00,108.00,2.00,90.13%
LAZIO,RIETI,1.00,DIVORZIO,432.00,0,0,384.00,0,0,169.00,209.00,2.00,88.89%
LAZIO,RIETI,1.00,DIVORZIO,709.00,0,0,558.00,0,0,237.00,309.00,7.00,78.70%
LAZIO,RIETI,1.00,DIVORZIO,477.00,0,0,430.00,0,0,157.00,267.00,2.00,90.15%
LAZIO,RIETI,1.00,DIVORZIO,"3,416.00",0,0,"2,890.00",0,0,"2,036.00",800.00,14.00,84.60%
LAZIO,RIETI,1.00,DIVORZIO,"1,858.00",0,0,"1,693.00",0,0,657.00,973.00,30.00,91.12%
LAZIO,RIETI,1.00,DIVORZIO,771.00,0,0,714.00,0,0,204.00,487.00,13.00,92.61%
LAZIO,RIETI,1.00,DIVORZIO,566.00,0,0,535.00,0,0,381.00,138.00,6.00,94.52%
LAZIO,RIETI,1.00,DIVORZIO,834.00,0,0,733.00,0,0,305.00,395.00,17.00,87.89%
LAZIO,RIETI,1.00,DIVORZIO,365.00,0,0,320.00,0,0,162.00,143.00,3.00,87.67%
LAZIO,RIETI,1.00,DIVORZIO,664.00,0,0,619.00,0,0,308.00,302.00,6.00,93.22%
LAZIO,RIETI,1.00,DIVORZIO,"1,017.00",0,0,858.00,0,0,425.00,403.00,10.00,84.37%
LAZIO,RIETI,1.00,DIVORZIO,"3,244.00",0,0,"2,864.00",0,0,"1,354.00","1,418.00",40.00,88.29%
LAZIO,RIETI,1.00,DIVORZIO,618.00,0,0,493.00,0,0,258.00,216.00,13.00,79.77%
LAZIO,RIETI,1.00,DIVORZIO,538.00,0,0,426.00,0,0,248.00,171.00,1.00,79.18%
LAZIO,RIETI,1.00,DIVORZIO,325.00,0,0,276.00,0,0,178.00,95.00,1.00,84.92%
LAZIO,RIETI,1.00,DIVORZIO,237.00,0,0,206.00,0,0,118.00,83.00,0.00,86.92%
LAZIO,RIETI,1.00,DIVORZIO,"1,132.00",0,0,"1,070.00",0,0,343.00,681.00,24.00,94.52%
LAZIO,RIETI,1.00,DIVORZIO,340.00,0,0,325.00,0,0,84.00,236.00,2.00,95.59%
LAZIO,RIETI,1.00,DIVORZIO,392.00,0,0,342.00,0,0,157.00,184.00,0.00,87.24%
LAZIO,RIETI,1.00,DIVORZIO,560.00,0,0,513.00,0,0,391.00,117.00,5.00,91.61%
LAZIO,RIETI,1.00,DIVORZIO,"2,087.00",0,0,"1,907.00",0,0,891.00,974.00,17.00,91.38%
LAZIO,RIETI,1.00,DIVORZIO,591.00,0,0,520.00,0,0,320.00,176.00,11.00,87.99%
LAZIO,RIETI,1.00,DIVORZIO,"4,844.00",0,0,"4,538.00",0,0,"1,700.00","2,727.00",63.00,93.68%
LAZIO,RIETI,1.00,DIVORZIO,"1,731.00",0,0,"1,303.00",0,0,821.00,455.00,6.00,75.27%
LAZIO,RIETI,1.00,DIVORZIO,"1,484.00",0,0,"1,370.00",0,0,481.00,855.00,15.00,92.32%
LAZIO,RIETI,1.00,DIVORZIO,393.00,0,0,361.00,0,0,179.00,173.00,7.00,91.86%
LAZIO,RIETI,1.00,DIVORZIO,"1,036.00",0,0,962.00,0,0,494.00,449.00,5.00,92.86%
LAZIO,RIETI,1.00,DIVORZIO,261.00,0,0,233.00,0,0,89.00,132.00,5.00,89.27%
LAZIO,RIETI,1.00,DIVORZIO,"2,514.00",0,0,"2,228.00",0,0,"1,410.00",766.00,24.00,88.62%
LAZIO,RIETI,1.00,DIVORZIO,707.00,0,0,632.00,0,0,380.00,223.00,6.00,89.39%
LAZIO,RIETI,1.00,DIVORZIO,"2,734.00",0,0,"2,635.00",0,0,864.00,"1,684.00",43.00,96.38%
LAZIO,RIETI,1.00,DIVORZIO,274.00,0,0,248.00,0,0,184.00,61.00,1.00,90.51%
LAZIO,RIETI,1.00,DIVORZIO,203.00,0,0,151.00,0,0,104.00,46.00,1.00,74.38%
LAZIO,RIETI,1.00,DIVORZIO,487.00,0,0,428.00,0,0,217.00,196.00,7.00,87.89%
LAZIO,RIETI,1.00,DIVORZIO,349.00,0,0,274.00,0,0,136.00,124.00,3.00,78.51%
LAZIO,RIETI,1.00,DIVORZIO,771.00,0,0,719.00,0,0,384.00,310.00,13.00,93.26%
LAZIO,RIETI,1.00,DIVORZIO,922.00,0,0,851.00,0,0,549.00,278.00,10.00,92.30%
LAZIO,RIETI,1.00,DIVORZIO,333.00,0,0,302.00,0,0,159.00,139.00,2.00,90.69%
LAZIO,RIETI,1.00,DIVORZIO,486.00,0,0,431.00,0,0,303.00,120.00,4.00,88.68%
LAZIO,RIETI,1.00,DIVORZIO,"2,030.00",0,0,"1,891.00",0,0,575.00,"1,258.00",28.00,93.15%
LAZIO,RIETI,1.00,DIVORZIO,337.00,0,0,310.00,0,0,128.00,169.00,8.00,91.99%
LAZIO,RIETI,1.00,DIVORZIO,282.00,0,0,245.00,0,0,153.00,85.00,3.00,86.88%
LAZIO,RIETI,1.00,DIVORZIO,446.00,0,0,398.00,0,0,279.00,112.00,6.00,89.24%
LAZIO,RIETI,1.00,DIVORZIO,230.00,0,0,209.00,0,0,93.00,110.00,2.00,90.87%
LAZIO,RIETI,1.00,DIVORZIO,"2,735.00",0,0,"2,195.00",0,0,"1,507.00",629.00,17.00,80.26%
LAZIO,RIETI,1.00,DIVORZIO,"1,639.00",0,0,"1,397.00",0,0,742.00,615.00,15.00,85.23%
LAZIO,RIETI,1.00,DIVORZIO,"1,298.00",0,0,"1,244.00",0,0,283.00,942.00,4.00,95.84%
LAZIO,RIETI,1.00,DIVORZIO,726.00,0,0,669.00,0,0,327.00,318.00,12.00,92.15%
LAZIO,RIETI,1.00,DIVORZIO,"3,001.00",0,0,"2,847.00",0,0,920.00,"1,868.00",27.00,94.87%
LAZIO,RIETI,1.00,DIVORZIO,"1,421.00",0,0,"1,294.00",0,0,618.00,652.00,12.00,91.06%
LAZIO,RIETI,1.00,DIVORZIO,"1,084.00",0,0,"1,018.00",0,0,533.00,426.00,27.00,93.91%
LAZIO,RIETI,1.00,DIVORZIO,323.00,0,0,299.00,0,0,202.00,93.00,1.00,92.57%
LAZIO,RIETI,1.00,DIVORZIO,875.00,0,0,636.00,0,0,357.00,263.00,10.00,72.69%
LAZIO,RIETI,1.00,DIVORZIO,683.00,0,0,625.00,0,0,404.00,193.00,12.00,91.51%
LAZIO,RIETI,1.00,DIVORZIO,"27,555.00",0,0,"26,000.00",0,0,"9,385.00","16,139.00",215.00,94.36%
LAZIO,RIETI,1.00,DIVORZIO,886.00,0,0,829.00,0,0,291.00,519.00,9.00,93.57%
LAZIO,RIETI,1.00,DIVORZIO,401.00,0,0,378.00,0,0,164.00,199.00,3.00,94.26%
LAZIO,RIETI,1.00,DIVORZIO,762.00,0,0,646.00,0,0,341.00,280.00,8.00,84.78%
LAZIO,RIETI,1.00,DIVORZIO,356.00,0,0,324.00,0,0,185.00,132.00,1.00,91.01%
LAZIO,RIETI,1.00,DIVORZIO,"1,415.00",0,0,"1,270.00",0,0,663.00,580.00,14.00,89.75%
LAZIO,RIETI,1.00,DIVORZIO,711.00,0,0,662.00,0,0,380.00,264.00,6.00,93.11%
LAZIO,RIETI,1.00,DIVORZIO,"1,117.00",0,0,"1,049.00",0,0,344.00,677.00,15.00,93.91%
LAZIO,RIETI,1.00,DIVORZIO,738.00,0,0,690.00,0,0,350.00,320.00,11.00,93.50%
LAZIO,RIETI,1.00,DIVORZIO,522.00,0,0,502.00,0,0,247.00,232.00,12.00,96.17%
LAZIO,RIETI,1.00,DIVORZIO,774.00,0,0,701.00,0,0,341.00,340.00,5.00,90.57%
LAZIO,RIETI,1.00,DIVORZIO,961.00,0,0,880.00,0,0,422.00,423.00,18.00,91.57%
LAZIO,RIETI,1.00,DIVORZIO,299.00,0,0,271.00,0,0,109.00,154.00,7.00,90.64%
LAZIO,RIETI,1.00,DIVORZIO,203.00,0,0,189.00,0,0,129.00,54.00,3.00,93.10%
LAZIO,RIETI,1.00,DIVORZIO,344.00,0,0,298.00,0,0,179.00,101.00,4.00,86.63%
LAZIO,ROMA,1.00,DIVORZIO,"1,223.00",0,0,"1,063.00",0,0,736.00,304.00,13.00,86.92%
LAZIO,ROMA,1.00,DIVORZIO,835.00,0,0,763.00,0,0,502.00,243.00,8.00,91.38%
LAZIO,ROMA,1.00,DIVORZIO,"16,853.00",0,0,"15,690.00",0,0,"4,600.00","10,805.00",135.00,93.10%
LAZIO,ROMA,1.00,DIVORZIO,"2,703.00",0,0,"2,557.00",0,0,"1,112.00","1,390.00",32.00,94.60%
LAZIO,ROMA,1.00,DIVORZIO,"3,051.00",0,0,"2,813.00",0,0,"1,023.00","1,730.00",26.00,92.20%
LAZIO,ROMA,1.00,DIVORZIO,737.00,0,0,626.00,0,0,163.00,452.00,5.00,84.94%
LAZIO,ROMA,1.00,DIVORZIO,"14,938.00",0,0,"13,558.00",0,0,"4,750.00","8,605.00",97.00,90.76%
LAZIO,ROMA,1.00,DIVORZIO,"1,064.00",0,0,966.00,0,0,718.00,222.00,8.00,90.79%
LAZIO,ROMA,1.00,DIVORZIO,"4,065.00",0,0,"3,633.00",0,0,"1,243.00","2,310.00",22.00,89.37%
LAZIO,ROMA,1.00,DIVORZIO,"7,020.00",0,0,"6,704.00",0,0,"2,065.00","4,482.00",58.00,95.50%
LAZIO,ROMA,1.00,DIVORZIO,"1,072.00",0,0,993.00,0,0,400.00,571.00,12.00,92.63%
LAZIO,ROMA,1.00,DIVORZIO,"5,421.00",0,0,"4,997.00",0,0,"1,756.00","3,099.00",61.00,92.18%
LAZIO,ROMA,1.00,DIVORZIO,"1,928.00",0,0,"1,749.00",0,0,826.00,856.00,31.00,90.72%
LAZIO,ROMA,1.00,DIVORZIO,"6,587.00",0,0,"6,789.00",0,0,"2,507.00","4,137.00",72.00,103.07%
LAZIO,ROMA,1.00,DIVORZIO,400.00,0,0,321.00,0,0,181.00,137.00,2.00,80.25%
LAZIO,ROMA,1.00,DIVORZIO,"2,873.00",0,0,"2,637.00",0,0,902.00,"1,670.00",49.00,91.79%
LAZIO,ROMA,1.00,DIVORZIO,"1,444.00",0,0,"1,323.00",0,0,412.00,877.00,25.00,91.62%
LAZIO,ROMA,1.00,DIVORZIO,265.00,0,0,245.00,0,0,103.00,136.00,0.00,92.45%
LAZIO,ROMA,1.00,DIVORZIO,"2,033.00",0,0,"1,880.00",0,0,662.00,"1,191.00",15.00,92.47%
LAZIO,ROMA,1.00,DIVORZIO,316.00,0,0,275.00,0,0,158.00,104.00,9.00,87.03%
LAZIO,ROMA,1.00,DIVORZIO,"3,942.00",0,0,"3,333.00",0,0,"1,445.00","1,813.00",37.00,84.55%
LAZIO,ROMA,1.00,DIVORZIO,674.00,0,0,614.00,0,0,359.00,230.00,14.00,91.10%
LAZIO,ROMA,1.00,DIVORZIO,"3,260.00",0,0,"3,064.00",0,0,"1,164.00","1,859.00",25.00,93.99%
LAZIO,ROMA,1.00,DIVORZIO,"3,438.00",0,0,"3,212.00",0,0,"1,507.00","1,606.00",54.00,93.43%
LAZIO,ROMA,1.00,DIVORZIO,"1,718.00",0,0,"1,528.00",0,0,527.00,961.00,21.00,88.94%
LAZIO,ROMA,1.00,DIVORZIO,439.00,0,0,416.00,0,0,283.00,120.00,5.00,94.76%
LAZIO,ROMA,1.00,DIVORZIO,"4,350.00",0,0,"4,076.00",0,0,"2,123.00","1,871.00",42.00,93.70%
LAZIO,ROMA,1.00,DIVORZIO,705.00,0,0,661.00,0,0,412.00,236.00,9.00,93.76%
LAZIO,ROMA,1.00,DIVORZIO,412.00,0,0,339.00,0,0,160.00,168.00,6.00,82.28%
LAZIO,ROMA,1.00,DIVORZIO,"5,290.00",0,0,"4,868.00",0,0,"1,799.00","2,949.00",65.00,92.02%
LAZIO,ROMA,1.00,DIVORZIO,689.00,0,0,636.00,0,0,306.00,308.00,15.00,92.31%
LAZIO,ROMA,1.00,DIVORZIO,425.00,0,0,398.00,0,0,201.00,191.00,3.00,93.65%
LAZIO,ROMA,1.00,DIVORZIO,"29,687.00",0,0,"27,980.00",0,0,"7,738.00","19,900.00",207.00,94.25%
LAZIO,ROMA,1.00,DIVORZIO,905.00,0,0,829.00,0,0,350.00,457.00,11.00,91.60%
LAZIO,ROMA,1.00,DIVORZIO,"12,122.00",0,0,"11,444.00",0,0,"3,915.00","7,340.00",108.00,94.41%
LAZIO,ROMA,1.00,DIVORZIO,"1,534.00",0,0,"1,437.00",0,0,579.00,827.00,14.00,93.68%
LAZIO,ROMA,1.00,DIVORZIO,"2,318.00",0,0,"2,188.00",0,0,746.00,"1,410.00",22.00,94.39%
LAZIO,ROMA,1.00,DIVORZIO,363.00,0,0,331.00,0,0,163.00,159.00,5.00,91.18%
LAZIO,ROMA,1.00,DIVORZIO,"2,001.00",0,0,"1,836.00",0,0,662.00,"1,148.00",17.00,91.75%
LAZIO,ROMA,1.00,DIVORZIO,"12,087.00",0,0,"11,356.00",0,0,"3,828.00","7,286.00",151.00,93.95%
LAZIO,ROMA,1.00,DIVORZIO,"1,465.00",0,0,"1,384.00",0,0,691.00,654.00,19.00,94.47%
LAZIO,ROMA,1.00,DIVORZIO,980.00,0,0,889.00,0,0,476.00,383.00,9.00,90.71%
LAZIO,ROMA,1.00,DIVORZIO,"3,137.00",0,0,"2,949.00",0,0,845.00,"2,022.00",43.00,94.01%
LAZIO,ROMA,1.00,DIVORZIO,"10,325.00",0,0,"9,763.00",0,0,"2,446.00","7,034.00",163.00,94.56%
LAZIO,ROMA,1.00,DIVORZIO,833.00,0,0,776.00,0,0,375.00,390.00,2.00,93.16%
LAZIO,ROMA,1.00,DIVORZIO,626.00,0,0,543.00,0,0,245.00,276.00,18.00,86.74%
LAZIO,ROMA,1.00,DIVORZIO,"7,527.00",0,0,"6,973.00",0,0,"2,405.00","4,441.00",75.00,92.64%
LAZIO,ROMA,1.00,DIVORZIO,"22,866.00",0,0,"21,024.00",0,0,"6,427.00","14,269.00",136.00,91.94%
LAZIO,ROMA,1.00,DIVORZIO,535.00,0,0,478.00,0,0,280.00,185.00,8.00,89.35%
LAZIO,ROMA,1.00,DIVORZIO,"1,216.00",0,0,"1,121.00",0,0,468.00,616.00,14.00,92.19%
LAZIO,ROMA,1.00,DIVORZIO,"5,555.00",0,0,"5,087.00",0,0,"1,805.00","3,207.00",53.00,91.58%
LAZIO,ROMA,1.00,DIVORZIO,"3,267.00",0,0,"3,095.00",0,0,987.00,"2,058.00",27.00,94.74%
LAZIO,ROMA,1.00,DIVORZIO,"3,402.00",0,0,"3,144.00",0,0,"1,478.00","1,571.00",63.00,92.42%
LAZIO,ROMA,1.00,DIVORZIO,747.00,0,0,683.00,0,0,350.00,314.00,9.00,91.43%
LAZIO,ROMA,1.00,DIVORZIO,666.00,0,0,620.00,0,0,328.00,271.00,11.00,93.09%
LAZIO,ROMA,1.00,DIVORZIO,436.00,0,0,409.00,0,0,207.00,191.00,7.00,93.81%
LAZIO,ROMA,1.00,DIVORZIO,"2,191.00",0,0,"2,005.00",0,0,715.00,"1,247.00",34.00,91.51%
LAZIO,ROMA,1.00,DIVORZIO,634.00,0,0,568.00,0,0,289.00,265.00,11.00,89.59%
LAZIO,ROMA,1.00,DIVORZIO,"2,890.00",0,0,"2,666.00",0,0,"1,032.00","1,585.00",21.00,92.25%
LAZIO,ROMA,1.00,DIVORZIO,"32,130.00",0,0,"29,311.00",0,0,"8,580.00","20,294.00",205.00,91.23%
LAZIO,ROMA,1.00,DIVORZIO,"1,056.00",0,0,"1,030.00",0,0,484.00,517.00,18.00,97.54%
LAZIO,ROMA,1.00,DIVORZIO,"11,362.00",0,0,"10,365.00",0,0,"3,401.00","6,768.00",88.00,91.23%
LAZIO,ROMA,1.00,DIVORZIO,"3,604.00",0,0,"3,357.00",0,0,"1,250.00","2,045.00",32.00,93.15%
LAZIO,ROMA,1.00,DIVORZIO,908.00,0,0,838.00,0,0,310.00,512.00,10.00,92.29%
LAZIO,ROMA,1.00,DIVORZIO,"1,284.00",0,0,"1,154.00",0,0,533.00,580.00,12.00,89.88%
LAZIO,ROMA,1.00,DIVORZIO,"3,127.00",0,0,"2,931.00",0,0,"1,285.00","1,535.00",50.00,93.73%
LAZIO,ROMA,1.00,DIVORZIO,"2,723.00",0,0,"2,528.00",0,0,"1,103.00","1,363.00",37.00,92.84%
LAZIO,ROMA,1.00,DIVORZIO,"14,460.00",0,0,"13,590.00",0,0,"3,571.00","9,814.00",106.00,93.98%
LAZIO,ROMA,1.00,DIVORZIO,"1,154.00",0,0,"1,087.00",0,0,722.00,320.00,20.00,94.19%
LAZIO,ROMA,1.00,DIVORZIO,"1,479.00",0,0,"1,378.00",0,0,637.00,718.00,12.00,93.17%
LAZIO,ROMA,1.00,DIVORZIO,"2,303.00",0,0,"2,171.00",0,0,909.00,"1,233.00",19.00,94.27%
LAZIO,ROMA,1.00,DIVORZIO,693.00,0,0,651.00,0,0,279.00,350.00,12.00,93.94%
LAZIO,ROMA,1.00,DIVORZIO,"1,012.00",0,0,"1,024.00",0,0,428.00,558.00,27.00,101.19%
LAZIO,ROMA,1.00,DIVORZIO,"1,049.00",0,0,964.00,0,0,577.00,365.00,11.00,91.90%
LAZIO,ROMA,1.00,DIVORZIO,"16,198.00",0,0,"15,537.00",0,0,"5,396.00","9,925.00",94.00,95.92%
LAZIO,ROMA,1.00,DIVORZIO,"3,898.00",0,0,"3,644.00",0,0,"1,662.00","1,899.00",40.00,93.48%
LAZIO,ROMA,1.00,DIVORZIO,"7,567.00",0,0,"7,183.00",0,0,"3,738.00","3,228.00",112.00,94.93%
LAZIO,ROMA,1.00,DIVORZIO,"4,507.00",0,0,"4,259.00",0,0,"1,995.00","2,157.00",60.00,94.50%
LAZIO,ROMA,1.00,DIVORZIO,272.00,0,0,239.00,0,0,78.00,153.00,3.00,87.87%
LAZIO,ROMA,1.00,DIVORZIO,767.00,0,0,728.00,0,0,445.00,273.00,7.00,94.92%
LAZIO,ROMA,1.00,DIVORZIO,"1,256.00",0,0,"1,146.00",0,0,550.00,562.00,12.00,91.24%
LAZIO,ROMA,1.00,DIVORZIO,"13,516.00",0,0,"12,257.00",0,0,"4,127.00","7,946.00",76.00,90.69%
LAZIO,ROMA,1.00,DIVORZIO,603.00,0,0,583.00,0,0,253.00,315.00,6.00,96.68%
LAZIO,ROMA,1.00,DIVORZIO,"2,478.00",0,0,"2,278.00",0,0,767.00,"1,478.00",19.00,91.93%
LAZIO,ROMA,1.00,DIVORZIO,"2,251.00",0,0,"2,054.00",0,0,755.00,"1,246.00",32.00,91.25%
LAZIO,ROMA,1.00,DIVORZIO,457.00,0,0,409.00,0,0,201.00,196.00,8.00,89.50%
LAZIO,ROMA,1.00,DIVORZIO,276.00,0,0,249.00,0,0,151.00,91.00,4.00,90.22%
LAZIO,ROMA,1.00,DIVORZIO,343.00,0,0,323.00,0,0,212.00,102.00,7.00,94.17%
LAZIO,ROMA,1.00,DIVORZIO,"5,003.00",0,0,"4,634.00",0,0,"1,687.00","2,862.00",36.00,92.62%
LAZIO,ROMA,1.00,DIVORZIO,185.00,0,0,167.00,0,0,68.00,94.00,4.00,90.27%
LAZIO,ROMA,1.00,DIVORZIO,"2,859.00",0,0,"2,729.00",0,0,"1,334.00","1,328.00",28.00,95.45%
LAZIO,ROMA,1.00,DIVORZIO,825.00,0,0,758.00,0,0,402.00,324.00,13.00,91.88%
LAZIO,ROMA,1.00,DIVORZIO,569.00,0,0,538.00,0,0,272.00,252.00,8.00,94.55%
LAZIO,ROMA,1.00,DIVORZIO,"1,907,572.00",0,0,"1,705,079.00",0,0,"539,601.00","1,147,279.00","9,423.00",89.38%
LAZIO,ROMA,1.00,DIVORZIO,949.00,0,0,876.00,0,0,306.00,538.00,21.00,92.31%
LAZIO,ROMA,1.00,DIVORZIO,"1,708.00",0,0,"1,487.00",0,0,584.00,872.00,18.00,87.06%
LAZIO,ROMA,1.00,DIVORZIO,517.00,0,0,464.00,0,0,156.00,290.00,14.00,89.75%
LAZIO,ROMA,1.00,DIVORZIO,"1,108.00",0,0,965.00,0,0,609.00,314.00,23.00,87.09%
LAZIO,ROMA,1.00,DIVORZIO,"1,053.00",0,0,945.00,0,0,347.00,581.00,9.00,89.74%
LAZIO,ROMA,1.00,DIVORZIO,"5,314.00",0,0,"4,964.00",0,0,"1,908.00","2,960.00",52.00,93.41%
LAZIO,ROMA,1.00,DIVORZIO,"1,357.00",0,0,"1,225.00",0,0,683.00,505.00,19.00,90.27%
LAZIO,ROMA,1.00,DIVORZIO,"1,763.00",0,0,"1,629.00",0,0,654.00,922.00,30.00,92.40%
LAZIO,ROMA,1.00,DIVORZIO,"2,295.00",0,0,"2,182.00",0,0,"1,017.00","1,124.00",21.00,95.08%
LAZIO,ROMA,1.00,DIVORZIO,134.00,0,0,118.00,0,0,60.00,50.00,5.00,88.06%
LAZIO,ROMA,1.00,DIVORZIO,"5,800.00",0,0,"5,317.00",0,0,"2,227.00","2,989.00",48.00,91.67%
LAZIO,ROMA,1.00,DIVORZIO,"5,833.00",0,0,"5,288.00",0,0,"2,837.00","2,345.00",52.00,90.66%
LAZIO,ROMA,1.00,DIVORZIO,"27,500.00",0,0,"25,451.00",0,0,"8,314.00","16,651.00",228.00,92.55%
LAZIO,ROMA,1.00,DIVORZIO,"3,263.00",0,0,"3,018.00",0,0,"1,275.00","1,647.00",59.00,92.49%
LAZIO,ROMA,1.00,DIVORZIO,552.00,0,0,502.00,0,0,195.00,291.00,8.00,90.94%
LAZIO,ROMA,1.00,DIVORZIO,"1,630.00",0,0,"1,486.00",0,0,540.00,901.00,32.00,91.17%
LAZIO,ROMA,1.00,DIVORZIO,460.00,0,0,406.00,0,0,269.00,132.00,4.00,88.26%
LAZIO,ROMA,1.00,DIVORZIO,279.00,0,0,241.00,0,0,122.00,111.00,6.00,86.38%
LAZIO,ROMA,1.00,DIVORZIO,"5,905.00",0,0,"5,537.00",0,0,"2,301.00","3,109.00",48.00,93.77%
LAZIO,ROMA,1.00,DIVORZIO,"24,941.00",0,0,"22,768.00",0,0,"7,975.00","14,225.00",252.00,91.29%
LAZIO,ROMA,1.00,DIVORZIO,"2,261.00",0,0,"2,074.00",0,0,"1,011.00","1,033.00",17.00,91.73%
LAZIO,ROMA,1.00,DIVORZIO,277.00,0,0,220.00,0,0,129.00,85.00,2.00,79.42%
LAZIO,ROMA,1.00,DIVORZIO,"6,578.00",0,0,"6,228.00",0,0,"2,254.00","3,864.00",53.00,94.68%
VENETO,ROVIGO,1.00,DIVORZIO,"15,057.00",0,0,"14,534.00",0,0,"6,047.00","8,121.00",245.00,96.53%
VENETO,ROVIGO,1.00,DIVORZIO,"4,230.00",0,0,"4,005.00",0,0,"1,642.00","2,267.00",63.00,94.68%
VENETO,ROVIGO,1.00,DIVORZIO,"2,287.00",0,0,"2,159.00",0,0,979.00,"1,099.00",58.00,94.40%
VENETO,ROVIGO,1.00,DIVORZIO,"6,947.00",0,0,"6,604.00",0,0,"3,362.00","3,061.00",126.00,95.06%
VENETO,ROVIGO,1.00,DIVORZIO,"1,275.00",0,0,"1,225.00",0,0,518.00,684.00,16.00,96.08%
VENETO,ROVIGO,1.00,DIVORZIO,"2,149.00",0,0,"1,959.00",0,0,740.00,"1,169.00",29.00,91.16%
VENETO,ROVIGO,1.00,DIVORZIO,"1,001.00",0,0,950.00,0,0,481.00,435.00,23.00,94.91%
VENETO,ROVIGO,1.00,DIVORZIO,788.00,0,0,743.00,0,0,377.00,345.00,16.00,94.29%
VENETO,ROVIGO,1.00,DIVORZIO,"2,197.00",0,0,"2,090.00",0,0,736.00,"1,319.00",24.00,95.13%
VENETO,ROVIGO,1.00,DIVORZIO,831.00,0,0,794.00,0,0,369.00,395.00,24.00,95.55%
VENETO,ROVIGO,1.00,DIVORZIO,"1,578.00",0,0,"1,483.00",0,0,642.00,790.00,40.00,93.98%
VENETO,ROVIGO,1.00,DIVORZIO,"3,737.00",0,0,"3,598.00",0,0,"1,151.00","2,374.00",59.00,96.28%
VENETO,ROVIGO,1.00,DIVORZIO,"2,864.00",0,0,"2,745.00",0,0,"1,017.00","1,661.00",49.00,95.84%
VENETO,ROVIGO,1.00,DIVORZIO,"1,963.00",0,0,"1,918.00",0,0,792.00,"1,083.00",30.00,97.71%
VENETO,ROVIGO,1.00,DIVORZIO,"2,869.00",0,0,"2,724.00",0,0,"1,292.00","1,337.00",56.00,94.95%
VENETO,ROVIGO,1.00,DIVORZIO,"5,200.00",0,0,"4,952.00",0,0,"1,567.00","3,305.00",54.00,95.23%
VENETO,ROVIGO,1.00,DIVORZIO,"2,021.00",0,0,"1,941.00",0,0,861.00,"1,044.00",29.00,96.04%
VENETO,ROVIGO,1.00,DIVORZIO,"2,200.00",0,0,"2,085.00",0,0,"1,128.00",865.00,62.00,94.77%
VENETO,ROVIGO,1.00,DIVORZIO,"2,065.00",0,0,"1,944.00",0,0,"1,031.00",833.00,57.00,94.14%
VENETO,ROVIGO,1.00,DIVORZIO,"3,656.00",0,0,"3,438.00",0,0,"1,168.00","2,203.00",41.00,94.04%
VENETO,ROVIGO,1.00,DIVORZIO,"2,319.00",0,0,"2,180.00",0,0,793.00,"1,315.00",61.00,94.01%
VENETO,ROVIGO,1.00,DIVORZIO,"3,002.00",0,0,"2,887.00",0,0,"1,270.00","1,551.00",53.00,96.17%
VENETO,ROVIGO,1.00,DIVORZIO,"1,311.00",0,0,"1,236.00",0,0,641.00,556.00,32.00,94.28%
VENETO,ROVIGO,1.00,DIVORZIO,"2,193.00",0,0,"2,086.00",0,0,"1,012.00",993.00,55.00,95.12%
VENETO,ROVIGO,1.00,DIVORZIO,902.00,0,0,857.00,0,0,359.00,472.00,22.00,95.01%
VENETO,ROVIGO,1.00,DIVORZIO,"1,409.00",0,0,"1,335.00",0,0,496.00,796.00,35.00,94.75%
VENETO,ROVIGO,1.00,DIVORZIO,"2,028.00",0,0,"1,924.00",0,0,993.00,861.00,46.00,94.87%
VENETO,ROVIGO,1.00,DIVORZIO,"1,104.00",0,0,"1,056.00",0,0,451.00,590.00,9.00,95.65%
VENETO,ROVIGO,1.00,DIVORZIO,"9,593.00",0,0,"9,142.00",0,0,"4,556.00","4,275.00",236.00,95.30%
VENETO,ROVIGO,1.00,DIVORZIO,"2,453.00",0,0,"2,316.00",0,0,"1,146.00","1,086.00",57.00,94.42%
VENETO,ROVIGO,1.00,DIVORZIO,"2,275.00",0,0,"2,157.00",0,0,984.00,"1,071.00",79.00,94.81%
VENETO,ROVIGO,1.00,DIVORZIO,"1,798.00",0,0,"1,672.00",0,0,758.00,863.00,34.00,92.99%
VENETO,ROVIGO,1.00,DIVORZIO,"4,911.00",0,0,"4,756.00",0,0,"1,442.00","3,219.00",70.00,96.84%
VENETO,ROVIGO,1.00,DIVORZIO,"1,654.00",0,0,"1,532.00",0,0,611.00,891.00,23.00,92.62%
VENETO,ROVIGO,1.00,DIVORZIO,"1,233.00",0,0,"1,163.00",0,0,836.00,293.00,24.00,94.32%
VENETO,ROVIGO,1.00,DIVORZIO,"1,051.00",0,0,"1,020.00",0,0,429.00,566.00,21.00,97.05%
VENETO,ROVIGO,1.00,DIVORZIO,"2,427.00",0,0,"2,328.00",0,0,835.00,"1,444.00",33.00,95.92%
VENETO,ROVIGO,1.00,DIVORZIO,"1,148.00",0,0,"1,097.00",0,0,443.00,622.00,21.00,95.56%
VENETO,ROVIGO,1.00,DIVORZIO,"6,581.00",0,0,"6,316.00",0,0,"2,353.00","3,860.00",70.00,95.97%
VENETO,ROVIGO,1.00,DIVORZIO,"3,380.00",0,0,"3,222.00",0,0,"1,192.00","1,937.00",56.00,95.33%
VENETO,ROVIGO,1.00,DIVORZIO,"33,877.00",0,0,"32,856.00",0,0,"14,474.00","17,448.00",608.00,96.99%
VENETO,ROVIGO,1.00,DIVORZIO,"1,048.00",0,0,969.00,0,0,535.00,408.00,22.00,92.46%
VENETO,ROVIGO,1.00,DIVORZIO,"1,001.00",0,0,951.00,0,0,522.00,390.00,33.00,95.00%
VENETO,ROVIGO,1.00,DIVORZIO,"2,812.00",0,0,"2,613.00",0,0,"1,719.00",840.00,34.00,92.92%
VENETO,ROVIGO,1.00,DIVORZIO,"2,260.00",0,0,"2,193.00",0,0,600.00,"1,548.00",39.00,97.04%
VENETO,ROVIGO,1.00,DIVORZIO,"5,149.00",0,0,"4,884.00",0,0,"1,959.00","2,848.00",50.00,94.85%
VENETO,ROVIGO,1.00,DIVORZIO,"3,072.00",0,0,"2,977.00",0,0,"1,271.00","1,623.00",63.00,96.91%
VENETO,ROVIGO,1.00,DIVORZIO,"3,176.00",0,0,"3,034.00",0,0,"1,724.00","1,231.00",48.00,95.53%
VENETO,ROVIGO,1.00,DIVORZIO,942.00,0,0,902.00,0,0,424.00,451.00,17.00,95.75%
VENETO,ROVIGO,1.00,DIVORZIO,"1,364.00",0,0,"1,300.00",0,0,713.00,530.00,40.00,95.31%
VENETO,ROVIGO,1.00,DIVORZIO,"1,031.00",0,0,957.00,0,0,413.00,503.00,35.00,92.82%
CAMPANIA,SALERNO,1.00,DIVORZIO,"2,049.00",0,0,"1,627.00",0,0,902.00,686.00,23.00,79.40%
CAMPANIA,SALERNO,1.00,DIVORZIO,"7,276.00",0,0,"5,982.00",0,0,"3,206.00","2,619.00",74.00,82.22%
CAMPANIA,SALERNO,1.00,DIVORZIO,"3,837.00",0,0,"2,984.00",0,0,"1,530.00","1,346.00",45.00,77.77%
CAMPANIA,SALERNO,1.00,DIVORZIO,744.00,0,0,535.00,0,0,336.00,175.00,11.00,71.91%
CAMPANIA,SALERNO,1.00,DIVORZIO,"4,302.00",0,0,"3,446.00",0,0,"2,067.00","1,216.00",45.00,80.10%
CAMPANIA,SALERNO,1.00,DIVORZIO,"4,059.00",0,0,"3,411.00",0,0,"2,162.00","1,183.00",42.00,84.04%
CAMPANIA,SALERNO,1.00,DIVORZIO,"14,765.00",0,0,"13,105.00",0,0,"8,055.00","4,834.00",104.00,88.76%
CAMPANIA,SALERNO,1.00,DIVORZIO,"1,785.00",0,0,"1,332.00",0,0,518.00,740.00,42.00,74.62%
CAMPANIA,SALERNO,1.00,DIVORZIO,"3,066.00",0,0,"2,415.00",0,0,"1,300.00","1,003.00",40.00,78.77%
CAMPANIA,SALERNO,1.00,DIVORZIO,"1,637.00",0,0,"1,099.00",0,0,631.00,437.00,14.00,67.14%
CAMPANIA,SALERNO,1.00,DIVORZIO,731.00,0,0,591.00,0,0,416.00,171.00,2.00,80.85%
CAMPANIA,SALERNO,1.00,DIVORZIO,"1,979.00",0,0,"1,488.00",0,0,983.00,471.00,15.00,75.19%
CAMPANIA,SALERNO,1.00,DIVORZIO,"5,444.00",0,0,"4,811.00",0,0,"2,742.00","1,925.00",63.00,88.37%
CAMPANIA,SALERNO,1.00,DIVORZIO,"21,593.00",0,0,"18,216.00",0,0,"9,509.00","8,359.00",136.00,84.36%
CAMPANIA,SALERNO,1.00,DIVORZIO,"1,206.00",0,0,906.00,0,0,588.00,298.00,6.00,75.12%
CAMPANIA,SALERNO,1.00,DIVORZIO,"2,541.00",0,0,"2,044.00",0,0,"1,587.00",423.00,15.00,80.44%
CAMPANIA,SALERNO,1.00,DIVORZIO,"3,983.00",0,0,"3,284.00",0,0,"1,651.00","1,519.00",49.00,82.45%
CAMPANIA,SALERNO,1.00,DIVORZIO,"1,646.00",0,0,"1,141.00",0,0,758.00,356.00,12.00,69.32%
CAMPANIA,SALERNO,1.00,DIVORZIO,"2,161.00",0,0,"1,497.00",0,0,787.00,657.00,21.00,69.27%
CAMPANIA,SALERNO,1.00,DIVORZIO,815.00,0,0,648.00,0,0,431.00,203.00,6.00,79.51%
CAMPANIA,SALERNO,1.00,DIVORZIO,"4,592.00",0,0,"2,971.00",0,0,"2,374.00",532.00,21.00,64.70%
CAMPANIA,SALERNO,1.00,DIVORZIO,"7,104.00",0,0,"5,352.00",0,0,"2,965.00","2,165.00",90.00,75.34%
CAMPANIA,SALERNO,1.00,DIVORZIO,654.00,0,0,518.00,0,0,354.00,159.00,1.00,79.20%
CAMPANIA,SALERNO,1.00,DIVORZIO,812.00,0,0,596.00,0,0,313.00,263.00,11.00,73.40%
CAMPANIA,SALERNO,1.00,DIVORZIO,"7,917.00",0,0,"6,284.00",0,0,"3,491.00","2,565.00",117.00,79.37%
CAMPANIA,SALERNO,1.00,DIVORZIO,"1,270.00",0,0,840.00,0,0,473.00,340.00,18.00,66.14%
CAMPANIA,SALERNO,1.00,DIVORZIO,"1,380.00",0,0,921.00,0,0,505.00,337.00,42.00,66.74%
CAMPANIA,SALERNO,1.00,DIVORZIO,"2,765.00",0,0,"2,248.00",0,0,"1,365.00",824.00,27.00,81.30%
CAMPANIA,SALERNO,1.00,DIVORZIO,"1,402.00",0,0,"1,070.00",0,0,544.00,455.00,37.00,76.32%
CAMPANIA,SALERNO,1.00,DIVORZIO,"1,968.00",0,0,"1,461.00",0,0,721.00,628.00,36.00,74.24%
CAMPANIA,SALERNO,1.00,DIVORZIO,"4,177.00",0,0,"3,424.00",0,0,"2,070.00","1,259.00",45.00,81.97%
CAMPANIA,SALERNO,1.00,DIVORZIO,"1,060.00",0,0,794.00,0,0,498.00,252.00,12.00,74.91%
CAMPANIA,SALERNO,1.00,DIVORZIO,738.00,0,0,425.00,0,0,292.00,126.00,3.00,57.59%
CAMPANIA,SALERNO,1.00,DIVORZIO,"6,023.00",0,0,"5,007.00",0,0,"2,653.00","2,230.00",54.00,83.13%
CAMPANIA,SALERNO,1.00,DIVORZIO,"2,636.00",0,0,"1,945.00",0,0,"1,410.00",480.00,25.00,73.79%
CAMPANIA,SALERNO,1.00,DIVORZIO,622.00,0,0,512.00,0,0,413.00,94.00,3.00,82.32%
CAMPANIA,SALERNO,1.00,DIVORZIO,"29,619.00",0,0,"25,802.00",0,0,"13,524.00","11,733.00",240.00,87.11%
CAMPANIA,SALERNO,1.00,DIVORZIO,"1,314.00",0,0,935.00,0,0,616.00,284.00,11.00,71.16%
CAMPANIA,SALERNO,1.00,DIVORZIO,"3,102.00",0,0,"2,246.00",0,0,"1,329.00",846.00,30.00,72.40%
CAMPANIA,SALERNO,1.00,DIVORZIO,"1,989.00",0,0,"1,411.00",0,0,906.00,456.00,15.00,70.94%
CAMPANIA,SALERNO,1.00,DIVORZIO,"1,587.00",0,0,"1,138.00",0,0,766.00,343.00,12.00,71.71%
CAMPANIA,SALERNO,1.00,DIVORZIO,"1,208.00",0,0,938.00,0,0,615.00,289.00,13.00,77.65%
CAMPANIA,SALERNO,1.00,DIVORZIO,"2,760.00",0,0,"1,936.00",0,0,"1,031.00",844.00,28.00,70.14%
CAMPANIA,SALERNO,1.00,DIVORZIO,491.00,0,0,387.00,0,0,321.00,59.00,3.00,78.82%
CAMPANIA,SALERNO,1.00,DIVORZIO,799.00,0,0,667.00,0,0,161.00,486.00,15.00,83.48%
CAMPANIA,SALERNO,1.00,DIVORZIO,"1,980.00",0,0,"1,650.00",0,0,963.00,661.00,8.00,83.33%
CAMPANIA,SALERNO,1.00,DIVORZIO,"1,345.00",0,0,"1,185.00",0,0,775.00,375.00,23.00,88.10%
CAMPANIA,SALERNO,1.00,DIVORZIO,871.00,0,0,669.00,0,0,411.00,244.00,8.00,76.81%
CAMPANIA,SALERNO,1.00,DIVORZIO,482.00,0,0,345.00,0,0,278.00,59.00,1.00,71.58%
CAMPANIA,SALERNO,1.00,DIVORZIO,"15,878.00",0,0,"13,886.00",0,0,"6,219.00","7,288.00",134.00,87.45%
CAMPANIA,SALERNO,1.00,DIVORZIO,"1,336.00",0,0,"1,011.00",0,0,431.00,542.00,16.00,75.67%
CAMPANIA,SALERNO,1.00,DIVORZIO,"5,154.00",0,0,"4,613.00",0,0,"2,706.00","1,804.00",55.00,89.50%
CAMPANIA,SALERNO,1.00,DIVORZIO,414.00,0,0,328.00,0,0,258.00,67.00,2.00,79.23%
CAMPANIA,SALERNO,1.00,DIVORZIO,"1,114.00",0,0,555.00,0,0,380.00,158.00,5.00,49.82%
CAMPANIA,SALERNO,1.00,DIVORZIO,"2,408.00",0,0,"2,111.00",0,0,"1,471.00",571.00,41.00,87.67%
CAMPANIA,SALERNO,1.00,DIVORZIO,"5,607.00",0,0,"4,624.00",0,0,"2,395.00","2,051.00",67.00,82.47%
CAMPANIA,SALERNO,1.00,DIVORZIO,"1,491.00",0,0,"1,022.00",0,0,664.00,339.00,5.00,68.54%
CAMPANIA,SALERNO,1.00,DIVORZIO,744.00,0,0,602.00,0,0,286.00,306.00,5.00,80.91%
CAMPANIA,SALERNO,1.00,DIVORZIO,698.00,0,0,499.00,0,0,308.00,179.00,5.00,71.49%
CAMPANIA,SALERNO,1.00,DIVORZIO,886.00,0,0,676.00,0,0,437.00,218.00,16.00,76.30%
CAMPANIA,SALERNO,1.00,DIVORZIO,"1,839.00",0,0,"1,268.00",0,0,712.00,530.00,7.00,68.95%
CAMPANIA,SALERNO,1.00,DIVORZIO,862.00,0,0,644.00,0,0,460.00,166.00,11.00,74.71%
CAMPANIA,SALERNO,1.00,DIVORZIO,"1,374.00",0,0,803.00,0,0,389.00,347.00,30.00,58.44%
CAMPANIA,SALERNO,1.00,DIVORZIO,925.00,0,0,702.00,0,0,396.00,268.00,11.00,75.89%
CAMPANIA,SALERNO,1.00,DIVORZIO,928.00,0,0,682.00,0,0,439.00,226.00,11.00,73.49%
CAMPANIA,SALERNO,1.00,DIVORZIO,"3,772.00",0,0,"3,316.00",0,0,"1,665.00","1,582.00",41.00,87.91%
CAMPANIA,SALERNO,1.00,DIVORZIO,"10,825.00",0,0,"9,530.00",0,0,"6,007.00","3,294.00",117.00,88.04%
CAMPANIA,SALERNO,1.00,DIVORZIO,"2,273.00",0,0,"1,827.00",0,0,915.00,868.00,27.00,80.38%
CAMPANIA,SALERNO,1.00,DIVORZIO,"1,769.00",0,0,"1,121.00",0,0,841.00,261.00,10.00,63.37%
CAMPANIA,SALERNO,1.00,DIVORZIO,"1,853.00",0,0,"1,258.00",0,0,845.00,361.00,26.00,67.89%
CAMPANIA,SALERNO,1.00,DIVORZIO,"1,520.00",0,0,"1,180.00",0,0,879.00,276.00,8.00,77.63%
CAMPANIA,SALERNO,1.00,DIVORZIO,"2,049.00",0,0,"1,729.00",0,0,999.00,677.00,28.00,84.38%
CAMPANIA,SALERNO,1.00,DIVORZIO,"9,346.00",0,0,"8,020.00",0,0,"5,055.00","2,798.00",75.00,85.81%
CAMPANIA,SALERNO,1.00,DIVORZIO,544.00,0,0,348.00,0,0,200.00,116.00,11.00,63.97%
CAMPANIA,SALERNO,1.00,DIVORZIO,"1,481.00",0,0,920.00,0,0,320.00,588.00,6.00,62.12%
CAMPANIA,SALERNO,1.00,DIVORZIO,"4,978.00",0,0,"3,084.00",0,0,"1,912.00",983.00,88.00,61.95%
CAMPANIA,SALERNO,1.00,DIVORZIO,629.00,0,0,446.00,0,0,318.00,108.00,11.00,70.91%
CAMPANIA,SALERNO,1.00,DIVORZIO,"28,661.00",0,0,"25,438.00",0,0,"12,086.00","12,883.00",217.00,88.75%
CAMPANIA,SALERNO,1.00,DIVORZIO,"9,719.00",0,0,"8,413.00",0,0,"4,775.00","3,391.00",112.00,86.56%
CAMPANIA,SALERNO,1.00,DIVORZIO,"1,017.00",0,0,748.00,0,0,398.00,306.00,26.00,73.55%
CAMPANIA,SALERNO,1.00,DIVORZIO,"1,561.00",0,0,"1,234.00",0,0,679.00,509.00,25.00,79.05%
CAMPANIA,SALERNO,1.00,DIVORZIO,"3,068.00",0,0,"2,482.00",0,0,"1,713.00",694.00,29.00,80.90%
CAMPANIA,SALERNO,1.00,DIVORZIO,"2,582.00",0,0,"2,295.00",0,0,"1,079.00","1,177.00",18.00,88.88%
CAMPANIA,SALERNO,1.00,DIVORZIO,928.00,0,0,753.00,0,0,419.00,300.00,19.00,81.14%
CAMPANIA,SALERNO,1.00,DIVORZIO,"1,249.00",0,0,811.00,0,0,354.00,412.00,17.00,64.93%
CAMPANIA,SALERNO,1.00,DIVORZIO,993.00,0,0,761.00,0,0,467.00,246.00,31.00,76.64%
CAMPANIA,SALERNO,1.00,DIVORZIO,"4,310.00",0,0,"2,870.00",0,0,"1,962.00",807.00,32.00,66.59%
CAMPANIA,SALERNO,1.00,DIVORZIO,"17,832.00",0,0,"15,611.00",0,0,"10,068.00","5,227.00",118.00,87.54%
CAMPANIA,SALERNO,1.00,DIVORZIO,"2,404.00",0,0,"1,839.00",0,0,"1,104.00",659.00,27.00,76.50%
CAMPANIA,SALERNO,1.00,DIVORZIO,"3,319.00",0,0,"2,973.00",0,0,"1,547.00","1,362.00",17.00,89.58%
CAMPANIA,SALERNO,1.00,DIVORZIO,"1,415.00",0,0,"1,163.00",0,0,788.00,329.00,27.00,82.19%
CAMPANIA,SALERNO,1.00,DIVORZIO,"1,054.00",0,0,660.00,0,0,413.00,221.00,8.00,62.62%
CAMPANIA,SALERNO,1.00,DIVORZIO,677.00,0,0,529.00,0,0,328.00,184.00,7.00,78.14%
CAMPANIA,SALERNO,1.00,DIVORZIO,944.00,0,0,697.00,0,0,455.00,217.00,6.00,73.83%
CAMPANIA,SALERNO,1.00,DIVORZIO,"1,955.00",0,0,"1,401.00",0,0,860.00,496.00,19.00,71.66%
CAMPANIA,SALERNO,1.00,DIVORZIO,"2,482.00",0,0,"1,816.00",0,0,"1,037.00",719.00,23.00,73.17%
CAMPANIA,SALERNO,1.00,DIVORZIO,"3,815.00",0,0,"2,662.00",0,0,"1,397.00","1,192.00",34.00,69.78%
CAMPANIA,SALERNO,1.00,DIVORZIO,"2,104.00",0,0,"1,738.00",0,0,"1,283.00",410.00,15.00,82.60%
CAMPANIA,SALERNO,1.00,DIVORZIO,"10,738.00",0,0,"9,510.00",0,0,"5,109.00","4,225.00",70.00,88.56%
CAMPANIA,SALERNO,1.00,DIVORZIO,"2,074.00",0,0,"1,720.00",0,0,"1,116.00",569.00,23.00,82.93%
CAMPANIA,SALERNO,1.00,DIVORZIO,"1,895.00",0,0,"1,408.00",0,0,626.00,732.00,17.00,74.30%
CAMPANIA,SALERNO,1.00,DIVORZIO,"1,144.00",0,0,966.00,0,0,731.00,207.00,19.00,84.44%
CAMPANIA,SALERNO,1.00,DIVORZIO,758.00,0,0,502.00,0,0,230.00,245.00,13.00,66.23%
CAMPANIA,SALERNO,1.00,DIVORZIO,"1,562.00",0,0,"1,306.00",0,0,962.00,321.00,12.00,83.61%
CAMPANIA,SALERNO,1.00,DIVORZIO,947.00,0,0,764.00,0,0,441.00,308.00,6.00,80.68%
CAMPANIA,SALERNO,1.00,DIVORZIO,"5,521.00",0,0,"4,064.00",0,0,"2,383.00","1,553.00",48.00,73.61%
CAMPANIA,SALERNO,1.00,DIVORZIO,"1,404.00",0,0,958.00,0,0,485.00,434.00,15.00,68.23%
CAMPANIA,SALERNO,1.00,DIVORZIO,"4,065.00",0,0,"3,528.00",0,0,"1,910.00","1,519.00",40.00,86.79%
CAMPANIA,SALERNO,1.00,DIVORZIO,"1,498.00",0,0,995.00,0,0,610.00,337.00,23.00,66.42%
CAMPANIA,SALERNO,1.00,DIVORZIO,344.00,0,0,270.00,0,0,192.00,49.00,18.00,78.49%
CAMPANIA,SALERNO,1.00,DIVORZIO,"1,062.00",0,0,688.00,0,0,382.00,296.00,3.00,64.78%
CAMPANIA,SALERNO,1.00,DIVORZIO,797.00,0,0,600.00,0,0,308.00,275.00,7.00,75.28%
CAMPANIA,SALERNO,1.00,DIVORZIO,"1,102.00",0,0,622.00,0,0,349.00,247.00,9.00,56.44%
CAMPANIA,SALERNO,1.00,DIVORZIO,"7,568.00",0,0,"5,206.00",0,0,"2,954.00","2,084.00",65.00,68.79%
CAMPANIA,SALERNO,1.00,DIVORZIO,"1,301.00",0,0,"1,026.00",0,0,427.00,568.00,13.00,78.86%
CAMPANIA,SALERNO,1.00,DIVORZIO,"99,122.00",0,0,"88,665.00",0,0,"42,843.00","44,536.00",652.00,89.45%
CAMPANIA,SALERNO,1.00,DIVORZIO,801.00,0,0,650.00,0,0,388.00,226.00,10.00,81.15%
CAMPANIA,SALERNO,1.00,DIVORZIO,"2,300.00",0,0,"2,016.00",0,0,"1,226.00",718.00,43.00,87.65%
CAMPANIA,SALERNO,1.00,DIVORZIO,"2,407.00",0,0,"1,616.00",0,0,994.00,555.00,29.00,67.14%
CAMPANIA,SALERNO,1.00,DIVORZIO,"3,383.00",0,0,"2,480.00",0,0,"1,156.00","1,233.00",37.00,73.31%
CAMPANIA,SALERNO,1.00,DIVORZIO,725.00,0,0,641.00,0,0,448.00,178.00,11.00,88.41%
CAMPANIA,SALERNO,1.00,DIVORZIO,"4,863.00",0,0,"3,861.00",0,0,"2,506.00","1,161.00",53.00,79.40%
CAMPANIA,SALERNO,1.00,DIVORZIO,882.00,0,0,683.00,0,0,503.00,164.00,9.00,77.44%
CAMPANIA,SALERNO,1.00,DIVORZIO,804.00,0,0,492.00,0,0,359.00,116.00,9.00,61.19%
CAMPANIA,SALERNO,1.00,DIVORZIO,"1,181.00",0,0,839.00,0,0,316.00,508.00,7.00,71.04%
CAMPANIA,SALERNO,1.00,DIVORZIO,"1,307.00",0,0,920.00,0,0,311.00,573.00,19.00,70.39%
CAMPANIA,SALERNO,1.00,DIVORZIO,"1,772.00",0,0,"1,376.00",0,0,894.00,418.00,17.00,77.65%
CAMPANIA,SALERNO,1.00,DIVORZIO,"1,088.00",0,0,855.00,0,0,390.00,443.00,12.00,78.58%
CAMPANIA,SALERNO,1.00,DIVORZIO,"2,360.00",0,0,"1,663.00",0,0,"1,160.00",452.00,17.00,70.47%
CAMPANIA,SALERNO,1.00,DIVORZIO,"4,177.00",0,0,"3,552.00",0,0,"2,409.00","1,020.00",46.00,85.04%
CAMPANIA,SALERNO,1.00,DIVORZIO,831.00,0,0,446.00,0,0,172.00,262.00,5.00,53.67%
CAMPANIA,SALERNO,1.00,DIVORZIO,"4,049.00",0,0,"3,562.00",0,0,"2,599.00",852.00,45.00,87.97%
CAMPANIA,SALERNO,1.00,DIVORZIO,"1,968.00",0,0,"1,534.00",0,0,782.00,727.00,9.00,77.95%
CAMPANIA,SALERNO,1.00,DIVORZIO,"4,630.00",0,0,"3,832.00",0,0,"1,812.00","1,909.00",40.00,82.76%
CAMPANIA,SALERNO,1.00,DIVORZIO,"17,249.00",0,0,"13,424.00",0,0,"7,525.00","5,521.00",149.00,77.82%
CAMPANIA,SALERNO,1.00,DIVORZIO,"3,936.00",0,0,"2,106.00",0,0,"1,449.00",603.00,27.00,53.51%
CAMPANIA,SALERNO,1.00,DIVORZIO,"16,687.00",0,0,"14,678.00",0,0,"7,285.00","6,828.00",143.00,87.96%
CAMPANIA,SALERNO,1.00,DIVORZIO,929.00,0,0,740.00,0,0,531.00,189.00,11.00,79.66%
CAMPANIA,SALERNO,1.00,DIVORZIO,375.00,0,0,297.00,0,0,232.00,55.00,5.00,79.20%
CAMPANIA,SALERNO,1.00,DIVORZIO,"2,493.00",0,0,"2,206.00",0,0,990.00,"1,161.00",22.00,88.49%
CAMPANIA,SALERNO,1.00,DIVORZIO,"1,354.00",0,0,"1,039.00",0,0,644.00,346.00,22.00,76.74%
CAMPANIA,SALERNO,1.00,DIVORZIO,"4,398.00",0,0,"3,422.00",0,0,"2,268.00","1,103.00",26.00,77.81%
CAMPANIA,SALERNO,1.00,DIVORZIO,"2,790.00",0,0,"2,163.00",0,0,"1,499.00",618.00,23.00,77.53%
CAMPANIA,SALERNO,1.00,DIVORZIO,780.00,0,0,644.00,0,0,367.00,253.00,11.00,82.56%
CAMPANIA,SALERNO,1.00,DIVORZIO,983.00,0,0,662.00,0,0,516.00,130.00,5.00,67.34%
CAMPANIA,SALERNO,1.00,DIVORZIO,"6,672.00",0,0,"3,548.00",0,0,"2,110.00","1,367.00",33.00,53.18%
CAMPANIA,SALERNO,1.00,DIVORZIO,846.00,0,0,694.00,0,0,390.00,281.00,14.00,82.03%
CAMPANIA,SALERNO,1.00,DIVORZIO,666.00,0,0,504.00,0,0,349.00,139.00,6.00,75.68%
CAMPANIA,SALERNO,1.00,DIVORZIO,"1,716.00",0,0,"1,298.00",0,0,768.00,497.00,17.00,75.64%
CAMPANIA,SALERNO,1.00,DIVORZIO,601.00,0,0,413.00,0,0,274.00,117.00,11.00,68.72%
CAMPANIA,SALERNO,1.00,DIVORZIO,"2,879.00",0,0,"2,441.00",0,0,"1,715.00",645.00,38.00,84.79%
CAMPANIA,SALERNO,1.00,DIVORZIO,"1,096.00",0,0,808.00,0,0,428.00,348.00,18.00,73.72%
CAMPANIA,SALERNO,1.00,DIVORZIO,547.00,0,0,398.00,0,0,278.00,114.00,2.00,72.76%
CAMPANIA,SALERNO,1.00,DIVORZIO,"4,901.00",0,0,"4,074.00",0,0,"2,431.00","1,494.00",79.00,83.13%
CAMPANIA,SALERNO,1.00,DIVORZIO,"1,239.00",0,0,932.00,0,0,390.00,497.00,29.00,75.22%
CAMPANIA,SALERNO,1.00,DIVORZIO,"2,048.00",0,0,"1,428.00",0,0,754.00,636.00,18.00,69.73%
CAMPANIA,SALERNO,1.00,DIVORZIO,"5,954.00",0,0,"5,235.00",0,0,"2,421.00","2,713.00",47.00,87.92%
SARDEGNA,SASSARI,1.00,DIVORZIO,"2,164.00",0,0,"1,843.00",0,0,"1,006.00",805.00,12.00,85.17%
SARDEGNA,SASSARI,1.00,DIVORZIO,826.00,0,0,711.00,0,0,412.00,263.00,21.00,86.08%
SARDEGNA,SASSARI,1.00,DIVORZIO,"1,548.00",0,0,782.00,0,0,557.00,209.00,1.00,50.52%
SARDEGNA,SASSARI,1.00,DIVORZIO,"20,823.00",0,0,"17,022.00",0,0,"6,878.00","9,960.00",67.00,81.75%
SARDEGNA,SASSARI,1.00,DIVORZIO,841.00,0,0,645.00,0,0,372.00,257.00,5.00,76.69%
SARDEGNA,SASSARI,1.00,DIVORZIO,486.00,0,0,364.00,0,0,121.00,233.00,3.00,74.90%
SARDEGNA,SASSARI,1.00,DIVORZIO,"4,038.00",0,0,"3,407.00",0,0,"1,642.00","1,700.00",27.00,84.37%
SARDEGNA,SASSARI,1.00,DIVORZIO,"1,048.00",0,0,881.00,0,0,505.00,365.00,2.00,84.06%
SARDEGNA,SASSARI,1.00,DIVORZIO,702.00,0,0,551.00,0,0,309.00,239.00,1.00,78.49%
SARDEGNA,SASSARI,1.00,DIVORZIO,"1,717.00",0,0,"1,210.00",0,0,679.00,502.00,9.00,70.47%
SARDEGNA,SASSARI,1.00,DIVORZIO,"2,341.00",0,0,"1,999.00",0,0,"1,173.00",783.00,20.00,85.39%
SARDEGNA,SASSARI,1.00,DIVORZIO,442.00,0,0,355.00,0,0,272.00,81.00,0.00,80.32%
SARDEGNA,SASSARI,1.00,DIVORZIO,"1,049.00",0,0,827.00,0,0,382.00,425.00,13.00,78.84%
SARDEGNA,SASSARI,1.00,DIVORZIO,"2,772.00",0,0,"2,017.00",0,0,"1,153.00",822.00,23.00,72.76%
SARDEGNA,SASSARI,1.00,DIVORZIO,"3,630.00",0,0,"3,005.00",0,0,"1,676.00","1,261.00",29.00,82.78%
SARDEGNA,SASSARI,1.00,DIVORZIO,989.00,0,0,737.00,0,0,493.00,231.00,5.00,74.52%
SARDEGNA,SASSARI,1.00,DIVORZIO,355.00,0,0,297.00,0,0,201.00,87.00,3.00,83.66%
SARDEGNA,SASSARI,1.00,DIVORZIO,677.00,0,0,500.00,0,0,281.00,210.00,2.00,73.86%
SARDEGNA,SASSARI,1.00,DIVORZIO,"4,096.00",0,0,"3,493.00",0,0,"2,316.00","1,077.00",37.00,85.28%
SARDEGNA,SASSARI,1.00,DIVORZIO,"1,382.00",0,0,"1,002.00",0,0,703.00,284.00,7.00,72.50%
SARDEGNA,SASSARI,1.00,DIVORZIO,536.00,0,0,464.00,0,0,256.00,188.00,9.00,86.57%
SARDEGNA,SASSARI,1.00,DIVORZIO,912.00,0,0,653.00,0,0,386.00,251.00,6.00,71.60%
SARDEGNA,SASSARI,1.00,DIVORZIO,"3,840.00",0,0,"3,330.00",0,0,"2,162.00","1,103.00",30.00,86.72%
SARDEGNA,SASSARI,1.00,DIVORZIO,439.00,0,0,349.00,0,0,195.00,145.00,4.00,79.50%
SARDEGNA,SASSARI,1.00,DIVORZIO,"2,909.00",0,0,"2,260.00",0,0,"1,260.00",953.00,15.00,77.69%
SARDEGNA,SASSARI,1.00,DIVORZIO,511.00,0,0,384.00,0,0,274.00,101.00,4.00,75.15%
SARDEGNA,SASSARI,1.00,DIVORZIO,"1,570.00",0,0,"1,235.00",0,0,629.00,568.00,12.00,78.66%
SARDEGNA,SASSARI,1.00,DIVORZIO,821.00,0,0,669.00,0,0,334.00,326.00,4.00,81.49%
SARDEGNA,SASSARI,1.00,DIVORZIO,"1,001.00",0,0,695.00,0,0,380.00,302.00,4.00,69.43%
SARDEGNA,SASSARI,1.00,DIVORZIO,487.00,0,0,312.00,0,0,164.00,137.00,3.00,64.07%
SARDEGNA,SASSARI,1.00,DIVORZIO,"1,222.00",0,0,980.00,0,0,465.00,503.00,5.00,80.20%
SARDEGNA,SASSARI,1.00,DIVORZIO,784.00,0,0,622.00,0,0,377.00,225.00,4.00,79.34%
SARDEGNA,SASSARI,1.00,DIVORZIO,"1,140.00",0,0,726.00,0,0,414.00,293.00,14.00,63.68%
SARDEGNA,SASSARI,1.00,DIVORZIO,529.00,0,0,381.00,0,0,209.00,165.00,3.00,72.02%
SARDEGNA,SASSARI,1.00,DIVORZIO,"6,104.00",0,0,"5,210.00",0,0,"2,132.00","2,973.00",53.00,85.35%
SARDEGNA,SASSARI,1.00,DIVORZIO,836.00,0,0,648.00,0,0,338.00,300.00,2.00,77.51%
SARDEGNA,SASSARI,1.00,DIVORZIO,"7,138.00",0,0,"6,862.00",0,0,"2,436.00","4,343.00",59.00,96.13%
SARDEGNA,SASSARI,1.00,DIVORZIO,"1,424.00",0,0,"1,267.00",0,0,822.00,420.00,15.00,88.97%
SARDEGNA,SASSARI,1.00,DIVORZIO,"1,848.00",0,0,"1,492.00",0,0,883.00,566.00,23.00,80.74%
SARDEGNA,SASSARI,1.00,DIVORZIO,710.00,0,0,532.00,0,0,207.00,322.00,2.00,74.93%
SARDEGNA,SASSARI,1.00,DIVORZIO,631.00,0,0,438.00,0,0,263.00,167.00,2.00,69.41%
SARDEGNA,SASSARI,1.00,DIVORZIO,151.00,0,0,106.00,0,0,55.00,49.00,0.00,70.20%
SARDEGNA,SASSARI,1.00,DIVORZIO,"1,510.00",0,0,"1,296.00",0,0,746.00,519.00,7.00,85.83%
SARDEGNA,SASSARI,1.00,DIVORZIO,"1,662.00",0,0,"1,309.00",0,0,736.00,550.00,10.00,78.76%
SARDEGNA,SASSARI,1.00,DIVORZIO,382.00,0,0,288.00,0,0,156.00,129.00,1.00,75.39%
SARDEGNA,SASSARI,1.00,DIVORZIO,"1,062.00",0,0,841.00,0,0,415.00,411.00,9.00,79.19%
SARDEGNA,SASSARI,1.00,DIVORZIO,"1,253.00",0,0,814.00,0,0,644.00,154.00,8.00,64.96%
SARDEGNA,SASSARI,1.00,DIVORZIO,"2,472.00",0,0,"1,901.00",0,0,930.00,943.00,9.00,76.90%
SARDEGNA,SASSARI,1.00,DIVORZIO,"16,238.00",0,0,"13,323.00",0,0,"5,306.00","7,779.00",76.00,82.05%
SARDEGNA,SASSARI,1.00,DIVORZIO,992.00,0,0,838.00,0,0,362.00,462.00,5.00,84.48%
SARDEGNA,SASSARI,1.00,DIVORZIO,"2,895.00",0,0,"2,326.00",0,0,"1,133.00","1,161.00",15.00,80.35%
SARDEGNA,SASSARI,1.00,DIVORZIO,"3,288.00",0,0,"2,588.00",0,0,"1,500.00","1,049.00",16.00,78.71%
SARDEGNA,SASSARI,1.00,DIVORZIO,"2,932.00",0,0,"2,398.00",0,0,"1,322.00","1,048.00",11.00,81.79%
SARDEGNA,SASSARI,1.00,DIVORZIO,"7,127.00",0,0,"6,118.00",0,0,"2,834.00","3,180.00",49.00,85.84%
SARDEGNA,SASSARI,1.00,DIVORZIO,"1,012.00",0,0,773.00,0,0,452.00,309.00,6.00,76.38%
SARDEGNA,SASSARI,1.00,DIVORZIO,"1,357.00",0,0,"1,165.00",0,0,568.00,568.00,16.00,85.85%
SARDEGNA,SASSARI,1.00,DIVORZIO,"2,969.00",0,0,"2,204.00",0,0,"1,145.00","1,009.00",32.00,74.23%
SARDEGNA,SASSARI,1.00,DIVORZIO,"2,008.00",0,0,"1,677.00",0,0,924.00,710.00,18.00,83.52%
SARDEGNA,SASSARI,1.00,DIVORZIO,"3,174.00",0,0,"2,445.00",0,0,"1,344.00","1,065.00",16.00,77.03%
SARDEGNA,SASSARI,1.00,DIVORZIO,"9,584.00",0,0,"7,924.00",0,0,"2,682.00","5,136.00",46.00,82.68%
SARDEGNA,SASSARI,1.00,DIVORZIO,"2,962.00",0,0,"2,306.00",0,0,"1,302.00",971.00,11.00,77.85%
SARDEGNA,SASSARI,1.00,DIVORZIO,421.00,0,0,379.00,0,0,215.00,161.00,1.00,90.02%
SARDEGNA,SASSARI,1.00,DIVORZIO,544.00,0,0,408.00,0,0,171.00,233.00,1.00,75.00%
SARDEGNA,SASSARI,1.00,DIVORZIO,"2,289.00",0,0,"1,924.00",0,0,726.00,"1,171.00",19.00,84.05%
SARDEGNA,SASSARI,1.00,DIVORZIO,"67,164.00",0,0,"55,117.00",0,0,"19,419.00","35,082.00",262.00,82.06%
SARDEGNA,SASSARI,1.00,DIVORZIO,"1,151.00",0,0,"1,021.00",0,0,445.00,560.00,8.00,88.71%
SARDEGNA,SASSARI,1.00,DIVORZIO,310.00,0,0,225.00,0,0,128.00,88.00,3.00,72.58%
SARDEGNA,SASSARI,1.00,DIVORZIO,"3,951.00",0,0,"3,357.00",0,0,"1,897.00","1,399.00",25.00,84.97%
SARDEGNA,SASSARI,1.00,DIVORZIO,"1,025.00",0,0,804.00,0,0,374.00,418.00,6.00,78.44%
SARDEGNA,SASSARI,1.00,DIVORZIO,"6,614.00",0,0,"5,500.00",0,0,"2,527.00","2,841.00",38.00,83.16%
SARDEGNA,SASSARI,1.00,DIVORZIO,"1,102.00",0,0,914.00,0,0,571.00,312.00,10.00,82.94%
SARDEGNA,SASSARI,1.00,DIVORZIO,"9,213.00",0,0,"8,013.00",0,0,"3,710.00","4,162.00",68.00,86.97%
SARDEGNA,SASSARI,1.00,DIVORZIO,"2,340.00",0,0,"2,030.00",0,0,"1,170.00",819.00,16.00,86.75%
SARDEGNA,SASSARI,1.00,DIVORZIO,869.00,0,0,745.00,0,0,348.00,383.00,7.00,85.73%
SARDEGNA,SASSARI,1.00,DIVORZIO,847.00,0,0,727.00,0,0,392.00,321.00,7.00,85.83%
SARDEGNA,SASSARI,1.00,DIVORZIO,"1,321.00",0,0,"1,129.00",0,0,602.00,500.00,7.00,85.47%
SARDEGNA,SASSARI,1.00,DIVORZIO,"1,195.00",0,0,886.00,0,0,407.00,467.00,5.00,74.14%
SARDEGNA,SASSARI,1.00,DIVORZIO,"1,673.00",0,0,"1,369.00",0,0,767.00,570.00,14.00,81.83%
SARDEGNA,SASSARI,1.00,DIVORZIO,"1,974.00",0,0,"1,534.00",0,0,695.00,793.00,10.00,77.71%
SARDEGNA,SASSARI,1.00,DIVORZIO,"2,426.00",0,0,"2,081.00",0,0,"1,056.00",984.00,17.00,85.78%
SARDEGNA,SASSARI,1.00,DIVORZIO,"2,366.00",0,0,"1,884.00",0,0,"1,156.00",692.00,18.00,79.63%
LIGURIA,SAVONA,1.00,DIVORZIO,"10,453.00",0,0,"9,266.00",0,0,"2,334.00","6,665.00",136.00,88.64%
LIGURIA,SAVONA,1.00,DIVORZIO,"14,771.00",0,0,"13,832.00",0,0,"3,789.00","9,655.00",242.00,93.64%
LIGURIA,SAVONA,1.00,DIVORZIO,"4,681.00",0,0,"4,311.00",0,0,923.00,"3,314.00",50.00,92.10%
LIGURIA,SAVONA,1.00,DIVORZIO,"9,526.00",0,0,"8,802.00",0,0,"2,025.00","6,572.00",143.00,92.40%
LIGURIA,SAVONA,1.00,DIVORZIO,"2,339.00",0,0,"2,146.00",0,0,457.00,"1,635.00",41.00,91.75%
LIGURIA,SAVONA,1.00,DIVORZIO,"3,466.00",0,0,"3,147.00",0,0,918.00,"2,118.00",63.00,90.80%
LIGURIA,SAVONA,1.00,DIVORZIO,334.00,0,0,278.00,0,0,140.00,114.00,17.00,83.23%
LIGURIA,SAVONA,1.00,DIVORZIO,320.00,0,0,293.00,0,0,129.00,134.00,22.00,91.56%
LIGURIA,SAVONA,1.00,DIVORZIO,671.00,0,0,595.00,0,0,291.00,277.00,14.00,88.67%
LIGURIA,SAVONA,1.00,DIVORZIO,639.00,0,0,593.00,0,0,166.00,416.00,9.00,92.80%
LIGURIA,SAVONA,1.00,DIVORZIO,512.00,0,0,457.00,0,0,118.00,329.00,6.00,89.26%
LIGURIA,SAVONA,1.00,DIVORZIO,"3,885.00",0,0,"3,435.00",0,0,720.00,"2,644.00",45.00,88.42%
LIGURIA,SAVONA,1.00,DIVORZIO,"1,625.00",0,0,"1,484.00",0,0,426.00,"1,013.00",40.00,91.32%
LIGURIA,SAVONA,1.00,DIVORZIO,488.00,0,0,446.00,0,0,247.00,161.00,27.00,91.39%
LIGURIA,SAVONA,1.00,DIVORZIO,"10,992.00",0,0,"10,211.00",0,0,"2,123.00","7,818.00",198.00,92.89%
LIGURIA,SAVONA,1.00,DIVORZIO,"1,030.00",0,0,921.00,0,0,371.00,509.00,27.00,89.42%
LIGURIA,SAVONA,1.00,DIVORZIO,"1,387.00",0,0,"1,235.00",0,0,523.00,650.00,46.00,89.04%
LIGURIA,SAVONA,1.00,DIVORZIO,"4,280.00",0,0,"4,031.00",0,0,855.00,"3,084.00",72.00,94.18%
LIGURIA,SAVONA,1.00,DIVORZIO,757.00,0,0,671.00,0,0,345.00,296.00,23.00,88.64%
LIGURIA,SAVONA,1.00,DIVORZIO,243.00,0,0,215.00,0,0,83.00,114.00,16.00,88.48%
LIGURIA,SAVONA,1.00,DIVORZIO,242.00,0,0,227.00,0,0,125.00,95.00,6.00,93.80%
LIGURIA,SAVONA,1.00,DIVORZIO,"3,477.00",0,0,"3,194.00",0,0,"1,005.00","2,090.00",67.00,91.86%
LIGURIA,SAVONA,1.00,DIVORZIO,"3,285.00",0,0,"3,028.00",0,0,787.00,"2,142.00",74.00,92.18%
LIGURIA,SAVONA,1.00,DIVORZIO,"3,159.00",0,0,"2,856.00",0,0,823.00,"1,950.00",53.00,90.41%
LIGURIA,SAVONA,1.00,DIVORZIO,600.00,0,0,555.00,0,0,195.00,338.00,17.00,92.50%
LIGURIA,SAVONA,1.00,DIVORZIO,734.00,0,0,686.00,0,0,200.00,449.00,29.00,93.46%
LIGURIA,SAVONA,1.00,DIVORZIO,"1,776.00",0,0,"1,556.00",0,0,459.00,"1,035.00",43.00,87.61%
LIGURIA,SAVONA,1.00,DIVORZIO,310.00,0,0,282.00,0,0,152.00,104.00,15.00,90.97%
LIGURIA,SAVONA,1.00,DIVORZIO,"10,635.00",0,0,"9,752.00",0,0,"2,779.00","6,716.00",184.00,91.70%
LIGURIA,SAVONA,1.00,DIVORZIO,353.00,0,0,330.00,0,0,88.00,229.00,10.00,93.48%
LIGURIA,SAVONA,1.00,DIVORZIO,425.00,0,0,397.00,0,0,247.00,138.00,4.00,93.41%
LIGURIA,SAVONA,1.00,DIVORZIO,427.00,0,0,334.00,0,0,136.00,181.00,12.00,78.22%
LIGURIA,SAVONA,1.00,DIVORZIO,"1,860.00",0,0,"1,694.00",0,0,412.00,"1,240.00",33.00,91.08%
LIGURIA,SAVONA,1.00,DIVORZIO,"9,777.00",0,0,"8,764.00",0,0,"2,452.00","6,075.00",169.00,89.64%
LIGURIA,SAVONA,1.00,DIVORZIO,368.00,0,0,302.00,0,0,80.00,206.00,12.00,82.07%
LIGURIA,SAVONA,1.00,DIVORZIO,"1,006.00",0,0,881.00,0,0,272.00,549.00,42.00,87.57%
LIGURIA,SAVONA,1.00,DIVORZIO,193.00,0,0,169.00,0,0,58.00,108.00,3.00,87.56%
LIGURIA,SAVONA,1.00,DIVORZIO,"2,651.00",0,0,"2,427.00",0,0,663.00,"1,688.00",52.00,91.55%
LIGURIA,SAVONA,1.00,DIVORZIO,563.00,0,0,474.00,0,0,184.00,273.00,12.00,84.19%
LIGURIA,SAVONA,1.00,DIVORZIO,875.00,0,0,797.00,0,0,413.00,356.00,20.00,91.09%
LIGURIA,SAVONA,1.00,DIVORZIO,253.00,0,0,209.00,0,0,77.00,121.00,10.00,82.61%
LIGURIA,SAVONA,1.00,DIVORZIO,"2,372.00",0,0,"2,154.00",0,0,703.00,"1,368.00",55.00,90.81%
LIGURIA,SAVONA,1.00,DIVORZIO,215.00,0,0,202.00,0,0,93.00,95.00,9.00,93.95%
LIGURIA,SAVONA,1.00,DIVORZIO,565.00,0,0,504.00,0,0,213.00,273.00,14.00,89.20%
LIGURIA,SAVONA,1.00,DIVORZIO,670.00,0,0,568.00,0,0,190.00,336.00,17.00,84.78%
LIGURIA,SAVONA,1.00,DIVORZIO,552.00,0,0,453.00,0,0,233.00,190.00,21.00,82.07%
LIGURIA,SAVONA,1.00,DIVORZIO,775.00,0,0,728.00,0,0,245.00,445.00,30.00,93.94%
LIGURIA,SAVONA,1.00,DIVORZIO,790.00,0,0,715.00,0,0,246.00,441.00,25.00,90.51%
LIGURIA,SAVONA,1.00,DIVORZIO,"6,647.00",0,0,"6,737.00",0,0,"1,873.00","4,708.00",92.00,101.35%
LIGURIA,SAVONA,1.00,DIVORZIO,257.00,0,0,226.00,0,0,82.00,134.00,7.00,87.94%
LIGURIA,SAVONA,1.00,DIVORZIO,512.00,0,0,435.00,0,0,179.00,231.00,20.00,84.96%
LIGURIA,SAVONA,1.00,DIVORZIO,"5,316.00",0,0,"4,979.00",0,0,"1,187.00","3,612.00",123.00,93.66%
LIGURIA,SAVONA,1.00,DIVORZIO,417.00,0,0,318.00,0,0,139.00,165.00,7.00,76.26%
LIGURIA,SAVONA,1.00,DIVORZIO,698.00,0,0,640.00,0,0,267.00,354.00,12.00,91.69%
LIGURIA,SAVONA,1.00,DIVORZIO,"1,724.00",0,0,"1,518.00",0,0,689.00,756.00,53.00,88.05%
LIGURIA,SAVONA,1.00,DIVORZIO,"59,453.00",0,0,"55,462.00",0,0,"11,111.00","43,195.00",791.00,93.29%
LIGURIA,SAVONA,1.00,DIVORZIO,"3,266.00",0,0,"2,978.00",0,0,649.00,"2,257.00",54.00,91.18%
LIGURIA,SAVONA,1.00,DIVORZIO,"1,574.00",0,0,"1,400.00",0,0,531.00,810.00,41.00,88.95%
LIGURIA,SAVONA,1.00,DIVORZIO,649.00,0,0,566.00,0,0,233.00,291.00,28.00,87.21%
LIGURIA,SAVONA,1.00,DIVORZIO,202.00,0,0,178.00,0,0,87.00,83.00,5.00,88.12%
LIGURIA,SAVONA,1.00,DIVORZIO,935.00,0,0,856.00,0,0,351.00,466.00,33.00,91.55%
LIGURIA,SAVONA,1.00,DIVORZIO,930.00,0,0,840.00,0,0,346.00,446.00,32.00,90.32%
LIGURIA,SAVONA,1.00,DIVORZIO,983.00,0,0,836.00,0,0,359.00,434.00,34.00,85.05%
LIGURIA,SAVONA,1.00,DIVORZIO,"7,043.00",0,0,"6,624.00",0,0,"1,123.00","5,327.00",135.00,94.05%
LIGURIA,SAVONA,1.00,DIVORZIO,"11,476.00",0,0,"10,369.00",0,0,"3,450.00","6,563.00",232.00,90.35%
LIGURIA,SAVONA,1.00,DIVORZIO,308.00,0,0,260.00,0,0,114.00,122.00,15.00,84.42%
LIGURIA,SAVONA,1.00,DIVORZIO,344.00,0,0,275.00,0,0,115.00,141.00,12.00,79.94%
LIGURIA,SAVONA,1.00,DIVORZIO,873.00,0,0,808.00,0,0,317.00,456.00,26.00,92.55%
LIGURIA,SAVONA,1.00,DIVORZIO,277.00,0,0,255.00,0,0,119.00,132.00,3.00,92.06%
TOSCANA,SIENA,1.00,DIVORZIO,"6,023.00",0,0,"5,767.00",0,0,"1,327.00","4,318.00",89.00,95.75%
TOSCANA,SIENA,1.00,DIVORZIO,"4,414.00",0,0,"4,211.00",0,0,"1,006.00","3,113.00",66.00,95.40%
TOSCANA,SIENA,1.00,DIVORZIO,"2,244.00",0,0,"2,141.00",0,0,429.00,"1,663.00",42.00,95.41%
TOSCANA,SIENA,1.00,DIVORZIO,"2,094.00",0,0,"1,999.00",0,0,593.00,"1,366.00",31.00,95.46%
TOSCANA,SIENA,1.00,DIVORZIO,"2,147.00",0,0,"2,050.00",0,0,676.00,"1,318.00",44.00,95.48%
TOSCANA,SIENA,1.00,DIVORZIO,"3,744.00",0,0,"3,560.00",0,0,"1,104.00","2,352.00",82.00,95.09%
TOSCANA,SIENA,1.00,DIVORZIO,"2,730.00",0,0,"2,542.00",0,0,622.00,"1,882.00",26.00,93.11%
TOSCANA,SIENA,1.00,DIVORZIO,"2,530.00",0,0,"2,397.00",0,0,555.00,"1,799.00",29.00,94.74%
TOSCANA,SIENA,1.00,DIVORZIO,"5,187.00",0,0,"4,989.00",0,0,963.00,"3,937.00",66.00,96.18%
TOSCANA,SIENA,1.00,DIVORZIO,"2,197.00",0,0,"2,085.00",0,0,459.00,"1,562.00",58.00,94.90%
TOSCANA,SIENA,1.00,DIVORZIO,"6,900.00",0,0,"6,548.00",0,0,"1,085.00","5,366.00",69.00,94.90%
TOSCANA,SIENA,1.00,DIVORZIO,"11,482.00",0,0,"11,109.00",0,0,"2,161.00","8,719.00",174.00,96.75%
TOSCANA,SIENA,1.00,DIVORZIO,"2,215.00",0,0,"2,123.00",0,0,"1,073.00",963.00,68.00,95.85%
TOSCANA,SIENA,1.00,DIVORZIO,"4,996.00",0,0,"4,721.00",0,0,"1,198.00","3,393.00",95.00,94.50%
TOSCANA,SIENA,1.00,DIVORZIO,"10,921.00",0,0,"10,335.00",0,0,"2,906.00","7,225.00",119.00,94.63%
TOSCANA,SIENA,1.00,DIVORZIO,"4,523.00",0,0,"4,284.00",0,0,915.00,"3,290.00",50.00,94.72%
TOSCANA,SIENA,1.00,DIVORZIO,"3,866.00",0,0,"3,724.00",0,0,688.00,"2,953.00",62.00,96.33%
TOSCANA,SIENA,1.00,DIVORZIO,"1,461.00",0,0,"1,380.00",0,0,417.00,943.00,14.00,94.46%
TOSCANA,SIENA,1.00,DIVORZIO,"1,450.00",0,0,"1,367.00",0,0,564.00,772.00,24.00,94.28%
TOSCANA,SIENA,1.00,DIVORZIO,"3,213.00",0,0,"3,035.00",0,0,"1,068.00","1,924.00",18.00,94.46%
TOSCANA,SIENA,1.00,DIVORZIO,"2,144.00",0,0,"2,040.00",0,0,472.00,"1,530.00",30.00,95.15%
TOSCANA,SIENA,1.00,DIVORZIO,"19,379.00",0,0,"18,768.00",0,0,"3,636.00","14,796.00",258.00,96.85%
TOSCANA,SIENA,1.00,DIVORZIO,"1,173.00",0,0,"1,132.00",0,0,456.00,639.00,27.00,96.50%
TOSCANA,SIENA,1.00,DIVORZIO,"1,119.00",0,0,"1,033.00",0,0,406.00,589.00,24.00,92.31%
TOSCANA,SIENA,1.00,DIVORZIO,996.00,0,0,951.00,0,0,205.00,726.00,13.00,95.48%
TOSCANA,SIENA,1.00,DIVORZIO,"4,011.00",0,0,"3,857.00",0,0,733.00,"3,048.00",62.00,96.16%
TOSCANA,SIENA,1.00,DIVORZIO,"1,732.00",0,0,"1,623.00",0,0,520.00,"1,063.00",21.00,93.71%
TOSCANA,SIENA,1.00,DIVORZIO,"5,676.00",0,0,"5,472.00",0,0,"1,275.00","4,084.00",79.00,96.41%
TOSCANA,SIENA,1.00,DIVORZIO,"1,080.00",0,0,"1,011.00",0,0,279.00,712.00,17.00,93.61%
TOSCANA,SIENA,1.00,DIVORZIO,"1,780.00",0,0,"1,707.00",0,0,278.00,"1,400.00",17.00,95.90%
TOSCANA,SIENA,1.00,DIVORZIO,"3,021.00",0,0,"2,923.00",0,0,617.00,"2,241.00",45.00,96.76%
TOSCANA,SIENA,1.00,DIVORZIO,"49,813.00",0,0,"47,720.00",0,0,"14,144.00","32,566.00",747.00,95.80%
TOSCANA,SIENA,1.00,DIVORZIO,"8,574.00",0,0,"8,118.00",0,0,"1,920.00","6,012.00",125.00,94.68%
TOSCANA,SIENA,1.00,DIVORZIO,"4,261.00",0,0,"4,067.00",0,0,624.00,"3,390.00",39.00,95.45%
TOSCANA,SIENA,1.00,DIVORZIO,"5,121.00",0,0,"4,856.00",0,0,835.00,"3,923.00",68.00,94.83%
TOSCANA,SIENA,1.00,DIVORZIO,"1,198.00",0,0,"1,112.00",0,0,305.00,766.00,36.00,92.82%
SICILIA,SIRACUSA,1.00,DIVORZIO,"20,956.00",0,0,"18,222.00",0,0,"6,126.00","11,840.00",93.00,86.95%
SICILIA,SIRACUSA,1.00,DIVORZIO,"17,903.00",0,0,"15,769.00",0,0,"7,185.00","8,160.00",120.00,88.08%
SICILIA,SIRACUSA,1.00,DIVORZIO,"2,439.00",0,0,"1,789.00",0,0,847.00,916.00,5.00,73.35%
SICILIA,SIRACUSA,1.00,DIVORZIO,"1,141.00",0,0,880.00,0,0,480.00,377.00,7.00,77.13%
SICILIA,SIRACUSA,1.00,DIVORZIO,"5,646.00",0,0,"4,140.00",0,0,"1,752.00","2,285.00",41.00,73.33%
SICILIA,SIRACUSA,1.00,DIVORZIO,"8,119.00",0,0,"6,938.00",0,0,"2,008.00","4,762.00",80.00,85.45%
SICILIA,SIRACUSA,1.00,DIVORZIO,981.00,0,0,675.00,0,0,349.00,290.00,26.00,68.81%
SICILIA,SIRACUSA,1.00,DIVORZIO,"2,281.00",0,0,"1,844.00",0,0,"1,023.00",772.00,23.00,80.84%
SICILIA,SIRACUSA,1.00,DIVORZIO,"10,942.00",0,0,"8,999.00",0,0,"3,651.00","5,203.00",36.00,82.24%
SICILIA,SIRACUSA,1.00,DIVORZIO,"10,040.00",0,0,"7,743.00",0,0,"2,661.00","4,960.00",52.00,77.12%
SICILIA,SIRACUSA,1.00,DIVORZIO,"21,377.00",0,0,"17,204.00",0,0,"5,645.00","11,272.00",75.00,80.48%
SICILIA,SIRACUSA,1.00,DIVORZIO,"7,127.00",0,0,"5,090.00",0,0,"1,686.00","3,320.00",25.00,71.42%
SICILIA,SIRACUSA,1.00,DIVORZIO,"14,456.00",0,0,"11,351.00",0,0,"5,353.00","5,657.00",63.00,78.52%
SICILIA,SIRACUSA,1.00,DIVORZIO,"15,229.00",0,0,"12,244.00",0,0,"6,640.00","5,370.00",63.00,80.40%
SICILIA,SIRACUSA,1.00,DIVORZIO,"7,306.00",0,0,"5,457.00",0,0,"2,856.00","2,443.00",48.00,74.69%
SICILIA,SIRACUSA,1.00,DIVORZIO,"11,465.00",0,0,"7,848.00",0,0,"4,760.00","2,976.00",19.00,68.45%
SICILIA,SIRACUSA,1.00,DIVORZIO,"69,607.00",0,0,"57,084.00",0,0,"18,650.00","37,678.00",272.00,82.01%
SICILIA,SIRACUSA,1.00,DIVORZIO,"4,003.00",0,0,"3,155.00",0,0,"1,751.00","1,342.00",10.00,78.82%
SICILIA,SIRACUSA,1.00,DIVORZIO,"6,256.00",0,0,"5,240.00",0,0,"2,536.00","2,591.00",37.00,83.76%
LOMBARDIA,SONDRIO,1.00,DIVORZIO,302.00,0,0,195.00,0,0,131.00,56.00,3.00,64.57%
LOMBARDIA,SONDRIO,1.00,DIVORZIO,"2,205.00",0,0,"1,829.00",0,0,492.00,"1,307.00",23.00,82.95%
LOMBARDIA,SONDRIO,1.00,DIVORZIO,283.00,0,0,251.00,0,0,158.00,82.00,9.00,88.69%
LOMBARDIA,SONDRIO,1.00,DIVORZIO,894.00,0,0,786.00,0,0,514.00,241.00,28.00,87.92%
LOMBARDIA,SONDRIO,1.00,DIVORZIO,"1,896.00",0,0,"1,653.00",0,0,733.00,860.00,48.00,87.18%
LOMBARDIA,SONDRIO,1.00,DIVORZIO,180.00,0,0,141.00,0,0,88.00,52.00,0.00,78.33%
LOMBARDIA,SONDRIO,1.00,DIVORZIO,"2,444.00",0,0,"1,971.00",0,0,924.00,"1,001.00",32.00,80.65%
LOMBARDIA,SONDRIO,1.00,DIVORZIO,962.00,0,0,682.00,0,0,166.00,507.00,6.00,70.89%
LOMBARDIA,SONDRIO,1.00,DIVORZIO,"2,570.00",0,0,"2,247.00",0,0,"1,107.00","1,055.00",64.00,87.43%
LOMBARDIA,SONDRIO,1.00,DIVORZIO,"1,310.00",0,0,"1,032.00",0,0,542.00,465.00,20.00,78.78%
LOMBARDIA,SONDRIO,1.00,DIVORZIO,708.00,0,0,608.00,0,0,237.00,341.00,19.00,85.88%
LOMBARDIA,SONDRIO,1.00,DIVORZIO,934.00,0,0,819.00,0,0,586.00,201.00,27.00,87.69%
LOMBARDIA,SONDRIO,1.00,DIVORZIO,876.00,0,0,786.00,0,0,670.00,98.00,10.00,89.73%
LOMBARDIA,SONDRIO,1.00,DIVORZIO,588.00,0,0,406.00,0,0,116.00,278.00,10.00,69.05%
LOMBARDIA,SONDRIO,1.00,DIVORZIO,"1,049.00",0,0,869.00,0,0,339.00,500.00,23.00,82.84%
LOMBARDIA,SONDRIO,1.00,DIVORZIO,335.00,0,0,285.00,0,0,179.00,93.00,10.00,85.07%
LOMBARDIA,SONDRIO,1.00,DIVORZIO,399.00,0,0,303.00,0,0,164.00,128.00,8.00,75.94%
LOMBARDIA,SONDRIO,1.00,DIVORZIO,"4,895.00",0,0,"4,436.00",0,0,"2,129.00","2,169.00",94.00,90.62%
LOMBARDIA,SONDRIO,1.00,DIVORZIO,"1,854.00",0,0,"1,623.00",0,0,806.00,751.00,51.00,87.54%
LOMBARDIA,SONDRIO,1.00,DIVORZIO,"1,477.00",0,0,"1,297.00",0,0,663.00,580.00,40.00,87.81%
LOMBARDIA,SONDRIO,1.00,DIVORZIO,247.00,0,0,213.00,0,0,120.00,76.00,11.00,86.23%
LOMBARDIA,SONDRIO,1.00,DIVORZIO,851.00,0,0,677.00,0,0,489.00,169.00,16.00,79.55%
LOMBARDIA,SONDRIO,1.00,DIVORZIO,"1,010.00",0,0,847.00,0,0,447.00,376.00,14.00,83.86%
LOMBARDIA,SONDRIO,1.00,DIVORZIO,"2,840.00",0,0,"2,454.00",0,0,"1,361.00","1,014.00",63.00,86.41%
LOMBARDIA,SONDRIO,1.00,DIVORZIO,222.00,0,0,198.00,0,0,140.00,53.00,3.00,89.19%
LOMBARDIA,SONDRIO,1.00,DIVORZIO,"1,570.00",0,0,"1,415.00",0,0,754.00,624.00,25.00,90.13%
LOMBARDIA,SONDRIO,1.00,DIVORZIO,"1,594.00",0,0,"1,366.00",0,0,663.00,649.00,32.00,85.70%
LOMBARDIA,SONDRIO,1.00,DIVORZIO,407.00,0,0,328.00,0,0,91.00,228.00,4.00,80.59%
LOMBARDIA,SONDRIO,1.00,DIVORZIO,743.00,0,0,611.00,0,0,454.00,132.00,17.00,82.23%
LOMBARDIA,SONDRIO,1.00,DIVORZIO,554.00,0,0,486.00,0,0,215.00,244.00,18.00,87.73%
LOMBARDIA,SONDRIO,1.00,DIVORZIO,315.00,0,0,244.00,0,0,157.00,75.00,6.00,77.46%
LOMBARDIA,SONDRIO,1.00,DIVORZIO,"1,032.00",0,0,870.00,0,0,638.00,193.00,26.00,84.30%
LOMBARDIA,SONDRIO,1.00,DIVORZIO,"2,999.00",0,0,"2,592.00",0,0,"1,404.00","1,097.00",57.00,86.43%
LOMBARDIA,SONDRIO,1.00,DIVORZIO,"1,363.00",0,0,"1,115.00",0,0,615.00,453.00,26.00,81.80%
LOMBARDIA,SONDRIO,1.00,DIVORZIO,"1,135.00",0,0,950.00,0,0,598.00,324.00,17.00,83.70%
LOMBARDIA,SONDRIO,1.00,DIVORZIO,"1,441.00",0,0,"1,304.00",0,0,"1,030.00",249.00,14.00,90.49%
LOMBARDIA,SONDRIO,1.00,DIVORZIO,541.00,0,0,482.00,0,0,259.00,216.00,6.00,89.09%
LOMBARDIA,SONDRIO,1.00,DIVORZIO,386.00,0,0,332.00,0,0,166.00,159.00,4.00,86.01%
LOMBARDIA,SONDRIO,1.00,DIVORZIO,452.00,0,0,379.00,0,0,145.00,218.00,11.00,83.85%
LOMBARDIA,SONDRIO,1.00,DIVORZIO,596.00,0,0,499.00,0,0,230.00,250.00,10.00,83.72%
LOMBARDIA,SONDRIO,1.00,DIVORZIO,615.00,0,0,491.00,0,0,316.00,167.00,6.00,79.84%
LOMBARDIA,SONDRIO,1.00,DIVORZIO,94.00,0,0,70.00,0,0,49.00,10.00,6.00,74.47%
LOMBARDIA,SONDRIO,1.00,DIVORZIO,669.00,0,0,566.00,0,0,309.00,230.00,20.00,84.60%
LOMBARDIA,SONDRIO,1.00,DIVORZIO,"1,725.00",0,0,"1,448.00",0,0,506.00,886.00,39.00,83.94%
LOMBARDIA,SONDRIO,1.00,DIVORZIO,"6,010.00",0,0,"5,310.00",0,0,"2,526.00","2,597.00",136.00,88.35%
LOMBARDIA,SONDRIO,1.00,DIVORZIO,"1,142.00",0,0,951.00,0,0,494.00,436.00,17.00,83.27%
LOMBARDIA,SONDRIO,1.00,DIVORZIO,46.00,0,0,41.00,0,0,27.00,13.00,0.00,89.13%
LOMBARDIA,SONDRIO,1.00,DIVORZIO,604.00,0,0,504.00,0,0,324.00,157.00,14.00,83.44%
LOMBARDIA,SONDRIO,1.00,DIVORZIO,"1,557.00",0,0,"1,358.00",0,0,484.00,827.00,28.00,87.22%
LOMBARDIA,SONDRIO,1.00,DIVORZIO,"1,039.00",0,0,870.00,0,0,521.00,322.00,21.00,83.73%
LOMBARDIA,SONDRIO,1.00,DIVORZIO,908.00,0,0,774.00,0,0,286.00,461.00,20.00,85.24%
LOMBARDIA,SONDRIO,1.00,DIVORZIO,"1,813.00",0,0,"1,453.00",0,0,556.00,824.00,40.00,80.14%
LOMBARDIA,SONDRIO,1.00,DIVORZIO,408.00,0,0,316.00,0,0,91.00,217.00,8.00,77.45%
LOMBARDIA,SONDRIO,1.00,DIVORZIO,"1,259.00",0,0,"1,132.00",0,0,612.00,481.00,28.00,89.91%
LOMBARDIA,SONDRIO,1.00,DIVORZIO,248.00,0,0,229.00,0,0,163.00,60.00,4.00,92.34%
LOMBARDIA,SONDRIO,1.00,DIVORZIO,308.00,0,0,273.00,0,0,170.00,101.00,1.00,88.64%
LOMBARDIA,SONDRIO,1.00,DIVORZIO,"1,477.00",0,0,"1,243.00",0,0,755.00,446.00,32.00,84.16%
LOMBARDIA,SONDRIO,1.00,DIVORZIO,572.00,0,0,443.00,0,0,321.00,87.00,29.00,77.45%
LOMBARDIA,SONDRIO,1.00,DIVORZIO,304.00,0,0,246.00,0,0,98.00,139.00,5.00,80.92%
LOMBARDIA,SONDRIO,1.00,DIVORZIO,"3,647.00",0,0,"3,443.00",0,0,"1,013.00","2,348.00",46.00,94.41%
LOMBARDIA,SONDRIO,1.00,DIVORZIO,"15,202.00",0,0,"14,129.00",0,0,"5,056.00","8,733.00",232.00,92.94%
LOMBARDIA,SONDRIO,1.00,DIVORZIO,200.00,0,0,161.00,0,0,93.00,59.00,9.00,80.50%
LOMBARDIA,SONDRIO,1.00,DIVORZIO,"2,390.00",0,0,"1,916.00",0,0,"1,014.00",803.00,74.00,80.17%
LOMBARDIA,SONDRIO,1.00,DIVORZIO,412.00,0,0,335.00,0,0,287.00,35.00,10.00,81.31%
LOMBARDIA,SONDRIO,1.00,DIVORZIO,"3,706.00",0,0,"2,826.00",0,0,986.00,"1,732.00",67.00,76.25%
LOMBARDIA,SONDRIO,1.00,DIVORZIO,"5,938.00",0,0,"5,004.00",0,0,"1,749.00","3,104.00",103.00,84.27%
LOMBARDIA,SONDRIO,1.00,DIVORZIO,752.00,0,0,638.00,0,0,312.00,307.00,12.00,84.84%
LOMBARDIA,SONDRIO,1.00,DIVORZIO,303.00,0,0,276.00,0,0,113.00,156.00,5.00,91.09%
LOMBARDIA,SONDRIO,1.00,DIVORZIO,"1,023.00",0,0,810.00,0,0,374.00,402.00,24.00,79.18%
LOMBARDIA,SONDRIO,1.00,DIVORZIO,"1,141.00",0,0,988.00,0,0,384.00,575.00,16.00,86.59%
LOMBARDIA,SONDRIO,1.00,DIVORZIO,"1,874.00",0,0,"1,691.00",0,0,"1,265.00",373.00,46.00,90.23%
LOMBARDIA,SONDRIO,1.00,DIVORZIO,"1,835.00",0,0,"1,565.00",0,0,976.00,527.00,37.00,85.29%
LOMBARDIA,SONDRIO,1.00,DIVORZIO,"1,462.00",0,0,"1,325.00",0,0,"1,043.00",251.00,25.00,90.63%
LOMBARDIA,SONDRIO,1.00,DIVORZIO,677.00,0,0,556.00,0,0,365.00,183.00,6.00,82.13%
LOMBARDIA,SONDRIO,1.00,DIVORZIO,729.00,0,0,599.00,0,0,290.00,283.00,15.00,82.17%
LOMBARDIA,SONDRIO,1.00,DIVORZIO,285.00,0,0,254.00,0,0,163.00,78.00,6.00,89.12%
LOMBARDIA,SONDRIO,1.00,DIVORZIO,921.00,0,0,764.00,0,0,428.00,307.00,23.00,82.95%
LOMBARDIA,SONDRIO,1.00,DIVORZIO,"2,173.00",0,0,"1,757.00",0,0,577.00,"1,094.00",60.00,80.86%
PUGLIA,TARANTO,1.00,DIVORZIO,"4,000.00",0,0,"2,925.00",0,0,"1,836.00","1,047.00",16.00,73.13%
PUGLIA,TARANTO,1.00,DIVORZIO,"3,045.00",0,0,"2,792.00",0,0,"1,364.00","1,404.00",11.00,91.69%
PUGLIA,TARANTO,1.00,DIVORZIO,"9,208.00",0,0,"8,145.00",0,0,"3,509.00","4,387.00",126.00,88.46%
PUGLIA,TARANTO,1.00,DIVORZIO,"6,050.00",0,0,"5,222.00",0,0,"3,110.00","2,029.00",32.00,86.31%
PUGLIA,TARANTO,1.00,DIVORZIO,"1,756.00",0,0,"1,619.00",0,0,906.00,692.00,11.00,92.20%
PUGLIA,TARANTO,1.00,DIVORZIO,"3,279.00",0,0,"2,757.00",0,0,"1,762.00",975.00,6.00,84.08%
PUGLIA,TARANTO,1.00,DIVORZIO,"11,547.00",0,0,"9,105.00",0,0,"4,568.00","4,310.00",78.00,78.85%
PUGLIA,TARANTO,1.00,DIVORZIO,"15,617.00",0,0,"13,968.00",0,0,"6,727.00","6,981.00",84.00,89.44%
PUGLIA,TARANTO,1.00,DIVORZIO,"7,831.00",0,0,"6,564.00",0,0,"3,911.00","2,481.00",56.00,83.82%
PUGLIA,TARANTO,1.00,DIVORZIO,"1,163.00",0,0,"1,029.00",0,0,538.00,482.00,4.00,88.48%
PUGLIA,TARANTO,1.00,DIVORZIO,"4,680.00",0,0,"3,892.00",0,0,"1,789.00","2,067.00",12.00,83.16%
PUGLIA,TARANTO,1.00,DIVORZIO,"18,300.00",0,0,"16,149.00",0,0,"7,584.00","8,132.00",148.00,88.25%
PUGLIA,TARANTO,1.00,DIVORZIO,"26,323.00",0,0,"23,775.00",0,0,"14,667.00","8,225.00",254.00,90.32%
PUGLIA,TARANTO,1.00,DIVORZIO,"3,132.00",0,0,"2,762.00",0,0,"1,362.00","1,355.00",24.00,88.19%
PUGLIA,TARANTO,1.00,DIVORZIO,"14,156.00",0,0,"12,866.00",0,0,"7,072.00","5,611.00",66.00,90.89%
PUGLIA,TARANTO,1.00,DIVORZIO,"2,596.00",0,0,"2,399.00",0,0,"1,211.00","1,147.00",21.00,92.41%
PUGLIA,TARANTO,1.00,DIVORZIO,"2,469.00",0,0,"2,187.00",0,0,"1,030.00","1,108.00",19.00,88.58%
PUGLIA,TARANTO,1.00,DIVORZIO,"1,560.00",0,0,"1,427.00",0,0,690.00,714.00,8.00,91.47%
PUGLIA,TARANTO,1.00,DIVORZIO,"9,481.00",0,0,"7,957.00",0,0,"3,982.00","3,846.00",63.00,83.93%
PUGLIA,TARANTO,1.00,DIVORZIO,"3,386.00",0,0,"3,054.00",0,0,"1,412.00","1,593.00",27.00,90.19%
PUGLIA,TARANTO,1.00,DIVORZIO,"6,474.00",0,0,"5,908.00",0,0,"3,193.00","2,636.00",35.00,91.26%
PUGLIA,TARANTO,1.00,DIVORZIO,"4,745.00",0,0,"4,224.00",0,0,"2,180.00","1,955.00",29.00,89.02%
PUGLIA,TARANTO,1.00,DIVORZIO,849.00,0,0,786.00,0,0,404.00,370.00,7.00,92.58%
PUGLIA,TARANTO,1.00,DIVORZIO,"5,697.00",0,0,"5,068.00",0,0,"2,412.00","2,593.00",26.00,88.96%
PUGLIA,TARANTO,1.00,DIVORZIO,"3,983.00",0,0,"3,500.00",0,0,"2,229.00","1,217.00",17.00,87.87%
PUGLIA,TARANTO,1.00,DIVORZIO,"10,475.00",0,0,"7,689.00",0,0,"4,215.00","3,369.00",48.00,73.40%
PUGLIA,TARANTO,1.00,DIVORZIO,"141,616.00",0,0,"128,310.00",0,0,"43,011.00","83,767.00",786.00,90.60%
PUGLIA,TARANTO,1.00,DIVORZIO,"2,402.00",0,0,"2,180.00",0,0,"1,437.00",726.00,5.00,90.76%
ABRUZZO,TERAMO,1.00,DIVORZIO,"4,851.00",0,0,"4,000.00",0,0,"1,696.00","2,199.00",48.00,82.46%
ABRUZZO,TERAMO,1.00,DIVORZIO,"1,099.00",0,0,924.00,0,0,452.00,442.00,13.00,84.08%
ABRUZZO,TERAMO,1.00,DIVORZIO,"1,050.00",0,0,742.00,0,0,390.00,332.00,8.00,70.67%
ABRUZZO,TERAMO,1.00,DIVORZIO,"7,693.00",0,0,"6,963.00",0,0,"3,253.00","3,431.00",97.00,90.51%
ABRUZZO,TERAMO,1.00,DIVORZIO,"1,459.00",0,0,"1,101.00",0,0,618.00,465.00,11.00,75.46%
ABRUZZO,TERAMO,1.00,DIVORZIO,"3,620.00",0,0,"2,816.00",0,0,897.00,"1,829.00",44.00,77.79%
ABRUZZO,TERAMO,1.00,DIVORZIO,"2,555.00",0,0,"1,716.00",0,0,896.00,758.00,17.00,67.16%
ABRUZZO,TERAMO,1.00,DIVORZIO,"6,438.00",0,0,"4,757.00",0,0,"2,606.00","2,019.00",59.00,73.89%
ABRUZZO,TERAMO,1.00,DIVORZIO,"1,298.00",0,0,"1,053.00",0,0,649.00,367.00,11.00,81.12%
ABRUZZO,TERAMO,1.00,DIVORZIO,644.00,0,0,458.00,0,0,195.00,253.00,3.00,71.12%
ABRUZZO,TERAMO,1.00,DIVORZIO,"2,709.00",0,0,"2,149.00",0,0,937.00,"1,138.00",36.00,79.33%
ABRUZZO,TERAMO,1.00,DIVORZIO,"1,644.00",0,0,"1,157.00",0,0,709.00,424.00,10.00,70.38%
ABRUZZO,TERAMO,1.00,DIVORZIO,"2,033.00",0,0,"1,531.00",0,0,693.00,797.00,19.00,75.31%
ABRUZZO,TERAMO,1.00,DIVORZIO,"1,074.00",0,0,871.00,0,0,517.00,335.00,3.00,81.10%
ABRUZZO,TERAMO,1.00,DIVORZIO,"2,807.00",0,0,"1,969.00",0,0,966.00,929.00,29.00,70.15%
ABRUZZO,TERAMO,1.00,DIVORZIO,"2,286.00",0,0,"1,408.00",0,0,868.00,504.00,16.00,61.59%
ABRUZZO,TERAMO,1.00,DIVORZIO,"4,792.00",0,0,"3,648.00",0,0,"1,942.00","1,618.00",38.00,76.13%
ABRUZZO,TERAMO,1.00,DIVORZIO,"1,598.00",0,0,"1,279.00",0,0,638.00,589.00,33.00,80.04%
ABRUZZO,TERAMO,1.00,DIVORZIO,"2,086.00",0,0,"1,672.00",0,0,606.00,"1,030.00",15.00,80.15%
ABRUZZO,TERAMO,1.00,DIVORZIO,"2,058.00",0,0,"1,840.00",0,0,842.00,962.00,15.00,89.41%
ABRUZZO,TERAMO,1.00,DIVORZIO,"2,813.00",0,0,"2,228.00",0,0,"1,099.00","1,069.00",21.00,79.20%
ABRUZZO,TERAMO,1.00,DIVORZIO,"1,016.00",0,0,638.00,0,0,452.00,173.00,6.00,62.80%
ABRUZZO,TERAMO,1.00,DIVORZIO,"1,679.00",0,0,"1,150.00",0,0,615.00,503.00,14.00,68.49%
ABRUZZO,TERAMO,1.00,DIVORZIO,441.00,0,0,370.00,0,0,175.00,180.00,7.00,83.90%
ABRUZZO,TERAMO,1.00,DIVORZIO,"13,562.00",0,0,"11,590.00",0,0,"3,946.00","7,348.00",137.00,85.46%
ABRUZZO,TERAMO,1.00,DIVORZIO,"3,640.00",0,0,"3,012.00",0,0,"1,584.00","1,350.00",42.00,82.75%
ABRUZZO,TERAMO,1.00,DIVORZIO,"5,581.00",0,0,"4,466.00",0,0,"1,809.00","2,535.00",51.00,80.02%
ABRUZZO,TERAMO,1.00,DIVORZIO,"1,071.00",0,0,824.00,0,0,426.00,363.00,17.00,76.94%
ABRUZZO,TERAMO,1.00,DIVORZIO,"6,008.00",0,0,"4,790.00",0,0,"1,913.00","2,783.00",61.00,79.73%
ABRUZZO,TERAMO,1.00,DIVORZIO,"1,888.00",0,0,"1,582.00",0,0,573.00,981.00,12.00,83.79%
ABRUZZO,TERAMO,1.00,DIVORZIO,"4,769.00",0,0,"3,948.00",0,0,"1,735.00","2,097.00",44.00,82.78%
ABRUZZO,TERAMO,1.00,DIVORZIO,"2,931.00",0,0,"2,594.00",0,0,994.00,"1,529.00",38.00,88.50%
ABRUZZO,TERAMO,1.00,DIVORZIO,"3,987.00",0,0,"3,257.00",0,0,"1,299.00","1,853.00",41.00,81.69%
ABRUZZO,TERAMO,1.00,DIVORZIO,"1,208.00",0,0,764.00,0,0,457.00,285.00,10.00,63.25%
ABRUZZO,TERAMO,1.00,DIVORZIO,464.00,0,0,319.00,0,0,155.00,159.00,2.00,68.75%
ABRUZZO,TERAMO,1.00,DIVORZIO,"6,012.00",0,0,"5,192.00",0,0,"2,200.00","2,836.00",77.00,86.36%
ABRUZZO,TERAMO,1.00,DIVORZIO,913.00,0,0,577.00,0,0,359.00,197.00,6.00,63.20%
ABRUZZO,TERAMO,1.00,DIVORZIO,"12,852.00",0,0,"10,481.00",0,0,"3,673.00","6,565.00",98.00,81.55%
ABRUZZO,TERAMO,1.00,DIVORZIO,"4,161.00",0,0,"3,535.00",0,0,"1,903.00","1,551.00",34.00,84.96%
ABRUZZO,TERAMO,1.00,DIVORZIO,"3,503.00",0,0,"2,822.00",0,0,"1,085.00","1,650.00",35.00,80.56%
ABRUZZO,TERAMO,1.00,DIVORZIO,"5,436.00",0,0,"4,818.00",0,0,"2,031.00","2,674.00",41.00,88.63%
ABRUZZO,TERAMO,1.00,DIVORZIO,"32,735.00",0,0,"28,172.00",0,0,"12,879.00","14,664.00",321.00,86.06%
ABRUZZO,TERAMO,1.00,DIVORZIO,"1,225.00",0,0,"1,042.00",0,0,510.00,503.00,15.00,85.06%
ABRUZZO,TERAMO,1.00,DIVORZIO,"2,015.00",0,0,"1,572.00",0,0,948.00,584.00,19.00,78.01%
ABRUZZO,TERAMO,1.00,DIVORZIO,"3,659.00",0,0,"3,081.00",0,0,"1,611.00","1,402.00",34.00,84.20%
ABRUZZO,TERAMO,1.00,DIVORZIO,"1,387.00",0,0,"1,058.00",0,0,489.00,531.00,24.00,76.28%
ABRUZZO,TERAMO,1.00,DIVORZIO,"2,221.00",0,0,"1,254.00",0,0,803.00,416.00,13.00,56.46%
UMBRIA,TERNI,1.00,DIVORZIO,"3,446.00",0,0,"3,168.00",0,0,998.00,"2,098.00",38.00,91.93%
UMBRIA,TERNI,1.00,DIVORZIO,"1,250.00",0,0,"1,178.00",0,0,345.00,808.00,18.00,94.24%
UMBRIA,TERNI,1.00,DIVORZIO,"1,051.00",0,0,986.00,0,0,560.00,401.00,11.00,93.82%
UMBRIA,TERNI,1.00,DIVORZIO,"7,727.00",0,0,"7,369.00",0,0,"2,412.00","4,762.00",123.00,95.37%
UMBRIA,TERNI,1.00,DIVORZIO,"1,965.00",0,0,"1,830.00",0,0,633.00,"1,155.00",21.00,93.13%
UMBRIA,TERNI,1.00,DIVORZIO,"1,136.00",0,0,"1,069.00",0,0,344.00,702.00,14.00,94.10%
UMBRIA,TERNI,1.00,DIVORZIO,"2,063.00",0,0,"1,935.00",0,0,892.00,987.00,24.00,93.80%
UMBRIA,TERNI,1.00,DIVORZIO,"1,555.00",0,0,"1,463.00",0,0,854.00,542.00,30.00,94.08%
UMBRIA,TERNI,1.00,DIVORZIO,"1,701.00",0,0,"1,605.00",0,0,675.00,842.00,42.00,94.36%
UMBRIA,TERNI,1.00,DIVORZIO,"2,043.00",0,0,"1,909.00",0,0,757.00,"1,096.00",23.00,93.44%
UMBRIA,TERNI,1.00,DIVORZIO,"1,850.00",0,0,"1,725.00",0,0,516.00,"1,173.00",14.00,93.24%
UMBRIA,TERNI,1.00,DIVORZIO,"1,585.00",0,0,"1,456.00",0,0,502.00,913.00,20.00,91.86%
UMBRIA,TERNI,1.00,DIVORZIO,"1,579.00",0,0,"1,489.00",0,0,483.00,987.00,9.00,94.30%
UMBRIA,TERNI,1.00,DIVORZIO,"1,065.00",0,0,964.00,0,0,320.00,623.00,11.00,90.52%
UMBRIA,TERNI,1.00,DIVORZIO,"1,311.00",0,0,"1,202.00",0,0,692.00,475.00,21.00,91.69%
UMBRIA,TERNI,1.00,DIVORZIO,"1,185.00",0,0,"1,097.00",0,0,442.00,610.00,29.00,92.57%
UMBRIA,TERNI,1.00,DIVORZIO,"4,195.00",0,0,"3,896.00",0,0,"1,592.00","2,170.00",65.00,92.87%
UMBRIA,TERNI,1.00,DIVORZIO,"1,395.00",0,0,"1,261.00",0,0,674.00,553.00,25.00,90.39%
UMBRIA,TERNI,1.00,DIVORZIO,870.00,0,0,823.00,0,0,331.00,477.00,12.00,94.60%
UMBRIA,TERNI,1.00,DIVORZIO,"1,191.00",0,0,"1,036.00",0,0,316.00,707.00,7.00,86.99%
UMBRIA,TERNI,1.00,DIVORZIO,"1,380.00",0,0,"1,240.00",0,0,288.00,926.00,16.00,89.86%
UMBRIA,TERNI,1.00,DIVORZIO,"14,932.00",0,0,"14,217.00",0,0,"3,636.00","10,338.00",126.00,95.21%
UMBRIA,TERNI,1.00,DIVORZIO,"17,423.00",0,0,"16,811.00",0,0,"4,696.00","11,715.00",245.00,96.49%
UMBRIA,TERNI,1.00,DIVORZIO,"1,361.00",0,0,"1,286.00",0,0,570.00,681.00,15.00,94.49%
UMBRIA,TERNI,1.00,DIVORZIO,622.00,0,0,559.00,0,0,184.00,364.00,7.00,89.87%
UMBRIA,TERNI,1.00,DIVORZIO,622.00,0,0,581.00,0,0,305.00,266.00,7.00,93.41%
UMBRIA,TERNI,1.00,DIVORZIO,242.00,0,0,237.00,0,0,128.00,103.00,4.00,97.93%
UMBRIA,TERNI,1.00,DIVORZIO,810.00,0,0,781.00,0,0,342.00,422.00,14.00,96.42%
UMBRIA,TERNI,1.00,DIVORZIO,"2,584.00",0,0,"2,474.00",0,0,688.00,"1,718.00",32.00,95.74%
UMBRIA,TERNI,1.00,DIVORZIO,"1,901.00",0,0,"1,805.00",0,0,760.00,"1,014.00",21.00,94.95%
UMBRIA,TERNI,1.00,DIVORZIO,"2,946.00",0,0,"2,721.00",0,0,"1,259.00","1,340.00",54.00,92.36%
UMBRIA,TERNI,1.00,DIVORZIO,"79,688.00",0,0,"74,252.00",0,0,"18,168.00","54,865.00",654.00,93.18%
PIEMONTE,TORINO,1.00,DIVORZIO,"2,092.00",0,0,"1,808.00",0,0,533.00,"1,216.00",45.00,86.42%
PIEMONTE,TORINO,1.00,DIVORZIO,"1,190.00",0,0,"1,099.00",0,0,470.00,605.00,16.00,92.35%
PIEMONTE,TORINO,1.00,DIVORZIO,402.00,0,0,305.00,0,0,124.00,168.00,10.00,75.87%
PIEMONTE,TORINO,1.00,DIVORZIO,"1,198.00",0,0,"1,081.00",0,0,289.00,751.00,23.00,90.23%
PIEMONTE,TORINO,1.00,DIVORZIO,449.00,0,0,364.00,0,0,79.00,263.00,19.00,81.07%
PIEMONTE,TORINO,1.00,DIVORZIO,"2,897.00",0,0,"2,594.00",0,0,652.00,"1,832.00",83.00,89.54%
PIEMONTE,TORINO,1.00,DIVORZIO,276.00,0,0,244.00,0,0,67.00,167.00,10.00,88.41%
PIEMONTE,TORINO,1.00,DIVORZIO,"8,382.00",0,0,"7,801.00",0,0,"1,442.00","6,191.00",119.00,93.07%
PIEMONTE,TORINO,1.00,DIVORZIO,931.00,0,0,839.00,0,0,406.00,402.00,26.00,90.12%
PIEMONTE,TORINO,1.00,DIVORZIO,407.00,0,0,338.00,0,0,49.00,273.00,13.00,83.05%
PIEMONTE,TORINO,1.00,DIVORZIO,673.00,0,0,488.00,0,0,80.00,399.00,7.00,72.51%
PIEMONTE,TORINO,1.00,DIVORZIO,550.00,0,0,441.00,0,0,252.00,165.00,17.00,80.18%
PIEMONTE,TORINO,1.00,DIVORZIO,"6,317.00",0,0,"5,722.00",0,0,"1,227.00","4,358.00",90.00,90.58%
PIEMONTE,TORINO,1.00,DIVORZIO,988.00,0,0,858.00,0,0,231.00,584.00,35.00,86.84%
PIEMONTE,TORINO,1.00,DIVORZIO,534.00,0,0,432.00,0,0,103.00,312.00,10.00,80.90%
PIEMONTE,TORINO,1.00,DIVORZIO,"2,129.00",0,0,"1,908.00",0,0,479.00,"1,372.00",49.00,89.62%
PIEMONTE,TORINO,1.00,DIVORZIO,350.00,0,0,325.00,0,0,83.00,225.00,12.00,92.86%
PIEMONTE,TORINO,1.00,DIVORZIO,"1,152.00",0,0,"1,054.00",0,0,343.00,674.00,19.00,91.49%
PIEMONTE,TORINO,1.00,DIVORZIO,107.00,0,0,95.00,0,0,32.00,59.00,1.00,88.79%
PIEMONTE,TORINO,1.00,DIVORZIO,"2,823.00",0,0,"2,616.00",0,0,344.00,"2,233.00",23.00,92.67%
PIEMONTE,TORINO,1.00,DIVORZIO,919.00,0,0,788.00,0,0,228.00,517.00,24.00,85.75%
PIEMONTE,TORINO,1.00,DIVORZIO,"2,249.00",0,0,"1,945.00",0,0,505.00,"1,400.00",26.00,86.48%
PIEMONTE,TORINO,1.00,DIVORZIO,440.00,0,0,409.00,0,0,243.00,152.00,9.00,92.95%
PIEMONTE,TORINO,1.00,DIVORZIO,"11,520.00",0,0,"10,821.00",0,0,"1,980.00","8,653.00",110.00,93.93%
PIEMONTE,TORINO,1.00,DIVORZIO,"1,831.00",0,0,"1,618.00",0,0,662.00,875.00,65.00,88.37%
PIEMONTE,TORINO,1.00,DIVORZIO,613.00,0,0,463.00,0,0,24.00,434.00,3.00,75.53%
PIEMONTE,TORINO,1.00,DIVORZIO,"1,480.00",0,0,"1,249.00",0,0,317.00,901.00,21.00,84.39%
PIEMONTE,TORINO,1.00,DIVORZIO,"3,486.00",0,0,"3,218.00",0,0,726.00,"2,429.00",39.00,92.31%
PIEMONTE,TORINO,1.00,DIVORZIO,441.00,0,0,364.00,0,0,46.00,302.00,4.00,82.54%
PIEMONTE,TORINO,1.00,DIVORZIO,"2,587.00",0,0,"2,367.00",0,0,424.00,"1,870.00",56.00,91.50%
PIEMONTE,TORINO,1.00,DIVORZIO,824.00,0,0,695.00,0,0,270.00,382.00,36.00,84.34%
PIEMONTE,TORINO,1.00,DIVORZIO,"1,761.00",0,0,"1,525.00",0,0,288.00,"1,190.00",37.00,86.60%
PIEMONTE,TORINO,1.00,DIVORZIO,"1,444.00",0,0,"1,307.00",0,0,481.00,778.00,31.00,90.51%
PIEMONTE,TORINO,1.00,DIVORZIO,"4,457.00",0,0,"4,148.00",0,0,"1,123.00","2,906.00",73.00,93.07%
PIEMONTE,TORINO,1.00,DIVORZIO,"2,337.00",0,0,"2,096.00",0,0,777.00,"1,213.00",63.00,89.69%
PIEMONTE,TORINO,1.00,DIVORZIO,387.00,0,0,322.00,0,0,37.00,267.00,14.00,83.20%
PIEMONTE,TORINO,1.00,DIVORZIO,429.00,0,0,351.00,0,0,154.00,180.00,11.00,81.82%
PIEMONTE,TORINO,1.00,DIVORZIO,"2,682.00",0,0,"2,524.00",0,0,512.00,"1,961.00",35.00,94.11%
PIEMONTE,TORINO,1.00,DIVORZIO,"1,096.00",0,0,943.00,0,0,356.00,540.00,26.00,86.04%
PIEMONTE,TORINO,1.00,DIVORZIO,962.00,0,0,867.00,0,0,187.00,653.00,19.00,90.12%
PIEMONTE,TORINO,1.00,DIVORZIO,813.00,0,0,740.00,0,0,491.00,229.00,14.00,91.02%
PIEMONTE,TORINO,1.00,DIVORZIO,700.00,0,0,621.00,0,0,164.00,445.00,11.00,88.71%
PIEMONTE,TORINO,1.00,DIVORZIO,750.00,0,0,690.00,0,0,218.00,440.00,24.00,92.00%
PIEMONTE,TORINO,1.00,DIVORZIO,"4,928.00",0,0,"4,488.00",0,0,813.00,"3,579.00",71.00,91.07%
PIEMONTE,TORINO,1.00,DIVORZIO,"2,554.00",0,0,"2,360.00",0,0,545.00,"1,753.00",44.00,92.40%
PIEMONTE,TORINO,1.00,DIVORZIO,"2,526.00",0,0,"2,318.00",0,0,578.00,"1,669.00",62.00,91.77%
PIEMONTE,TORINO,1.00,DIVORZIO,"5,516.00",0,0,"5,161.00",0,0,"1,317.00","3,728.00",73.00,93.56%
PIEMONTE,TORINO,1.00,DIVORZIO,"2,885.00",0,0,"2,693.00",0,0,"1,079.00","1,539.00",49.00,93.34%
PIEMONTE,TORINO,1.00,DIVORZIO,814.00,0,0,712.00,0,0,378.00,295.00,24.00,87.47%
PIEMONTE,TORINO,1.00,DIVORZIO,983.00,0,0,882.00,0,0,224.00,636.00,17.00,89.73%
PIEMONTE,TORINO,1.00,DIVORZIO,"2,032.00",0,0,"1,895.00",0,0,524.00,"1,301.00",50.00,93.26%
PIEMONTE,TORINO,1.00,DIVORZIO,323.00,0,0,236.00,0,0,74.00,147.00,14.00,73.07%
PIEMONTE,TORINO,1.00,DIVORZIO,956.00,0,0,879.00,0,0,359.00,488.00,18.00,91.95%
PIEMONTE,TORINO,1.00,DIVORZIO,491.00,0,0,352.00,0,0,127.00,214.00,10.00,71.69%
PIEMONTE,TORINO,1.00,DIVORZIO,"1,191.00",0,0,"1,074.00",0,0,178.00,855.00,38.00,90.18%
PIEMONTE,TORINO,1.00,DIVORZIO,887.00,0,0,810.00,0,0,212.00,572.00,23.00,91.32%
PIEMONTE,TORINO,1.00,DIVORZIO,763.00,0,0,609.00,0,0,119.00,462.00,23.00,79.82%
PIEMONTE,TORINO,1.00,DIVORZIO,"6,596.00",0,0,"6,152.00",0,0,"2,402.00","3,481.00",176.00,93.27%
PIEMONTE,TORINO,1.00,DIVORZIO,"14,664.00",0,0,"13,596.00",0,0,"5,713.00","7,435.00",280.00,92.72%
PIEMONTE,TORINO,1.00,DIVORZIO,"1,210.00",0,0,"1,028.00",0,0,342.00,586.00,55.00,84.96%
PIEMONTE,TORINO,1.00,DIVORZIO,"1,138.00",0,0,"1,050.00",0,0,227.00,802.00,15.00,92.27%
PIEMONTE,TORINO,1.00,DIVORZIO,"1,066.00",0,0,"1,005.00",0,0,270.00,719.00,10.00,94.28%
PIEMONTE,TORINO,1.00,DIVORZIO,"8,854.00",0,0,"8,013.00",0,0,"1,641.00","6,159.00",143.00,90.50%
PIEMONTE,TORINO,1.00,DIVORZIO,655.00,0,0,542.00,0,0,182.00,337.00,13.00,82.75%
PIEMONTE,TORINO,1.00,DIVORZIO,"1,055.00",0,0,979.00,0,0,556.00,370.00,30.00,92.80%
PIEMONTE,TORINO,1.00,DIVORZIO,"6,617.00",0,0,"5,974.00",0,0,"1,317.00","4,420.00",156.00,90.28%
PIEMONTE,TORINO,1.00,DIVORZIO,514.00,0,0,410.00,0,0,75.00,318.00,13.00,79.77%
PIEMONTE,TORINO,1.00,DIVORZIO,"2,900.00",0,0,"2,625.00",0,0,647.00,"1,899.00",55.00,90.52%
PIEMONTE,TORINO,1.00,DIVORZIO,"1,283.00",0,0,"1,074.00",0,0,340.00,687.00,34.00,83.71%
PIEMONTE,TORINO,1.00,DIVORZIO,"3,705.00",0,0,"3,247.00",0,0,"1,667.00","1,420.00",105.00,87.64%
PIEMONTE,TORINO,1.00,DIVORZIO,"1,135.00",0,0,"1,070.00",0,0,482.00,525.00,47.00,94.27%
PIEMONTE,TORINO,1.00,DIVORZIO,871.00,0,0,692.00,0,0,173.00,482.00,30.00,79.45%
PIEMONTE,TORINO,1.00,DIVORZIO,147.00,0,0,117.00,0,0,34.00,75.00,7.00,79.59%
PIEMONTE,TORINO,1.00,DIVORZIO,685.00,0,0,556.00,0,0,137.00,405.00,7.00,81.17%
PIEMONTE,TORINO,1.00,DIVORZIO,355.00,0,0,293.00,0,0,117.00,171.00,5.00,82.54%
PIEMONTE,TORINO,1.00,DIVORZIO,"1,014.00",0,0,929.00,0,0,132.00,768.00,17.00,91.62%
PIEMONTE,TORINO,1.00,DIVORZIO,"1,533.00",0,0,"1,378.00",0,0,192.00,"1,167.00",9.00,89.89%
PIEMONTE,TORINO,1.00,DIVORZIO,"21,043.00",0,0,"19,452.00",0,0,"7,118.00","11,695.00",336.00,92.44%
PIEMONTE,TORINO,1.00,DIVORZIO,199.00,0,0,176.00,0,0,28.00,135.00,11.00,88.44%
PIEMONTE,TORINO,1.00,DIVORZIO,806.00,0,0,699.00,0,0,174.00,499.00,17.00,86.72%
PIEMONTE,TORINO,1.00,DIVORZIO,"1,110.00",0,0,"1,026.00",0,0,302.00,692.00,27.00,92.43%
PIEMONTE,TORINO,1.00,DIVORZIO,"17,814.00",0,0,"16,073.00",0,0,"4,128.00","11,514.00",263.00,90.23%
PIEMONTE,TORINO,1.00,DIVORZIO,299.00,0,0,266.00,0,0,61.00,197.00,6.00,88.96%
PIEMONTE,TORINO,1.00,DIVORZIO,205.00,0,0,173.00,0,0,53.00,109.00,5.00,84.39%
PIEMONTE,TORINO,1.00,DIVORZIO,239.00,0,0,198.00,0,0,81.00,100.00,10.00,82.85%
PIEMONTE,TORINO,1.00,DIVORZIO,"11,283.00",0,0,"10,063.00",0,0,"2,475.00","7,301.00",195.00,89.19%
PIEMONTE,TORINO,1.00,DIVORZIO,118.00,0,0,97.00,0,0,25.00,70.00,1.00,82.20%
PIEMONTE,TORINO,1.00,DIVORZIO,997.00,0,0,706.00,0,0,170.00,510.00,19.00,70.81%
PIEMONTE,TORINO,1.00,DIVORZIO,"2,093.00",0,0,"1,760.00",0,0,450.00,"1,235.00",48.00,84.09%
PIEMONTE,TORINO,1.00,DIVORZIO,"29,598.00",0,0,"27,911.00",0,0,"4,820.00","22,660.00",270.00,94.30%
PIEMONTE,TORINO,1.00,DIVORZIO,334.00,0,0,282.00,0,0,83.00,176.00,14.00,84.43%
PIEMONTE,TORINO,1.00,DIVORZIO,475.00,0,0,431.00,0,0,79.00,343.00,7.00,90.74%
PIEMONTE,TORINO,1.00,DIVORZIO,"3,314.00",0,0,"2,777.00",0,0,535.00,"2,168.00",57.00,83.80%
PIEMONTE,TORINO,1.00,DIVORZIO,"2,207.00",0,0,"1,677.00",0,0,408.00,"1,223.00",29.00,75.99%
PIEMONTE,TORINO,1.00,DIVORZIO,520.00,0,0,468.00,0,0,191.00,235.00,24.00,90.00%
PIEMONTE,TORINO,1.00,DIVORZIO,583.00,0,0,492.00,0,0,142.00,324.00,22.00,84.39%
PIEMONTE,TORINO,1.00,DIVORZIO,"4,222.00",0,0,"3,695.00",0,0,"1,253.00","2,287.00",103.00,87.52%
PIEMONTE,TORINO,1.00,DIVORZIO,"6,777.00",0,0,"6,065.00",0,0,"1,400.00","4,456.00",146.00,89.49%
PIEMONTE,TORINO,1.00,DIVORZIO,"4,293.00",0,0,"4,026.00",0,0,913.00,"3,039.00",46.00,93.78%
PIEMONTE,TORINO,1.00,DIVORZIO,344.00,0,0,264.00,0,0,54.00,202.00,4.00,76.74%
PIEMONTE,TORINO,1.00,DIVORZIO,"2,617.00",0,0,"2,293.00",0,0,755.00,"1,438.00",70.00,87.62%
PIEMONTE,TORINO,1.00,DIVORZIO,"1,383.00",0,0,"1,269.00",0,0,419.00,793.00,36.00,91.76%
PIEMONTE,TORINO,1.00,DIVORZIO,786.00,0,0,732.00,0,0,206.00,501.00,20.00,93.13%
PIEMONTE,TORINO,1.00,DIVORZIO,"1,331.00",0,0,"1,217.00",0,0,358.00,822.00,29.00,91.44%
PIEMONTE,TORINO,1.00,DIVORZIO,656.00,0,0,608.00,0,0,183.00,406.00,13.00,92.68%
PIEMONTE,TORINO,1.00,DIVORZIO,"1,570.00",0,0,"1,438.00",0,0,619.00,769.00,27.00,91.59%
PIEMONTE,TORINO,1.00,DIVORZIO,"2,946.00",0,0,"2,605.00",0,0,706.00,"1,752.00",117.00,88.42%
PIEMONTE,TORINO,1.00,DIVORZIO,399.00,0,0,284.00,0,0,76.00,171.00,20.00,71.18%
PIEMONTE,TORINO,1.00,DIVORZIO,992.00,0,0,906.00,0,0,267.00,597.00,26.00,91.33%
PIEMONTE,TORINO,1.00,DIVORZIO,"1,208.00",0,0,"1,089.00",0,0,438.00,601.00,35.00,90.15%
PIEMONTE,TORINO,1.00,DIVORZIO,382.00,0,0,352.00,0,0,178.00,156.00,15.00,92.15%
PIEMONTE,TORINO,1.00,DIVORZIO,"5,781.00",0,0,"5,302.00",0,0,"1,389.00","3,767.00",98.00,91.71%
PIEMONTE,TORINO,1.00,DIVORZIO,878.00,0,0,746.00,0,0,218.00,504.00,17.00,84.97%
PIEMONTE,TORINO,1.00,DIVORZIO,527.00,0,0,476.00,0,0,107.00,361.00,7.00,90.32%
PIEMONTE,TORINO,1.00,DIVORZIO,"8,127.00",0,0,"7,150.00",0,0,"1,786.00","5,142.00",157.00,87.98%
PIEMONTE,TORINO,1.00,DIVORZIO,836.00,0,0,790.00,0,0,123.00,649.00,12.00,94.50%
PIEMONTE,TORINO,1.00,DIVORZIO,342.00,0,0,293.00,0,0,89.00,192.00,6.00,85.67%
PIEMONTE,TORINO,1.00,DIVORZIO,273.00,0,0,220.00,0,0,59.00,150.00,7.00,80.59%
PIEMONTE,TORINO,1.00,DIVORZIO,627.00,0,0,546.00,0,0,197.00,337.00,6.00,87.08%
PIEMONTE,TORINO,1.00,DIVORZIO,"19,688.00",0,0,"18,278.00",0,0,"3,322.00","14,675.00",171.00,92.84%
PIEMONTE,TORINO,1.00,DIVORZIO,162.00,0,0,109.00,0,0,39.00,65.00,4.00,67.28%
PIEMONTE,TORINO,1.00,DIVORZIO,473.00,0,0,420.00,0,0,22.00,392.00,5.00,88.79%
PIEMONTE,TORINO,1.00,DIVORZIO,224.00,0,0,208.00,0,0,156.00,47.00,3.00,92.86%
PIEMONTE,TORINO,1.00,DIVORZIO,334.00,0,0,294.00,0,0,98.00,186.00,7.00,88.02%
PIEMONTE,TORINO,1.00,DIVORZIO,"20,419.00",0,0,"19,112.00",0,0,"3,259.00","15,510.00",213.00,93.60%
PIEMONTE,TORINO,1.00,DIVORZIO,588.00,0,0,564.00,0,0,134.00,414.00,8.00,95.92%
PIEMONTE,TORINO,1.00,DIVORZIO,"3,398.00",0,0,"3,146.00",0,0,812.00,"2,250.00",52.00,92.58%
PIEMONTE,TORINO,1.00,DIVORZIO,"4,034.00",0,0,"3,717.00",0,0,"1,118.00","2,476.00",82.00,92.14%
PIEMONTE,TORINO,1.00,DIVORZIO,916.00,0,0,812.00,0,0,269.00,513.00,24.00,88.65%
PIEMONTE,TORINO,1.00,DIVORZIO,"6,099.00",0,0,"5,617.00",0,0,"1,277.00","4,197.00",87.00,92.10%
PIEMONTE,TORINO,1.00,DIVORZIO,365.00,0,0,285.00,0,0,118.00,155.00,10.00,78.08%
PIEMONTE,TORINO,1.00,DIVORZIO,"1,407.00",0,0,"1,267.00",0,0,252.00,981.00,17.00,90.05%
PIEMONTE,TORINO,1.00,DIVORZIO,429.00,0,0,379.00,0,0,120.00,248.00,8.00,88.34%
PIEMONTE,TORINO,1.00,DIVORZIO,"1,761.00",0,0,"1,332.00",0,0,449.00,823.00,38.00,75.64%
PIEMONTE,TORINO,1.00,DIVORZIO,750.00,0,0,710.00,0,0,259.00,420.00,23.00,94.67%
PIEMONTE,TORINO,1.00,DIVORZIO,665.00,0,0,595.00,0,0,317.00,239.00,31.00,89.47%
PIEMONTE,TORINO,1.00,DIVORZIO,763.00,0,0,700.00,0,0,155.00,525.00,14.00,91.74%
PIEMONTE,TORINO,1.00,DIVORZIO,313.00,0,0,291.00,0,0,31.00,254.00,2.00,92.97%
PIEMONTE,TORINO,1.00,DIVORZIO,"5,240.00",0,0,"4,815.00",0,0,"1,179.00","3,475.00",103.00,91.89%
PIEMONTE,TORINO,1.00,DIVORZIO,430.00,0,0,384.00,0,0,202.00,169.00,12.00,89.30%
PIEMONTE,TORINO,1.00,DIVORZIO,386.00,0,0,359.00,0,0,145.00,194.00,6.00,93.01%
PIEMONTE,TORINO,1.00,DIVORZIO,784.00,0,0,729.00,0,0,438.00,255.00,25.00,92.98%
PIEMONTE,TORINO,1.00,DIVORZIO,454.00,0,0,391.00,0,0,117.00,243.00,24.00,86.12%
PIEMONTE,TORINO,1.00,DIVORZIO,467.00,0,0,370.00,0,0,165.00,184.00,20.00,79.23%
PIEMONTE,TORINO,1.00,DIVORZIO,134.00,0,0,109.00,0,0,9.00,100.00,0.00,81.34%
PIEMONTE,TORINO,1.00,DIVORZIO,"2,906.00",0,0,"2,601.00",0,0,757.00,"1,752.00",74.00,89.50%
PIEMONTE,TORINO,1.00,DIVORZIO,633.00,0,0,540.00,0,0,132.00,381.00,16.00,85.31%
PIEMONTE,TORINO,1.00,DIVORZIO,"2,573.00",0,0,"2,290.00",0,0,609.00,"1,570.00",87.00,89.00%
PIEMONTE,TORINO,1.00,DIVORZIO,674.00,0,0,576.00,0,0,107.00,446.00,12.00,85.46%
PIEMONTE,TORINO,1.00,DIVORZIO,"1,007.00",0,0,895.00,0,0,174.00,696.00,11.00,88.88%
PIEMONTE,TORINO,1.00,DIVORZIO,129.00,0,0,111.00,0,0,26.00,80.00,2.00,86.05%
PIEMONTE,TORINO,1.00,DIVORZIO,901.00,0,0,655.00,0,0,111.00,517.00,17.00,72.70%
PIEMONTE,TORINO,1.00,DIVORZIO,237.00,0,0,201.00,0,0,99.00,86.00,10.00,84.81%
PIEMONTE,TORINO,1.00,DIVORZIO,585.00,0,0,513.00,0,0,83.00,411.00,14.00,87.69%
PIEMONTE,TORINO,1.00,DIVORZIO,400.00,0,0,316.00,0,0,151.00,132.00,22.00,79.00%
PIEMONTE,TORINO,1.00,DIVORZIO,"41,071.00",0,0,"37,961.00",0,0,"8,322.00","28,890.00",483.00,92.43%
PIEMONTE,TORINO,1.00,DIVORZIO,34.00,0,0,31.00,0,0,13.00,16.00,1.00,91.18%
PIEMONTE,TORINO,1.00,DIVORZIO,330.00,0,0,295.00,0,0,146.00,135.00,11.00,89.39%
PIEMONTE,TORINO,1.00,DIVORZIO,632.00,0,0,562.00,0,0,122.00,423.00,12.00,88.92%
PIEMONTE,TORINO,1.00,DIVORZIO,"2,329.00",0,0,"2,155.00",0,0,413.00,"1,697.00",20.00,92.53%
PIEMONTE,TORINO,1.00,DIVORZIO,"3,645.00",0,0,"3,345.00",0,0,938.00,"2,313.00",58.00,91.77%
PIEMONTE,TORINO,1.00,DIVORZIO,599.00,0,0,536.00,0,0,175.00,346.00,5.00,89.48%
PIEMONTE,TORINO,1.00,DIVORZIO,499.00,0,0,424.00,0,0,214.00,177.00,29.00,84.97%
PIEMONTE,TORINO,1.00,DIVORZIO,"28,678.00",0,0,"26,702.00",0,0,"5,646.00","20,598.00",270.00,93.11%
PIEMONTE,TORINO,1.00,DIVORZIO,366.00,0,0,272.00,0,0,115.00,136.00,15.00,74.32%
PIEMONTE,TORINO,1.00,DIVORZIO,"3,390.00",0,0,"2,968.00",0,0,868.00,"1,974.00",83.00,87.55%
PIEMONTE,TORINO,1.00,DIVORZIO,305.00,0,0,275.00,0,0,59.00,206.00,7.00,90.16%
PIEMONTE,TORINO,1.00,DIVORZIO,"3,449.00",0,0,"3,133.00",0,0,"1,034.00","1,999.00",61.00,90.84%
PIEMONTE,TORINO,1.00,DIVORZIO,426.00,0,0,386.00,0,0,174.00,194.00,14.00,90.61%
PIEMONTE,TORINO,1.00,DIVORZIO,888.00,0,0,807.00,0,0,272.00,498.00,26.00,90.88%
PIEMONTE,TORINO,1.00,DIVORZIO,"11,383.00",0,0,"11,035.00",0,0,"2,480.00","8,307.00",137.00,96.94%
PIEMONTE,TORINO,1.00,DIVORZIO,711.00,0,0,636.00,0,0,182.00,430.00,21.00,89.45%
PIEMONTE,TORINO,1.00,DIVORZIO,487.00,0,0,451.00,0,0,211.00,218.00,15.00,92.61%
PIEMONTE,TORINO,1.00,DIVORZIO,409.00,0,0,358.00,0,0,213.00,122.00,14.00,87.53%
PIEMONTE,TORINO,1.00,DIVORZIO,"1,296.00",0,0,"1,140.00",0,0,308.00,811.00,17.00,87.96%
PIEMONTE,TORINO,1.00,DIVORZIO,710.00,0,0,655.00,0,0,176.00,450.00,22.00,92.25%
PIEMONTE,TORINO,1.00,DIVORZIO,675.00,0,0,603.00,0,0,99.00,494.00,7.00,89.33%
PIEMONTE,TORINO,1.00,DIVORZIO,"1,275.00",0,0,"1,273.00",0,0,794.00,423.00,37.00,99.84%
PIEMONTE,TORINO,1.00,DIVORZIO,376.00,0,0,342.00,0,0,80.00,259.00,2.00,90.96%
PIEMONTE,TORINO,1.00,DIVORZIO,260.00,0,0,207.00,0,0,91.00,112.00,3.00,79.62%
PIEMONTE,TORINO,1.00,DIVORZIO,"2,196.00",0,0,"1,961.00",0,0,368.00,"1,545.00",31.00,89.30%
PIEMONTE,TORINO,1.00,DIVORZIO,184.00,0,0,169.00,0,0,43.00,114.00,6.00,91.85%
PIEMONTE,TORINO,1.00,DIVORZIO,"1,462.00",0,0,"1,431.00",0,0,467.00,933.00,26.00,97.88%
PIEMONTE,TORINO,1.00,DIVORZIO,"3,247.00",0,0,"2,992.00",0,0,690.00,"2,199.00",58.00,92.15%
PIEMONTE,TORINO,1.00,DIVORZIO,325.00,0,0,284.00,0,0,51.00,230.00,2.00,87.38%
PIEMONTE,TORINO,1.00,DIVORZIO,988.00,0,0,858.00,0,0,212.00,636.00,6.00,86.84%
PIEMONTE,TORINO,1.00,DIVORZIO,460.00,0,0,401.00,0,0,190.00,181.00,22.00,87.17%
PIEMONTE,TORINO,1.00,DIVORZIO,620.00,0,0,528.00,0,0,143.00,365.00,14.00,85.16%
PIEMONTE,TORINO,1.00,DIVORZIO,"6,311.00",0,0,"5,840.00",0,0,"1,428.00","4,275.00",82.00,92.54%
PIEMONTE,TORINO,1.00,DIVORZIO,"2,180.00",0,0,"1,943.00",0,0,557.00,"1,307.00",60.00,89.13%
PIEMONTE,TORINO,1.00,DIVORZIO,"26,905.00",0,0,"24,937.00",0,0,"6,475.00","17,867.00",365.00,92.69%
PIEMONTE,TORINO,1.00,DIVORZIO,"4,888.00",0,0,"4,328.00",0,0,"1,258.00","2,983.00",65.00,88.54%
PIEMONTE,TORINO,1.00,DIVORZIO,"1,544.00",0,0,"1,435.00",0,0,719.00,666.00,36.00,92.94%
PIEMONTE,TORINO,1.00,DIVORZIO,"7,849.00",0,0,"7,311.00",0,0,"1,609.00","5,532.00",99.00,93.15%
PIEMONTE,TORINO,1.00,DIVORZIO,"1,645.00",0,0,"1,507.00",0,0,749.00,700.00,44.00,91.61%
PIEMONTE,TORINO,1.00,DIVORZIO,958.00,0,0,845.00,0,0,188.00,619.00,27.00,88.20%
PIEMONTE,TORINO,1.00,DIVORZIO,"4,378.00",0,0,"4,021.00",0,0,"2,141.00","1,769.00",66.00,91.85%
PIEMONTE,TORINO,1.00,DIVORZIO,"1,058.00",0,0,"1,064.00",0,0,116.00,932.00,6.00,100.57%
PIEMONTE,TORINO,1.00,DIVORZIO,"3,720.00",0,0,"3,269.00",0,0,961.00,"2,170.00",106.00,87.88%
PIEMONTE,TORINO,1.00,DIVORZIO,721.00,0,0,680.00,0,0,180.00,479.00,15.00,94.31%
PIEMONTE,TORINO,1.00,DIVORZIO,443.00,0,0,382.00,0,0,132.00,236.00,13.00,86.23%
PIEMONTE,TORINO,1.00,DIVORZIO,387.00,0,0,335.00,0,0,49.00,284.00,1.00,86.56%
PIEMONTE,TORINO,1.00,DIVORZIO,906.00,0,0,804.00,0,0,489.00,279.00,23.00,88.74%
PIEMONTE,TORINO,1.00,DIVORZIO,400.00,0,0,334.00,0,0,29.00,301.00,2.00,83.50%
PIEMONTE,TORINO,1.00,DIVORZIO,707.00,0,0,578.00,0,0,37.00,535.00,2.00,81.75%
PIEMONTE,TORINO,1.00,DIVORZIO,520.00,0,0,439.00,0,0,144.00,267.00,26.00,84.42%
PIEMONTE,TORINO,1.00,DIVORZIO,539.00,0,0,446.00,0,0,128.00,304.00,10.00,82.75%
PIEMONTE,TORINO,1.00,DIVORZIO,244.00,0,0,216.00,0,0,28.00,181.00,6.00,88.52%
PIEMONTE,TORINO,1.00,DIVORZIO,347.00,0,0,322.00,0,0,80.00,231.00,7.00,92.80%
PIEMONTE,TORINO,1.00,DIVORZIO,839.00,0,0,752.00,0,0,183.00,546.00,16.00,89.63%
PIEMONTE,TORINO,1.00,DIVORZIO,678.00,0,0,612.00,0,0,160.00,430.00,13.00,90.27%
PIEMONTE,TORINO,1.00,DIVORZIO,223.00,0,0,165.00,0,0,45.00,101.00,13.00,73.99%
PIEMONTE,TORINO,1.00,DIVORZIO,508.00,0,0,471.00,0,0,233.00,225.00,12.00,92.72%
PIEMONTE,TORINO,1.00,DIVORZIO,"7,227.00",0,0,"6,663.00",0,0,"1,532.00","4,881.00",99.00,92.20%
PIEMONTE,TORINO,1.00,DIVORZIO,"1,537.00",0,0,"1,391.00",0,0,865.00,495.00,24.00,90.50%
PIEMONTE,TORINO,1.00,DIVORZIO,"1,778.00",0,0,"1,544.00",0,0,502.00,957.00,51.00,86.84%
PIEMONTE,TORINO,1.00,DIVORZIO,"7,798.00",0,0,"7,133.00",0,0,"2,122.00","4,750.00",165.00,91.47%
PIEMONTE,TORINO,1.00,DIVORZIO,622.00,0,0,517.00,0,0,141.00,351.00,16.00,83.12%
PIEMONTE,TORINO,1.00,DIVORZIO,"32,449.00",0,0,"30,228.00",0,0,"6,254.00","23,357.00",317.00,93.16%
PIEMONTE,TORINO,1.00,DIVORZIO,"1,428.00",0,0,"1,289.00",0,0,284.00,967.00,30.00,90.27%
PIEMONTE,TORINO,1.00,DIVORZIO,"1,186.00",0,0,962.00,0,0,294.00,621.00,33.00,81.11%
PIEMONTE,TORINO,1.00,DIVORZIO,661.00,0,0,593.00,0,0,292.00,286.00,9.00,89.71%
PIEMONTE,TORINO,1.00,DIVORZIO,"1,513.00",0,0,"1,360.00",0,0,335.00,972.00,30.00,89.89%
PIEMONTE,TORINO,1.00,DIVORZIO,983.00,0,0,397.00,0,0,155.00,232.00,7.00,40.39%
PIEMONTE,TORINO,1.00,DIVORZIO,"1,231.00",0,0,"1,069.00",0,0,304.00,723.00,37.00,86.84%
PIEMONTE,TORINO,1.00,DIVORZIO,217.00,0,0,171.00,0,0,10.00,159.00,2.00,78.80%
PIEMONTE,TORINO,1.00,DIVORZIO,"1,533.00",0,0,"1,410.00",0,0,261.00,"1,119.00",24.00,91.98%
PIEMONTE,TORINO,1.00,DIVORZIO,929.00,0,0,849.00,0,0,119.00,703.00,15.00,91.39%
PIEMONTE,TORINO,1.00,DIVORZIO,849.00,0,0,750.00,0,0,208.00,517.00,20.00,88.34%
PIEMONTE,TORINO,1.00,DIVORZIO,833.00,0,0,673.00,0,0,108.00,538.00,17.00,80.79%
PIEMONTE,TORINO,1.00,DIVORZIO,"1,122.00",0,0,"1,037.00",0,0,352.00,603.00,65.00,92.42%
PIEMONTE,TORINO,1.00,DIVORZIO,403.00,0,0,333.00,0,0,62.00,263.00,4.00,82.63%
PIEMONTE,TORINO,1.00,DIVORZIO,324.00,0,0,301.00,0,0,64.00,229.00,4.00,92.90%
PIEMONTE,TORINO,1.00,DIVORZIO,117.00,0,0,106.00,0,0,27.00,79.00,0.00,90.60%
PIEMONTE,TORINO,1.00,DIVORZIO,953.00,0,0,906.00,0,0,178.00,709.00,14.00,95.07%
PIEMONTE,TORINO,1.00,DIVORZIO,"2,174.00",0,0,"1,985.00",0,0,658.00,"1,267.00",46.00,91.31%
PIEMONTE,TORINO,1.00,DIVORZIO,"2,006.00",0,0,"1,766.00",0,0,368.00,900.00,52.00,88.04%
PIEMONTE,TORINO,1.00,DIVORZIO,245.00,0,0,207.00,0,0,68.00,127.00,8.00,84.49%
PIEMONTE,TORINO,1.00,DIVORZIO,309.00,0,0,272.00,0,0,43.00,216.00,9.00,88.03%
PIEMONTE,TORINO,1.00,DIVORZIO,"2,323.00",0,0,"2,011.00",0,0,671.00,"1,263.00",44.00,86.57%
PIEMONTE,TORINO,1.00,DIVORZIO,"1,135.00",0,0,"1,067.00",0,0,238.00,809.00,13.00,94.01%
PIEMONTE,TORINO,1.00,DIVORZIO,"1,408.00",0,0,"1,233.00",0,0,154.00,"1,062.00",11.00,87.57%
PIEMONTE,TORINO,1.00,DIVORZIO,914.00,0,0,892.00,0,0,228.00,608.00,13.00,97.59%
PIEMONTE,TORINO,1.00,DIVORZIO,"1,720.00",0,0,"1,546.00",0,0,532.00,949.00,49.00,89.88%
PIEMONTE,TORINO,1.00,DIVORZIO,740.00,0,0,635.00,0,0,136.00,486.00,10.00,85.81%
PIEMONTE,TORINO,1.00,DIVORZIO,"1,787.00",0,0,"1,628.00",0,0,460.00,"1,099.00",44.00,91.10%
PIEMONTE,TORINO,1.00,DIVORZIO,585.00,0,0,464.00,0,0,128.00,304.00,18.00,79.32%
PIEMONTE,TORINO,1.00,DIVORZIO,"4,920.00",0,0,"4,499.00",0,0,"1,084.00","3,212.00",141.00,91.44%
PIEMONTE,TORINO,1.00,DIVORZIO,"8,906.00",0,0,"8,266.00",0,0,"1,857.00","6,205.00",133.00,92.81%
PIEMONTE,TORINO,1.00,DIVORZIO,636.00,0,0,558.00,0,0,164.00,378.00,14.00,87.74%
PIEMONTE,TORINO,1.00,DIVORZIO,210.00,0,0,198.00,0,0,63.00,122.00,11.00,94.29%
PIEMONTE,TORINO,1.00,DIVORZIO,"1,383.00",0,0,"1,246.00",0,0,408.00,791.00,34.00,90.09%
PIEMONTE,TORINO,1.00,DIVORZIO,"1,047.00",0,0,856.00,0,0,335.00,472.00,31.00,81.76%
PIEMONTE,TORINO,1.00,DIVORZIO,"1,735.00",0,0,"1,570.00",0,0,434.00,"1,091.00",26.00,90.49%
PIEMONTE,TORINO,1.00,DIVORZIO,"2,808.00",0,0,"2,563.00",0,0,612.00,"1,889.00",41.00,91.27%
PIEMONTE,TORINO,1.00,DIVORZIO,"2,414.00",0,0,"2,276.00",0,0,443.00,"1,789.00",37.00,94.28%
PIEMONTE,TORINO,1.00,DIVORZIO,"5,566.00",0,0,"5,073.00",0,0,"1,956.00","2,922.00",116.00,91.14%
PIEMONTE,TORINO,1.00,DIVORZIO,145.00,0,0,100.00,0,0,32.00,66.00,1.00,68.97%
PIEMONTE,TORINO,1.00,DIVORZIO,564.00,0,0,502.00,0,0,143.00,346.00,6.00,89.01%
PIEMONTE,TORINO,1.00,DIVORZIO,"1,710.00",0,0,"1,590.00",0,0,827.00,685.00,55.00,92.98%
PIEMONTE,TORINO,1.00,DIVORZIO,597.00,0,0,545.00,0,0,140.00,390.00,5.00,91.29%
PIEMONTE,TORINO,1.00,DIVORZIO,559.00,0,0,484.00,0,0,171.00,280.00,28.00,86.58%
PIEMONTE,TORINO,1.00,DIVORZIO,457.00,0,0,397.00,0,0,103.00,276.00,15.00,86.87%
PIEMONTE,TORINO,1.00,DIVORZIO,454.00,0,0,410.00,0,0,196.00,190.00,14.00,90.31%
PIEMONTE,TORINO,1.00,DIVORZIO,"27,362.00",0,0,"25,648.00",0,0,"5,025.00","20,118.00",325.00,93.74%
PIEMONTE,TORINO,1.00,DIVORZIO,"1,355.00",0,0,"1,182.00",0,0,226.00,920.00,27.00,87.23%
PIEMONTE,TORINO,1.00,DIVORZIO,948.00,0,0,691.00,0,0,231.00,410.00,28.00,72.89%
PIEMONTE,TORINO,1.00,DIVORZIO,202.00,0,0,185.00,0,0,16.00,169.00,0.00,91.58%
PIEMONTE,TORINO,1.00,DIVORZIO,"4,274.00",0,0,"3,943.00",0,0,"1,051.00","2,753.00",81.00,92.26%
PIEMONTE,TORINO,1.00,DIVORZIO,"5,139.00",0,0,"4,562.00",0,0,"1,342.00","3,154.00",66.00,88.77%
PIEMONTE,TORINO,1.00,DIVORZIO,634.00,0,0,550.00,0,0,91.00,453.00,3.00,86.75%
PIEMONTE,TORINO,1.00,DIVORZIO,"860,726.00",0,0,"780,799.00",0,0,"154,908.00","614,066.00","6,846.00",90.71%
PIEMONTE,TORINO,1.00,DIVORZIO,"1,426.00",0,0,"1,330.00",0,0,461.00,816.00,32.00,93.27%
PIEMONTE,TORINO,1.00,DIVORZIO,450.00,0,0,391.00,0,0,83.00,295.00,12.00,86.89%
PIEMONTE,TORINO,1.00,DIVORZIO,"3,684.00",0,0,"3,185.00",0,0,411.00,"2,706.00",43.00,86.45%
PIEMONTE,TORINO,1.00,DIVORZIO,"1,420.00",0,0,"1,232.00",0,0,316.00,869.00,26.00,86.76%
PIEMONTE,TORINO,1.00,DIVORZIO,155.00,0,0,103.00,0,0,14.00,83.00,5.00,66.45%
PIEMONTE,TORINO,1.00,DIVORZIO,523.00,0,0,402.00,0,0,65.00,330.00,4.00,76.86%
PIEMONTE,TORINO,1.00,DIVORZIO,447.00,0,0,374.00,0,0,65.00,282.00,22.00,83.67%
PIEMONTE,TORINO,1.00,DIVORZIO,"5,511.00",0,0,"5,136.00",0,0,"1,469.00","3,515.00",96.00,93.20%
PIEMONTE,TORINO,1.00,DIVORZIO,274.00,0,0,203.00,0,0,62.00,130.00,8.00,74.09%
PIEMONTE,TORINO,1.00,DIVORZIO,389.00,0,0,279.00,0,0,52.00,216.00,7.00,71.72%
PIEMONTE,TORINO,1.00,DIVORZIO,866.00,0,0,783.00,0,0,190.00,565.00,20.00,90.42%
PIEMONTE,TORINO,1.00,DIVORZIO,"1,586.00",0,0,"1,456.00",0,0,384.00,"1,015.00",32.00,91.80%
PIEMONTE,TORINO,1.00,DIVORZIO,473.00,0,0,439.00,0,0,161.00,260.00,14.00,92.81%
PIEMONTE,TORINO,1.00,DIVORZIO,247.00,0,0,204.00,0,0,54.00,143.00,6.00,82.59%
PIEMONTE,TORINO,1.00,DIVORZIO,"2,535.00",0,0,"2,299.00",0,0,621.00,"1,578.00",84.00,90.69%
PIEMONTE,TORINO,1.00,DIVORZIO,320.00,0,0,184.00,0,0,68.00,100.00,14.00,57.50%
PIEMONTE,TORINO,1.00,DIVORZIO,466.00,0,0,440.00,0,0,115.00,290.00,16.00,94.42%
PIEMONTE,TORINO,1.00,DIVORZIO,865.00,0,0,722.00,0,0,197.00,473.00,19.00,83.47%
PIEMONTE,TORINO,1.00,DIVORZIO,"15,763.00",0,0,"14,919.00",0,0,"2,951.00","11,693.00",161.00,94.65%
PIEMONTE,TORINO,1.00,DIVORZIO,662.00,0,0,608.00,0,0,239.00,339.00,24.00,91.84%
PIEMONTE,TORINO,1.00,DIVORZIO,"3,495.00",0,0,"3,164.00",0,0,"1,065.00","1,964.00",100.00,90.53%
PIEMONTE,TORINO,1.00,DIVORZIO,"1,203.00",0,0,999.00,0,0,247.00,699.00,39.00,83.04%
PIEMONTE,TORINO,1.00,DIVORZIO,766.00,0,0,693.00,0,0,139.00,534.00,14.00,90.47%
PIEMONTE,TORINO,1.00,DIVORZIO,176.00,0,0,169.00,0,0,57.00,108.00,2.00,96.02%
PIEMONTE,TORINO,1.00,DIVORZIO,845.00,0,0,691.00,0,0,111.00,566.00,5.00,81.78%
PIEMONTE,TORINO,1.00,DIVORZIO,270.00,0,0,239.00,0,0,63.00,160.00,13.00,88.52%
PIEMONTE,TORINO,1.00,DIVORZIO,"3,515.00",0,0,"3,143.00",0,0,"1,476.00","1,538.00",91.00,89.42%
PIEMONTE,TORINO,1.00,DIVORZIO,"3,477.00",0,0,"3,054.00",0,0,"1,581.00","1,369.00",72.00,87.83%
PIEMONTE,TORINO,1.00,DIVORZIO,764.00,0,0,695.00,0,0,186.00,473.00,22.00,90.97%
PIEMONTE,TORINO,1.00,DIVORZIO,"1,150.00",0,0,"1,096.00",0,0,321.00,743.00,21.00,95.30%
PIEMONTE,TORINO,1.00,DIVORZIO,"1,384.00",0,0,"1,251.00",0,0,290.00,923.00,26.00,90.39%
PIEMONTE,TORINO,1.00,DIVORZIO,852.00,0,0,768.00,0,0,314.00,407.00,40.00,90.14%
PIEMONTE,TORINO,1.00,DIVORZIO,"1,379.00",0,0,"1,219.00",0,0,189.00,997.00,23.00,88.40%
PIEMONTE,TORINO,1.00,DIVORZIO,952.00,0,0,764.00,0,0,68.00,685.00,8.00,80.25%
PIEMONTE,TORINO,1.00,DIVORZIO,"2,852.00",0,0,"2,700.00",0,0,398.00,"2,240.00",41.00,94.67%
PIEMONTE,TORINO,1.00,DIVORZIO,"3,115.00",0,0,"2,856.00",0,0,"1,012.00","1,732.00",82.00,91.69%
PIEMONTE,TORINO,1.00,DIVORZIO,"5,461.00",0,0,"5,049.00",0,0,"1,859.00","3,044.00",99.00,92.46%
PIEMONTE,TORINO,1.00,DIVORZIO,634.00,0,0,566.00,0,0,336.00,203.00,22.00,89.27%
PIEMONTE,TORINO,1.00,DIVORZIO,"1,213.00",0,0,995.00,0,0,268.00,667.00,42.00,82.03%
PIEMONTE,TORINO,1.00,DIVORZIO,419.00,0,0,393.00,0,0,62.00,320.00,9.00,93.79%
PIEMONTE,TORINO,1.00,DIVORZIO,"1,321.00",0,0,910.00,0,0,298.00,570.00,30.00,68.89%
PIEMONTE,TORINO,1.00,DIVORZIO,"5,807.00",0,0,"5,297.00",0,0,"1,563.00","3,573.00",109.00,91.22%
PIEMONTE,TORINO,1.00,DIVORZIO,"2,326.00",0,0,"2,164.00",0,0,748.00,"1,330.00",54.00,93.04%
SICILIA,TRAPANI,1.00,DIVORZIO,"28,175.00",0,0,"24,025.00",0,0,"12,687.00","10,549.00",198.00,85.27%
SICILIA,TRAPANI,1.00,DIVORZIO,"2,750.00",0,0,"2,219.00",0,0,"1,308.00",847.00,12.00,80.69%
SICILIA,TRAPANI,1.00,DIVORZIO,"6,360.00",0,0,"4,870.00",0,0,"3,596.00","1,149.00",41.00,76.57%
SICILIA,TRAPANI,1.00,DIVORZIO,"8,818.00",0,0,"6,142.00",0,0,"2,182.00","3,857.00",20.00,69.65%
SICILIA,TRAPANI,1.00,DIVORZIO,"10,066.00",0,0,"6,998.00",0,0,"3,699.00","3,117.00",80.00,69.52%
SICILIA,TRAPANI,1.00,DIVORZIO,"20,112.00",0,0,"14,899.00",0,0,"5,502.00","9,178.00",58.00,74.08%
SICILIA,TRAPANI,1.00,DIVORZIO,"3,041.00",0,0,"2,442.00",0,0,"1,809.00",597.00,10.00,80.30%
SICILIA,TRAPANI,1.00,DIVORZIO,"14,559.00",0,0,"11,778.00",0,0,"5,304.00","6,295.00",58.00,80.90%
SICILIA,TRAPANI,1.00,DIVORZIO,"3,125.00",0,0,"2,287.00",0,0,"1,346.00",879.00,16.00,73.18%
SICILIA,TRAPANI,1.00,DIVORZIO,"3,896.00",0,0,"2,759.00",0,0,"1,649.00",994.00,24.00,70.82%
SICILIA,TRAPANI,1.00,DIVORZIO,"55,439.00",0,0,"46,340.00",0,0,"20,732.00","24,376.00",319.00,83.59%
SICILIA,TRAPANI,1.00,DIVORZIO,"25,151.00",0,0,"16,753.00",0,0,"6,745.00","9,711.00",125.00,66.61%
SICILIA,TRAPANI,1.00,DIVORZIO,"8,273.00",0,0,"6,794.00",0,0,"2,594.00","4,044.00",38.00,82.12%
SICILIA,TRAPANI,1.00,DIVORZIO,"6,042.00",0,0,"3,871.00",0,0,"2,225.00","1,550.00",32.00,64.07%
SICILIA,TRAPANI,1.00,DIVORZIO,"9,016.00",0,0,"6,985.00",0,0,"2,890.00","4,003.00",31.00,77.47%
SICILIA,TRAPANI,1.00,DIVORZIO,"1,605.00",0,0,"1,114.00",0,0,713.00,377.00,1.00,69.41%
SICILIA,TRAPANI,1.00,DIVORZIO,"1,672.00",0,0,"1,212.00",0,0,766.00,417.00,8.00,72.49%
SICILIA,TRAPANI,1.00,DIVORZIO,"9,825.00",0,0,"7,362.00",0,0,"4,035.00","3,115.00",47.00,74.93%
SICILIA,TRAPANI,1.00,DIVORZIO,"4,059.00",0,0,"3,111.00",0,0,"1,146.00","1,870.00",41.00,76.64%
SICILIA,TRAPANI,1.00,DIVORZIO,"2,821.00",0,0,"1,869.00",0,0,"1,110.00",739.00,5.00,66.25%
SICILIA,TRAPANI,1.00,DIVORZIO,"46,626.00",0,0,"36,817.00",0,0,"17,290.00","18,959.00",205.00,78.96%
SICILIA,TRAPANI,1.00,DIVORZIO,"6,794.00",0,0,"5,725.00",0,0,"2,558.00","3,038.00",41.00,84.27%
SICILIA,TRAPANI,1.00,DIVORZIO,"2,222.00",0,0,"1,815.00",0,0,"1,330.00",441.00,7.00,81.68%
TRENTINO-ALTO ADIGE,TRENTO,1.00,DIVORZIO,"4,393.00",0,0,"4,093.00",0,0,"2,074.00","1,899.00",76.00,93.17%
TRENTINO-ALTO ADIGE,TRENTO,1.00,DIVORZIO,873.00,0,0,841.00,0,0,634.00,185.00,15.00,96.33%
TRENTINO-ALTO ADIGE,TRENTO,1.00,DIVORZIO,"1,401.00",0,0,"1,314.00",0,0,643.00,632.00,28.00,93.79%
TRENTINO-ALTO ADIGE,TRENTO,1.00,DIVORZIO,158.00,0,0,145.00,0,0,89.00,48.00,6.00,91.77%
TRENTINO-ALTO ADIGE,TRENTO,1.00,DIVORZIO,626.00,0,0,538.00,0,0,348.00,149.00,30.00,85.94%
TRENTINO-ALTO ADIGE,TRENTO,1.00,DIVORZIO,"7,530.00",0,0,"7,263.00",0,0,"3,088.00","4,021.00",102.00,96.45%
TRENTINO-ALTO ADIGE,TRENTO,1.00,DIVORZIO,"2,362.00",0,0,"2,163.00",0,0,"1,357.00",735.00,53.00,91.57%
TRENTINO-ALTO ADIGE,TRENTO,1.00,DIVORZIO,"2,693.00",0,0,"2,319.00",0,0,"1,233.00","1,020.00",48.00,86.11%
TRENTINO-ALTO ADIGE,TRENTO,1.00,DIVORZIO,"1,133.00",0,0,978.00,0,0,551.00,407.00,14.00,86.32%
TRENTINO-ALTO ADIGE,TRENTO,1.00,DIVORZIO,229.00,0,0,213.00,0,0,149.00,51.00,8.00,93.01%
TRENTINO-ALTO ADIGE,TRENTO,1.00,DIVORZIO,"1,081.00",0,0,943.00,0,0,495.00,418.00,24.00,87.23%
TRENTINO-ALTO ADIGE,TRENTO,1.00,DIVORZIO,402.00,0,0,325.00,0,0,187.00,121.00,13.00,80.85%
TRENTINO-ALTO ADIGE,TRENTO,1.00,DIVORZIO,376.00,0,0,293.00,0,0,119.00,162.00,10.00,77.93%
TRENTINO-ALTO ADIGE,TRENTO,1.00,DIVORZIO,663.00,0,0,590.00,0,0,327.00,237.00,22.00,88.99%
TRENTINO-ALTO ADIGE,TRENTO,1.00,DIVORZIO,985.00,0,0,857.00,0,0,619.00,216.00,14.00,87.01%
TRENTINO-ALTO ADIGE,TRENTO,1.00,DIVORZIO,235.00,0,0,216.00,0,0,162.00,49.00,5.00,91.91%
TRENTINO-ALTO ADIGE,TRENTO,1.00,DIVORZIO,228.00,0,0,209.00,0,0,158.00,43.00,6.00,91.67%
TRENTINO-ALTO ADIGE,TRENTO,1.00,DIVORZIO,414.00,0,0,351.00,0,0,251.00,93.00,6.00,84.78%
TRENTINO-ALTO ADIGE,TRENTO,1.00,DIVORZIO,498.00,0,0,368.00,0,0,237.00,121.00,6.00,73.90%
TRENTINO-ALTO ADIGE,TRENTO,1.00,DIVORZIO,"3,437.00",0,0,"3,074.00",0,0,"1,388.00","1,591.00",65.00,89.44%
TRENTINO-ALTO ADIGE,TRENTO,1.00,DIVORZIO,418.00,0,0,387.00,0,0,196.00,188.00,1.00,92.58%
TRENTINO-ALTO ADIGE,TRENTO,1.00,DIVORZIO,381.00,0,0,338.00,0,0,217.00,111.00,9.00,88.71%
TRENTINO-ALTO ADIGE,TRENTO,1.00,DIVORZIO,"2,111.00",0,0,"1,884.00",0,0,"1,014.00",798.00,49.00,89.25%
TRENTINO-ALTO ADIGE,TRENTO,1.00,DIVORZIO,267.00,0,0,242.00,0,0,184.00,48.00,10.00,90.64%
TRENTINO-ALTO ADIGE,TRENTO,1.00,DIVORZIO,664.00,0,0,574.00,0,0,426.00,123.00,19.00,86.45%
TRENTINO-ALTO ADIGE,TRENTO,1.00,DIVORZIO,123.00,0,0,120.00,0,0,101.00,19.00,0.00,97.56%
TRENTINO-ALTO ADIGE,TRENTO,1.00,DIVORZIO,345.00,0,0,302.00,0,0,203.00,85.00,12.00,87.54%
TRENTINO-ALTO ADIGE,TRENTO,1.00,DIVORZIO,283.00,0,0,244.00,0,0,163.00,66.00,11.00,86.22%
TRENTINO-ALTO ADIGE,TRENTO,1.00,DIVORZIO,692.00,0,0,651.00,0,0,374.00,258.00,11.00,94.08%
TRENTINO-ALTO ADIGE,TRENTO,1.00,DIVORZIO,630.00,0,0,551.00,0,0,248.00,284.00,12.00,87.46%
TRENTINO-ALTO ADIGE,TRENTO,1.00,DIVORZIO,835.00,0,0,688.00,0,0,397.00,244.00,30.00,82.40%
TRENTINO-ALTO ADIGE,TRENTO,1.00,DIVORZIO,"1,502.00",0,0,"1,320.00",0,0,626.00,634.00,36.00,87.88%
TRENTINO-ALTO ADIGE,TRENTO,1.00,DIVORZIO,723.00,0,0,663.00,0,0,308.00,349.00,3.00,91.70%
TRENTINO-ALTO ADIGE,TRENTO,1.00,DIVORZIO,376.00,0,0,346.00,0,0,228.00,103.00,11.00,92.02%
TRENTINO-ALTO ADIGE,TRENTO,1.00,DIVORZIO,"1,002.00",0,0,920.00,0,0,621.00,270.00,23.00,91.82%
TRENTINO-ALTO ADIGE,TRENTO,1.00,DIVORZIO,"1,897.00",0,0,"1,333.00",0,0,628.00,640.00,39.00,70.27%
TRENTINO-ALTO ADIGE,TRENTO,1.00,DIVORZIO,928.00,0,0,807.00,0,0,433.00,342.00,29.00,86.96%
TRENTINO-ALTO ADIGE,TRENTO,1.00,DIVORZIO,472.00,0,0,414.00,0,0,278.00,118.00,17.00,87.71%
TRENTINO-ALTO ADIGE,TRENTO,1.00,DIVORZIO,553.00,0,0,462.00,0,0,212.00,228.00,16.00,83.54%
TRENTINO-ALTO ADIGE,TRENTO,1.00,DIVORZIO,427.00,0,0,350.00,0,0,250.00,90.00,8.00,81.97%
TRENTINO-ALTO ADIGE,TRENTO,1.00,DIVORZIO,282.00,0,0,246.00,0,0,144.00,93.00,7.00,87.23%
TRENTINO-ALTO ADIGE,TRENTO,1.00,DIVORZIO,569.00,0,0,481.00,0,0,256.00,203.00,16.00,84.53%
TRENTINO-ALTO ADIGE,TRENTO,1.00,DIVORZIO,281.00,0,0,246.00,0,0,164.00,81.00,0.00,87.54%
TRENTINO-ALTO ADIGE,TRENTO,1.00,DIVORZIO,"1,367.00",0,0,"1,155.00",0,0,599.00,514.00,31.00,84.49%
TRENTINO-ALTO ADIGE,TRENTO,1.00,DIVORZIO,"1,480.00",0,0,"1,149.00",0,0,448.00,662.00,27.00,77.64%
TRENTINO-ALTO ADIGE,TRENTO,1.00,DIVORZIO,579.00,0,0,497.00,0,0,252.00,223.00,12.00,85.84%
TRENTINO-ALTO ADIGE,TRENTO,1.00,DIVORZIO,"2,402.00",0,0,"2,087.00",0,0,812.00,"1,183.00",72.00,86.89%
TRENTINO-ALTO ADIGE,TRENTO,1.00,DIVORZIO,651.00,0,0,542.00,0,0,333.00,189.00,14.00,83.26%
TRENTINO-ALTO ADIGE,TRENTO,1.00,DIVORZIO,375.00,0,0,314.00,0,0,240.00,65.00,6.00,83.73%
TRENTINO-ALTO ADIGE,TRENTO,1.00,DIVORZIO,"1,491.00",0,0,"1,380.00",0,0,"1,015.00",330.00,22.00,92.56%
TRENTINO-ALTO ADIGE,TRENTO,1.00,DIVORZIO,167.00,0,0,151.00,0,0,103.00,39.00,8.00,90.42%
TRENTINO-ALTO ADIGE,TRENTO,1.00,DIVORZIO,917.00,0,0,815.00,0,0,477.00,299.00,23.00,88.88%
TRENTINO-ALTO ADIGE,TRENTO,1.00,DIVORZIO,357.00,0,0,320.00,0,0,230.00,79.00,8.00,89.64%
TRENTINO-ALTO ADIGE,TRENTO,1.00,DIVORZIO,310.00,0,0,263.00,0,0,153.00,101.00,8.00,84.84%
TRENTINO-ALTO ADIGE,TRENTO,1.00,DIVORZIO,440.00,0,0,407.00,0,0,246.00,144.00,11.00,92.50%
TRENTINO-ALTO ADIGE,TRENTO,1.00,DIVORZIO,444.00,0,0,378.00,0,0,211.00,144.00,18.00,85.14%
TRENTINO-ALTO ADIGE,TRENTO,1.00,DIVORZIO,308.00,0,0,234.00,0,0,123.00,88.00,19.00,75.97%
TRENTINO-ALTO ADIGE,TRENTO,1.00,DIVORZIO,"1,751.00",0,0,"1,600.00",0,0,936.00,596.00,45.00,91.38%
TRENTINO-ALTO ADIGE,TRENTO,1.00,DIVORZIO,"3,634.00",0,0,"3,449.00",0,0,"1,693.00","1,627.00",92.00,94.91%
TRENTINO-ALTO ADIGE,TRENTO,1.00,DIVORZIO,522.00,0,0,429.00,0,0,327.00,89.00,11.00,82.18%
TRENTINO-ALTO ADIGE,TRENTO,1.00,DIVORZIO,600.00,0,0,486.00,0,0,279.00,181.00,20.00,81.00%
TRENTINO-ALTO ADIGE,TRENTO,1.00,DIVORZIO,540.00,0,0,467.00,0,0,282.00,173.00,9.00,86.48%
TRENTINO-ALTO ADIGE,TRENTO,1.00,DIVORZIO,971.00,0,0,826.00,0,0,518.00,286.00,13.00,85.07%
TRENTINO-ALTO ADIGE,TRENTO,1.00,DIVORZIO,858.00,0,0,785.00,0,0,551.00,211.00,13.00,91.49%
TRENTINO-ALTO ADIGE,TRENTO,1.00,DIVORZIO,303.00,0,0,274.00,0,0,163.00,98.00,12.00,90.43%
TRENTINO-ALTO ADIGE,TRENTO,1.00,DIVORZIO,368.00,0,0,344.00,0,0,209.00,123.00,9.00,93.48%
TRENTINO-ALTO ADIGE,TRENTO,1.00,DIVORZIO,394.00,0,0,326.00,0,0,108.00,205.00,11.00,82.74%
TRENTINO-ALTO ADIGE,TRENTO,1.00,DIVORZIO,357.00,0,0,295.00,0,0,161.00,117.00,10.00,82.63%
TRENTINO-ALTO ADIGE,TRENTO,1.00,DIVORZIO,455.00,0,0,375.00,0,0,200.00,147.00,23.00,82.42%
TRENTINO-ALTO ADIGE,TRENTO,1.00,DIVORZIO,150.00,0,0,130.00,0,0,70.00,55.00,4.00,86.67%
TRENTINO-ALTO ADIGE,TRENTO,1.00,DIVORZIO,784.00,0,0,722.00,0,0,406.00,298.00,11.00,92.09%
TRENTINO-ALTO ADIGE,TRENTO,1.00,DIVORZIO,626.00,0,0,561.00,0,0,306.00,231.00,20.00,89.62%
TRENTINO-ALTO ADIGE,TRENTO,1.00,DIVORZIO,165.00,0,0,149.00,0,0,103.00,41.00,2.00,90.30%
TRENTINO-ALTO ADIGE,TRENTO,1.00,DIVORZIO,404.00,0,0,355.00,0,0,239.00,103.00,9.00,87.87%
TRENTINO-ALTO ADIGE,TRENTO,1.00,DIVORZIO,290.00,0,0,245.00,0,0,140.00,97.00,6.00,84.48%
TRENTINO-ALTO ADIGE,TRENTO,1.00,DIVORZIO,"1,880.00",0,0,"1,731.00",0,0,907.00,776.00,33.00,92.07%
TRENTINO-ALTO ADIGE,TRENTO,1.00,DIVORZIO,297.00,0,0,268.00,0,0,172.00,86.00,5.00,90.24%
TRENTINO-ALTO ADIGE,TRENTO,1.00,DIVORZIO,638.00,0,0,536.00,0,0,367.00,153.00,12.00,84.01%
TRENTINO-ALTO ADIGE,TRENTO,1.00,DIVORZIO,536.00,0,0,480.00,0,0,296.00,165.00,15.00,89.55%
TRENTINO-ALTO ADIGE,TRENTO,1.00,DIVORZIO,736.00,0,0,617.00,0,0,422.00,184.00,10.00,83.83%
TRENTINO-ALTO ADIGE,TRENTO,1.00,DIVORZIO,424.00,0,0,384.00,0,0,157.00,220.00,7.00,90.57%
TRENTINO-ALTO ADIGE,TRENTO,1.00,DIVORZIO,352.00,0,0,302.00,0,0,262.00,28.00,8.00,85.80%
TRENTINO-ALTO ADIGE,TRENTO,1.00,DIVORZIO,362.00,0,0,321.00,0,0,188.00,121.00,6.00,88.67%
TRENTINO-ALTO ADIGE,TRENTO,1.00,DIVORZIO,"2,549.00",0,0,"2,225.00",0,0,922.00,"1,236.00",49.00,87.29%
TRENTINO-ALTO ADIGE,TRENTO,1.00,DIVORZIO,"1,110.00",0,0,949.00,0,0,493.00,429.00,17.00,85.50%
TRENTINO-ALTO ADIGE,TRENTO,1.00,DIVORZIO,597.00,0,0,545.00,0,0,372.00,157.00,7.00,91.29%
TRENTINO-ALTO ADIGE,TRENTO,1.00,DIVORZIO,352.00,0,0,256.00,0,0,186.00,57.00,9.00,72.73%
TRENTINO-ALTO ADIGE,TRENTO,1.00,DIVORZIO,273.00,0,0,248.00,0,0,116.00,123.00,6.00,90.84%
TRENTINO-ALTO ADIGE,TRENTO,1.00,DIVORZIO,"1,424.00",0,0,"1,310.00",0,0,854.00,417.00,34.00,91.99%
TRENTINO-ALTO ADIGE,TRENTO,1.00,DIVORZIO,347.00,0,0,296.00,0,0,205.00,85.00,4.00,85.30%
TRENTINO-ALTO ADIGE,TRENTO,1.00,DIVORZIO,133.00,0,0,124.00,0,0,65.00,48.00,10.00,93.23%
TRENTINO-ALTO ADIGE,TRENTO,1.00,DIVORZIO,"1,863.00",0,0,"1,500.00",0,0,751.00,695.00,42.00,80.52%
TRENTINO-ALTO ADIGE,TRENTO,1.00,DIVORZIO,369.00,0,0,306.00,0,0,183.00,111.00,7.00,82.93%
TRENTINO-ALTO ADIGE,TRENTO,1.00,DIVORZIO,797.00,0,0,702.00,0,0,446.00,235.00,12.00,88.08%
TRENTINO-ALTO ADIGE,TRENTO,1.00,DIVORZIO,"1,395.00",0,0,"1,291.00",0,0,713.00,551.00,17.00,92.54%
TRENTINO-ALTO ADIGE,TRENTO,1.00,DIVORZIO,220.00,0,0,191.00,0,0,84.00,104.00,2.00,86.82%
TRENTINO-ALTO ADIGE,TRENTO,1.00,DIVORZIO,691.00,0,0,645.00,0,0,441.00,185.00,10.00,93.34%
TRENTINO-ALTO ADIGE,TRENTO,1.00,DIVORZIO,126.00,0,0,104.00,0,0,28.00,70.00,5.00,82.54%
TRENTINO-ALTO ADIGE,TRENTO,1.00,DIVORZIO,924.00,0,0,763.00,0,0,388.00,367.00,3.00,82.58%
TRENTINO-ALTO ADIGE,TRENTO,1.00,DIVORZIO,"3,516.00",0,0,"3,243.00",0,0,"1,590.00","1,570.00",55.00,92.24%
TRENTINO-ALTO ADIGE,TRENTO,1.00,DIVORZIO,"3,984.00",0,0,"3,410.00",0,0,"1,596.00","1,684.00",88.00,85.59%
TRENTINO-ALTO ADIGE,TRENTO,1.00,DIVORZIO,330.00,0,0,308.00,0,0,194.00,98.00,7.00,93.33%
TRENTINO-ALTO ADIGE,TRENTO,1.00,DIVORZIO,691.00,0,0,564.00,0,0,375.00,159.00,25.00,81.62%
TRENTINO-ALTO ADIGE,TRENTO,1.00,DIVORZIO,"1,015.00",0,0,873.00,0,0,532.00,309.00,24.00,86.01%
TRENTINO-ALTO ADIGE,TRENTO,1.00,DIVORZIO,479.00,0,0,442.00,0,0,224.00,204.00,8.00,92.28%
TRENTINO-ALTO ADIGE,TRENTO,1.00,DIVORZIO,387.00,0,0,269.00,0,0,113.00,140.00,12.00,69.51%
TRENTINO-ALTO ADIGE,TRENTO,1.00,DIVORZIO,"1,481.00",0,0,"1,293.00",0,0,570.00,669.00,46.00,87.31%
TRENTINO-ALTO ADIGE,TRENTO,1.00,DIVORZIO,237.00,0,0,208.00,0,0,118.00,81.00,7.00,87.76%
TRENTINO-ALTO ADIGE,TRENTO,1.00,DIVORZIO,69.00,0,0,47.00,0,0,25.00,18.00,2.00,68.12%
TRENTINO-ALTO ADIGE,TRENTO,1.00,DIVORZIO,254.00,0,0,229.00,0,0,146.00,75.00,7.00,90.16%
TRENTINO-ALTO ADIGE,TRENTO,1.00,DIVORZIO,635.00,0,0,551.00,0,0,318.00,195.00,34.00,86.77%
TRENTINO-ALTO ADIGE,TRENTO,1.00,DIVORZIO,"1,072.00",0,0,936.00,0,0,647.00,261.00,24.00,87.31%
TRENTINO-ALTO ADIGE,TRENTO,1.00,DIVORZIO,"2,746.00",0,0,"2,530.00",0,0,"1,274.00","1,190.00",47.00,92.13%
TRENTINO-ALTO ADIGE,TRENTO,1.00,DIVORZIO,"3,461.00",0,0,"3,083.00",0,0,"1,485.00","1,502.00",70.00,89.08%
TRENTINO-ALTO ADIGE,TRENTO,1.00,DIVORZIO,"1,806.00",0,0,"1,410.00",0,0,695.00,649.00,53.00,78.07%
TRENTINO-ALTO ADIGE,TRENTO,1.00,DIVORZIO,991.00,0,0,869.00,0,0,616.00,226.00,22.00,87.69%
TRENTINO-ALTO ADIGE,TRENTO,1.00,DIVORZIO,623.00,0,0,542.00,0,0,278.00,241.00,19.00,87.00%
TRENTINO-ALTO ADIGE,TRENTO,1.00,DIVORZIO,484.00,0,0,431.00,0,0,272.00,143.00,11.00,89.05%
TRENTINO-ALTO ADIGE,TRENTO,1.00,DIVORZIO,240.00,0,0,158.00,0,0,82.00,67.00,8.00,65.83%
TRENTINO-ALTO ADIGE,TRENTO,1.00,DIVORZIO,"5,010.00",0,0,"4,604.00",0,0,"2,454.00","2,226.00",92.00,91.90%
TRENTINO-ALTO ADIGE,TRENTO,1.00,DIVORZIO,"1,528.00",0,0,"1,386.00",0,0,631.00,717.00,26.00,90.71%
TRENTINO-ALTO ADIGE,TRENTO,1.00,DIVORZIO,450.00,0,0,408.00,0,0,237.00,151.00,13.00,90.67%
TRENTINO-ALTO ADIGE,TRENTO,1.00,DIVORZIO,495.00,0,0,454.00,0,0,269.00,175.00,9.00,91.72%
TRENTINO-ALTO ADIGE,TRENTO,1.00,DIVORZIO,914.00,0,0,856.00,0,0,497.00,325.00,27.00,93.65%
TRENTINO-ALTO ADIGE,TRENTO,1.00,DIVORZIO,763.00,0,0,681.00,0,0,331.00,323.00,19.00,89.25%
TRENTINO-ALTO ADIGE,TRENTO,1.00,DIVORZIO,531.00,0,0,448.00,0,0,230.00,199.00,12.00,84.37%
TRENTINO-ALTO ADIGE,TRENTO,1.00,DIVORZIO,563.00,0,0,465.00,0,0,300.00,152.00,8.00,82.59%
TRENTINO-ALTO ADIGE,TRENTO,1.00,DIVORZIO,531.00,0,0,458.00,0,0,259.00,186.00,11.00,86.25%
TRENTINO-ALTO ADIGE,TRENTO,1.00,DIVORZIO,421.00,0,0,392.00,0,0,199.00,182.00,9.00,93.11%
TRENTINO-ALTO ADIGE,TRENTO,1.00,DIVORZIO,230.00,0,0,180.00,0,0,102.00,67.00,9.00,78.26%
TRENTINO-ALTO ADIGE,TRENTO,1.00,DIVORZIO,357.00,0,0,301.00,0,0,119.00,159.00,18.00,84.31%
TRENTINO-ALTO ADIGE,TRENTO,1.00,DIVORZIO,"1,335.00",0,0,"1,182.00",0,0,702.00,438.00,34.00,88.54%
TRENTINO-ALTO ADIGE,TRENTO,1.00,DIVORZIO,594.00,0,0,500.00,0,0,268.00,214.00,9.00,84.18%
TRENTINO-ALTO ADIGE,TRENTO,1.00,DIVORZIO,221.00,0,0,188.00,0,0,135.00,49.00,0.00,85.07%
TRENTINO-ALTO ADIGE,TRENTO,1.00,DIVORZIO,"8,127.00",0,0,"7,211.00",0,0,"3,789.00","3,110.00",177.00,88.73%
TRENTINO-ALTO ADIGE,TRENTO,1.00,DIVORZIO,993.00,0,0,821.00,0,0,470.00,312.00,29.00,82.68%
TRENTINO-ALTO ADIGE,TRENTO,1.00,DIVORZIO,290.00,0,0,261.00,0,0,129.00,114.00,10.00,90.00%
TRENTINO-ALTO ADIGE,TRENTO,1.00,DIVORZIO,725.00,0,0,624.00,0,0,251.00,341.00,19.00,86.07%
TRENTINO-ALTO ADIGE,TRENTO,1.00,DIVORZIO,"1,809.00",0,0,"1,633.00",0,0,956.00,634.00,33.00,90.27%
TRENTINO-ALTO ADIGE,TRENTO,1.00,DIVORZIO,854.00,0,0,801.00,0,0,371.00,410.00,17.00,93.79%
TRENTINO-ALTO ADIGE,TRENTO,1.00,DIVORZIO,944.00,0,0,892.00,0,0,570.00,294.00,22.00,94.49%
TRENTINO-ALTO ADIGE,TRENTO,1.00,DIVORZIO,314.00,0,0,255.00,0,0,155.00,87.00,10.00,81.21%
TRENTINO-ALTO ADIGE,TRENTO,1.00,DIVORZIO,"2,670.00",0,0,"2,489.00",0,0,"1,073.00","1,329.00",57.00,93.22%
TRENTINO-ALTO ADIGE,TRENTO,1.00,DIVORZIO,229.00,0,0,204.00,0,0,120.00,77.00,7.00,89.08%
TRENTINO-ALTO ADIGE,TRENTO,1.00,DIVORZIO,170.00,0,0,153.00,0,0,112.00,34.00,6.00,90.00%
TRENTINO-ALTO ADIGE,TRENTO,1.00,DIVORZIO,"1,265.00",0,0,956.00,0,0,498.00,383.00,61.00,75.57%
TRENTINO-ALTO ADIGE,TRENTO,1.00,DIVORZIO,584.00,0,0,501.00,0,0,260.00,219.00,20.00,85.79%
TRENTINO-ALTO ADIGE,TRENTO,1.00,DIVORZIO,774.00,0,0,634.00,0,0,500.00,123.00,11.00,81.91%
TRENTINO-ALTO ADIGE,TRENTO,1.00,DIVORZIO,"8,634.00",0,0,"7,841.00",0,0,"2,955.00","4,711.00",123.00,90.82%
TRENTINO-ALTO ADIGE,TRENTO,1.00,DIVORZIO,466.00,0,0,411.00,0,0,277.00,122.00,10.00,88.20%
TRENTINO-ALTO ADIGE,TRENTO,1.00,DIVORZIO,840.00,0,0,751.00,0,0,505.00,234.00,8.00,89.40%
TRENTINO-ALTO ADIGE,TRENTO,1.00,DIVORZIO,"1,858.00",0,0,"1,466.00",0,0,802.00,613.00,27.00,78.90%
TRENTINO-ALTO ADIGE,TRENTO,1.00,DIVORZIO,285.00,0,0,219.00,0,0,132.00,79.00,6.00,76.84%
TRENTINO-ALTO ADIGE,TRENTO,1.00,DIVORZIO,910.00,0,0,718.00,0,0,407.00,293.00,12.00,78.90%
TRENTINO-ALTO ADIGE,TRENTO,1.00,DIVORZIO,707.00,0,0,649.00,0,0,468.00,173.00,2.00,91.80%
TRENTINO-ALTO ADIGE,TRENTO,1.00,DIVORZIO,283.00,0,0,261.00,0,0,138.00,118.00,3.00,92.23%
TRENTINO-ALTO ADIGE,TRENTO,1.00,DIVORZIO,912.00,0,0,838.00,0,0,499.00,323.00,13.00,91.89%
TRENTINO-ALTO ADIGE,TRENTO,1.00,DIVORZIO,"20,908.00",0,0,"19,460.00",0,0,"7,512.00","11,536.00",285.00,93.07%
TRENTINO-ALTO ADIGE,TRENTO,1.00,DIVORZIO,331.00,0,0,290.00,0,0,184.00,89.00,14.00,87.61%
TRENTINO-ALTO ADIGE,TRENTO,1.00,DIVORZIO,705.00,0,0,581.00,0,0,402.00,154.00,19.00,82.41%
TRENTINO-ALTO ADIGE,TRENTO,1.00,DIVORZIO,212.00,0,0,154.00,0,0,82.00,69.00,2.00,72.64%
TRENTINO-ALTO ADIGE,TRENTO,1.00,DIVORZIO,334.00,0,0,273.00,0,0,161.00,104.00,7.00,81.74%
TRENTINO-ALTO ADIGE,TRENTO,1.00,DIVORZIO,717.00,0,0,645.00,0,0,387.00,247.00,7.00,89.96%
TRENTINO-ALTO ADIGE,TRENTO,1.00,DIVORZIO,"1,182.00",0,0,"1,109.00",0,0,530.00,544.00,23.00,93.82%
TRENTINO-ALTO ADIGE,TRENTO,1.00,DIVORZIO,589.00,0,0,487.00,0,0,291.00,186.00,6.00,82.68%
TRENTINO-ALTO ADIGE,TRENTO,1.00,DIVORZIO,600.00,0,0,544.00,0,0,306.00,217.00,18.00,90.67%
TRENTINO-ALTO ADIGE,TRENTO,1.00,DIVORZIO,428.00,0,0,374.00,0,0,219.00,143.00,11.00,87.38%
TRENTINO-ALTO ADIGE,TRENTO,1.00,DIVORZIO,785.00,0,0,715.00,0,0,419.00,277.00,17.00,91.08%
TRENTINO-ALTO ADIGE,TRENTO,1.00,DIVORZIO,"1,099.00",0,0,948.00,0,0,609.00,327.00,8.00,86.26%
TRENTINO-ALTO ADIGE,TRENTO,1.00,DIVORZIO,226.00,0,0,210.00,0,0,141.00,65.00,3.00,92.92%
TRENTINO-ALTO ADIGE,TRENTO,1.00,DIVORZIO,871.00,0,0,803.00,0,0,375.00,397.00,20.00,92.19%
TRENTINO-ALTO ADIGE,TRENTO,1.00,DIVORZIO,225.00,0,0,204.00,0,0,151.00,48.00,4.00,90.67%
TRENTINO-ALTO ADIGE,TRENTO,1.00,DIVORZIO,304.00,0,0,281.00,0,0,234.00,44.00,1.00,92.43%
TRENTINO-ALTO ADIGE,TRENTO,1.00,DIVORZIO,797.00,0,0,697.00,0,0,342.00,333.00,17.00,87.45%
TRENTINO-ALTO ADIGE,TRENTO,1.00,DIVORZIO,345.00,0,0,311.00,0,0,212.00,92.00,4.00,90.14%
TRENTINO-ALTO ADIGE,TRENTO,1.00,DIVORZIO,770.00,0,0,666.00,0,0,446.00,205.00,12.00,86.49%
TRENTINO-ALTO ADIGE,TRENTO,1.00,DIVORZIO,715.00,0,0,591.00,0,0,410.00,168.00,6.00,82.66%
TRENTINO-ALTO ADIGE,TRENTO,1.00,DIVORZIO,478.00,0,0,412.00,0,0,307.00,91.00,11.00,86.19%
TRENTINO-ALTO ADIGE,TRENTO,1.00,DIVORZIO,855.00,0,0,706.00,0,0,378.00,301.00,24.00,82.57%
TRENTINO-ALTO ADIGE,TRENTO,1.00,DIVORZIO,"2,516.00",0,0,"2,215.00",0,0,"1,208.00",943.00,50.00,88.04%
TRENTINO-ALTO ADIGE,TRENTO,1.00,DIVORZIO,283.00,0,0,238.00,0,0,147.00,87.00,3.00,84.10%
TRENTINO-ALTO ADIGE,TRENTO,1.00,DIVORZIO,975.00,0,0,856.00,0,0,421.00,412.00,19.00,87.79%
TRENTINO-ALTO ADIGE,TRENTO,1.00,DIVORZIO,"1,620.00",0,0,"1,500.00",0,0,900.00,563.00,24.00,92.59%
TRENTINO-ALTO ADIGE,TRENTO,1.00,DIVORZIO,"1,298.00",0,0,"1,197.00",0,0,664.00,496.00,27.00,92.22%
TRENTINO-ALTO ADIGE,TRENTO,1.00,DIVORZIO,"1,189.00",0,0,"1,045.00",0,0,637.00,387.00,14.00,87.89%
TRENTINO-ALTO ADIGE,TRENTO,1.00,DIVORZIO,401.00,0,0,355.00,0,0,254.00,92.00,4.00,88.53%
TRENTINO-ALTO ADIGE,TRENTO,1.00,DIVORZIO,431.00,0,0,379.00,0,0,204.00,148.00,12.00,87.94%
TRENTINO-ALTO ADIGE,TRENTO,1.00,DIVORZIO,"1,069.00",0,0,906.00,0,0,416.00,460.00,18.00,84.75%
TRENTINO-ALTO ADIGE,TRENTO,1.00,DIVORZIO,851.00,0,0,770.00,0,0,447.00,302.00,18.00,90.48%
TRENTINO-ALTO ADIGE,TRENTO,1.00,DIVORZIO,889.00,0,0,727.00,0,0,303.00,405.00,14.00,81.78%
TRENTINO-ALTO ADIGE,TRENTO,1.00,DIVORZIO,224.00,0,0,202.00,0,0,120.00,78.00,3.00,90.18%
TRENTINO-ALTO ADIGE,TRENTO,1.00,DIVORZIO,388.00,0,0,353.00,0,0,214.00,119.00,15.00,90.98%
TRENTINO-ALTO ADIGE,TRENTO,1.00,DIVORZIO,"1,642.00",0,0,"1,447.00",0,0,903.00,508.00,30.00,88.12%
TRENTINO-ALTO ADIGE,TRENTO,1.00,DIVORZIO,504.00,0,0,441.00,0,0,318.00,112.00,6.00,87.50%
TRENTINO-ALTO ADIGE,TRENTO,1.00,DIVORZIO,521.00,0,0,435.00,0,0,267.00,152.00,13.00,83.49%
TRENTINO-ALTO ADIGE,TRENTO,1.00,DIVORZIO,"2,048.00",0,0,"1,852.00",0,0,967.00,844.00,35.00,90.43%
TRENTINO-ALTO ADIGE,TRENTO,1.00,DIVORZIO,892.00,0,0,731.00,0,0,413.00,288.00,28.00,81.95%
TRENTINO-ALTO ADIGE,TRENTO,1.00,DIVORZIO,836.00,0,0,729.00,0,0,386.00,324.00,11.00,87.20%
TRENTINO-ALTO ADIGE,TRENTO,1.00,DIVORZIO,485.00,0,0,397.00,0,0,245.00,136.00,10.00,81.86%
TRENTINO-ALTO ADIGE,TRENTO,1.00,DIVORZIO,947.00,0,0,749.00,0,0,284.00,451.00,12.00,79.09%
TRENTINO-ALTO ADIGE,TRENTO,1.00,DIVORZIO,"1,149.00",0,0,985.00,0,0,549.00,403.00,26.00,85.73%
TRENTINO-ALTO ADIGE,TRENTO,1.00,DIVORZIO,"64,241.00",0,0,"59,633.00",0,0,"24,188.00","34,141.00",880.00,92.83%
TRENTINO-ALTO ADIGE,TRENTO,1.00,DIVORZIO,348.00,0,0,298.00,0,0,200.00,80.00,11.00,85.63%
TRENTINO-ALTO ADIGE,TRENTO,1.00,DIVORZIO,"1,561.00",0,0,"1,380.00",0,0,825.00,514.00,31.00,88.40%
TRENTINO-ALTO ADIGE,TRENTO,1.00,DIVORZIO,165.00,0,0,139.00,0,0,76.00,46.00,13.00,84.24%
TRENTINO-ALTO ADIGE,TRENTO,1.00,DIVORZIO,575.00,0,0,485.00,0,0,329.00,138.00,16.00,84.35%
TRENTINO-ALTO ADIGE,TRENTO,1.00,DIVORZIO,"1,184.00",0,0,"1,018.00",0,0,502.00,488.00,22.00,85.98%
TRENTINO-ALTO ADIGE,TRENTO,1.00,DIVORZIO,568.00,0,0,478.00,0,0,195.00,272.00,6.00,84.15%
TRENTINO-ALTO ADIGE,TRENTO,1.00,DIVORZIO,463.00,0,0,428.00,0,0,231.00,185.00,8.00,92.44%
TRENTINO-ALTO ADIGE,TRENTO,1.00,DIVORZIO,"1,127.00",0,0,957.00,0,0,655.00,265.00,29.00,84.92%
TRENTINO-ALTO ADIGE,TRENTO,1.00,DIVORZIO,410.00,0,0,368.00,0,0,229.00,130.00,7.00,89.76%
TRENTINO-ALTO ADIGE,TRENTO,1.00,DIVORZIO,"1,256.00",0,0,"1,146.00",0,0,720.00,385.00,28.00,91.24%
TRENTINO-ALTO ADIGE,TRENTO,1.00,DIVORZIO,176.00,0,0,157.00,0,0,62.00,89.00,5.00,89.20%
TRENTINO-ALTO ADIGE,TRENTO,1.00,DIVORZIO,519.00,0,0,476.00,0,0,310.00,143.00,18.00,91.71%
TRENTINO-ALTO ADIGE,TRENTO,1.00,DIVORZIO,880.00,0,0,817.00,0,0,505.00,283.00,22.00,92.84%
TRENTINO-ALTO ADIGE,TRENTO,1.00,DIVORZIO,260.00,0,0,231.00,0,0,128.00,97.00,4.00,88.85%
TRENTINO-ALTO ADIGE,TRENTO,1.00,DIVORZIO,507.00,0,0,443.00,0,0,221.00,203.00,11.00,87.38%
TRENTINO-ALTO ADIGE,TRENTO,1.00,DIVORZIO,"1,647.00",0,0,"1,550.00",0,0,881.00,623.00,35.00,94.11%
TRENTINO-ALTO ADIGE,TRENTO,1.00,DIVORZIO,580.00,0,0,497.00,0,0,263.00,220.00,9.00,85.69%
TRENTINO-ALTO ADIGE,TRENTO,1.00,DIVORZIO,"1,551.00",0,0,"1,458.00",0,0,764.00,661.00,27.00,94.00%
TRENTINO-ALTO ADIGE,TRENTO,1.00,DIVORZIO,925.00,0,0,864.00,0,0,441.00,400.00,17.00,93.41%
TRENTINO-ALTO ADIGE,TRENTO,1.00,DIVORZIO,816.00,0,0,718.00,0,0,386.00,305.00,19.00,87.99%
TRENTINO-ALTO ADIGE,TRENTO,1.00,DIVORZIO,293.00,0,0,271.00,0,0,175.00,83.00,13.00,92.49%
VENETO,TREVISO,1.00,DIVORZIO,"2,941.00",0,0,"2,738.00",0,0,"2,119.00",567.00,28.00,93.10%
VENETO,TREVISO,1.00,DIVORZIO,"1,700.00",0,0,"1,593.00",0,0,834.00,702.00,34.00,93.71%
VENETO,TREVISO,1.00,DIVORZIO,"4,316.00",0,0,"3,871.00",0,0,"2,671.00","1,104.00",41.00,89.69%
VENETO,TREVISO,1.00,DIVORZIO,"2,556.00",0,0,"2,239.00",0,0,"1,471.00",734.00,16.00,87.60%
VENETO,TREVISO,1.00,DIVORZIO,"3,721.00",0,0,"3,422.00",0,0,"1,927.00","1,399.00",47.00,91.96%
VENETO,TREVISO,1.00,DIVORZIO,"3,509.00",0,0,"3,309.00",0,0,"1,802.00","1,415.00",49.00,94.30%
VENETO,TREVISO,1.00,DIVORZIO,"2,572.00",0,0,"2,315.00",0,0,900.00,"1,350.00",38.00,90.01%
VENETO,TREVISO,1.00,DIVORZIO,"4,544.00",0,0,"4,304.00",0,0,"2,282.00","1,909.00",65.00,94.72%
VENETO,TREVISO,1.00,DIVORZIO,"4,029.00",0,0,"3,805.00",0,0,"1,599.00","2,113.00",47.00,94.44%
VENETO,TREVISO,1.00,DIVORZIO,"3,125.00",0,0,"2,963.00",0,0,"1,364.00","1,523.00",53.00,94.82%
VENETO,TREVISO,1.00,DIVORZIO,"1,022.00",0,0,892.00,0,0,578.00,291.00,17.00,87.28%
VENETO,TREVISO,1.00,DIVORZIO,"17,767.00",0,0,"16,834.00",0,0,"9,224.00","7,173.00",269.00,94.75%
VENETO,TREVISO,1.00,DIVORZIO,"3,090.00",0,0,"2,799.00",0,0,"2,259.00",502.00,19.00,90.58%
VENETO,TREVISO,1.00,DIVORZIO,"1,840.00",0,0,"1,658.00",0,0,"1,004.00",608.00,30.00,90.11%
VENETO,TREVISO,1.00,DIVORZIO,"2,215.00",0,0,"1,943.00",0,0,"1,017.00",867.00,39.00,87.72%
VENETO,TREVISO,1.00,DIVORZIO,"1,980.00",0,0,"1,722.00",0,0,993.00,683.00,29.00,86.97%
VENETO,TREVISO,1.00,DIVORZIO,"2,057.00",0,0,"1,811.00",0,0,"1,153.00",616.00,28.00,88.04%
VENETO,TREVISO,1.00,DIVORZIO,"1,924.00",0,0,"1,644.00",0,0,768.00,820.00,44.00,85.45%
VENETO,TREVISO,1.00,DIVORZIO,"3,181.00",0,0,"2,966.00",0,0,"1,335.00","1,518.00",79.00,93.24%
VENETO,TREVISO,1.00,DIVORZIO,"2,589.00",0,0,"2,333.00",0,0,"1,079.00","1,184.00",54.00,90.11%
VENETO,TREVISO,1.00,DIVORZIO,"22,654.00",0,0,"20,791.00",0,0,"8,594.00","11,701.00",322.00,91.78%
VENETO,TREVISO,1.00,DIVORZIO,"4,048.00",0,0,"3,570.00",0,0,"1,549.00","1,924.00",59.00,88.19%
VENETO,TREVISO,1.00,DIVORZIO,"3,493.00",0,0,"3,211.00",0,0,"1,623.00","1,497.00",56.00,91.93%
VENETO,TREVISO,1.00,DIVORZIO,"2,610.00",0,0,"2,453.00",0,0,"1,377.00","1,013.00",34.00,93.98%
VENETO,TREVISO,1.00,DIVORZIO,"3,970.00",0,0,"3,601.00",0,0,"2,079.00","1,434.00",58.00,90.71%
VENETO,TREVISO,1.00,DIVORZIO,"4,793.00",0,0,"4,315.00",0,0,"2,182.00","2,006.00",75.00,90.03%
VENETO,TREVISO,1.00,DIVORZIO,"2,441.00",0,0,"2,103.00",0,0,919.00,"1,131.00",43.00,86.15%
VENETO,TREVISO,1.00,DIVORZIO,"2,994.00",0,0,"2,736.00",0,0,"1,589.00","1,065.00",45.00,91.38%
VENETO,TREVISO,1.00,DIVORZIO,"2,654.00",0,0,"2,439.00",0,0,"1,734.00",645.00,45.00,91.90%
VENETO,TREVISO,1.00,DIVORZIO,"2,269.00",0,0,"1,946.00",0,0,926.00,957.00,37.00,85.76%
VENETO,TREVISO,1.00,DIVORZIO,"4,150.00",0,0,"3,668.00",0,0,"1,847.00","1,808.00",73.00,88.39%
VENETO,TREVISO,1.00,DIVORZIO,"2,422.00",0,0,"2,203.00",0,0,"1,090.00","1,043.00",40.00,90.96%
VENETO,TREVISO,1.00,DIVORZIO,"3,935.00",0,0,"3,479.00",0,0,"1,607.00","1,790.00",46.00,88.41%
VENETO,TREVISO,1.00,DIVORZIO,"2,263.00",0,0,"2,003.00",0,0,"1,142.00",805.00,27.00,88.51%
VENETO,TREVISO,1.00,DIVORZIO,"3,654.00",0,0,"3,725.00",0,0,"2,676.00",998.00,20.00,101.94%
VENETO,TREVISO,1.00,DIVORZIO,"4,059.00",0,0,"3,649.00",0,0,"3,131.00",477.00,23.00,89.90%
VENETO,TREVISO,1.00,DIVORZIO,"2,244.00",0,0,"1,968.00",0,0,"1,250.00",668.00,32.00,87.70%
VENETO,TREVISO,1.00,DIVORZIO,"4,412.00",0,0,"3,958.00",0,0,"2,034.00","1,818.00",70.00,89.71%
VENETO,TREVISO,1.00,DIVORZIO,"2,900.00",0,0,"2,709.00",0,0,"2,142.00",506.00,34.00,93.41%
VENETO,TREVISO,1.00,DIVORZIO,"3,810.00",0,0,"3,545.00",0,0,"1,900.00","1,534.00",70.00,93.04%
VENETO,TREVISO,1.00,DIVORZIO,"1,670.00",0,0,"1,506.00",0,0,906.00,561.00,24.00,90.18%
VENETO,TREVISO,1.00,DIVORZIO,"2,440.00",0,0,"2,102.00",0,0,957.00,"1,085.00",38.00,86.15%
VENETO,TREVISO,1.00,DIVORZIO,"13,863.00",0,0,"12,656.00",0,0,"4,550.00","7,830.00",149.00,91.29%
VENETO,TREVISO,1.00,DIVORZIO,"2,009.00",0,0,"1,862.00",0,0,"1,016.00",798.00,33.00,92.68%
VENETO,TREVISO,1.00,DIVORZIO,795.00,0,0,674.00,0,0,500.00,158.00,9.00,84.78%
VENETO,TREVISO,1.00,DIVORZIO,"15,122.00",0,0,"14,420.00",0,0,"7,148.00","6,888.00",228.00,95.36%
VENETO,TREVISO,1.00,DIVORZIO,"1,902.00",0,0,"1,820.00",0,0,"1,121.00",605.00,29.00,95.69%
VENETO,TREVISO,1.00,DIVORZIO,"1,583.00",0,0,"1,336.00",0,0,774.00,533.00,20.00,84.40%
VENETO,TREVISO,1.00,DIVORZIO,"5,115.00",0,0,"4,846.00",0,0,"2,551.00","2,163.00",85.00,94.74%
VENETO,TREVISO,1.00,DIVORZIO,"4,597.00",0,0,"4,130.00",0,0,"1,713.00","2,299.00",62.00,89.84%
VENETO,TREVISO,1.00,DIVORZIO,"9,990.00",0,0,"9,331.00",0,0,"4,603.00","4,486.00",165.00,93.40%
VENETO,TREVISO,1.00,DIVORZIO,"2,295.00",0,0,"2,022.00",0,0,"1,293.00",673.00,36.00,88.10%
VENETO,TREVISO,1.00,DIVORZIO,"2,440.00",0,0,"2,187.00",0,0,880.00,"1,245.00",43.00,89.63%
VENETO,TREVISO,1.00,DIVORZIO,"1,202.00",0,0,"1,061.00",0,0,703.00,329.00,22.00,88.27%
VENETO,TREVISO,1.00,DIVORZIO,"7,298.00",0,0,"6,929.00",0,0,"4,660.00","2,115.00",97.00,94.94%
VENETO,TREVISO,1.00,DIVORZIO,"3,957.00",0,0,"3,530.00",0,0,"2,053.00","1,400.00",49.00,89.21%
VENETO,TREVISO,1.00,DIVORZIO,"5,550.00",0,0,"5,190.00",0,0,"2,881.00","2,182.00",81.00,93.51%
VENETO,TREVISO,1.00,DIVORZIO,"3,758.00",0,0,"3,424.00",0,0,"1,839.00","1,469.00",67.00,91.11%
VENETO,TREVISO,1.00,DIVORZIO,"3,802.00",0,0,"3,515.00",0,0,"1,829.00","1,589.00",59.00,92.45%
VENETO,TREVISO,1.00,DIVORZIO,488.00,0,0,430.00,0,0,242.00,175.00,8.00,88.11%
VENETO,TREVISO,1.00,DIVORZIO,"1,407.00",0,0,"1,337.00",0,0,847.00,340.00,19.00,95.02%
VENETO,TREVISO,1.00,DIVORZIO,"2,095.00",0,0,"1,916.00",0,0,939.00,930.00,29.00,91.46%
VENETO,TREVISO,1.00,DIVORZIO,"6,258.00",0,0,"5,884.00",0,0,"2,559.00","3,167.00",93.00,94.02%
VENETO,TREVISO,1.00,DIVORZIO,"4,110.00",0,0,"3,890.00",0,0,"2,338.00","1,450.00",74.00,94.65%
VENETO,TREVISO,1.00,DIVORZIO,"1,067.00",0,0,920.00,0,0,535.00,357.00,21.00,86.22%
VENETO,TREVISO,1.00,DIVORZIO,"3,543.00",0,0,"3,244.00",0,0,"2,529.00",644.00,44.00,91.56%
VENETO,TREVISO,1.00,DIVORZIO,"1,591.00",0,0,"1,304.00",0,0,559.00,718.00,15.00,81.96%
VENETO,TREVISO,1.00,DIVORZIO,"4,185.00",0,0,"3,794.00",0,0,"2,950.00",750.00,49.00,90.66%
VENETO,TREVISO,1.00,DIVORZIO,"7,079.00",0,0,"6,623.00",0,0,"3,966.00","2,496.00",95.00,93.56%
VENETO,TREVISO,1.00,DIVORZIO,"2,897.00",0,0,"2,652.00",0,0,"1,434.00","1,142.00",48.00,91.54%
VENETO,TREVISO,1.00,DIVORZIO,"6,276.00",0,0,"5,758.00",0,0,"3,406.00","2,226.00",74.00,91.75%
VENETO,TREVISO,1.00,DIVORZIO,"3,626.00",0,0,"3,237.00",0,0,"1,518.00","1,623.00",51.00,89.27%
VENETO,TREVISO,1.00,DIVORZIO,"2,893.00",0,0,"2,302.00",0,0,903.00,"1,315.00",59.00,79.57%
VENETO,TREVISO,1.00,DIVORZIO,"2,544.00",0,0,"2,274.00",0,0,"1,356.00",846.00,46.00,89.39%
VENETO,TREVISO,1.00,DIVORZIO,"3,914.00",0,0,"3,618.00",0,0,"1,319.00","2,193.00",62.00,92.44%
VENETO,TREVISO,1.00,DIVORZIO,"5,032.00",0,0,"4,582.00",0,0,"2,257.00","2,189.00",77.00,91.06%
VENETO,TREVISO,1.00,DIVORZIO,"2,726.00",0,0,"2,469.00",0,0,"2,144.00",282.00,18.00,90.57%
VENETO,TREVISO,1.00,DIVORZIO,"2,146.00",0,0,"1,828.00",0,0,709.00,"1,066.00",32.00,85.18%
VENETO,TREVISO,1.00,DIVORZIO,"1,373.00",0,0,"1,214.00",0,0,739.00,446.00,21.00,88.42%
VENETO,TREVISO,1.00,DIVORZIO,"3,658.00",0,0,"3,268.00",0,0,"2,160.00","1,028.00",52.00,89.34%
VENETO,TREVISO,1.00,DIVORZIO,"4,402.00",0,0,"4,219.00",0,0,"2,020.00","2,103.00",64.00,95.84%
VENETO,TREVISO,1.00,DIVORZIO,"5,319.00",0,0,"4,974.00",0,0,"2,485.00","2,338.00",97.00,93.51%
VENETO,TREVISO,1.00,DIVORZIO,"5,731.00",0,0,"5,227.00",0,0,"2,203.00","2,874.00",93.00,91.21%
VENETO,TREVISO,1.00,DIVORZIO,"3,018.00",0,0,"2,587.00",0,0,"1,032.00","1,488.00",41.00,85.72%
VENETO,TREVISO,1.00,DIVORZIO,"3,870.00",0,0,"3,645.00",0,0,"2,670.00",901.00,36.00,94.19%
VENETO,TREVISO,1.00,DIVORZIO,"63,014.00",0,0,"60,743.00",0,0,"23,943.00","35,631.00",751.00,96.40%
VENETO,TREVISO,1.00,DIVORZIO,"7,927.00",0,0,"7,261.00",0,0,"4,284.00","2,793.00",120.00,91.60%
VENETO,TREVISO,1.00,DIVORZIO,"3,721.00",0,0,"3,390.00",0,0,"2,029.00","1,270.00",54.00,91.10%
VENETO,TREVISO,1.00,DIVORZIO,"7,148.00",0,0,"6,664.00",0,0,"5,017.00","1,503.00",92.00,93.23%
VENETO,TREVISO,1.00,DIVORZIO,"1,948.00",0,0,"1,769.00",0,0,"1,130.00",593.00,31.00,90.81%
VENETO,TREVISO,1.00,DIVORZIO,"8,442.00",0,0,"7,934.00",0,0,"3,656.00","4,047.00",147.00,93.98%
VENETO,TREVISO,1.00,DIVORZIO,"21,937.00",0,0,"20,066.00",0,0,"7,051.00","12,534.00",293.00,91.47%
VENETO,TREVISO,1.00,DIVORZIO,"5,320.00",0,0,"4,872.00",0,0,"2,615.00","2,093.00",79.00,91.58%
VENETO,TREVISO,1.00,DIVORZIO,"1,140.00",0,0,955.00,0,0,438.00,487.00,21.00,83.77%
VENETO,TREVISO,1.00,DIVORZIO,"4,338.00",0,0,"4,020.00",0,0,"2,593.00","1,347.00",43.00,92.67%
FRIULI-VENEZIA GIULIA,UDINE,1.00,DIVORZIO,"1,663.00",0,0,"1,494.00",0,0,747.00,701.00,31.00,89.84%
FRIULI-VENEZIA GIULIA,UDINE,1.00,DIVORZIO,645.00,0,0,557.00,0,0,176.00,367.00,10.00,86.36%
FRIULI-VENEZIA GIULIA,UDINE,1.00,DIVORZIO,"1,399.00",0,0,982.00,0,0,296.00,662.00,16.00,70.19%
FRIULI-VENEZIA GIULIA,UDINE,1.00,DIVORZIO,"2,199.00",0,0,"2,108.00",0,0,404.00,"1,665.00",30.00,95.86%
FRIULI-VENEZIA GIULIA,UDINE,1.00,DIVORZIO,"1,959.00",0,0,"1,425.00",0,0,690.00,709.00,11.00,72.74%
FRIULI-VENEZIA GIULIA,UDINE,1.00,DIVORZIO,"2,464.00",0,0,"1,944.00",0,0,737.00,"1,154.00",40.00,78.90%
FRIULI-VENEZIA GIULIA,UDINE,1.00,DIVORZIO,"1,678.00",0,0,"1,434.00",0,0,576.00,814.00,24.00,85.46%
FRIULI-VENEZIA GIULIA,UDINE,1.00,DIVORZIO,"2,238.00",0,0,"2,096.00",0,0,960.00,"1,082.00",32.00,93.66%
FRIULI-VENEZIA GIULIA,UDINE,1.00,DIVORZIO,"3,873.00",0,0,"3,598.00",0,0,"1,836.00","1,668.00",56.00,92.90%
FRIULI-VENEZIA GIULIA,UDINE,1.00,DIVORZIO,"2,016.00",0,0,"1,754.00",0,0,913.00,815.00,16.00,87.00%
FRIULI-VENEZIA GIULIA,UDINE,1.00,DIVORZIO,"1,192.00",0,0,"1,109.00",0,0,591.00,488.00,10.00,93.04%
FRIULI-VENEZIA GIULIA,UDINE,1.00,DIVORZIO,877.00,0,0,522.00,0,0,104.00,408.00,4.00,59.52%
FRIULI-VENEZIA GIULIA,UDINE,1.00,DIVORZIO,"5,428.00",0,0,"4,389.00",0,0,"1,621.00","2,686.00",47.00,80.86%
FRIULI-VENEZIA GIULIA,UDINE,1.00,DIVORZIO,"2,180.00",0,0,"2,046.00",0,0,751.00,"1,220.00",45.00,93.85%
FRIULI-VENEZIA GIULIA,UDINE,1.00,DIVORZIO,"1,283.00",0,0,"1,111.00",0,0,639.00,443.00,12.00,86.59%
FRIULI-VENEZIA GIULIA,UDINE,1.00,DIVORZIO,"3,543.00",0,0,"3,302.00",0,0,"1,403.00","1,827.00",44.00,93.20%
FRIULI-VENEZIA GIULIA,UDINE,1.00,DIVORZIO,622.00,0,0,576.00,0,0,226.00,338.00,9.00,92.60%
FRIULI-VENEZIA GIULIA,UDINE,1.00,DIVORZIO,"1,565.00",0,0,"1,419.00",0,0,680.00,714.00,18.00,90.67%
FRIULI-VENEZIA GIULIA,UDINE,1.00,DIVORZIO,"2,020.00",0,0,"1,679.00",0,0,645.00,"1,005.00",17.00,83.12%
FRIULI-VENEZIA GIULIA,UDINE,1.00,DIVORZIO,"2,824.00",0,0,"2,351.00",0,0,"1,108.00","1,184.00",40.00,83.25%
FRIULI-VENEZIA GIULIA,UDINE,1.00,DIVORZIO,"1,036.00",0,0,860.00,0,0,233.00,617.00,8.00,83.01%
FRIULI-VENEZIA GIULIA,UDINE,1.00,DIVORZIO,732.00,0,0,547.00,0,0,274.00,251.00,13.00,74.73%
FRIULI-VENEZIA GIULIA,UDINE,1.00,DIVORZIO,"7,518.00",0,0,"7,108.00",0,0,"2,081.00","4,875.00",99.00,94.55%
FRIULI-VENEZIA GIULIA,UDINE,1.00,DIVORZIO,452.00,0,0,421.00,0,0,181.00,213.00,17.00,93.14%
FRIULI-VENEZIA GIULIA,UDINE,1.00,DIVORZIO,"1,014.00",0,0,934.00,0,0,272.00,638.00,16.00,92.11%
FRIULI-VENEZIA GIULIA,UDINE,1.00,DIVORZIO,"8,184.00",0,0,"7,945.00",0,0,"3,162.00","4,560.00",141.00,97.08%
FRIULI-VENEZIA GIULIA,UDINE,1.00,DIVORZIO,"9,125.00",0,0,"8,543.00",0,0,"3,844.00","4,496.00",112.00,93.62%
FRIULI-VENEZIA GIULIA,UDINE,1.00,DIVORZIO,"1,730.00",0,0,"1,357.00",0,0,590.00,730.00,32.00,78.44%
FRIULI-VENEZIA GIULIA,UDINE,1.00,DIVORZIO,944.00,0,0,682.00,0,0,308.00,356.00,15.00,72.25%
FRIULI-VENEZIA GIULIA,UDINE,1.00,DIVORZIO,"1,774.00",0,0,"1,658.00",0,0,809.00,804.00,20.00,93.46%
FRIULI-VENEZIA GIULIA,UDINE,1.00,DIVORZIO,"1,766.00",0,0,"1,525.00",0,0,922.00,548.00,42.00,86.35%
FRIULI-VENEZIA GIULIA,UDINE,1.00,DIVORZIO,"2,084.00",0,0,"1,603.00",0,0,922.00,643.00,23.00,76.92%
FRIULI-VENEZIA GIULIA,UDINE,1.00,DIVORZIO,388.00,0,0,251.00,0,0,96.00,147.00,4.00,64.69%
FRIULI-VENEZIA GIULIA,UDINE,1.00,DIVORZIO,667.00,0,0,367.00,0,0,221.00,141.00,4.00,55.02%
FRIULI-VENEZIA GIULIA,UDINE,1.00,DIVORZIO,"1,191.00",0,0,950.00,0,0,260.00,672.00,8.00,79.76%
FRIULI-VENEZIA GIULIA,UDINE,1.00,DIVORZIO,"2,488.00",0,0,"2,135.00",0,0,994.00,"1,080.00",37.00,85.81%
FRIULI-VENEZIA GIULIA,UDINE,1.00,DIVORZIO,"4,060.00",0,0,"3,506.00",0,0,"1,883.00","1,546.00",48.00,86.35%
FRIULI-VENEZIA GIULIA,UDINE,1.00,DIVORZIO,"3,016.00",0,0,"2,834.00",0,0,913.00,"1,825.00",61.00,93.97%
FRIULI-VENEZIA GIULIA,UDINE,1.00,DIVORZIO,"1,252.00",0,0,920.00,0,0,543.00,352.00,18.00,73.48%
FRIULI-VENEZIA GIULIA,UDINE,1.00,DIVORZIO,"1,865.00",0,0,"1,400.00",0,0,532.00,838.00,19.00,75.07%
FRIULI-VENEZIA GIULIA,UDINE,1.00,DIVORZIO,852.00,0,0,707.00,0,0,338.00,354.00,8.00,82.98%
FRIULI-VENEZIA GIULIA,UDINE,1.00,DIVORZIO,"1,221.00",0,0,953.00,0,0,326.00,609.00,12.00,78.05%
FRIULI-VENEZIA GIULIA,UDINE,1.00,DIVORZIO,850.00,0,0,570.00,0,0,219.00,330.00,12.00,67.06%
FRIULI-VENEZIA GIULIA,UDINE,1.00,DIVORZIO,"8,657.00",0,0,"7,306.00",0,0,"2,968.00","4,203.00",90.00,84.39%
FRIULI-VENEZIA GIULIA,UDINE,1.00,DIVORZIO,"3,284.00",0,0,"3,035.00",0,0,"1,508.00","1,466.00",35.00,92.42%
FRIULI-VENEZIA GIULIA,UDINE,1.00,DIVORZIO,924.00,0,0,530.00,0,0,318.00,207.00,3.00,57.36%
FRIULI-VENEZIA GIULIA,UDINE,1.00,DIVORZIO,"7,292.00",0,0,"6,918.00",0,0,"2,791.00","3,974.00",82.00,94.87%
FRIULI-VENEZIA GIULIA,UDINE,1.00,DIVORZIO,"1,287.00",0,0,937.00,0,0,324.00,598.00,13.00,72.80%
FRIULI-VENEZIA GIULIA,UDINE,1.00,DIVORZIO,"2,992.00",0,0,"2,641.00",0,0,"1,691.00",898.00,32.00,88.27%
FRIULI-VENEZIA GIULIA,UDINE,1.00,DIVORZIO,"3,255.00",0,0,"2,997.00",0,0,920.00,"2,012.00",45.00,92.07%
FRIULI-VENEZIA GIULIA,UDINE,1.00,DIVORZIO,234.00,0,0,152.00,0,0,78.00,71.00,3.00,64.96%
FRIULI-VENEZIA GIULIA,UDINE,1.00,DIVORZIO,"1,024.00",0,0,685.00,0,0,334.00,338.00,4.00,66.89%
FRIULI-VENEZIA GIULIA,UDINE,1.00,DIVORZIO,"1,740.00",0,0,"1,441.00",0,0,642.00,771.00,17.00,82.82%
FRIULI-VENEZIA GIULIA,UDINE,1.00,DIVORZIO,"4,450.00",0,0,"3,508.00",0,0,"1,266.00","2,168.00",53.00,78.83%
FRIULI-VENEZIA GIULIA,UDINE,1.00,DIVORZIO,855.00,0,0,772.00,0,0,338.00,424.00,7.00,90.29%
FRIULI-VENEZIA GIULIA,UDINE,1.00,DIVORZIO,"4,720.00",0,0,"4,465.00",0,0,"1,968.00","2,361.00",82.00,94.60%
FRIULI-VENEZIA GIULIA,UDINE,1.00,DIVORZIO,"1,873.00",0,0,"1,644.00",0,0,789.00,827.00,24.00,87.77%
FRIULI-VENEZIA GIULIA,UDINE,1.00,DIVORZIO,"3,845.00",0,0,"3,497.00",0,0,"1,447.00","1,966.00",47.00,90.95%
FRIULI-VENEZIA GIULIA,UDINE,1.00,DIVORZIO,"2,325.00",0,0,"2,028.00",0,0,"1,173.00",784.00,39.00,87.23%
FRIULI-VENEZIA GIULIA,UDINE,1.00,DIVORZIO,"1,964.00",0,0,"1,587.00",0,0,610.00,951.00,14.00,80.80%
FRIULI-VENEZIA GIULIA,UDINE,1.00,DIVORZIO,713.00,0,0,653.00,0,0,384.00,258.00,7.00,91.58%
FRIULI-VENEZIA GIULIA,UDINE,1.00,DIVORZIO,689.00,0,0,450.00,0,0,175.00,262.00,8.00,65.31%
FRIULI-VENEZIA GIULIA,UDINE,1.00,DIVORZIO,"3,560.00",0,0,"3,173.00",0,0,"1,632.00","1,467.00",45.00,89.13%
FRIULI-VENEZIA GIULIA,UDINE,1.00,DIVORZIO,"1,348.00",0,0,"1,195.00",0,0,590.00,570.00,23.00,88.65%
FRIULI-VENEZIA GIULIA,UDINE,1.00,DIVORZIO,"1,817.00",0,0,"1,628.00",0,0,739.00,842.00,27.00,89.60%
FRIULI-VENEZIA GIULIA,UDINE,1.00,DIVORZIO,"2,419.00",0,0,"1,996.00",0,0,835.00,"1,113.00",29.00,82.51%
FRIULI-VENEZIA GIULIA,UDINE,1.00,DIVORZIO,"2,179.00",0,0,"1,663.00",0,0,576.00,"1,051.00",19.00,76.32%
FRIULI-VENEZIA GIULIA,UDINE,1.00,DIVORZIO,"2,392.00",0,0,"1,737.00",0,0,768.00,946.00,18.00,72.62%
FRIULI-VENEZIA GIULIA,UDINE,1.00,DIVORZIO,"2,336.00",0,0,"2,125.00",0,0,823.00,"1,248.00",42.00,90.97%
FRIULI-VENEZIA GIULIA,UDINE,1.00,DIVORZIO,"2,519.00",0,0,"2,195.00",0,0,764.00,"1,374.00",32.00,87.14%
FRIULI-VENEZIA GIULIA,UDINE,1.00,DIVORZIO,"4,181.00",0,0,"4,609.00",0,0,"1,848.00","2,670.00",56.00,110.24%
FRIULI-VENEZIA GIULIA,UDINE,1.00,DIVORZIO,"2,792.00",0,0,"2,011.00",0,0,837.00,"1,132.00",22.00,72.03%
FRIULI-VENEZIA GIULIA,UDINE,1.00,DIVORZIO,"4,933.00",0,0,"4,624.00",0,0,"1,772.00","2,735.00",62.00,93.74%
FRIULI-VENEZIA GIULIA,UDINE,1.00,DIVORZIO,"2,595.00",0,0,"2,000.00",0,0,"1,093.00",851.00,18.00,77.07%
FRIULI-VENEZIA GIULIA,UDINE,1.00,DIVORZIO,"3,336.00",0,0,"3,107.00",0,0,"1,669.00","1,347.00",59.00,93.14%
FRIULI-VENEZIA GIULIA,UDINE,1.00,DIVORZIO,"1,868.00",0,0,"1,530.00",0,0,584.00,917.00,16.00,81.91%
FRIULI-VENEZIA GIULIA,UDINE,1.00,DIVORZIO,"2,162.00",0,0,"2,053.00",0,0,737.00,"1,275.00",24.00,94.96%
FRIULI-VENEZIA GIULIA,UDINE,1.00,DIVORZIO,"1,853.00",0,0,"1,650.00",0,0,754.00,865.00,19.00,89.04%
FRIULI-VENEZIA GIULIA,UDINE,1.00,DIVORZIO,"3,210.00",0,0,"2,838.00",0,0,"1,504.00","1,254.00",55.00,88.41%
FRIULI-VENEZIA GIULIA,UDINE,1.00,DIVORZIO,"4,449.00",0,0,"4,095.00",0,0,"1,779.00","2,247.00",37.00,92.04%
FRIULI-VENEZIA GIULIA,UDINE,1.00,DIVORZIO,"1,638.00",0,0,"1,553.00",0,0,601.00,906.00,28.00,94.81%
FRIULI-VENEZIA GIULIA,UDINE,1.00,DIVORZIO,"1,372.00",0,0,964.00,0,0,322.00,610.00,25.00,70.26%
FRIULI-VENEZIA GIULIA,UDINE,1.00,DIVORZIO,"1,250.00",0,0,"1,116.00",0,0,450.00,629.00,21.00,89.28%
FRIULI-VENEZIA GIULIA,UDINE,1.00,DIVORZIO,"2,273.00",0,0,"2,160.00",0,0,"1,184.00",909.00,39.00,95.03%
FRIULI-VENEZIA GIULIA,UDINE,1.00,DIVORZIO,334.00,0,0,255.00,0,0,64.00,188.00,3.00,76.35%
FRIULI-VENEZIA GIULIA,UDINE,1.00,DIVORZIO,834.00,0,0,721.00,0,0,331.00,363.00,17.00,86.45%
FRIULI-VENEZIA GIULIA,UDINE,1.00,DIVORZIO,"2,008.00",0,0,"1,287.00",0,0,755.00,491.00,24.00,64.09%
FRIULI-VENEZIA GIULIA,UDINE,1.00,DIVORZIO,"2,452.00",0,0,"1,878.00",0,0,713.00,"1,116.00",27.00,76.59%
FRIULI-VENEZIA GIULIA,UDINE,1.00,DIVORZIO,791.00,0,0,614.00,0,0,273.00,326.00,11.00,77.62%
FRIULI-VENEZIA GIULIA,UDINE,1.00,DIVORZIO,403.00,0,0,344.00,0,0,163.00,175.00,4.00,85.36%
FRIULI-VENEZIA GIULIA,UDINE,1.00,DIVORZIO,"3,545.00",0,0,"3,316.00",0,0,"1,848.00","1,404.00",39.00,93.54%
FRIULI-VENEZIA GIULIA,UDINE,1.00,DIVORZIO,"2,903.00",0,0,"2,652.00",0,0,"1,134.00","1,444.00",44.00,91.35%
FRIULI-VENEZIA GIULIA,UDINE,1.00,DIVORZIO,"1,340.00",0,0,"1,038.00",0,0,609.00,392.00,13.00,77.46%
FRIULI-VENEZIA GIULIA,UDINE,1.00,DIVORZIO,405.00,0,0,337.00,0,0,123.00,211.00,2.00,83.21%
FRIULI-VENEZIA GIULIA,UDINE,1.00,DIVORZIO,"1,112.00",0,0,745.00,0,0,285.00,446.00,7.00,67.00%
FRIULI-VENEZIA GIULIA,UDINE,1.00,DIVORZIO,"1,890.00",0,0,"1,617.00",0,0,830.00,744.00,22.00,85.56%
FRIULI-VENEZIA GIULIA,UDINE,1.00,DIVORZIO,"2,904.00",0,0,"2,555.00",0,0,"1,025.00","1,453.00",41.00,87.98%
FRIULI-VENEZIA GIULIA,UDINE,1.00,DIVORZIO,"1,394.00",0,0,"1,251.00",0,0,534.00,677.00,28.00,89.74%
FRIULI-VENEZIA GIULIA,UDINE,1.00,DIVORZIO,"2,191.00",0,0,"2,083.00",0,0,669.00,"1,348.00",42.00,95.07%
FRIULI-VENEZIA GIULIA,UDINE,1.00,DIVORZIO,"4,955.00",0,0,"4,333.00",0,0,"1,872.00","2,369.00",66.00,87.45%
FRIULI-VENEZIA GIULIA,UDINE,1.00,DIVORZIO,"5,341.00",0,0,"4,822.00",0,0,"1,535.00","3,194.00",46.00,90.28%
FRIULI-VENEZIA GIULIA,UDINE,1.00,DIVORZIO,"3,349.00",0,0,"3,180.00",0,0,"1,417.00","1,646.00",64.00,94.95%
FRIULI-VENEZIA GIULIA,UDINE,1.00,DIVORZIO,"1,108.00",0,0,833.00,0,0,473.00,336.00,19.00,75.18%
FRIULI-VENEZIA GIULIA,UDINE,1.00,DIVORZIO,"1,739.00",0,0,"1,463.00",0,0,611.00,813.00,28.00,84.13%
FRIULI-VENEZIA GIULIA,UDINE,1.00,DIVORZIO,"1,516.00",0,0,"1,406.00",0,0,745.00,621.00,23.00,92.74%
FRIULI-VENEZIA GIULIA,UDINE,1.00,DIVORZIO,"1,064.00",0,0,953.00,0,0,458.00,467.00,19.00,89.57%
FRIULI-VENEZIA GIULIA,UDINE,1.00,DIVORZIO,"1,237.00",0,0,"1,107.00",0,0,687.00,396.00,15.00,89.49%
FRIULI-VENEZIA GIULIA,UDINE,1.00,DIVORZIO,416.00,0,0,317.00,0,0,134.00,171.00,10.00,76.20%
FRIULI-VENEZIA GIULIA,UDINE,1.00,DIVORZIO,968.00,0,0,686.00,0,0,373.00,293.00,14.00,70.87%
FRIULI-VENEZIA GIULIA,UDINE,1.00,DIVORZIO,"3,318.00",0,0,"2,862.00",0,0,"1,808.00",970.00,64.00,86.26%
FRIULI-VENEZIA GIULIA,UDINE,1.00,DIVORZIO,"1,180.00",0,0,829.00,0,0,232.00,576.00,6.00,70.25%
FRIULI-VENEZIA GIULIA,UDINE,1.00,DIVORZIO,891.00,0,0,523.00,0,0,321.00,183.00,11.00,58.70%
FRIULI-VENEZIA GIULIA,UDINE,1.00,DIVORZIO,"1,124.00",0,0,"1,010.00",0,0,438.00,552.00,9.00,89.86%
FRIULI-VENEZIA GIULIA,UDINE,1.00,DIVORZIO,"1,262.00",0,0,852.00,0,0,498.00,340.00,11.00,67.51%
FRIULI-VENEZIA GIULIA,UDINE,1.00,DIVORZIO,"3,004.00",0,0,"2,570.00",0,0,"1,338.00","1,169.00",26.00,85.55%
FRIULI-VENEZIA GIULIA,UDINE,1.00,DIVORZIO,378.00,0,0,360.00,0,0,152.00,198.00,7.00,95.24%
FRIULI-VENEZIA GIULIA,UDINE,1.00,DIVORZIO,"7,305.00",0,0,"6,360.00",0,0,"2,438.00","3,807.00",65.00,87.06%
FRIULI-VENEZIA GIULIA,UDINE,1.00,DIVORZIO,"4,427.00",0,0,"3,978.00",0,0,"1,295.00","2,607.00",52.00,89.86%
FRIULI-VENEZIA GIULIA,UDINE,1.00,DIVORZIO,"6,385.00",0,0,"5,857.00",0,0,"1,886.00","3,850.00",83.00,91.73%
FRIULI-VENEZIA GIULIA,UDINE,1.00,DIVORZIO,"1,596.00",0,0,"1,373.00",0,0,762.00,579.00,22.00,86.03%
FRIULI-VENEZIA GIULIA,UDINE,1.00,DIVORZIO,"1,638.00",0,0,"1,566.00",0,0,289.00,"1,247.00",26.00,95.60%
FRIULI-VENEZIA GIULIA,UDINE,1.00,DIVORZIO,"7,219.00",0,0,"6,376.00",0,0,"2,183.00","4,042.00",93.00,88.32%
FRIULI-VENEZIA GIULIA,UDINE,1.00,DIVORZIO,"1,922.00",0,0,"1,509.00",0,0,641.00,813.00,37.00,78.51%
FRIULI-VENEZIA GIULIA,UDINE,1.00,DIVORZIO,"2,673.00",0,0,"2,485.00",0,0,791.00,"1,647.00",27.00,92.97%
FRIULI-VENEZIA GIULIA,UDINE,1.00,DIVORZIO,"2,336.00",0,0,"1,791.00",0,0,544.00,"1,221.00",14.00,76.67%
FRIULI-VENEZIA GIULIA,UDINE,1.00,DIVORZIO,766.00,0,0,562.00,0,0,260.00,295.00,3.00,73.37%
FRIULI-VENEZIA GIULIA,UDINE,1.00,DIVORZIO,"1,586.00",0,0,"1,180.00",0,0,427.00,726.00,18.00,74.40%
FRIULI-VENEZIA GIULIA,UDINE,1.00,DIVORZIO,"4,767.00",0,0,"4,444.00",0,0,"1,731.00","2,579.00",85.00,93.22%
FRIULI-VENEZIA GIULIA,UDINE,1.00,DIVORZIO,"1,271.00",0,0,"1,182.00",0,0,687.00,441.00,28.00,93.00%
FRIULI-VENEZIA GIULIA,UDINE,1.00,DIVORZIO,"74,869.00",0,0,"70,785.00",0,0,"23,161.00","46,474.00",742.00,94.55%
FRIULI-VENEZIA GIULIA,UDINE,1.00,DIVORZIO,"2,339.00",0,0,"2,100.00",0,0,"1,085.00",977.00,18.00,89.78%
FRIULI-VENEZIA GIULIA,UDINE,1.00,DIVORZIO,"2,221.00",0,0,"1,806.00",0,0,536.00,"1,244.00",21.00,81.31%
FRIULI-VENEZIA GIULIA,UDINE,1.00,DIVORZIO,"1,035.00",0,0,700.00,0,0,220.00,462.00,15.00,67.63%
FRIULI-VENEZIA GIULIA,UDINE,1.00,DIVORZIO,"1,488.00",0,0,"1,176.00",0,0,421.00,742.00,9.00,79.03%
FRIULI-VENEZIA GIULIA,UDINE,1.00,DIVORZIO,848.00,0,0,"1,096.00",0,0,348.00,714.00,20.00,129.25%
FRIULI-VENEZIA GIULIA,UDINE,1.00,DIVORZIO,528.00,0,0,493.00,0,0,289.00,200.00,4.00,93.37%
FRIULI-VENEZIA GIULIA,UDINE,1.00,DIVORZIO,584.00,0,0,376.00,0,0,126.00,248.00,2.00,64.38%
LOMBARDIA,VARESE,1.00,DIVORZIO,215.00,0,0,193.00,0,0,118.00,67.00,7.00,89.77%
LOMBARDIA,VARESE,1.00,DIVORZIO,"3,216.00",0,0,"3,043.00",0,0,"1,393.00","1,562.00",65.00,94.62%
LOMBARDIA,VARESE,1.00,DIVORZIO,"3,675.00",0,0,"3,474.00",0,0,"1,251.00","2,118.00",77.00,94.53%
LOMBARDIA,VARESE,1.00,DIVORZIO,"5,142.00",0,0,"4,721.00",0,0,"1,564.00","3,050.00",74.00,91.81%
LOMBARDIA,VARESE,1.00,DIVORZIO,"2,192.00",0,0,"2,037.00",0,0,751.00,"1,219.00",46.00,92.93%
LOMBARDIA,VARESE,1.00,DIVORZIO,"2,430.00",0,0,"2,235.00",0,0,853.00,"1,319.00",40.00,91.98%
LOMBARDIA,VARESE,1.00,DIVORZIO,432.00,0,0,393.00,0,0,220.00,163.00,8.00,90.97%
LOMBARDIA,VARESE,1.00,DIVORZIO,965.00,0,0,858.00,0,0,307.00,524.00,20.00,88.91%
LOMBARDIA,VARESE,1.00,DIVORZIO,917.00,0,0,818.00,0,0,391.00,401.00,18.00,89.20%
LOMBARDIA,VARESE,1.00,DIVORZIO,296.00,0,0,272.00,0,0,151.00,111.00,8.00,91.89%
LOMBARDIA,VARESE,1.00,DIVORZIO,"1,180.00",0,0,"1,064.00",0,0,306.00,724.00,19.00,90.17%
LOMBARDIA,VARESE,1.00,DIVORZIO,"2,874.00",0,0,"2,659.00",0,0,"1,067.00","1,490.00",74.00,92.52%
LOMBARDIA,VARESE,1.00,DIVORZIO,"5,334.00",0,0,"4,864.00",0,0,"2,099.00","2,608.00",124.00,91.19%
LOMBARDIA,VARESE,1.00,DIVORZIO,"1,759.00",0,0,"1,632.00",0,0,557.00,"1,019.00",34.00,92.78%
LOMBARDIA,VARESE,1.00,DIVORZIO,"2,194.00",0,0,"2,003.00",0,0,731.00,"1,242.00",21.00,91.29%
LOMBARDIA,VARESE,1.00,DIVORZIO,633.00,0,0,590.00,0,0,300.00,265.00,20.00,93.21%
LOMBARDIA,VARESE,1.00,DIVORZIO,"2,021.00",0,0,"1,851.00",0,0,834.00,954.00,45.00,91.59%
LOMBARDIA,VARESE,1.00,DIVORZIO,325.00,0,0,301.00,0,0,154.00,129.00,10.00,92.62%
LOMBARDIA,VARESE,1.00,DIVORZIO,896.00,0,0,788.00,0,0,270.00,494.00,16.00,87.95%
LOMBARDIA,VARESE,1.00,DIVORZIO,560.00,0,0,496.00,0,0,216.00,259.00,17.00,88.57%
LOMBARDIA,VARESE,1.00,DIVORZIO,450.00,0,0,404.00,0,0,242.00,150.00,6.00,89.78%
LOMBARDIA,VARESE,1.00,DIVORZIO,445.00,0,0,382.00,0,0,155.00,217.00,6.00,85.84%
LOMBARDIA,VARESE,1.00,DIVORZIO,387.00,0,0,354.00,0,0,185.00,160.00,7.00,91.47%
LOMBARDIA,VARESE,1.00,DIVORZIO,666.00,0,0,601.00,0,0,176.00,419.00,3.00,90.24%
LOMBARDIA,VARESE,1.00,DIVORZIO,"1,398.00",0,0,"1,296.00",0,0,455.00,800.00,27.00,92.70%
LOMBARDIA,VARESE,1.00,DIVORZIO,"55,218.00",0,0,"51,891.00",0,0,"21,734.00","28,856.00",880.00,93.97%
LOMBARDIA,VARESE,1.00,DIVORZIO,"1,266.00",0,0,"1,047.00",0,0,388.00,637.00,15.00,82.70%
LOMBARDIA,VARESE,1.00,DIVORZIO,968.00,0,0,904.00,0,0,357.00,523.00,17.00,93.39%
LOMBARDIA,VARESE,1.00,DIVORZIO,"4,727.00",0,0,"4,405.00",0,0,"1,924.00","2,314.00",110.00,93.19%
LOMBARDIA,VARESE,1.00,DIVORZIO,"2,849.00",0,0,"2,622.00",0,0,"1,094.00","1,453.00",41.00,92.03%
LOMBARDIA,VARESE,1.00,DIVORZIO,"1,499.00",0,0,"1,351.00",0,0,413.00,887.00,29.00,90.13%
LOMBARDIA,VARESE,1.00,DIVORZIO,"6,996.00",0,0,"6,578.00",0,0,"2,514.00","3,907.00",116.00,94.03%
LOMBARDIA,VARESE,1.00,DIVORZIO,"3,123.00",0,0,"2,919.00",0,0,"1,290.00","1,532.00",73.00,93.47%
LOMBARDIA,VARESE,1.00,DIVORZIO,"7,149.00",0,0,"6,752.00",0,0,"2,754.00","3,872.00",91.00,94.45%
LOMBARDIA,VARESE,1.00,DIVORZIO,"2,633.00",0,0,"2,459.00",0,0,"1,018.00","1,364.00",57.00,93.39%
LOMBARDIA,VARESE,1.00,DIVORZIO,"1,426.00",0,0,"1,338.00",0,0,463.00,816.00,38.00,93.83%
LOMBARDIA,VARESE,1.00,DIVORZIO,648.00,0,0,517.00,0,0,219.00,280.00,10.00,79.78%
LOMBARDIA,VARESE,1.00,DIVORZIO,"1,973.00",0,0,"1,847.00",0,0,846.00,965.00,19.00,93.61%
LOMBARDIA,VARESE,1.00,DIVORZIO,"3,061.00",0,0,"2,860.00",0,0,"1,162.00","1,614.00",59.00,93.43%
LOMBARDIA,VARESE,1.00,DIVORZIO,"11,972.00",0,0,"11,207.00",0,0,"4,568.00","6,324.00",210.00,93.61%
LOMBARDIA,VARESE,1.00,DIVORZIO,361.00,0,0,305.00,0,0,98.00,201.00,5.00,84.49%
LOMBARDIA,VARESE,1.00,DIVORZIO,"10,475.00",0,0,"9,927.00",0,0,"4,433.00","5,253.00",173.00,94.77%
LOMBARDIA,VARESE,1.00,DIVORZIO,303.00,0,0,273.00,0,0,130.00,140.00,3.00,90.10%
LOMBARDIA,VARESE,1.00,DIVORZIO,686.00,0,0,652.00,0,0,319.00,301.00,23.00,95.04%
LOMBARDIA,VARESE,1.00,DIVORZIO,"1,421.00",0,0,"1,268.00",0,0,530.00,699.00,25.00,89.23%
LOMBARDIA,VARESE,1.00,DIVORZIO,"4,378.00",0,0,"4,031.00",0,0,"1,591.00","2,321.00",75.00,92.07%
LOMBARDIA,VARESE,1.00,DIVORZIO,"2,599.00",0,0,"2,414.00",0,0,869.00,"1,477.00",46.00,92.88%
LOMBARDIA,VARESE,1.00,DIVORZIO,"3,077.00",0,0,"2,923.00",0,0,"1,244.00","1,594.00",53.00,95.00%
LOMBARDIA,VARESE,1.00,DIVORZIO,544.00,0,0,515.00,0,0,247.00,250.00,12.00,94.67%
LOMBARDIA,VARESE,1.00,DIVORZIO,"4,544.00",0,0,"4,304.00",0,0,"2,318.00","1,890.00",64.00,94.72%
LOMBARDIA,VARESE,1.00,DIVORZIO,"2,264.00",0,0,"2,188.00",0,0,718.00,"1,404.00",42.00,96.64%
LOMBARDIA,VARESE,1.00,DIVORZIO,"1,106.00",0,0,"1,016.00",0,0,375.00,614.00,12.00,91.86%
LOMBARDIA,VARESE,1.00,DIVORZIO,"3,148.00",0,0,"2,879.00",0,0,983.00,"1,818.00",55.00,91.45%
LOMBARDIA,VARESE,1.00,DIVORZIO,584.00,0,0,543.00,0,0,211.00,321.00,8.00,92.98%
LOMBARDIA,VARESE,1.00,DIVORZIO,"1,477.00",0,0,"1,337.00",0,0,521.00,783.00,27.00,90.52%
LOMBARDIA,VARESE,1.00,DIVORZIO,489.00,0,0,415.00,0,0,81.00,324.00,9.00,84.87%
LOMBARDIA,VARESE,1.00,DIVORZIO,319.00,0,0,305.00,0,0,150.00,146.00,5.00,95.61%
LOMBARDIA,VARESE,1.00,DIVORZIO,"2,007.00",0,0,"1,885.00",0,0,652.00,"1,199.00",29.00,93.92%
LOMBARDIA,VARESE,1.00,DIVORZIO,"1,440.00",0,0,"1,274.00",0,0,408.00,845.00,13.00,88.47%
LOMBARDIA,VARESE,1.00,DIVORZIO,"1,487.00",0,0,"1,318.00",0,0,483.00,798.00,29.00,88.63%
LOMBARDIA,VARESE,1.00,DIVORZIO,252.00,0,0,217.00,0,0,126.00,79.00,8.00,86.11%
LOMBARDIA,VARESE,1.00,DIVORZIO,"1,330.00",0,0,"1,161.00",0,0,436.00,704.00,21.00,87.29%
LOMBARDIA,VARESE,1.00,DIVORZIO,725.00,0,0,659.00,0,0,297.00,345.00,14.00,90.90%
LOMBARDIA,VARESE,1.00,DIVORZIO,"1,246.00",0,0,"1,170.00",0,0,412.00,696.00,51.00,93.90%
LOMBARDIA,VARESE,1.00,DIVORZIO,895.00,0,0,717.00,0,0,281.00,412.00,13.00,80.11%
LOMBARDIA,VARESE,1.00,DIVORZIO,110.00,0,0,107.00,0,0,44.00,60.00,2.00,97.27%
LOMBARDIA,VARESE,1.00,DIVORZIO,"6,990.00",0,0,"6,610.00",0,0,"3,157.00","3,247.00",146.00,94.56%
LOMBARDIA,VARESE,1.00,DIVORZIO,"3,145.00",0,0,"2,991.00",0,0,"1,203.00","1,709.00",56.00,95.10%
LOMBARDIA,VARESE,1.00,DIVORZIO,369.00,0,0,327.00,0,0,89.00,229.00,7.00,88.62%
LOMBARDIA,VARESE,1.00,DIVORZIO,"31,603.00",0,0,"29,676.00",0,0,"11,543.00","17,430.00",492.00,93.90%
LOMBARDIA,VARESE,1.00,DIVORZIO,317.00,0,0,299.00,0,0,112.00,179.00,7.00,94.32%
LOMBARDIA,VARESE,1.00,DIVORZIO,"5,914.00",0,0,"5,441.00",0,0,"1,973.00","3,343.00",94.00,92.00%
LOMBARDIA,VARESE,1.00,DIVORZIO,"3,250.00",0,0,"3,002.00",0,0,"1,383.00","1,551.00",48.00,92.37%
LOMBARDIA,VARESE,1.00,DIVORZIO,"1,588.00",0,0,"1,411.00",0,0,485.00,890.00,23.00,88.85%
LOMBARDIA,VARESE,1.00,DIVORZIO,"5,029.00",0,0,"4,746.00",0,0,"2,411.00","2,207.00",79.00,94.37%
LOMBARDIA,VARESE,1.00,DIVORZIO,"2,553.00",0,0,"2,285.00",0,0,722.00,"1,516.00",40.00,89.50%
LOMBARDIA,VARESE,1.00,DIVORZIO,"1,741.00",0,0,"1,597.00",0,0,563.00,978.00,40.00,91.73%
LOMBARDIA,VARESE,1.00,DIVORZIO,"2,530.00",0,0,"2,384.00",0,0,"1,055.00","1,258.00",52.00,94.23%
LOMBARDIA,VARESE,1.00,DIVORZIO,"4,000.00",0,0,"3,849.00",0,0,"2,073.00","1,656.00",75.00,96.23%
LOMBARDIA,VARESE,1.00,DIVORZIO,"1,022.00",0,0,958.00,0,0,427.00,504.00,21.00,93.74%
LOMBARDIA,VARESE,1.00,DIVORZIO,503.00,0,0,475.00,0,0,185.00,276.00,5.00,94.43%
LOMBARDIA,VARESE,1.00,DIVORZIO,395.00,0,0,377.00,0,0,192.00,175.00,5.00,95.44%
LOMBARDIA,VARESE,1.00,DIVORZIO,"5,200.00",0,0,"4,856.00",0,0,"1,778.00","2,961.00",84.00,93.38%
LOMBARDIA,VARESE,1.00,DIVORZIO,"2,591.00",0,0,"2,357.00",0,0,710.00,"1,598.00",35.00,90.97%
LOMBARDIA,VARESE,1.00,DIVORZIO,"2,849.00",0,0,"2,694.00",0,0,"1,261.00","1,356.00",59.00,94.56%
LOMBARDIA,VARESE,1.00,DIVORZIO,"3,276.00",0,0,"2,872.00",0,0,653.00,"2,165.00",34.00,87.67%
LOMBARDIA,VARESE,1.00,DIVORZIO,"6,517.00",0,0,"5,946.00",0,0,"1,964.00","3,835.00",106.00,91.24%
LOMBARDIA,VARESE,1.00,DIVORZIO,"2,014.00",0,0,"1,790.00",0,0,662.00,"1,066.00",48.00,88.88%
LOMBARDIA,VARESE,1.00,DIVORZIO,"2,286.00",0,0,"2,132.00",0,0,881.00,"1,185.00",49.00,93.26%
LOMBARDIA,VARESE,1.00,DIVORZIO,"6,687.00",0,0,"6,288.00",0,0,"3,075.00","3,030.00",106.00,94.03%
LOMBARDIA,VARESE,1.00,DIVORZIO,656.00,0,0,613.00,0,0,278.00,315.00,16.00,93.45%
LOMBARDIA,VARESE,1.00,DIVORZIO,"10,444.00",0,0,"9,323.00",0,0,"2,819.00","6,310.00",124.00,89.27%
LOMBARDIA,VARESE,1.00,DIVORZIO,768.00,0,0,718.00,0,0,314.00,369.00,29.00,93.49%
LOMBARDIA,VARESE,1.00,DIVORZIO,"1,535.00",0,0,"1,282.00",0,0,385.00,866.00,24.00,83.52%
LOMBARDIA,VARESE,1.00,DIVORZIO,583.00,0,0,533.00,0,0,238.00,269.00,19.00,91.42%
LOMBARDIA,VARESE,1.00,DIVORZIO,"8,831.00",0,0,"8,202.00",0,0,"2,713.00","5,325.00",113.00,92.88%
LOMBARDIA,VARESE,1.00,DIVORZIO,"1,346.00",0,0,"1,160.00",0,0,338.00,804.00,13.00,86.18%
LOMBARDIA,VARESE,1.00,DIVORZIO,"3,265.00",0,0,"3,104.00",0,0,"1,374.00","1,632.00",77.00,95.07%
LOMBARDIA,VARESE,1.00,DIVORZIO,195.00,0,0,178.00,0,0,107.00,68.00,3.00,91.28%
LOMBARDIA,VARESE,1.00,DIVORZIO,130.00,0,0,119.00,0,0,32.00,80.00,4.00,91.54%
LOMBARDIA,VARESE,1.00,DIVORZIO,963.00,0,0,918.00,0,0,331.00,556.00,22.00,95.33%
LOMBARDIA,VARESE,1.00,DIVORZIO,646.00,0,0,569.00,0,0,247.00,302.00,19.00,88.08%
LOMBARDIA,VARESE,1.00,DIVORZIO,711.00,0,0,600.00,0,0,267.00,323.00,8.00,84.39%
LOMBARDIA,VARESE,1.00,DIVORZIO,879.00,0,0,807.00,0,0,284.00,498.00,20.00,91.81%
LOMBARDIA,VARESE,1.00,DIVORZIO,"2,533.00",0,0,"2,331.00",0,0,993.00,"1,262.00",48.00,92.03%
LOMBARDIA,VARESE,1.00,DIVORZIO,"2,209.00",0,0,"2,058.00",0,0,901.00,"1,050.00",60.00,93.16%
LOMBARDIA,VARESE,1.00,DIVORZIO,"2,114.00",0,0,"1,997.00",0,0,"1,004.00",936.00,40.00,94.47%
LOMBARDIA,VARESE,1.00,DIVORZIO,"6,035.00",0,0,"5,741.00",0,0,"2,270.00","3,325.00",105.00,95.13%
LOMBARDIA,VARESE,1.00,DIVORZIO,"3,524.00",0,0,"3,393.00",0,0,"1,923.00","1,381.00",58.00,96.28%
LOMBARDIA,VARESE,1.00,DIVORZIO,425.00,0,0,352.00,0,0,163.00,186.00,3.00,82.82%
LOMBARDIA,VARESE,1.00,DIVORZIO,296.00,0,0,273.00,0,0,125.00,138.00,8.00,92.23%
LOMBARDIA,VARESE,1.00,DIVORZIO,324.00,0,0,238.00,0,0,50.00,182.00,4.00,73.46%
LOMBARDIA,VARESE,1.00,DIVORZIO,"2,107.00",0,0,"1,793.00",0,0,546.00,"1,221.00",10.00,85.10%
LOMBARDIA,VARESE,1.00,DIVORZIO,"1,827.00",0,0,"1,660.00",0,0,530.00,"1,092.00",30.00,90.86%
LOMBARDIA,VARESE,1.00,DIVORZIO,457.00,0,0,418.00,0,0,176.00,226.00,14.00,91.47%
LOMBARDIA,VARESE,1.00,DIVORZIO,"1,683.00",0,0,"1,506.00",0,0,472.00,"1,002.00",18.00,89.48%
LOMBARDIA,VARESE,1.00,DIVORZIO,601.00,0,0,558.00,0,0,267.00,273.00,11.00,92.85%
LOMBARDIA,VARESE,1.00,DIVORZIO,"9,209.00",0,0,"8,745.00",0,0,"3,518.00","4,967.00",191.00,94.96%
LOMBARDIA,VARESE,1.00,DIVORZIO,841.00,0,0,779.00,0,0,300.00,448.00,28.00,92.63%
LOMBARDIA,VARESE,1.00,DIVORZIO,"23,228.00",0,0,"22,279.00",0,0,"9,339.00","12,457.00",324.00,95.91%
LOMBARDIA,VARESE,1.00,DIVORZIO,"7,466.00",0,0,"6,903.00",0,0,"2,066.00","4,694.00",102.00,92.46%
LOMBARDIA,VARESE,1.00,DIVORZIO,"2,245.00",0,0,"2,127.00",0,0,929.00,"1,121.00",52.00,94.74%
LOMBARDIA,VARESE,1.00,DIVORZIO,"2,679.00",0,0,"2,646.00",0,0,"1,286.00","1,296.00",47.00,98.77%
LOMBARDIA,VARESE,1.00,DIVORZIO,"11,407.00",0,0,"10,866.00",0,0,"4,120.00","6,409.00",235.00,95.26%
LOMBARDIA,VARESE,1.00,DIVORZIO,"2,929.00",0,0,"2,713.00",0,0,"1,173.00","1,417.00",87.00,92.63%
LOMBARDIA,VARESE,1.00,DIVORZIO,"1,916.00",0,0,"1,699.00",0,0,524.00,"1,124.00",45.00,88.67%
LOMBARDIA,VARESE,1.00,DIVORZIO,"1,437.00",0,0,"1,341.00",0,0,550.00,747.00,32.00,93.32%
LOMBARDIA,VARESE,1.00,DIVORZIO,"10,957.00",0,0,"10,356.00",0,0,"4,217.00","5,873.00",162.00,94.51%
LOMBARDIA,VARESE,1.00,DIVORZIO,"2,147.00",0,0,"1,975.00",0,0,958.00,944.00,44.00,91.99%
LOMBARDIA,VARESE,1.00,DIVORZIO,211.00,0,0,155.00,0,0,36.00,118.00,1.00,73.46%
LOMBARDIA,VARESE,1.00,DIVORZIO,"5,084.00",0,0,"4,845.00",0,0,"2,171.00","2,545.00",85.00,95.30%
LOMBARDIA,VARESE,1.00,DIVORZIO,960.00,0,0,862.00,0,0,418.00,423.00,15.00,89.79%
LOMBARDIA,VARESE,1.00,DIVORZIO,"1,705.00",0,0,"1,610.00",0,0,606.00,969.00,28.00,94.43%
LOMBARDIA,VARESE,1.00,DIVORZIO,"59,317.00",0,0,"54,906.00",0,0,"20,397.00","33,370.00",811.00,92.56%
LOMBARDIA,VARESE,1.00,DIVORZIO,"4,083.00",0,0,"3,728.00",0,0,"1,525.00","2,087.00",84.00,91.31%
LOMBARDIA,VARESE,1.00,DIVORZIO,552.00,0,0,367.00,0,0,185.00,174.00,5.00,66.49%
LOMBARDIA,VARESE,1.00,DIVORZIO,"3,041.00",0,0,"2,819.00",0,0,"1,368.00","1,387.00",45.00,92.70%
LOMBARDIA,VARESE,1.00,DIVORZIO,"3,171.00",0,0,"2,864.00",0,0,"1,096.00","1,683.00",60.00,90.32%
LOMBARDIA,VARESE,1.00,DIVORZIO,"5,095.00",0,0,"4,752.00",0,0,"1,560.00","3,046.00",103.00,93.27%
LOMBARDIA,VARESE,1.00,DIVORZIO,"3,471.00",0,0,"3,099.00",0,0,"1,147.00","1,882.00",42.00,89.28%
LOMBARDIA,VARESE,1.00,DIVORZIO,305.00,0,0,294.00,0,0,83.00,204.00,3.00,96.39%
VENETO,VENEZIA,1.00,DIVORZIO,"2,369.00",0,0,"2,053.00",0,0,"1,015.00",980.00,35.00,86.66%
VENETO,VENEZIA,1.00,DIVORZIO,"3,172.00",0,0,"3,043.00",0,0,"1,082.00","1,889.00",47.00,95.93%
VENETO,VENEZIA,1.00,DIVORZIO,"5,015.00",0,0,"4,784.00",0,0,"2,394.00","2,285.00",70.00,95.39%
VENETO,VENEZIA,1.00,DIVORZIO,"5,198.00",0,0,"4,991.00",0,0,"1,839.00","3,048.00",59.00,96.02%
VENETO,VENEZIA,1.00,DIVORZIO,"7,103.00",0,0,"6,653.00",0,0,"2,745.00","3,780.00",95.00,93.66%
VENETO,VENEZIA,1.00,DIVORZIO,"12,067.00",0,0,"11,531.00",0,0,"4,346.00","6,844.00",224.00,95.56%
VENETO,VENEZIA,1.00,DIVORZIO,"3,332.00",0,0,"3,109.00",0,0,"1,466.00","1,570.00",43.00,93.31%
VENETO,VENEZIA,1.00,DIVORZIO,"32,518.00",0,0,"29,495.00",0,0,"11,933.00","16,914.00",382.00,90.70%
VENETO,VENEZIA,1.00,DIVORZIO,"2,090.00",0,0,"1,731.00",0,0,794.00,870.00,42.00,82.82%
VENETO,VENEZIA,1.00,DIVORZIO,"2,246.00",0,0,"2,131.00",0,0,"1,225.00",823.00,57.00,94.88%
VENETO,VENEZIA,1.00,DIVORZIO,"6,286.00",0,0,"5,898.00",0,0,"1,670.00","4,124.00",67.00,93.83%
VENETO,VENEZIA,1.00,DIVORZIO,"8,473.00",0,0,"8,537.00",0,0,"3,210.00","5,097.00",137.00,100.76%
VENETO,VENEZIA,1.00,DIVORZIO,"6,725.00",0,0,"6,329.00",0,0,"2,482.00","3,713.00",76.00,94.11%
VENETO,VENEZIA,1.00,DIVORZIO,"3,652.00",0,0,"3,493.00",0,0,"1,027.00","2,370.00",68.00,95.65%
VENETO,VENEZIA,1.00,DIVORZIO,"2,585.00",0,0,"2,311.00",0,0,"1,045.00","1,221.00",34.00,89.40%
VENETO,VENEZIA,1.00,DIVORZIO,"3,606.00",0,0,"3,260.00",0,0,"1,351.00","1,839.00",46.00,90.40%
VENETO,VENEZIA,1.00,DIVORZIO,"2,899.00",0,0,"2,752.00",0,0,"1,405.00","1,286.00",42.00,94.93%
VENETO,VENEZIA,1.00,DIVORZIO,"1,872.00",0,0,"1,674.00",0,0,718.00,907.00,29.00,89.42%
VENETO,VENEZIA,1.00,DIVORZIO,"13,672.00",0,0,"12,837.00",0,0,"4,906.00","7,647.00",160.00,93.89%
VENETO,VENEZIA,1.00,DIVORZIO,"3,650.00",0,0,"3,484.00",0,0,"1,517.00","1,909.00",26.00,95.45%
VENETO,VENEZIA,1.00,DIVORZIO,"8,436.00",0,0,"7,985.00",0,0,"3,483.00","4,329.00",89.00,94.65%
VENETO,VENEZIA,1.00,DIVORZIO,"3,245.00",0,0,"3,032.00",0,0,"1,257.00","1,733.00",29.00,93.44%
VENETO,VENEZIA,1.00,DIVORZIO,"21,760.00",0,0,"20,766.00",0,0,"6,169.00","14,110.00",324.00,95.43%
VENETO,VENEZIA,1.00,DIVORZIO,"14,548.00",0,0,"14,100.00",0,0,"6,374.00","7,377.00",206.00,96.92%
VENETO,VENEZIA,1.00,DIVORZIO,"5,591.00",0,0,"5,233.00",0,0,"2,156.00","2,979.00",63.00,93.60%
VENETO,VENEZIA,1.00,DIVORZIO,"6,828.00",0,0,"6,788.00",0,0,"4,357.00","2,277.00",89.00,99.41%
VENETO,VENEZIA,1.00,DIVORZIO,"3,470.00",0,0,"3,154.00",0,0,"1,351.00","1,736.00",41.00,90.89%
VENETO,VENEZIA,1.00,DIVORZIO,"5,090.00",0,0,"4,789.00",0,0,"2,604.00","2,093.00",56.00,94.09%
VENETO,VENEZIA,1.00,DIVORZIO,"15,491.00",0,0,"14,655.00",0,0,"5,899.00","8,474.00",174.00,94.60%
VENETO,VENEZIA,1.00,DIVORZIO,"1,925.00",0,0,"1,674.00",0,0,821.00,803.00,34.00,86.96%
VENETO,VENEZIA,1.00,DIVORZIO,"2,925.00",0,0,"2,749.00",0,0,"1,070.00","1,619.00",38.00,93.98%
VENETO,VENEZIA,1.00,DIVORZIO,"4,901.00",0,0,"4,657.00",0,0,"2,530.00","1,984.00",83.00,95.02%
VENETO,VENEZIA,1.00,DIVORZIO,"19,636.00",0,0,"18,743.00",0,0,"8,395.00","9,977.00",251.00,95.45%
VENETO,VENEZIA,1.00,DIVORZIO,"7,861.00",0,0,"7,137.00",0,0,"2,828.00","4,111.00",131.00,90.79%
VENETO,VENEZIA,1.00,DIVORZIO,"5,427.00",0,0,"5,155.00",0,0,"3,347.00","1,677.00",82.00,94.99%
VENETO,VENEZIA,1.00,DIVORZIO,"6,982.00",0,0,"6,201.00",0,0,"2,399.00","3,690.00",81.00,88.81%
VENETO,VENEZIA,1.00,DIVORZIO,"7,466.00",0,0,"6,964.00",0,0,"4,357.00","2,454.00",87.00,93.28%
VENETO,VENEZIA,1.00,DIVORZIO,"13,807.00",0,0,"13,165.00",0,0,"3,776.00","9,149.00",166.00,95.35%
VENETO,VENEZIA,1.00,DIVORZIO,"3,675.00",0,0,"3,451.00",0,0,"1,573.00","1,757.00",89.00,93.90%
VENETO,VENEZIA,1.00,DIVORZIO,"1,583.00",0,0,"1,406.00",0,0,507.00,842.00,31.00,88.82%
VENETO,VENEZIA,1.00,DIVORZIO,"2,485.00",0,0,"2,257.00",0,0,"1,055.00","1,126.00",56.00,90.82%
VENETO,VENEZIA,1.00,DIVORZIO,"253,857.00",0,0,"238,697.00",0,0,"68,647.00","166,222.00","2,230.00",94.03%
VENETO,VENEZIA,1.00,DIVORZIO,"4,524.00",0,0,"4,314.00",0,0,"2,245.00","1,966.00",68.00,95.36%
PIEMONTE,VERCELLI,1.00,DIVORZIO,272.00,0,0,224.00,0,0,38.00,179.00,7.00,82.35%
PIEMONTE,VERCELLI,1.00,DIVORZIO,334.00,0,0,283.00,0,0,93.00,182.00,7.00,84.73%
PIEMONTE,VERCELLI,1.00,DIVORZIO,407.00,0,0,371.00,0,0,113.00,242.00,11.00,91.15%
PIEMONTE,VERCELLI,1.00,DIVORZIO,"1,650.00",0,0,"1,426.00",0,0,500.00,848.00,55.00,86.42%
PIEMONTE,VERCELLI,1.00,DIVORZIO,"3,061.00",0,0,"2,800.00",0,0,571.00,"2,158.00",46.00,91.47%
PIEMONTE,VERCELLI,1.00,DIVORZIO,926.00,0,0,859.00,0,0,297.00,500.00,49.00,92.76%
PIEMONTE,VERCELLI,1.00,DIVORZIO,"1,282.00",0,0,"1,139.00",0,0,373.00,710.00,45.00,88.85%
PIEMONTE,VERCELLI,1.00,DIVORZIO,123.00,0,0,101.00,0,0,35.00,60.00,5.00,82.11%
PIEMONTE,VERCELLI,1.00,DIVORZIO,293.00,0,0,272.00,0,0,132.00,132.00,5.00,92.83%
PIEMONTE,VERCELLI,1.00,DIVORZIO,712.00,0,0,655.00,0,0,217.00,418.00,16.00,91.99%
PIEMONTE,VERCELLI,1.00,DIVORZIO,"1,995.00",0,0,"1,796.00",0,0,542.00,"1,164.00",66.00,90.03%
PIEMONTE,VERCELLI,1.00,DIVORZIO,"40,853.00",0,0,"37,831.00",0,0,"9,364.00","27,533.00",645.00,92.60%
PIEMONTE,VERCELLI,1.00,DIVORZIO,972.00,0,0,884.00,0,0,284.00,576.00,19.00,90.95%
PIEMONTE,VERCELLI,1.00,DIVORZIO,337.00,0,0,261.00,0,0,113.00,131.00,10.00,77.45%
PIEMONTE,VERCELLI,1.00,DIVORZIO,"2,259.00",0,0,"1,935.00",0,0,725.00,"1,046.00",136.00,85.66%
PIEMONTE,VERCELLI,1.00,DIVORZIO,"11,735.00",0,0,"10,687.00",0,0,"2,753.00","7,635.00",230.00,91.07%
PIEMONTE,VERCELLI,1.00,DIVORZIO,"1,697.00",0,0,"1,566.00",0,0,516.00,994.00,45.00,92.28%
PIEMONTE,VERCELLI,1.00,DIVORZIO,660.00,0,0,606.00,0,0,189.00,389.00,21.00,91.82%
PIEMONTE,VERCELLI,1.00,DIVORZIO,177.00,0,0,131.00,0,0,49.00,82.00,0.00,74.01%
PIEMONTE,VERCELLI,1.00,DIVORZIO,"1,466.00",0,0,"1,191.00",0,0,330.00,800.00,41.00,81.24%
PIEMONTE,VERCELLI,1.00,DIVORZIO,928.00,0,0,848.00,0,0,332.00,481.00,26.00,91.38%
PIEMONTE,VERCELLI,1.00,DIVORZIO,164.00,0,0,146.00,0,0,47.00,94.00,4.00,89.02%
PIEMONTE,VERCELLI,1.00,DIVORZIO,508.00,0,0,415.00,0,0,99.00,303.00,6.00,81.69%
PIEMONTE,VERCELLI,1.00,DIVORZIO,897.00,0,0,804.00,0,0,219.00,551.00,23.00,89.63%
PIEMONTE,VERCELLI,1.00,DIVORZIO,204.00,0,0,166.00,0,0,92.00,67.00,2.00,81.37%
PIEMONTE,VERCELLI,1.00,DIVORZIO,269.00,0,0,203.00,0,0,87.00,111.00,5.00,75.46%
PIEMONTE,VERCELLI,1.00,DIVORZIO,"5,107.00",0,0,"4,753.00",0,0,888.00,"3,728.00",92.00,93.07%
PIEMONTE,VERCELLI,1.00,DIVORZIO,217.00,0,0,204.00,0,0,58.00,137.00,7.00,94.01%
PIEMONTE,VERCELLI,1.00,DIVORZIO,66.00,0,0,54.00,0,0,18.00,33.00,2.00,81.82%
PIEMONTE,VERCELLI,1.00,DIVORZIO,"1,205.00",0,0,"1,095.00",0,0,478.00,537.00,67.00,90.87%
PIEMONTE,VERCELLI,1.00,DIVORZIO,142.00,0,0,132.00,0,0,65.00,61.00,6.00,92.96%
PIEMONTE,VERCELLI,1.00,DIVORZIO,882.00,0,0,796.00,0,0,261.00,496.00,32.00,90.25%
PIEMONTE,VERCELLI,1.00,DIVORZIO,282.00,0,0,264.00,0,0,91.00,166.00,7.00,93.62%
PIEMONTE,VERCELLI,1.00,DIVORZIO,515.00,0,0,467.00,0,0,92.00,362.00,10.00,90.68%
PIEMONTE,VERCELLI,1.00,DIVORZIO,561.00,0,0,458.00,0,0,103.00,330.00,18.00,81.64%
PIEMONTE,VERCELLI,1.00,DIVORZIO,"2,223.00",0,0,"2,046.00",0,0,621.00,"1,324.00",69.00,92.04%
PIEMONTE,VERCELLI,1.00,DIVORZIO,737.00,0,0,539.00,0,0,173.00,344.00,15.00,73.13%
PIEMONTE,VERCELLI,1.00,DIVORZIO,257.00,0,0,242.00,0,0,65.00,171.00,4.00,94.16%
PIEMONTE,VERCELLI,1.00,DIVORZIO,"1,617.00",0,0,"1,464.00",0,0,422.00,975.00,55.00,90.54%
PIEMONTE,VERCELLI,1.00,DIVORZIO,66.00,0,0,52.00,0,0,13.00,38.00,1.00,78.79%
PIEMONTE,VERCELLI,1.00,DIVORZIO,"3,495.00",0,0,"3,150.00",0,0,"1,145.00","1,857.00",112.00,90.13%
PIEMONTE,VERCELLI,1.00,DIVORZIO,197.00,0,0,157.00,0,0,66.00,84.00,5.00,79.70%
PIEMONTE,VERCELLI,1.00,DIVORZIO,"2,576.00",0,0,"2,319.00",0,0,440.00,"1,791.00",74.00,90.02%
PIEMONTE,VERCELLI,1.00,DIVORZIO,117.00,0,0,113.00,0,0,45.00,65.00,3.00,96.58%
PIEMONTE,VERCELLI,1.00,DIVORZIO,"11,267.00",0,0,"10,328.00",0,0,"1,964.00","8,024.00",249.00,91.67%
PIEMONTE,VERCELLI,1.00,DIVORZIO,959.00,0,0,890.00,0,0,348.00,503.00,32.00,92.81%
PIEMONTE,VERCELLI,1.00,DIVORZIO,362.00,0,0,269.00,0,0,107.00,152.00,7.00,74.31%
PIEMONTE,VERCELLI,1.00,DIVORZIO,"4,276.00",0,0,"3,820.00",0,0,"1,232.00","2,423.00",110.00,89.34%
PIEMONTE,VERCELLI,1.00,DIVORZIO,"1,841.00",0,0,"1,653.00",0,0,418.00,"1,183.00",37.00,89.79%
PIEMONTE,VERCELLI,1.00,DIVORZIO,276.00,0,0,251.00,0,0,78.00,152.00,16.00,90.94%
PIEMONTE,VERCELLI,1.00,DIVORZIO,512.00,0,0,466.00,0,0,197.00,252.00,13.00,91.02%
PIEMONTE,VERCELLI,1.00,DIVORZIO,559.00,0,0,417.00,0,0,119.00,282.00,10.00,74.60%
PIEMONTE,VERCELLI,1.00,DIVORZIO,919.00,0,0,819.00,0,0,287.00,500.00,25.00,89.12%
PIEMONTE,VERCELLI,1.00,DIVORZIO,607.00,0,0,426.00,0,0,125.00,280.00,19.00,70.18%
PIEMONTE,VERCELLI,1.00,DIVORZIO,279.00,0,0,257.00,0,0,53.00,194.00,7.00,92.11%
PIEMONTE,VERCELLI,1.00,DIVORZIO,336.00,0,0,248.00,0,0,109.00,128.00,9.00,73.81%
PIEMONTE,VERCELLI,1.00,DIVORZIO,"1,175.00",0,0,"1,058.00",0,0,333.00,682.00,38.00,90.04%
PIEMONTE,VERCELLI,1.00,DIVORZIO,493.00,0,0,462.00,0,0,160.00,291.00,7.00,93.71%
PIEMONTE,VERCELLI,1.00,DIVORZIO,"2,670.00",0,0,"2,472.00",0,0,520.00,"1,874.00",62.00,92.58%
PIEMONTE,VERCELLI,1.00,DIVORZIO,"6,752.00",0,0,"6,143.00",0,0,"1,589.00","4,311.00",191.00,90.98%
PIEMONTE,VERCELLI,1.00,DIVORZIO,657.00,0,0,552.00,0,0,213.00,303.00,26.00,84.02%
PIEMONTE,VERCELLI,1.00,DIVORZIO,103.00,0,0,79.00,0,0,21.00,54.00,2.00,76.70%
PIEMONTE,VERCELLI,1.00,DIVORZIO,"1,305.00",0,0,"1,130.00",0,0,253.00,835.00,25.00,86.59%
PIEMONTE,VERCELLI,1.00,DIVORZIO,406.00,0,0,354.00,0,0,203.00,137.00,6.00,87.19%
PIEMONTE,VERCELLI,1.00,DIVORZIO,271.00,0,0,241.00,0,0,65.00,161.00,13.00,88.93%
PIEMONTE,VERCELLI,1.00,DIVORZIO,483.00,0,0,403.00,0,0,138.00,253.00,7.00,83.44%
PIEMONTE,VERCELLI,1.00,DIVORZIO,745.00,0,0,786.00,0,0,302.00,449.00,25.00,105.50%
PIEMONTE,VERCELLI,1.00,DIVORZIO,"1,785.00",0,0,"1,662.00",0,0,502.00,"1,092.00",53.00,93.11%
PIEMONTE,VERCELLI,1.00,DIVORZIO,496.00,0,0,453.00,0,0,150.00,290.00,11.00,91.33%
PIEMONTE,VERCELLI,1.00,DIVORZIO,"3,519.00",0,0,"3,203.00",0,0,859.00,"2,182.00",118.00,91.02%
PIEMONTE,VERCELLI,1.00,DIVORZIO,642.00,0,0,528.00,0,0,191.00,317.00,14.00,82.24%
PIEMONTE,VERCELLI,1.00,DIVORZIO,384.00,0,0,301.00,0,0,50.00,238.00,8.00,78.39%
PIEMONTE,VERCELLI,1.00,DIVORZIO,383.00,0,0,355.00,0,0,120.00,222.00,8.00,92.69%
PIEMONTE,VERCELLI,1.00,DIVORZIO,"1,946.00",0,0,"1,681.00",0,0,436.00,"1,191.00",33.00,86.38%
PIEMONTE,VERCELLI,1.00,DIVORZIO,802.00,0,0,710.00,0,0,148.00,541.00,17.00,88.53%
PIEMONTE,VERCELLI,1.00,DIVORZIO,674.00,0,0,616.00,0,0,153.00,446.00,12.00,91.39%
PIEMONTE,VERCELLI,1.00,DIVORZIO,100.00,0,0,85.00,0,0,31.00,48.00,5.00,85.00%
PIEMONTE,VERCELLI,1.00,DIVORZIO,"1,274.00",0,0,"1,112.00",0,0,468.00,580.00,54.00,87.28%
PIEMONTE,VERCELLI,1.00,DIVORZIO,"3,002.00",0,0,"2,740.00",0,0,676.00,"1,967.00",70.00,91.27%
PIEMONTE,VERCELLI,1.00,DIVORZIO,"1,667.00",0,0,"1,512.00",0,0,379.00,"1,083.00",37.00,90.70%
PIEMONTE,VERCELLI,1.00,DIVORZIO,866.00,0,0,765.00,0,0,268.00,438.00,54.00,88.34%
PIEMONTE,VERCELLI,1.00,DIVORZIO,"1,035.00",0,0,884.00,0,0,237.00,584.00,51.00,85.41%
PIEMONTE,VERCELLI,1.00,DIVORZIO,491.00,0,0,405.00,0,0,114.00,270.00,17.00,82.48%
PIEMONTE,VERCELLI,1.00,DIVORZIO,973.00,0,0,787.00,0,0,159.00,592.00,28.00,80.88%
PIEMONTE,VERCELLI,1.00,DIVORZIO,"3,110.00",0,0,"2,816.00",0,0,724.00,"1,982.00",79.00,90.55%
PIEMONTE,VERCELLI,1.00,DIVORZIO,"1,861.00",0,0,"1,691.00",0,0,358.00,"1,278.00",46.00,90.87%
PIEMONTE,VERCELLI,1.00,DIVORZIO,603.00,0,0,542.00,0,0,229.00,298.00,13.00,89.88%
PIEMONTE,VERCELLI,1.00,DIVORZIO,273.00,0,0,259.00,0,0,96.00,148.00,15.00,94.87%
PIEMONTE,VERCELLI,1.00,DIVORZIO,"1,290.00",0,0,"1,209.00",0,0,448.00,733.00,21.00,93.72%
PIEMONTE,VERCELLI,1.00,DIVORZIO,381.00,0,0,344.00,0,0,96.00,234.00,11.00,90.29%
PIEMONTE,VERCELLI,1.00,DIVORZIO,"1,534.00",0,0,"1,379.00",0,0,387.00,944.00,36.00,89.90%
PIEMONTE,VERCELLI,1.00,DIVORZIO,"1,060.00",0,0,963.00,0,0,328.00,600.00,28.00,90.85%
PIEMONTE,VERCELLI,1.00,DIVORZIO,396.00,0,0,359.00,0,0,66.00,282.00,7.00,90.66%
PIEMONTE,VERCELLI,1.00,DIVORZIO,270.00,0,0,202.00,0,0,52.00,146.00,2.00,74.81%
PIEMONTE,VERCELLI,1.00,DIVORZIO,123.00,0,0,98.00,0,0,51.00,39.00,8.00,79.67%
PIEMONTE,VERCELLI,1.00,DIVORZIO,157.00,0,0,134.00,0,0,93.00,36.00,5.00,85.35%
PIEMONTE,VERCELLI,1.00,DIVORZIO,144.00,0,0,125.00,0,0,23.00,98.00,2.00,86.81%
PIEMONTE,VERCELLI,1.00,DIVORZIO,"1,696.00",0,0,"1,510.00",0,0,355.00,"1,117.00",30.00,89.03%
PIEMONTE,VERCELLI,1.00,DIVORZIO,"2,605.00",0,0,"2,428.00",0,0,463.00,"1,883.00",61.00,93.21%
PIEMONTE,VERCELLI,1.00,DIVORZIO,"1,651.00",0,0,"1,541.00",0,0,316.00,"1,186.00",31.00,93.34%
PIEMONTE,VERCELLI,1.00,DIVORZIO,433.00,0,0,371.00,0,0,92.00,269.00,6.00,85.68%
PIEMONTE,VERCELLI,1.00,DIVORZIO,"2,319.00",0,0,"2,115.00",0,0,491.00,"1,542.00",60.00,91.20%
PIEMONTE,VERCELLI,1.00,DIVORZIO,546.00,0,0,515.00,0,0,207.00,275.00,27.00,94.32%
PIEMONTE,VERCELLI,1.00,DIVORZIO,"2,675.00",0,0,"2,452.00",0,0,443.00,"1,933.00",64.00,91.66%
PIEMONTE,VERCELLI,1.00,DIVORZIO,772.00,0,0,707.00,0,0,163.00,518.00,20.00,91.58%
PIEMONTE,VERCELLI,1.00,DIVORZIO,"2,753.00",0,0,"2,497.00",0,0,622.00,"1,796.00",70.00,90.70%
PIEMONTE,VERCELLI,1.00,DIVORZIO,320.00,0,0,302.00,0,0,104.00,190.00,5.00,94.38%
PIEMONTE,VERCELLI,1.00,DIVORZIO,317.00,0,0,227.00,0,0,41.00,180.00,5.00,71.61%
PIEMONTE,VERCELLI,1.00,DIVORZIO,122.00,0,0,89.00,0,0,45.00,42.00,2.00,72.95%
PIEMONTE,VERCELLI,1.00,DIVORZIO,96.00,0,0,75.00,0,0,39.00,36.00,0.00,78.13%
PIEMONTE,VERCELLI,1.00,DIVORZIO,173.00,0,0,127.00,0,0,37.00,86.00,2.00,73.41%
PIEMONTE,VERCELLI,1.00,DIVORZIO,224.00,0,0,159.00,0,0,87.00,54.00,9.00,70.98%
PIEMONTE,VERCELLI,1.00,DIVORZIO,215.00,0,0,169.00,0,0,70.00,93.00,5.00,78.60%
PIEMONTE,VERCELLI,1.00,DIVORZIO,479.00,0,0,431.00,0,0,119.00,296.00,15.00,89.98%
PIEMONTE,VERCELLI,1.00,DIVORZIO,"1,864.00",0,0,"1,454.00",0,0,521.00,883.00,34.00,78.00%
PIEMONTE,VERCELLI,1.00,DIVORZIO,"1,272.00",0,0,"1,156.00",0,0,293.00,831.00,23.00,90.88%
PIEMONTE,VERCELLI,1.00,DIVORZIO,748.00,0,0,690.00,0,0,237.00,420.00,22.00,92.25%
PIEMONTE,VERCELLI,1.00,DIVORZIO,547.00,0,0,487.00,0,0,179.00,284.00,17.00,89.03%
PIEMONTE,VERCELLI,1.00,DIVORZIO,171.00,0,0,129.00,0,0,40.00,89.00,0.00,75.44%
PIEMONTE,VERCELLI,1.00,DIVORZIO,182.00,0,0,140.00,0,0,62.00,65.00,10.00,76.92%
PIEMONTE,VERCELLI,1.00,DIVORZIO,713.00,0,0,643.00,0,0,205.00,409.00,25.00,90.18%
PIEMONTE,VERCELLI,1.00,DIVORZIO,131.00,0,0,91.00,0,0,35.00,52.00,4.00,69.47%
PIEMONTE,VERCELLI,1.00,DIVORZIO,"1,781.00",0,0,"1,598.00",0,0,362.00,"1,185.00",35.00,89.72%
PIEMONTE,VERCELLI,1.00,DIVORZIO,524.00,0,0,462.00,0,0,44.00,401.00,12.00,88.17%
PIEMONTE,VERCELLI,1.00,DIVORZIO,206.00,0,0,191.00,0,0,42.00,141.00,7.00,92.72%
PIEMONTE,VERCELLI,1.00,DIVORZIO,168.00,0,0,159.00,0,0,76.00,81.00,1.00,94.64%
PIEMONTE,VERCELLI,1.00,DIVORZIO,"2,975.00",0,0,"2,687.00",0,0,949.00,"1,636.00",67.00,90.32%
PIEMONTE,VERCELLI,1.00,DIVORZIO,"1,662.00",0,0,"1,443.00",0,0,458.00,905.00,47.00,86.82%
PIEMONTE,VERCELLI,1.00,DIVORZIO,"1,784.00",0,0,"1,644.00",0,0,470.00,"1,108.00",53.00,92.15%
PIEMONTE,VERCELLI,1.00,DIVORZIO,"1,927.00",0,0,"1,759.00",0,0,480.00,"1,210.00",56.00,91.28%
PIEMONTE,VERCELLI,1.00,DIVORZIO,388.00,0,0,355.00,0,0,135.00,200.00,13.00,91.49%
PIEMONTE,VERCELLI,1.00,DIVORZIO,210.00,0,0,161.00,0,0,30.00,128.00,2.00,76.67%
PIEMONTE,VERCELLI,1.00,DIVORZIO,"6,525.00",0,0,"5,986.00",0,0,"1,599.00","4,158.00",160.00,91.74%
PIEMONTE,VERCELLI,1.00,DIVORZIO,269.00,0,0,207.00,0,0,68.00,116.00,17.00,76.95%
PIEMONTE,VERCELLI,1.00,DIVORZIO,347.00,0,0,283.00,0,0,100.00,168.00,13.00,81.56%
PIEMONTE,VERCELLI,1.00,DIVORZIO,117.00,0,0,106.00,0,0,15.00,89.00,2.00,90.60%
PIEMONTE,VERCELLI,1.00,DIVORZIO,"4,127.00",0,0,"3,728.00",0,0,865.00,"2,758.00",83.00,90.33%
PIEMONTE,VERCELLI,1.00,DIVORZIO,873.00,0,0,794.00,0,0,150.00,612.00,28.00,90.95%
PIEMONTE,VERCELLI,1.00,DIVORZIO,"1,117.00",0,0,993.00,0,0,370.00,576.00,41.00,88.90%
PIEMONTE,VERCELLI,1.00,DIVORZIO,695.00,0,0,560.00,0,0,166.00,373.00,14.00,80.58%
PIEMONTE,VERCELLI,1.00,DIVORZIO,"1,146.00",0,0,"1,041.00",0,0,256.00,755.00,23.00,90.84%
PIEMONTE,VERCELLI,1.00,DIVORZIO,"1,123.00",0,0,"1,042.00",0,0,332.00,670.00,32.00,92.79%
PIEMONTE,VERCELLI,1.00,DIVORZIO,728.00,0,0,619.00,0,0,112.00,480.00,18.00,85.03%
PIEMONTE,VERCELLI,1.00,DIVORZIO,197.00,0,0,177.00,0,0,48.00,121.00,6.00,89.85%
PIEMONTE,VERCELLI,1.00,DIVORZIO,"2,513.00",0,0,"2,327.00",0,0,465.00,"1,800.00",48.00,92.60%
PIEMONTE,VERCELLI,1.00,DIVORZIO,233.00,0,0,187.00,0,0,70.00,109.00,5.00,80.26%
PIEMONTE,VERCELLI,1.00,DIVORZIO,735.00,0,0,672.00,0,0,239.00,412.00,17.00,91.43%
PIEMONTE,VERCELLI,1.00,DIVORZIO,"7,346.00",0,0,"6,940.00",0,0,"1,964.00","4,752.00",176.00,94.47%
PIEMONTE,VERCELLI,1.00,DIVORZIO,"6,361.00",0,0,"5,815.00",0,0,"1,628.00","3,970.00",178.00,91.42%
PIEMONTE,VERCELLI,1.00,DIVORZIO,"3,006.00",0,0,"2,725.00",0,0,885.00,"1,728.00",88.00,90.65%
PIEMONTE,VERCELLI,1.00,DIVORZIO,"1,622.00",0,0,"1,506.00",0,0,388.00,"1,048.00",53.00,92.85%
PIEMONTE,VERCELLI,1.00,DIVORZIO,"2,010.00",0,0,"1,745.00",0,0,571.00,"1,126.00",32.00,86.82%
PIEMONTE,VERCELLI,1.00,DIVORZIO,217.00,0,0,197.00,0,0,39.00,149.00,7.00,90.78%
PIEMONTE,VERCELLI,1.00,DIVORZIO,"4,009.00",0,0,"3,674.00",0,0,872.00,"2,668.00",107.00,91.64%
PIEMONTE,VERCELLI,1.00,DIVORZIO,"1,069.00",0,0,949.00,0,0,191.00,723.00,26.00,88.77%
PIEMONTE,VERCELLI,1.00,DIVORZIO,"5,901.00",0,0,"5,263.00",0,0,"1,737.00","3,335.00",124.00,89.19%
PIEMONTE,VERCELLI,1.00,DIVORZIO,617.00,0,0,534.00,0,0,118.00,401.00,14.00,86.55%
PIEMONTE,VERCELLI,1.00,DIVORZIO,"41,652.00",0,0,"39,205.00",0,0,"9,881.00","28,518.00",561.00,94.13%
PIEMONTE,VERCELLI,1.00,DIVORZIO,499.00,0,0,456.00,0,0,150.00,290.00,12.00,91.38%
PIEMONTE,VERCELLI,1.00,DIVORZIO,"6,119.00",0,0,"5,723.00",0,0,"1,252.00","4,314.00",132.00,93.53%
PIEMONTE,VERCELLI,1.00,DIVORZIO,343.00,0,0,295.00,0,0,150.00,131.00,9.00,86.01%
PIEMONTE,VERCELLI,1.00,DIVORZIO,149.00,0,0,126.00,0,0,50.00,63.00,10.00,84.56%
PIEMONTE,VERCELLI,1.00,DIVORZIO,608.00,0,0,554.00,0,0,175.00,362.00,13.00,91.12%
PIEMONTE,VERCELLI,1.00,DIVORZIO,"1,393.00",0,0,"1,272.00",0,0,643.00,557.00,56.00,91.31%
PIEMONTE,VERCELLI,1.00,DIVORZIO,"1,099.00",0,0,978.00,0,0,308.00,627.00,29.00,88.99%
PIEMONTE,VERCELLI,1.00,DIVORZIO,138.00,0,0,115.00,0,0,24.00,84.00,4.00,83.33%
PIEMONTE,VERCELLI,1.00,DIVORZIO,369.00,0,0,322.00,0,0,121.00,190.00,8.00,87.26%
PIEMONTE,VERCELLI,1.00,DIVORZIO,900.00,0,0,785.00,0,0,155.00,593.00,29.00,87.22%
PIEMONTE,VERCELLI,1.00,DIVORZIO,713.00,0,0,660.00,0,0,124.00,524.00,10.00,92.57%
VENETO,VERONA,1.00,DIVORZIO,712.00,0,0,675.00,0,0,473.00,180.00,15.00,94.80%
VENETO,VERONA,1.00,DIVORZIO,"3,311.00",0,0,"3,148.00",0,0,"2,102.00",948.00,60.00,95.08%
VENETO,VERONA,1.00,DIVORZIO,"1,284.00",0,0,"1,216.00",0,0,608.00,560.00,35.00,94.70%
VENETO,VERONA,1.00,DIVORZIO,"2,694.00",0,0,"2,536.00",0,0,"1,831.00",637.00,43.00,94.14%
VENETO,VERONA,1.00,DIVORZIO,"1,290.00",0,0,"1,199.00",0,0,951.00,205.00,21.00,92.95%
VENETO,VERONA,1.00,DIVORZIO,"3,883.00",0,0,"3,583.00",0,0,"2,029.00","1,474.00",57.00,92.27%
VENETO,VERONA,1.00,DIVORZIO,"1,745.00",0,0,"1,669.00",0,0,953.00,661.00,31.00,95.64%
VENETO,VERONA,1.00,DIVORZIO,"1,102.00",0,0,"1,026.00",0,0,534.00,442.00,35.00,93.10%
VENETO,VERONA,1.00,DIVORZIO,"1,367.00",0,0,"1,297.00",0,0,917.00,342.00,30.00,94.88%
VENETO,VERONA,1.00,DIVORZIO,834.00,0,0,776.00,0,0,416.00,321.00,23.00,93.05%
VENETO,VERONA,1.00,DIVORZIO,"2,055.00",0,0,"1,934.00",0,0,"1,531.00",359.00,24.00,94.11%
VENETO,VERONA,1.00,DIVORZIO,"7,529.00",0,0,"7,295.00",0,0,"4,095.00","2,919.00",210.00,96.89%
VENETO,VERONA,1.00,DIVORZIO,826.00,0,0,752.00,0,0,428.00,310.00,9.00,91.04%
VENETO,VERONA,1.00,DIVORZIO,"1,799.00",0,0,"1,628.00",0,0,826.00,761.00,22.00,90.49%
VENETO,VERONA,1.00,DIVORZIO,"7,182.00",0,0,"7,178.00",0,0,"4,781.00","2,238.00",114.00,99.94%
VENETO,VERONA,1.00,DIVORZIO,"2,236.00",0,0,"2,160.00",0,0,"1,344.00",741.00,55.00,96.60%
VENETO,VERONA,1.00,DIVORZIO,"2,723.00",0,0,"2,573.00",0,0,"1,554.00",953.00,36.00,94.49%
VENETO,VERONA,1.00,DIVORZIO,"4,794.00",0,0,"4,394.00",0,0,"2,152.00","2,066.00",125.00,91.66%
VENETO,VERONA,1.00,DIVORZIO,"4,106.00",0,0,"3,946.00",0,0,"2,031.00","1,834.00",56.00,96.10%
VENETO,VERONA,1.00,DIVORZIO,"3,188.00",0,0,"2,931.00",0,0,"1,803.00","1,042.00",62.00,91.94%
VENETO,VERONA,1.00,DIVORZIO,"3,113.00",0,0,"2,959.00",0,0,"1,730.00","1,140.00",59.00,95.05%
VENETO,VERONA,1.00,DIVORZIO,"4,955.00",0,0,"4,734.00",0,0,"2,610.00","1,991.00",93.00,95.54%
VENETO,VERONA,1.00,DIVORZIO,"1,615.00",0,0,"1,493.00",0,0,848.00,606.00,25.00,92.45%
VENETO,VERONA,1.00,DIVORZIO,"1,022.00",0,0,959.00,0,0,602.00,326.00,23.00,93.84%
VENETO,VERONA,1.00,DIVORZIO,"9,582.00",0,0,"9,069.00",0,0,"4,732.00","4,011.00",233.00,94.65%
VENETO,VERONA,1.00,DIVORZIO,754.00,0,0,693.00,0,0,509.00,170.00,10.00,91.91%
VENETO,VERONA,1.00,DIVORZIO,"5,584.00",0,0,"5,326.00",0,0,"3,723.00","1,483.00",73.00,95.38%
VENETO,VERONA,1.00,DIVORZIO,"3,180.00",0,0,"3,029.00",0,0,"1,998.00",948.00,65.00,95.25%
VENETO,VERONA,1.00,DIVORZIO,760.00,0,0,716.00,0,0,514.00,170.00,20.00,94.21%
VENETO,VERONA,1.00,DIVORZIO,"1,290.00",0,0,"1,231.00",0,0,893.00,301.00,20.00,95.43%
VENETO,VERONA,1.00,DIVORZIO,"1,548.00",0,0,"1,462.00",0,0,835.00,583.00,30.00,94.44%
VENETO,VERONA,1.00,DIVORZIO,"1,088.00",0,0,"1,031.00",0,0,587.00,402.00,34.00,94.76%
VENETO,VERONA,1.00,DIVORZIO,569.00,0,0,539.00,0,0,418.00,109.00,5.00,94.73%
VENETO,VERONA,1.00,DIVORZIO,201.00,0,0,182.00,0,0,113.00,68.00,1.00,90.55%
VENETO,VERONA,1.00,DIVORZIO,"2,360.00",0,0,"2,213.00",0,0,"1,776.00",386.00,41.00,93.77%
VENETO,VERONA,1.00,DIVORZIO,"2,298.00",0,0,"2,180.00",0,0,"1,222.00",907.00,39.00,94.87%
VENETO,VERONA,1.00,DIVORZIO,"4,252.00",0,0,"4,029.00",0,0,"1,962.00","1,924.00",104.00,94.76%
VENETO,VERONA,1.00,DIVORZIO,"5,184.00",0,0,"4,938.00",0,0,"3,707.00","1,135.00",64.00,95.25%
VENETO,VERONA,1.00,DIVORZIO,"2,363.00",0,0,"2,254.00",0,0,"1,516.00",688.00,35.00,95.39%
VENETO,VERONA,1.00,DIVORZIO,"6,547.00",0,0,"6,399.00",0,0,"3,887.00","2,303.00",141.00,97.74%
VENETO,VERONA,1.00,DIVORZIO,"1,597.00",0,0,"1,537.00",0,0,"1,044.00",439.00,43.00,96.24%
VENETO,VERONA,1.00,DIVORZIO,"2,170.00",0,0,"2,070.00",0,0,"1,341.00",680.00,35.00,95.39%
VENETO,VERONA,1.00,DIVORZIO,"3,618.00",0,0,"3,345.00",0,0,"2,128.00","1,139.00",54.00,92.45%
VENETO,VERONA,1.00,DIVORZIO,"18,202.00",0,0,"17,580.00",0,0,"7,797.00","9,242.00",404.00,96.58%
VENETO,VERONA,1.00,DIVORZIO,"2,472.00",0,0,"2,379.00",0,0,"1,015.00","1,302.00",42.00,96.24%
VENETO,VERONA,1.00,DIVORZIO,"1,667.00",0,0,"1,571.00",0,0,"1,329.00",201.00,30.00,94.24%
VENETO,VERONA,1.00,DIVORZIO,"1,039.00",0,0,"1,060.00",0,0,830.00,206.00,13.00,102.02%
VENETO,VERONA,1.00,DIVORZIO,"3,152.00",0,0,"2,946.00",0,0,"1,875.00",979.00,64.00,93.46%
VENETO,VERONA,1.00,DIVORZIO,"2,134.00",0,0,"1,963.00",0,0,"1,512.00",406.00,31.00,91.99%
VENETO,VERONA,1.00,DIVORZIO,"4,118.00",0,0,"3,915.00",0,0,"2,562.00","1,258.00",65.00,95.07%
VENETO,VERONA,1.00,DIVORZIO,"1,983.00",0,0,"1,897.00",0,0,"1,129.00",702.00,44.00,95.66%
VENETO,VERONA,1.00,DIVORZIO,"6,003.00",0,0,"5,904.00",0,0,"4,218.00","1,670.00",79.00,98.35%
VENETO,VERONA,1.00,DIVORZIO,"5,009.00",0,0,"4,952.00",0,0,"2,233.00","2,561.00",111.00,98.86%
VENETO,VERONA,1.00,DIVORZIO,"1,592.00",0,0,"1,519.00",0,0,"1,079.00",386.00,30.00,95.41%
VENETO,VERONA,1.00,DIVORZIO,"3,736.00",0,0,"3,526.00",0,0,"2,179.00","1,210.00",94.00,94.38%
VENETO,VERONA,1.00,DIVORZIO,652.00,0,0,634.00,0,0,419.00,197.00,10.00,97.24%
VENETO,VERONA,1.00,DIVORZIO,"1,276.00",0,0,"1,209.00",0,0,841.00,325.00,33.00,94.75%
VENETO,VERONA,1.00,DIVORZIO,"5,252.00",0,0,"5,006.00",0,0,"3,322.00","1,551.00",105.00,95.32%
VENETO,VERONA,1.00,DIVORZIO,"5,619.00",0,0,"5,336.00",0,0,"2,059.00","3,157.00",87.00,94.96%
VENETO,VERONA,1.00,DIVORZIO,"2,956.00",0,0,"2,818.00",0,0,"1,932.00",800.00,58.00,95.33%
VENETO,VERONA,1.00,DIVORZIO,"1,601.00",0,0,"1,484.00",0,0,"1,033.00",397.00,38.00,92.69%
VENETO,VERONA,1.00,DIVORZIO,"1,031.00",0,0,967.00,0,0,642.00,295.00,19.00,93.79%
VENETO,VERONA,1.00,DIVORZIO,"2,110.00",0,0,"2,007.00",0,0,"1,569.00",413.00,17.00,95.12%
VENETO,VERONA,1.00,DIVORZIO,"3,810.00",0,0,"3,579.00",0,0,"2,277.00","1,197.00",73.00,93.94%
VENETO,VERONA,1.00,DIVORZIO,"1,936.00",0,0,"1,812.00",0,0,"1,180.00",586.00,35.00,93.60%
VENETO,VERONA,1.00,DIVORZIO,863.00,0,0,776.00,0,0,535.00,221.00,13.00,89.92%
VENETO,VERONA,1.00,DIVORZIO,"1,293.00",0,0,"1,168.00",0,0,868.00,267.00,22.00,90.33%
VENETO,VERONA,1.00,DIVORZIO,"2,289.00",0,0,"2,176.00",0,0,"1,668.00",445.00,32.00,95.06%
VENETO,VERONA,1.00,DIVORZIO,"9,111.00",0,0,"8,892.00",0,0,"5,488.00","3,196.00",138.00,97.60%
VENETO,VERONA,1.00,DIVORZIO,"2,519.00",0,0,"2,358.00",0,0,"1,936.00",372.00,22.00,93.61%
VENETO,VERONA,1.00,DIVORZIO,"12,147.00",0,0,"11,597.00",0,0,"5,576.00","5,710.00",211.00,95.47%
VENETO,VERONA,1.00,DIVORZIO,"2,890.00",0,0,"2,698.00",0,0,"1,475.00","1,149.00",52.00,93.36%
VENETO,VERONA,1.00,DIVORZIO,"7,029.00",0,0,"6,693.00",0,0,"3,599.00","2,935.00",93.00,95.22%
VENETO,VERONA,1.00,DIVORZIO,381.00,0,0,355.00,0,0,315.00,34.00,1.00,93.18%
VENETO,VERONA,1.00,DIVORZIO,"1,859.00",0,0,"1,769.00",0,0,"1,278.00",450.00,26.00,95.16%
VENETO,VERONA,1.00,DIVORZIO,"4,896.00",0,0,"4,649.00",0,0,"2,915.00","1,631.00",73.00,94.96%
VENETO,VERONA,1.00,DIVORZIO,"5,730.00",0,0,"5,445.00",0,0,"2,976.00","2,308.00",106.00,95.03%
VENETO,VERONA,1.00,DIVORZIO,"1,651.00",0,0,"1,582.00",0,0,"1,314.00",237.00,16.00,95.82%
VENETO,VERONA,1.00,DIVORZIO,729.00,0,0,676.00,0,0,430.00,214.00,17.00,92.73%
VENETO,VERONA,1.00,DIVORZIO,"1,054.00",0,0,955.00,0,0,788.00,150.00,11.00,90.61%
VENETO,VERONA,1.00,DIVORZIO,"3,643.00",0,0,"3,689.00",0,0,"2,391.00","1,212.00",55.00,101.26%
VENETO,VERONA,1.00,DIVORZIO,"6,549.00",0,0,"6,214.00",0,0,"3,913.00","2,183.00",78.00,94.88%
VENETO,VERONA,1.00,DIVORZIO,"5,356.00",0,0,"5,115.00",0,0,"3,607.00","1,382.00",77.00,95.50%
VENETO,VERONA,1.00,DIVORZIO,"2,185.00",0,0,"2,078.00",0,0,"1,167.00",854.00,41.00,95.10%
VENETO,VERONA,1.00,DIVORZIO,"1,935.00",0,0,"1,780.00",0,0,966.00,736.00,58.00,91.99%
VENETO,VERONA,1.00,DIVORZIO,"1,717.00",0,0,"1,565.00",0,0,846.00,668.00,37.00,91.15%
VENETO,VERONA,1.00,DIVORZIO,"2,678.00",0,0,"2,674.00",0,0,"1,919.00",671.00,47.00,99.85%
VENETO,VERONA,1.00,DIVORZIO,"1,676.00",0,0,"1,623.00",0,0,"1,087.00",494.00,25.00,96.84%
VENETO,VERONA,1.00,DIVORZIO,"5,956.00",0,0,"5,764.00",0,0,"3,420.00","2,220.00",88.00,96.78%
VENETO,VERONA,1.00,DIVORZIO,677.00,0,0,604.00,0,0,545.00,49.00,5.00,89.22%
VENETO,VERONA,1.00,DIVORZIO,"187,764.00",0,0,"178,740.00",0,0,"79,125.00","96,315.00","2,182.00",95.19%
VENETO,VERONA,1.00,DIVORZIO,"2,519.00",0,0,"2,343.00",0,0,"1,649.00",628.00,28.00,93.01%
VENETO,VERONA,1.00,DIVORZIO,"1,765.00",0,0,"1,600.00",0,0,"1,419.00",163.00,10.00,90.65%
VENETO,VERONA,1.00,DIVORZIO,"3,269.00",0,0,"3,143.00",0,0,"1,785.00","1,250.00",80.00,96.15%
VENETO,VERONA,1.00,DIVORZIO,"4,249.00",0,0,"3,947.00",0,0,"2,056.00","1,742.00",115.00,92.89%
VENETO,VERONA,1.00,DIVORZIO,"15,124.00",0,0,"14,746.00",0,0,"8,186.00","6,202.00",241.00,97.50%
VENETO,VERONA,1.00,DIVORZIO,"6,100.00",0,0,"6,153.00",0,0,"3,973.00","1,995.00",131.00,100.87%
VENETO,VERONA,1.00,DIVORZIO,"2,040.00",0,0,"1,916.00",0,0,"1,365.00",509.00,28.00,93.92%
VENETO,VICENZA,1.00,DIVORZIO,805.00,0,0,770.00,0,0,576.00,177.00,11.00,95.65%
VENETO,VICENZA,1.00,DIVORZIO,"1,165.00",0,0,"1,107.00",0,0,881.00,207.00,10.00,95.02%
VENETO,VICENZA,1.00,DIVORZIO,415.00,0,0,374.00,0,0,292.00,70.00,8.00,90.12%
VENETO,VICENZA,1.00,DIVORZIO,"2,867.00",0,0,"2,710.00",0,0,"1,381.00","1,251.00",49.00,94.52%
VENETO,VICENZA,1.00,DIVORZIO,"1,171.00",0,0,"1,103.00",0,0,927.00,156.00,13.00,94.19%
VENETO,VICENZA,1.00,DIVORZIO,"2,870.00",0,0,"2,721.00",0,0,"1,825.00",833.00,28.00,94.81%
VENETO,VICENZA,1.00,DIVORZIO,"2,643.00",0,0,"2,328.00",0,0,"1,217.00","1,035.00",65.00,88.08%
VENETO,VICENZA,1.00,DIVORZIO,"13,271.00",0,0,"12,755.00",0,0,"7,354.00","5,093.00",213.00,96.11%
VENETO,VICENZA,1.00,DIVORZIO,"4,688.00",0,0,"4,492.00",0,0,"2,456.00","1,937.00",70.00,95.82%
VENETO,VICENZA,1.00,DIVORZIO,579.00,0,0,541.00,0,0,426.00,96.00,16.00,93.44%
VENETO,VICENZA,1.00,DIVORZIO,"1,923.00",0,0,"1,846.00",0,0,"1,303.00",493.00,29.00,96.00%
VENETO,VICENZA,1.00,DIVORZIO,"25,005.00",0,0,"23,359.00",0,0,"12,644.00","10,263.00",286.00,93.42%
VENETO,VICENZA,1.00,DIVORZIO,"2,456.00",0,0,"2,334.00",0,0,"1,614.00",676.00,22.00,95.03%
VENETO,VICENZA,1.00,DIVORZIO,"4,353.00",0,0,"4,155.00",0,0,"2,841.00","1,240.00",50.00,95.45%
VENETO,VICENZA,1.00,DIVORZIO,"2,919.00",0,0,"2,758.00",0,0,"1,862.00",845.00,30.00,94.48%
VENETO,VICENZA,1.00,DIVORZIO,"1,478.00",0,0,"1,432.00",0,0,"1,135.00",255.00,26.00,96.89%
VENETO,VICENZA,1.00,DIVORZIO,"1,379.00",0,0,"1,296.00",0,0,869.00,414.00,8.00,93.98%
VENETO,VICENZA,1.00,DIVORZIO,"3,646.00",0,0,"3,468.00",0,0,"2,274.00","1,133.00",33.00,95.12%
VENETO,VICENZA,1.00,DIVORZIO,"1,437.00",0,0,"1,356.00",0,0,916.00,418.00,12.00,94.36%
VENETO,VICENZA,1.00,DIVORZIO,963.00,0,0,888.00,0,0,491.00,370.00,15.00,92.21%
VENETO,VICENZA,1.00,DIVORZIO,"4,155.00",0,0,"3,984.00",0,0,"2,947.00",953.00,45.00,95.88%
VENETO,VICENZA,1.00,DIVORZIO,"1,112.00",0,0,"1,033.00",0,0,827.00,186.00,13.00,92.90%
VENETO,VICENZA,1.00,DIVORZIO,586.00,0,0,483.00,0,0,317.00,160.00,5.00,82.42%
VENETO,VICENZA,1.00,DIVORZIO,"1,557.00",0,0,"1,492.00",0,0,"1,106.00",356.00,15.00,95.83%
VENETO,VICENZA,1.00,DIVORZIO,"1,968.00",0,0,"1,873.00",0,0,"1,444.00",398.00,20.00,95.17%
VENETO,VICENZA,1.00,DIVORZIO,"5,756.00",0,0,"5,454.00",0,0,"3,399.00","1,977.00",60.00,94.75%
VENETO,VICENZA,1.00,DIVORZIO,"1,233.00",0,0,"1,184.00",0,0,945.00,220.00,8.00,96.03%
VENETO,VICENZA,1.00,DIVORZIO,"2,690.00",0,0,"2,551.00",0,0,"1,685.00",822.00,30.00,94.83%
VENETO,VICENZA,1.00,DIVORZIO,"5,849.00",0,0,"5,562.00",0,0,"4,180.00","1,277.00",78.00,95.09%
VENETO,VICENZA,1.00,DIVORZIO,"1,600.00",0,0,"1,506.00",0,0,893.00,566.00,34.00,94.13%
VENETO,VICENZA,1.00,DIVORZIO,"1,139.00",0,0,914.00,0,0,366.00,519.00,11.00,80.25%
VENETO,VICENZA,1.00,DIVORZIO,"2,055.00",0,0,"1,895.00",0,0,"1,154.00",685.00,31.00,92.21%
VENETO,VICENZA,1.00,DIVORZIO,"1,641.00",0,0,"1,440.00",0,0,923.00,490.00,16.00,87.75%
VENETO,VICENZA,1.00,DIVORZIO,"5,406.00",0,0,"5,090.00",0,0,"3,397.00","1,611.00",51.00,94.15%
VENETO,VICENZA,1.00,DIVORZIO,"2,100.00",0,0,"2,033.00",0,0,"1,215.00",763.00,24.00,96.81%
VENETO,VICENZA,1.00,DIVORZIO,"4,904.00",0,0,"4,659.00",0,0,"2,450.00","2,096.00",74.00,95.00%
VENETO,VICENZA,1.00,DIVORZIO,"1,049.00",0,0,961.00,0,0,816.00,131.00,6.00,91.61%
VENETO,VICENZA,1.00,DIVORZIO,"6,613.00",0,0,"6,323.00",0,0,"4,055.00","2,129.00",92.00,95.61%
VENETO,VICENZA,1.00,DIVORZIO,"2,360.00",0,0,"1,703.00",0,0,"1,107.00",568.00,11.00,72.16%
VENETO,VICENZA,1.00,DIVORZIO,"2,190.00",0,0,"2,062.00",0,0,"1,592.00",433.00,24.00,94.16%
VENETO,VICENZA,1.00,DIVORZIO,618.00,0,0,502.00,0,0,318.00,170.00,10.00,81.23%
VENETO,VICENZA,1.00,DIVORZIO,"1,513.00",0,0,"1,314.00",0,0,851.00,420.00,22.00,86.85%
VENETO,VICENZA,1.00,DIVORZIO,"2,069.00",0,0,"1,959.00",0,0,"1,603.00",332.00,10.00,94.68%
VENETO,VICENZA,1.00,DIVORZIO,382.00,0,0,360.00,0,0,283.00,65.00,11.00,94.24%
VENETO,VICENZA,1.00,DIVORZIO,935.00,0,0,872.00,0,0,587.00,258.00,19.00,93.26%
VENETO,VICENZA,1.00,DIVORZIO,"2,036.00",0,0,"1,947.00",0,0,"1,455.00",449.00,27.00,95.63%
VENETO,VICENZA,1.00,DIVORZIO,"1,603.00",0,0,"1,526.00",0,0,"1,130.00",364.00,22.00,95.20%
VENETO,VICENZA,1.00,DIVORZIO,"3,944.00",0,0,"3,784.00",0,0,"2,771.00",932.00,41.00,95.94%
VENETO,VICENZA,1.00,DIVORZIO,263.00,0,0,198.00,0,0,101.00,88.00,5.00,75.29%
VENETO,VICENZA,1.00,DIVORZIO,324.00,0,0,263.00,0,0,207.00,47.00,7.00,81.17%
VENETO,VICENZA,1.00,DIVORZIO,"3,279.00",0,0,"3,133.00",0,0,"2,147.00",900.00,56.00,95.55%
VENETO,VICENZA,1.00,DIVORZIO,"7,681.00",0,0,"7,331.00",0,0,"4,604.00","2,731.00",128.00,95.44%
VENETO,VICENZA,1.00,DIVORZIO,"2,321.00",0,0,"2,203.00",0,0,"1,346.00",806.00,38.00,94.92%
VENETO,VICENZA,1.00,DIVORZIO,"2,263.00",0,0,"2,022.00",0,0,"1,344.00",650.00,17.00,89.35%
VENETO,VICENZA,1.00,DIVORZIO,"5,954.00",0,0,"5,766.00",0,0,"3,754.00","1,883.00",91.00,96.84%
VENETO,VICENZA,1.00,DIVORZIO,"4,562.00",0,0,"4,333.00",0,0,"2,391.00","1,860.00",50.00,94.98%
VENETO,VICENZA,1.00,DIVORZIO,"7,881.00",0,0,"7,582.00",0,0,"4,638.00","2,759.00",112.00,96.21%
VENETO,VICENZA,1.00,DIVORZIO,"1,755.00",0,0,"1,625.00",0,0,"1,357.00",234.00,21.00,92.59%
VENETO,VICENZA,1.00,DIVORZIO,"1,427.00",0,0,"1,278.00",0,0,"1,032.00",225.00,16.00,89.56%
VENETO,VICENZA,1.00,DIVORZIO,"3,293.00",0,0,"3,069.00",0,0,"2,045.00",966.00,40.00,93.20%
VENETO,VICENZA,1.00,DIVORZIO,"11,596.00",0,0,"11,179.00",0,0,"6,650.00","4,279.00",164.00,96.40%
VENETO,VICENZA,1.00,DIVORZIO,"2,580.00",0,0,"2,420.00",0,0,"1,542.00",722.00,38.00,93.80%
VENETO,VICENZA,1.00,DIVORZIO,"1,808.00",0,0,"1,711.00",0,0,"1,414.00",262.00,28.00,94.63%
VENETO,VICENZA,1.00,DIVORZIO,"1,818.00",0,0,"1,714.00",0,0,"1,299.00",383.00,23.00,94.28%
VENETO,VICENZA,1.00,DIVORZIO,807.00,0,0,766.00,0,0,611.00,136.00,15.00,94.92%
VENETO,VICENZA,1.00,DIVORZIO,"1,034.00",0,0,997.00,0,0,521.00,435.00,27.00,96.42%
VENETO,VICENZA,1.00,DIVORZIO,"3,231.00",0,0,"3,119.00",0,0,"1,907.00","1,139.00",41.00,96.53%
VENETO,VICENZA,1.00,DIVORZIO,"1,629.00",0,0,"1,545.00",0,0,"1,023.00",489.00,20.00,94.84%
VENETO,VICENZA,1.00,DIVORZIO,920.00,0,0,865.00,0,0,671.00,230.00,15.00,94.02%
VENETO,VICENZA,1.00,DIVORZIO,"3,133.00",0,0,"2,906.00",0,0,"2,281.00",561.00,39.00,92.75%
VENETO,VICENZA,1.00,DIVORZIO,"1,132.00",0,0,"1,077.00",0,0,912.00,151.00,10.00,95.14%
VENETO,VICENZA,1.00,DIVORZIO,510.00,0,0,491.00,0,0,402.00,76.00,6.00,96.27%
VENETO,VICENZA,1.00,DIVORZIO,"2,823.00",0,0,"2,729.00",0,0,"1,702.00",963.00,48.00,96.67%
VENETO,VICENZA,1.00,DIVORZIO,"4,786.00",0,0,"4,621.00",0,0,"3,016.00","1,482.00",71.00,96.55%
VENETO,VICENZA,1.00,DIVORZIO,"1,594.00",0,0,"1,499.00",0,0,"1,090.00",369.00,27.00,94.04%
VENETO,VICENZA,1.00,DIVORZIO,444.00,0,0,404.00,0,0,277.00,124.00,2.00,90.99%
VENETO,VICENZA,1.00,DIVORZIO,932.00,0,0,883.00,0,0,672.00,201.00,7.00,94.74%
VENETO,VICENZA,1.00,DIVORZIO,"4,626.00",0,0,"4,309.00",0,0,"2,428.00","1,776.00",86.00,93.15%
VENETO,VICENZA,1.00,DIVORZIO,"2,343.00",0,0,"2,205.00",0,0,"1,728.00",421.00,34.00,94.11%
VENETO,VICENZA,1.00,DIVORZIO,829.00,0,0,695.00,0,0,373.00,312.00,6.00,83.84%
VENETO,VICENZA,1.00,DIVORZIO,"1,370.00",0,0,"1,203.00",0,0,760.00,409.00,25.00,87.81%
VENETO,VICENZA,1.00,DIVORZIO,"1,290.00",0,0,"1,234.00",0,0,935.00,270.00,21.00,95.66%
VENETO,VICENZA,1.00,DIVORZIO,"1,986.00",0,0,"1,916.00",0,0,"1,388.00",485.00,25.00,96.48%
VENETO,VICENZA,1.00,DIVORZIO,"5,499.00",0,0,"5,083.00",0,0,"2,049.00","2,892.00",85.00,92.43%
VENETO,VICENZA,1.00,DIVORZIO,"2,852.00",0,0,"2,596.00",0,0,"1,564.00",973.00,38.00,91.02%
VENETO,VICENZA,1.00,DIVORZIO,"4,914.00",0,0,"4,552.00",0,0,"3,191.00","1,295.00",35.00,92.63%
VENETO,VICENZA,1.00,DIVORZIO,"6,482.00",0,0,"6,157.00",0,0,"4,773.00","1,253.00",75.00,94.99%
VENETO,VICENZA,1.00,DIVORZIO,"3,941.00",0,0,"3,750.00",0,0,"3,026.00",656.00,40.00,95.15%
VENETO,VICENZA,1.00,DIVORZIO,470.00,0,0,407.00,0,0,269.00,130.00,5.00,86.60%
VENETO,VICENZA,1.00,DIVORZIO,664.00,0,0,612.00,0,0,426.00,168.00,14.00,92.17%
VENETO,VICENZA,1.00,DIVORZIO,"4,404.00",0,0,"4,347.00",0,0,"2,626.00","1,582.00",83.00,98.71%
VENETO,VICENZA,1.00,DIVORZIO,664.00,0,0,634.00,0,0,532.00,89.00,5.00,95.48%
VENETO,VICENZA,1.00,DIVORZIO,"1,272.00",0,0,"1,074.00",0,0,690.00,366.00,10.00,84.43%
VENETO,VICENZA,1.00,DIVORZIO,600.00,0,0,579.00,0,0,516.00,57.00,4.00,96.50%
VENETO,VICENZA,1.00,DIVORZIO,"3,327.00",0,0,"3,145.00",0,0,"1,733.00","1,328.00",70.00,94.53%
VENETO,VICENZA,1.00,DIVORZIO,"1,761.00",0,0,"1,668.00",0,0,"1,009.00",620.00,19.00,94.72%
VENETO,VICENZA,1.00,DIVORZIO,"2,650.00",0,0,"2,531.00",0,0,"1,687.00",779.00,16.00,95.51%
VENETO,VICENZA,1.00,DIVORZIO,"2,289.00",0,0,"2,200.00",0,0,"1,526.00",622.00,37.00,96.11%
VENETO,VICENZA,1.00,DIVORZIO,"1,267.00",0,0,"1,223.00",0,0,930.00,253.00,29.00,96.53%
VENETO,VICENZA,1.00,DIVORZIO,"25,255.00",0,0,"23,813.00",0,0,"10,668.00","12,599.00",395.00,94.29%
VENETO,VICENZA,1.00,DIVORZIO,"1,029.00",0,0,914.00,0,0,601.00,293.00,9.00,88.82%
VENETO,VICENZA,1.00,DIVORZIO,"2,400.00",0,0,"2,266.00",0,0,"1,712.00",498.00,34.00,94.42%
VENETO,VICENZA,1.00,DIVORZIO,"2,030.00",0,0,"1,932.00",0,0,"1,311.00",576.00,33.00,95.17%
VENETO,VICENZA,1.00,DIVORZIO,"4,265.00",0,0,"4,054.00",0,0,"3,360.00",652.00,23.00,95.05%
VENETO,VICENZA,1.00,DIVORZIO,"11,915.00",0,0,"11,650.00",0,0,"7,008.00","4,399.00",172.00,97.78%
VENETO,VICENZA,1.00,DIVORZIO,720.00,0,0,656.00,0,0,297.00,347.00,10.00,91.11%
VENETO,VICENZA,1.00,DIVORZIO,"3,536.00",0,0,"3,302.00",0,0,"1,768.00","1,464.00",56.00,93.38%
VENETO,VICENZA,1.00,DIVORZIO,"3,414.00",0,0,"3,259.00",0,0,"2,177.00","1,015.00",31.00,95.46%
VENETO,VICENZA,1.00,DIVORZIO,"3,716.00",0,0,"3,533.00",0,0,"2,320.00","1,134.00",59.00,95.08%
VENETO,VICENZA,1.00,DIVORZIO,"20,058.00",0,0,"18,955.00",0,0,"9,928.00","8,617.00",252.00,94.50%
VENETO,VICENZA,1.00,DIVORZIO,"1,725.00",0,0,"1,315.00",0,0,755.00,539.00,9.00,76.23%
VENETO,VICENZA,1.00,DIVORZIO,"2,767.00",0,0,"2,489.00",0,0,"1,548.00",886.00,31.00,89.95%
VENETO,VICENZA,1.00,DIVORZIO,"1,467.00",0,0,"1,237.00",0,0,568.00,650.00,12.00,84.32%
VENETO,VICENZA,1.00,DIVORZIO,"1,610.00",0,0,"1,492.00",0,0,946.00,513.00,22.00,92.67%
VENETO,VICENZA,1.00,DIVORZIO,"81,025.00",0,0,"77,389.00",0,0,"35,325.00","40,609.00","1,011.00",95.51%
VENETO,VICENZA,1.00,DIVORZIO,"1,192.00",0,0,"1,122.00",0,0,925.00,172.00,17.00,94.13%
VENETO,VICENZA,1.00,DIVORZIO,"2,591.00",0,0,"2,508.00",0,0,"1,958.00",492.00,46.00,96.80%
VENETO,VICENZA,1.00,DIVORZIO,"2,529.00",0,0,"2,437.00",0,0,"1,914.00",477.00,27.00,96.36%
VENETO,VICENZA,1.00,DIVORZIO,526.00,0,0,499.00,0,0,352.00,139.00,7.00,94.87%
VENETO,VICENZA,1.00,DIVORZIO,432.00,0,0,399.00,0,0,305.00,87.00,2.00,92.36%
VENETO,VICENZA,1.00,DIVORZIO,"3,350.00",0,0,"3,222.00",0,0,"2,122.00","1,025.00",44.00,96.18%
LAZIO,VITERBO,1.00,DIVORZIO,"4,449.00",0,0,"4,275.00",0,0,"1,348.00","2,819.00",64.00,96.09%
LAZIO,VITERBO,1.00,DIVORZIO,596.00,0,0,567.00,0,0,255.00,295.00,15.00,95.13%
LAZIO,VITERBO,1.00,DIVORZIO,"2,950.00",0,0,"2,740.00",0,0,"1,175.00","1,421.00",97.00,92.88%
LAZIO,VITERBO,1.00,DIVORZIO,635.00,0,0,594.00,0,0,362.00,223.00,6.00,93.54%
LAZIO,VITERBO,1.00,DIVORZIO,803.00,0,0,737.00,0,0,307.00,411.00,13.00,91.78%
LAZIO,VITERBO,1.00,DIVORZIO,"2,341.00",0,0,"2,140.00",0,0,"1,238.00",861.00,21.00,91.41%
LAZIO,VITERBO,1.00,DIVORZIO,"2,211.00",0,0,"2,030.00",0,0,"1,272.00",733.00,20.00,91.81%
LAZIO,VITERBO,1.00,DIVORZIO,"2,951.00",0,0,"2,734.00",0,0,"1,157.00","1,464.00",75.00,92.65%
LAZIO,VITERBO,1.00,DIVORZIO,"1,212.00",0,0,"1,109.00",0,0,542.00,545.00,12.00,91.50%
LAZIO,VITERBO,1.00,DIVORZIO,437.00,0,0,405.00,0,0,211.00,168.00,8.00,92.68%
LAZIO,VITERBO,1.00,DIVORZIO,"2,020.00",0,0,"1,919.00",0,0,"1,015.00",859.00,22.00,95.00%
LAZIO,VITERBO,1.00,DIVORZIO,"3,440.00",0,0,"3,265.00",0,0,"1,075.00","2,131.00",47.00,94.91%
LAZIO,VITERBO,1.00,DIVORZIO,"1,312.00",0,0,"1,240.00",0,0,691.00,502.00,25.00,94.51%
LAZIO,VITERBO,1.00,DIVORZIO,"2,667.00",0,0,"2,492.00",0,0,"1,096.00","1,352.00",19.00,93.44%
LAZIO,VITERBO,1.00,DIVORZIO,"3,311.00",0,0,"3,085.00",0,0,"1,519.00","1,446.00",70.00,93.17%
LAZIO,VITERBO,1.00,DIVORZIO,"1,433.00",0,0,"1,338.00",0,0,816.00,469.00,29.00,93.37%
LAZIO,VITERBO,1.00,DIVORZIO,995.00,0,0,925.00,0,0,493.00,406.00,14.00,92.96%
LAZIO,VITERBO,1.00,DIVORZIO,"1,557.00",0,0,"1,479.00",0,0,346.00,"1,083.00",34.00,94.99%
LAZIO,VITERBO,1.00,DIVORZIO,844.00,0,0,787.00,0,0,247.00,516.00,10.00,93.25%
LAZIO,VITERBO,1.00,DIVORZIO,"1,354.00",0,0,"1,273.00",0,0,615.00,630.00,15.00,94.02%
LAZIO,VITERBO,1.00,DIVORZIO,"9,914.00",0,0,"9,289.00",0,0,"2,599.00","6,519.00",115.00,93.70%
LAZIO,VITERBO,1.00,DIVORZIO,"1,355.00",0,0,"1,249.00",0,0,467.00,728.00,30.00,92.18%
LAZIO,VITERBO,1.00,DIVORZIO,"1,573.00",0,0,"1,460.00",0,0,685.00,736.00,18.00,92.82%
LAZIO,VITERBO,1.00,DIVORZIO,"2,337.00",0,0,"2,179.00",0,0,883.00,"1,231.00",45.00,93.24%
LAZIO,VITERBO,1.00,DIVORZIO,"1,083.00",0,0,"1,017.00",0,0,409.00,510.00,50.00,93.91%
LAZIO,VITERBO,1.00,DIVORZIO,"1,596.00",0,0,"1,445.00",0,0,614.00,808.00,9.00,90.54%
LAZIO,VITERBO,1.00,DIVORZIO,"1,951.00",0,0,"1,791.00",0,0,786.00,943.00,40.00,91.80%
LAZIO,VITERBO,1.00,DIVORZIO,"1,351.00",0,0,"1,234.00",0,0,615.00,584.00,18.00,91.34%
LAZIO,VITERBO,1.00,DIVORZIO,"1,781.00",0,0,"1,604.00",0,0,700.00,858.00,31.00,90.06%
LAZIO,VITERBO,1.00,DIVORZIO,"2,703.00",0,0,"2,539.00",0,0,"1,554.00",936.00,37.00,93.93%
LAZIO,VITERBO,1.00,DIVORZIO,"1,956.00",0,0,"1,832.00",0,0,"1,073.00",708.00,31.00,93.66%
LAZIO,VITERBO,1.00,DIVORZIO,"1,070.00",0,0,974.00,0,0,496.00,443.00,18.00,91.03%
LAZIO,VITERBO,1.00,DIVORZIO,754.00,0,0,709.00,0,0,237.00,438.00,24.00,94.03%
LAZIO,VITERBO,1.00,DIVORZIO,"2,420.00",0,0,"2,234.00",0,0,"1,032.00","1,094.00",48.00,92.31%
LAZIO,VITERBO,1.00,DIVORZIO,"4,168.00",0,0,"3,861.00",0,0,"1,156.00","2,607.00",64.00,92.63%
LAZIO,VITERBO,1.00,DIVORZIO,"8,911.00",0,0,"8,361.00",0,0,"3,679.00","4,364.00",160.00,93.83%
LAZIO,VITERBO,1.00,DIVORZIO,"1,377.00",0,0,"1,255.00",0,0,777.00,464.00,6.00,91.14%
LAZIO,VITERBO,1.00,DIVORZIO,732.00,0,0,675.00,0,0,326.00,322.00,16.00,92.21%
LAZIO,VITERBO,1.00,DIVORZIO,"3,201.00",0,0,"2,996.00",0,0,"1,228.00","1,654.00",67.00,93.60%
LAZIO,VITERBO,1.00,DIVORZIO,"1,268.00",0,0,"1,089.00",0,0,546.00,505.00,19.00,85.88%
LAZIO,VITERBO,1.00,DIVORZIO,"1,274.00",0,0,"1,198.00",0,0,561.00,614.00,13.00,94.03%
LAZIO,VITERBO,1.00,DIVORZIO,"5,871.00",0,0,"5,509.00",0,0,"1,649.00","3,757.00",61.00,93.83%
LAZIO,VITERBO,1.00,DIVORZIO,"1,630.00",0,0,"1,493.00",0,0,919.00,543.00,18.00,91.60%
LAZIO,VITERBO,1.00,DIVORZIO,717.00,0,0,681.00,0,0,276.00,392.00,10.00,94.98%
LAZIO,VITERBO,1.00,DIVORZIO,"4,388.00",0,0,"4,067.00",0,0,"1,722.00","2,258.00",57.00,92.68%
LAZIO,VITERBO,1.00,DIVORZIO,"1,471.00",0,0,"1,379.00",0,0,729.00,609.00,24.00,93.75%
LAZIO,VITERBO,1.00,DIVORZIO,"4,997.00",0,0,"4,707.00",0,0,"1,820.00","2,731.00",71.00,94.20%
LAZIO,VITERBO,1.00,DIVORZIO,"2,012.00",0,0,"1,876.00",0,0,"1,069.00",763.00,16.00,93.24%
LAZIO,VITERBO,1.00,DIVORZIO,"8,674.00",0,0,"7,893.00",0,0,"2,693.00","5,021.00",109.00,91.00%
LAZIO,VITERBO,1.00,DIVORZIO,414.00,0,0,396.00,0,0,246.00,145.00,4.00,95.65%
LAZIO,VITERBO,1.00,DIVORZIO,"5,020.00",0,0,"4,649.00",0,0,"1,970.00","2,539.00",83.00,92.61%
LAZIO,VITERBO,1.00,DIVORZIO,"2,155.00",0,0,"2,001.00",0,0,929.00,"1,011.00",37.00,92.85%
LAZIO,VITERBO,1.00,DIVORZIO,"1,492.00",0,0,"1,415.00",0,0,577.00,803.00,27.00,94.84%
LAZIO,VITERBO,1.00,DIVORZIO,"2,022.00",0,0,"1,879.00",0,0,757.00,"1,010.00",77.00,92.93%
LAZIO,VITERBO,1.00,DIVORZIO,"1,039.00",0,0,980.00,0,0,670.00,298.00,8.00,94.32%
LAZIO,VITERBO,1.00,DIVORZIO,"6,823.00",0,0,"6,294.00",0,0,"2,975.00","3,167.00",65.00,92.25%
LAZIO,VITERBO,1.00,DIVORZIO,"3,634.00",0,0,"3,484.00",0,0,"1,662.00","1,749.00",56.00,95.87%
LAZIO,VITERBO,1.00,DIVORZIO,839.00,0,0,803.00,0,0,582.00,205.00,10.00,95.71%
LAZIO,VITERBO,1.00,DIVORZIO,"38,086.00",0,0,"36,461.00",0,0,"15,446.00","20,182.00",426.00,95.73%
LAZIO,VITERBO,1.00,DIVORZIO,"1,365.00",0,0,"1,276.00",0,0,603.00,616.00,30.00,93.48%
FRIULI-VENEZIA GIULIA,TRIESTE,1.00,DIVORZIO,"5,685.00",0,0,"5,397.00",0,0,"1,262.00","4,020.00",72.00,94.93%
FRIULI-VENEZIA GIULIA,TRIESTE,1.00,DIVORZIO,543.00,0,0,481.00,0,0,68.00,404.00,6.00,88.58%
FRIULI-VENEZIA GIULIA,TRIESTE,1.00,DIVORZIO,"10,234.00",0,0,"9,587.00",0,0,"1,904.00","7,306.00",122.00,93.68%
FRIULI-VENEZIA GIULIA,TRIESTE,1.00,DIVORZIO,"4,373.00",0,0,"4,160.00",0,0,641.00,"3,419.00",75.00,95.13%
FRIULI-VENEZIA GIULIA,TRIESTE,1.00,DIVORZIO,"1,164.00",0,0,"1,083.00",0,0,130.00,930.00,16.00,93.04%
FRIULI-VENEZIA GIULIA,TRIESTE,1.00,DIVORZIO,"212,562.00",0,0,"193,316.00",0,0,"52,551.00","137,276.00","2,341.00",90.95%
FRIULI-VENEZIA GIULIA,PORDENONE,1.00,DIVORZIO,539.00,0,0,366.00,0,0,116.00,232.00,16.00,67.90%
FRIULI-VENEZIA GIULIA,PORDENONE,1.00,DIVORZIO,"1,287.00",0,0,843.00,0,0,405.00,418.00,13.00,65.50%
FRIULI-VENEZIA GIULIA,PORDENONE,1.00,DIVORZIO,"1,287.00",0,0,"1,146.00",0,0,415.00,704.00,20.00,89.04%
FRIULI-VENEZIA GIULIA,PORDENONE,1.00,DIVORZIO,"6,314.00",0,0,"5,715.00",0,0,"2,071.00","3,490.00",81.00,90.51%
FRIULI-VENEZIA GIULIA,PORDENONE,1.00,DIVORZIO,"7,230.00",0,0,"6,291.00",0,0,"2,718.00","3,438.00",82.00,87.01%
FRIULI-VENEZIA GIULIA,PORDENONE,1.00,DIVORZIO,543.00,0,0,366.00,0,0,173.00,180.00,8.00,67.40%
FRIULI-VENEZIA GIULIA,PORDENONE,1.00,DIVORZIO,"4,447.00",0,0,"3,978.00",0,0,"1,962.00","1,844.00",118.00,89.45%
FRIULI-VENEZIA GIULIA,PORDENONE,1.00,DIVORZIO,"1,781.00",0,0,"1,473.00",0,0,469.00,977.00,15.00,82.71%
FRIULI-VENEZIA GIULIA,PORDENONE,1.00,DIVORZIO,"4,941.00",0,0,"4,049.00",0,0,"1,368.00","2,585.00",52.00,81.95%
FRIULI-VENEZIA GIULIA,PORDENONE,1.00,DIVORZIO,"4,673.00",0,0,"4,674.00",0,0,"1,972.00","2,612.00",61.00,100.02%
FRIULI-VENEZIA GIULIA,PORDENONE,1.00,DIVORZIO,"1,133.00",0,0,705.00,0,0,234.00,456.00,8.00,62.22%
FRIULI-VENEZIA GIULIA,PORDENONE,1.00,DIVORZIO,"1,188.00",0,0,925.00,0,0,365.00,540.00,11.00,77.86%
FRIULI-VENEZIA GIULIA,PORDENONE,1.00,DIVORZIO,"2,351.00",0,0,"2,051.00",0,0,985.00,"1,003.00",43.00,87.24%
FRIULI-VENEZIA GIULIA,PORDENONE,1.00,DIVORZIO,504.00,0,0,310.00,0,0,223.00,79.00,5.00,61.51%
FRIULI-VENEZIA GIULIA,PORDENONE,1.00,DIVORZIO,"1,450.00",0,0,875.00,0,0,455.00,400.00,17.00,60.34%
FRIULI-VENEZIA GIULIA,PORDENONE,1.00,DIVORZIO,887.00,0,0,539.00,0,0,274.00,257.00,5.00,60.77%
FRIULI-VENEZIA GIULIA,PORDENONE,1.00,DIVORZIO,"9,239.00",0,0,"8,525.00",0,0,"2,866.00","5,456.00",151.00,92.27%
FRIULI-VENEZIA GIULIA,PORDENONE,1.00,DIVORZIO,"1,767.00",0,0,"1,582.00",0,0,683.00,827.00,53.00,89.53%
FRIULI-VENEZIA GIULIA,PORDENONE,1.00,DIVORZIO,533.00,0,0,379.00,0,0,116.00,249.00,8.00,71.11%
FRIULI-VENEZIA GIULIA,PORDENONE,1.00,DIVORZIO,"1,263.00",0,0,890.00,0,0,403.00,460.00,12.00,70.47%
FRIULI-VENEZIA GIULIA,PORDENONE,1.00,DIVORZIO,"5,943.00",0,0,"5,261.00",0,0,"2,246.00","2,885.00",86.00,88.52%
FRIULI-VENEZIA GIULIA,PORDENONE,1.00,DIVORZIO,"5,367.00",0,0,"4,736.00",0,0,"1,741.00","2,875.00",81.00,88.24%
FRIULI-VENEZIA GIULIA,PORDENONE,1.00,DIVORZIO,686.00,0,0,475.00,0,0,177.00,282.00,12.00,69.24%
FRIULI-VENEZIA GIULIA,PORDENONE,1.00,DIVORZIO,"6,804.00",0,0,"6,277.00",0,0,"2,142.00","3,975.00",91.00,92.25%
FRIULI-VENEZIA GIULIA,PORDENONE,1.00,DIVORZIO,"1,573.00",0,0,"1,174.00",0,0,394.00,766.00,9.00,74.63%
FRIULI-VENEZIA GIULIA,PORDENONE,1.00,DIVORZIO,"3,515.00",0,0,"3,012.00",0,0,812.00,"2,150.00",32.00,85.69%
FRIULI-VENEZIA GIULIA,PORDENONE,1.00,DIVORZIO,"2,408.00",0,0,"2,026.00",0,0,944.00,"1,009.00",42.00,84.14%
FRIULI-VENEZIA GIULIA,PORDENONE,1.00,DIVORZIO,"4,285.00",0,0,"3,855.00",0,0,"2,000.00","1,742.00",70.00,89.96%
FRIULI-VENEZIA GIULIA,PORDENONE,1.00,DIVORZIO,"1,486.00",0,0,"1,062.00",0,0,342.00,692.00,15.00,71.47%
FRIULI-VENEZIA GIULIA,PORDENONE,1.00,DIVORZIO,"2,811.00",0,0,"2,243.00",0,0,796.00,"1,403.00",31.00,79.79%
FRIULI-VENEZIA GIULIA,PORDENONE,1.00,DIVORZIO,"7,976.00",0,0,"7,392.00",0,0,"2,674.00","4,499.00",137.00,92.68%
FRIULI-VENEZIA GIULIA,PORDENONE,1.00,DIVORZIO,"34,240.00",0,0,"32,463.00",0,0,"11,199.00","20,598.00",442.00,94.81%
FRIULI-VENEZIA GIULIA,PORDENONE,1.00,DIVORZIO,"3,887.00",0,0,"3,514.00",0,0,"2,000.00","1,438.00",56.00,90.40%
FRIULI-VENEZIA GIULIA,PORDENONE,1.00,DIVORZIO,"1,520.00",0,0,"1,307.00",0,0,767.00,515.00,18.00,85.99%
FRIULI-VENEZIA GIULIA,PORDENONE,1.00,DIVORZIO,"1,849.00",0,0,"1,667.00",0,0,657.00,958.00,35.00,90.16%
FRIULI-VENEZIA GIULIA,PORDENONE,1.00,DIVORZIO,"10,989.00",0,0,"10,459.00",0,0,"3,799.00","6,342.00",217.00,95.18%
FRIULI-VENEZIA GIULIA,PORDENONE,1.00,DIVORZIO,"3,309.00",0,0,"2,758.00",0,0,"1,390.00","1,289.00",50.00,83.35%
FRIULI-VENEZIA GIULIA,PORDENONE,1.00,DIVORZIO,"1,103.00",0,0,943.00,0,0,444.00,481.00,12.00,85.49%
FRIULI-VENEZIA GIULIA,PORDENONE,1.00,DIVORZIO,"2,470.00",0,0,"2,153.00",0,0,924.00,"1,159.00",47.00,87.17%
FRIULI-VENEZIA GIULIA,PORDENONE,1.00,DIVORZIO,"8,212.00",0,0,"7,549.00",0,0,"3,057.00","4,283.00",136.00,91.93%
FRIULI-VENEZIA GIULIA,PORDENONE,1.00,DIVORZIO,"1,521.00",0,0,"1,259.00",0,0,459.00,775.00,12.00,82.77%
FRIULI-VENEZIA GIULIA,PORDENONE,1.00,DIVORZIO,"3,836.00",0,0,"3,311.00",0,0,"1,721.00","1,486.00",69.00,86.31%
FRIULI-VENEZIA GIULIA,PORDENONE,1.00,DIVORZIO,"8,110.00",0,0,"7,038.00",0,0,"2,888.00","4,016.00",91.00,86.78%
FRIULI-VENEZIA GIULIA,PORDENONE,1.00,DIVORZIO,661.00,0,0,476.00,0,0,153.00,314.00,6.00,72.01%
FRIULI-VENEZIA GIULIA,PORDENONE,1.00,DIVORZIO,763.00,0,0,487.00,0,0,186.00,284.00,11.00,63.83%
FRIULI-VENEZIA GIULIA,PORDENONE,1.00,DIVORZIO,"1,561.00",0,0,"1,173.00",0,0,443.00,688.00,15.00,75.14%
FRIULI-VENEZIA GIULIA,PORDENONE,1.00,DIVORZIO,744.00,0,0,598.00,0,0,151.00,430.00,8.00,80.38%
FRIULI-VENEZIA GIULIA,PORDENONE,1.00,DIVORZIO,"1,554.00",0,0,"1,323.00",0,0,434.00,866.00,13.00,85.14%
FRIULI-VENEZIA GIULIA,PORDENONE,1.00,DIVORZIO,"1,288.00",0,0,926.00,0,0,464.00,443.00,11.00,71.89%
FRIULI-VENEZIA GIULIA,PORDENONE,1.00,DIVORZIO,"1,000.00",0,0,908.00,0,0,364.00,519.00,18.00,90.80%
FRIULI-VENEZIA GIULIA,PORDENONE,1.00,DIVORZIO,"5,028.00",0,0,"4,674.00",0,0,"2,002.00","2,560.00",68.00,92.96%
MOLISE,ISERNIA,1.00,DIVORZIO,426.00,0,0,279.00,0,0,159.00,112.00,2.00,65.49%
MOLISE,ISERNIA,1.00,DIVORZIO,"4,963.00",0,0,"3,747.00",0,0,"2,309.00","1,260.00",83.00,75.50%
MOLISE,ISERNIA,1.00,DIVORZIO,"1,315.00",0,0,990.00,0,0,583.00,388.00,10.00,75.29%
MOLISE,ISERNIA,1.00,DIVORZIO,"1,032.00",0,0,510.00,0,0,237.00,249.00,7.00,49.42%
MOLISE,ISERNIA,1.00,DIVORZIO,"1,085.00",0,0,590.00,0,0,421.00,153.00,10.00,54.38%
MOLISE,ISERNIA,1.00,DIVORZIO,"1,441.00",0,0,"1,013.00",0,0,583.00,397.00,20.00,70.30%
MOLISE,ISERNIA,1.00,DIVORZIO,"1,398.00",0,0,960.00,0,0,496.00,436.00,17.00,68.67%
MOLISE,ISERNIA,1.00,DIVORZIO,"1,013.00",0,0,691.00,0,0,520.00,150.00,8.00,68.21%
MOLISE,ISERNIA,1.00,DIVORZIO,440.00,0,0,306.00,0,0,141.00,157.00,3.00,69.55%
MOLISE,ISERNIA,1.00,DIVORZIO,"1,428.00",0,0,942.00,0,0,725.00,190.00,12.00,65.97%
MOLISE,ISERNIA,1.00,DIVORZIO,148.00,0,0,97.00,0,0,76.00,19.00,1.00,65.54%
MOLISE,ISERNIA,1.00,DIVORZIO,581.00,0,0,360.00,0,0,253.00,99.00,3.00,61.96%
MOLISE,ISERNIA,1.00,DIVORZIO,218.00,0,0,163.00,0,0,120.00,38.00,3.00,74.77%
MOLISE,ISERNIA,1.00,DIVORZIO,"1,511.00",0,0,"1,259.00",0,0,859.00,395.00,2.00,83.32%
MOLISE,ISERNIA,1.00,DIVORZIO,371.00,0,0,247.00,0,0,197.00,45.00,2.00,66.58%
MOLISE,ISERNIA,1.00,DIVORZIO,971.00,0,0,668.00,0,0,457.00,185.00,13.00,68.80%
MOLISE,ISERNIA,1.00,DIVORZIO,"1,183.00",0,0,787.00,0,0,446.00,309.00,16.00,66.53%
MOLISE,ISERNIA,1.00,DIVORZIO,298.00,0,0,242.00,0,0,147.00,88.00,5.00,81.21%
MOLISE,ISERNIA,1.00,DIVORZIO,885.00,0,0,598.00,0,0,382.00,191.00,15.00,67.57%
MOLISE,ISERNIA,1.00,DIVORZIO,997.00,0,0,539.00,0,0,234.00,281.00,9.00,54.06%
MOLISE,ISERNIA,1.00,DIVORZIO,"1,257.00",0,0,731.00,0,0,413.00,296.00,6.00,58.15%
MOLISE,ISERNIA,1.00,DIVORZIO,"2,687.00",0,0,"2,107.00",0,0,"1,336.00",686.00,38.00,78.41%
MOLISE,ISERNIA,1.00,DIVORZIO,"10,623.00",0,0,"8,325.00",0,0,"4,594.00","3,576.00",64.00,78.37%
MOLISE,ISERNIA,1.00,DIVORZIO,802.00,0,0,458.00,0,0,275.00,172.00,3.00,57.11%
MOLISE,ISERNIA,1.00,DIVORZIO,589.00,0,0,425.00,0,0,292.00,121.00,5.00,72.16%
MOLISE,ISERNIA,1.00,DIVORZIO,"2,228.00",0,0,"1,280.00",0,0,627.00,626.00,8.00,57.45%
MOLISE,ISERNIA,1.00,DIVORZIO,888.00,0,0,698.00,0,0,233.00,449.00,5.00,78.60%
MOLISE,ISERNIA,1.00,DIVORZIO,"1,503.00",0,0,"1,075.00",0,0,739.00,284.00,14.00,71.52%
MOLISE,ISERNIA,1.00,DIVORZIO,659.00,0,0,453.00,0,0,299.00,134.00,14.00,68.74%
MOLISE,ISERNIA,1.00,DIVORZIO,"1,816.00",0,0,"1,493.00",0,0,753.00,708.00,23.00,82.21%
MOLISE,ISERNIA,1.00,DIVORZIO,399.00,0,0,311.00,0,0,246.00,56.00,3.00,77.94%
MOLISE,ISERNIA,1.00,DIVORZIO,"1,000.00",0,0,699.00,0,0,352.00,324.00,14.00,69.90%
MOLISE,ISERNIA,1.00,DIVORZIO,509.00,0,0,377.00,0,0,208.00,164.00,4.00,74.07%
MOLISE,ISERNIA,1.00,DIVORZIO,377.00,0,0,210.00,0,0,176.00,30.00,3.00,55.70%
MOLISE,ISERNIA,1.00,DIVORZIO,"1,216.00",0,0,820.00,0,0,543.00,245.00,18.00,67.43%
MOLISE,ISERNIA,1.00,DIVORZIO,482.00,0,0,269.00,0,0,175.00,89.00,3.00,55.81%
MOLISE,ISERNIA,1.00,DIVORZIO,"1,311.00",0,0,968.00,0,0,521.00,398.00,24.00,73.84%
MOLISE,ISERNIA,1.00,DIVORZIO,"1,351.00",0,0,"1,017.00",0,0,659.00,323.00,14.00,75.28%
MOLISE,ISERNIA,1.00,DIVORZIO,"1,181.00",0,0,593.00,0,0,252.00,318.00,7.00,50.21%
MOLISE,ISERNIA,1.00,DIVORZIO,"1,116.00",0,0,671.00,0,0,383.00,264.00,14.00,60.13%
MOLISE,ISERNIA,1.00,DIVORZIO,656.00,0,0,445.00,0,0,295.00,134.00,9.00,67.84%
MOLISE,ISERNIA,1.00,DIVORZIO,829.00,0,0,615.00,0,0,351.00,244.00,13.00,74.19%
MOLISE,ISERNIA,1.00,DIVORZIO,803.00,0,0,529.00,0,0,256.00,264.00,7.00,65.88%
MOLISE,ISERNIA,1.00,DIVORZIO,809.00,0,0,655.00,0,0,253.00,388.00,7.00,80.96%
MOLISE,ISERNIA,1.00,DIVORZIO,588.00,0,0,362.00,0,0,206.00,144.00,10.00,61.56%
MOLISE,ISERNIA,1.00,DIVORZIO,595.00,0,0,312.00,0,0,201.00,104.00,7.00,52.44%
MOLISE,ISERNIA,1.00,DIVORZIO,437.00,0,0,345.00,0,0,265.00,72.00,6.00,78.95%
MOLISE,ISERNIA,1.00,DIVORZIO,918.00,0,0,506.00,0,0,306.00,179.00,10.00,55.12%
MOLISE,ISERNIA,1.00,DIVORZIO,899.00,0,0,639.00,0,0,469.00,151.00,6.00,71.08%
MOLISE,ISERNIA,1.00,DIVORZIO,"1,981.00",0,0,"1,446.00",0,0,890.00,501.00,19.00,72.99%
MOLISE,ISERNIA,1.00,DIVORZIO,"1,040.00",0,0,730.00,0,0,438.00,258.00,11.00,70.19%
MOLISE,ISERNIA,1.00,DIVORZIO,"4,694.00",0,0,"3,899.00",0,0,"2,142.00","1,625.00",66.00,83.06%
SICILIA,AGRIGENTO,1.00,DIVORZIO,"31,646.00",0,0,"25,600.00",0,0,"13,876.00","11,162.00",158.00,80.89%
SICILIA,AGRIGENTO,1.00,DIVORZIO,"3,769.00",0,0,"2,395.00",0,0,"1,310.00",909.00,74.00,63.54%
SICILIA,AGRIGENTO,1.00,DIVORZIO,"8,726.00",0,0,"4,911.00",0,0,"3,151.00","1,638.00",55.00,56.28%
SICILIA,AGRIGENTO,1.00,DIVORZIO,"3,388.00",0,0,"2,297.00",0,0,879.00,"1,341.00",36.00,67.80%
SICILIA,AGRIGENTO,1.00,DIVORZIO,"2,823.00",0,0,"1,947.00",0,0,866.00,"1,002.00",41.00,68.97%
SICILIA,AGRIGENTO,1.00,DIVORZIO,"1,260.00",0,0,916.00,0,0,377.00,514.00,13.00,72.70%
SICILIA,AGRIGENTO,1.00,DIVORZIO,"4,382.00",0,0,"3,186.00",0,0,"2,286.00",801.00,25.00,72.71%
SICILIA,AGRIGENTO,1.00,DIVORZIO,"1,824.00",0,0,"1,327.00",0,0,670.00,624.00,10.00,72.75%
SICILIA,AGRIGENTO,1.00,DIVORZIO,"3,998.00",0,0,"2,788.00",0,0,"1,609.00","1,107.00",31.00,69.73%
SICILIA,AGRIGENTO,1.00,DIVORZIO,"7,545.00",0,0,"5,696.00",0,0,"2,370.00","3,170.00",87.00,75.49%
SICILIA,AGRIGENTO,1.00,DIVORZIO,"21,291.00",0,0,"15,778.00",0,0,"7,197.00","8,260.00",131.00,74.11%
SICILIA,AGRIGENTO,1.00,DIVORZIO,"8,456.00",0,0,"5,007.00",0,0,"2,337.00","2,534.00",77.00,59.21%
SICILIA,AGRIGENTO,1.00,DIVORZIO,"3,173.00",0,0,"1,822.00",0,0,882.00,880.00,27.00,57.42%
SICILIA,AGRIGENTO,1.00,DIVORZIO,"5,393.00",0,0,"3,050.00",0,0,"1,119.00","1,871.00",30.00,56.55%
SICILIA,AGRIGENTO,1.00,DIVORZIO,"5,144.00",0,0,"2,708.00",0,0,"1,350.00","1,294.00",22.00,52.64%
SICILIA,AGRIGENTO,1.00,DIVORZIO,"1,065.00",0,0,633.00,0,0,345.00,274.00,4.00,59.44%
SICILIA,AGRIGENTO,1.00,DIVORZIO,"18,694.00",0,0,"11,208.00",0,0,"4,767.00","6,103.00",95.00,59.96%
SICILIA,AGRIGENTO,1.00,DIVORZIO,"6,247.00",0,0,"3,267.00",0,0,"1,573.00","1,593.00",43.00,52.30%
SICILIA,AGRIGENTO,1.00,DIVORZIO,"1,405.00",0,0,871.00,0,0,536.00,275.00,24.00,61.99%
SICILIA,AGRIGENTO,1.00,DIVORZIO,"2,716.00",0,0,968.00,0,0,536.00,414.00,11.00,35.64%
SICILIA,AGRIGENTO,1.00,DIVORZIO,"24,318.00",0,0,"14,076.00",0,0,"6,308.00","7,497.00",63.00,57.88%
SICILIA,AGRIGENTO,1.00,DIVORZIO,"1,892.00",0,0,"1,176.00",0,0,604.00,552.00,8.00,62.16%
SICILIA,AGRIGENTO,1.00,DIVORZIO,"9,091.00",0,0,"6,882.00",0,0,"2,990.00","3,754.00",42.00,75.70%
SICILIA,AGRIGENTO,1.00,DIVORZIO,"1,820.00",0,0,"1,227.00",0,0,737.00,424.00,20.00,67.42%
SICILIA,AGRIGENTO,1.00,DIVORZIO,"2,260.00",0,0,"1,630.00",0,0,822.00,762.00,15.00,72.12%
SICILIA,AGRIGENTO,1.00,DIVORZIO,"9,800.00",0,0,"6,248.00",0,0,"2,879.00","3,226.00",57.00,63.76%
SICILIA,AGRIGENTO,1.00,DIVORZIO,"13,725.00",0,0,"8,306.00",0,0,"3,767.00","4,344.00",67.00,60.52%
SICILIA,AGRIGENTO,1.00,DIVORZIO,"10,321.00",0,0,"7,345.00",0,0,"2,688.00","4,517.00",70.00,71.17%
SICILIA,AGRIGENTO,1.00,DIVORZIO,"7,144.00",0,0,"4,127.00",0,0,"2,184.00","1,771.00",67.00,57.77%
SICILIA,AGRIGENTO,1.00,DIVORZIO,"8,787.00",0,0,"6,438.00",0,0,"2,171.00","4,010.00",62.00,73.27%
SICILIA,AGRIGENTO,1.00,DIVORZIO,"10,094.00",0,0,"6,385.00",0,0,"2,505.00","3,746.00",56.00,63.26%
SICILIA,AGRIGENTO,1.00,DIVORZIO,"2,676.00",0,0,"1,665.00",0,0,675.00,932.00,33.00,62.22%
SICILIA,AGRIGENTO,1.00,DIVORZIO,"12,828.00",0,0,"9,756.00",0,0,"3,908.00","5,642.00",69.00,76.05%
SICILIA,AGRIGENTO,1.00,DIVORZIO,"5,337.00",0,0,"4,207.00",0,0,"1,094.00","3,010.00",47.00,78.83%
SICILIA,AGRIGENTO,1.00,DIVORZIO,"3,456.00",0,0,"1,990.00",0,0,"1,186.00",737.00,27.00,57.58%
SICILIA,AGRIGENTO,1.00,DIVORZIO,"4,735.00",0,0,"3,009.00",0,0,"1,923.00",948.00,65.00,63.55%
SICILIA,AGRIGENTO,1.00,DIVORZIO,"2,563.00",0,0,"1,341.00",0,0,662.00,626.00,29.00,52.32%
SICILIA,AGRIGENTO,1.00,DIVORZIO,"5,627.00",0,0,"3,990.00",0,0,"1,627.00","2,242.00",43.00,70.91%
SICILIA,AGRIGENTO,1.00,DIVORZIO,"1,763.00",0,0,946.00,0,0,696.00,222.00,13.00,53.66%
SICILIA,AGRIGENTO,1.00,DIVORZIO,"4,102.00",0,0,"2,967.00",0,0,"1,206.00","1,665.00",39.00,72.33%
SICILIA,AGRIGENTO,1.00,DIVORZIO,"21,315.00",0,0,"17,180.00",0,0,"7,840.00","8,958.00",154.00,80.60%
SICILIA,AGRIGENTO,1.00,DIVORZIO,"4,301.00",0,0,"2,699.00",0,0,"1,102.00","1,528.00",35.00,62.75%
SICILIA,AGRIGENTO,1.00,DIVORZIO,"1,436.00",0,0,"1,011.00",0,0,454.00,524.00,21.00,70.40%
PIEMONTE,ALESSANDRIA,1.00,DIVORZIO,"16,877.00",0,0,"15,396.00",0,0,"3,803.00","11,220.00",246.00,91.22%
PIEMONTE,ALESSANDRIA,1.00,DIVORZIO,411.00,0,0,340.00,0,0,171.00,144.00,19.00,82.73%
PIEMONTE,ALESSANDRIA,1.00,DIVORZIO,"75,863.00",0,0,"70,397.00",0,0,"16,583.00","52,481.00",895.00,92.79%
PIEMONTE,ALESSANDRIA,1.00,DIVORZIO,818.00,0,0,739.00,0,0,371.00,336.00,24.00,90.34%
PIEMONTE,ALESSANDRIA,1.00,DIVORZIO,786.00,0,0,682.00,0,0,245.00,408.00,23.00,86.77%
PIEMONTE,ALESSANDRIA,1.00,DIVORZIO,902.00,0,0,837.00,0,0,411.00,397.00,27.00,92.79%
PIEMONTE,ALESSANDRIA,1.00,DIVORZIO,549.00,0,0,508.00,0,0,190.00,299.00,13.00,92.53%
PIEMONTE,ALESSANDRIA,1.00,DIVORZIO,277.00,0,0,256.00,0,0,122.00,129.00,3.00,92.42%
PIEMONTE,ALESSANDRIA,1.00,DIVORZIO,"4,829.00",0,0,"4,428.00",0,0,"1,257.00","3,037.00",112.00,91.70%
PIEMONTE,ALESSANDRIA,1.00,DIVORZIO,364.00,0,0,304.00,0,0,131.00,168.00,4.00,83.52%
PIEMONTE,ALESSANDRIA,1.00,DIVORZIO,"1,411.00",0,0,"1,324.00",0,0,360.00,921.00,31.00,93.83%
PIEMONTE,ALESSANDRIA,1.00,DIVORZIO,"1,089.00",0,0,"1,004.00",0,0,324.00,662.00,11.00,92.19%
PIEMONTE,ALESSANDRIA,1.00,DIVORZIO,"1,275.00",0,0,"1,148.00",0,0,364.00,748.00,23.00,90.04%
PIEMONTE,ALESSANDRIA,1.00,DIVORZIO,274.00,0,0,248.00,0,0,57.00,184.00,6.00,90.51%
PIEMONTE,ALESSANDRIA,1.00,DIVORZIO,819.00,0,0,729.00,0,0,268.00,432.00,25.00,89.01%
PIEMONTE,ALESSANDRIA,1.00,DIVORZIO,157.00,0,0,147.00,0,0,61.00,80.00,5.00,93.63%
PIEMONTE,ALESSANDRIA,1.00,DIVORZIO,"1,517.00",0,0,"1,361.00",0,0,399.00,918.00,32.00,89.72%
PIEMONTE,ALESSANDRIA,1.00,DIVORZIO,"1,456.00",0,0,"1,337.00",0,0,598.00,667.00,52.00,91.83%
PIEMONTE,ALESSANDRIA,1.00,DIVORZIO,470.00,0,0,421.00,0,0,129.00,282.00,7.00,89.57%
PIEMONTE,ALESSANDRIA,1.00,DIVORZIO,"1,157.00",0,0,"1,037.00",0,0,439.00,559.00,26.00,89.63%
PIEMONTE,ALESSANDRIA,1.00,DIVORZIO,"1,973.00",0,0,"1,840.00",0,0,707.00,"1,065.00",48.00,93.26%
PIEMONTE,ALESSANDRIA,1.00,DIVORZIO,"1,167.00",0,0,"1,065.00",0,0,470.00,549.00,37.00,91.26%
PIEMONTE,ALESSANDRIA,1.00,DIVORZIO,319.00,0,0,284.00,0,0,102.00,175.00,5.00,89.03%
PIEMONTE,ALESSANDRIA,1.00,DIVORZIO,631.00,0,0,537.00,0,0,247.00,274.00,14.00,85.10%
PIEMONTE,ALESSANDRIA,1.00,DIVORZIO,940.00,0,0,787.00,0,0,325.00,418.00,38.00,83.72%
PIEMONTE,ALESSANDRIA,1.00,DIVORZIO,670.00,0,0,607.00,0,0,220.00,365.00,18.00,90.60%
PIEMONTE,ALESSANDRIA,1.00,DIVORZIO,982.00,0,0,836.00,0,0,253.00,553.00,23.00,85.13%
PIEMONTE,ALESSANDRIA,1.00,DIVORZIO,554.00,0,0,450.00,0,0,193.00,234.00,19.00,81.23%
PIEMONTE,ALESSANDRIA,1.00,DIVORZIO,"1,539.00",0,0,"1,416.00",0,0,482.00,898.00,26.00,92.01%
PIEMONTE,ALESSANDRIA,1.00,DIVORZIO,567.00,0,0,513.00,0,0,157.00,340.00,12.00,90.48%
PIEMONTE,ALESSANDRIA,1.00,DIVORZIO,271.00,0,0,250.00,0,0,68.00,178.00,2.00,92.25%
PIEMONTE,ALESSANDRIA,1.00,DIVORZIO,577.00,0,0,522.00,0,0,207.00,295.00,17.00,90.47%
PIEMONTE,ALESSANDRIA,1.00,DIVORZIO,"1,052.00",0,0,945.00,0,0,429.00,487.00,23.00,89.83%
PIEMONTE,ALESSANDRIA,1.00,DIVORZIO,270.00,0,0,207.00,0,0,112.00,82.00,10.00,76.67%
PIEMONTE,ALESSANDRIA,1.00,DIVORZIO,501.00,0,0,449.00,0,0,217.00,223.00,7.00,89.62%
PIEMONTE,ALESSANDRIA,1.00,DIVORZIO,758.00,0,0,648.00,0,0,222.00,407.00,16.00,85.49%
PIEMONTE,ALESSANDRIA,1.00,DIVORZIO,"1,010.00",0,0,922.00,0,0,421.00,471.00,19.00,91.29%
PIEMONTE,ALESSANDRIA,1.00,DIVORZIO,206.00,0,0,187.00,0,0,52.00,122.00,10.00,90.78%
PIEMONTE,ALESSANDRIA,1.00,DIVORZIO,"32,586.00",0,0,"29,713.00",0,0,"7,307.00","21,644.00",569.00,91.18%
PIEMONTE,ALESSANDRIA,1.00,DIVORZIO,737.00,0,0,675.00,0,0,281.00,375.00,16.00,91.59%
PIEMONTE,ALESSANDRIA,1.00,DIVORZIO,233.00,0,0,209.00,0,0,87.00,109.00,10.00,89.70%
PIEMONTE,ALESSANDRIA,1.00,DIVORZIO,"1,658.00",0,0,"1,449.00",0,0,409.00,998.00,32.00,87.39%
PIEMONTE,ALESSANDRIA,1.00,DIVORZIO,"2,759.00",0,0,"2,418.00",0,0,836.00,"1,505.00",62.00,87.64%
PIEMONTE,ALESSANDRIA,1.00,DIVORZIO,695.00,0,0,577.00,0,0,191.00,361.00,21.00,83.02%
PIEMONTE,ALESSANDRIA,1.00,DIVORZIO,146.00,0,0,130.00,0,0,50.00,78.00,2.00,89.04%
PIEMONTE,ALESSANDRIA,1.00,DIVORZIO,349.00,0,0,323.00,0,0,115.00,196.00,11.00,92.55%
PIEMONTE,ALESSANDRIA,1.00,DIVORZIO,"3,848.00",0,0,"3,559.00",0,0,"1,114.00","2,336.00",66.00,92.49%
PIEMONTE,ALESSANDRIA,1.00,DIVORZIO,162.00,0,0,152.00,0,0,77.00,68.00,6.00,93.83%
PIEMONTE,ALESSANDRIA,1.00,DIVORZIO,"1,500.00",0,0,"1,363.00",0,0,569.00,756.00,32.00,90.87%
PIEMONTE,ALESSANDRIA,1.00,DIVORZIO,506.00,0,0,422.00,0,0,175.00,222.00,21.00,83.40%
PIEMONTE,ALESSANDRIA,1.00,DIVORZIO,669.00,0,0,603.00,0,0,215.00,350.00,28.00,90.13%
PIEMONTE,ALESSANDRIA,1.00,DIVORZIO,764.00,0,0,681.00,0,0,211.00,444.00,20.00,89.14%
PIEMONTE,ALESSANDRIA,1.00,DIVORZIO,"4,372.00",0,0,"4,071.00",0,0,"1,626.00","2,307.00",108.00,93.12%
PIEMONTE,ALESSANDRIA,1.00,DIVORZIO,433.00,0,0,389.00,0,0,175.00,206.00,5.00,89.84%
PIEMONTE,ALESSANDRIA,1.00,DIVORZIO,255.00,0,0,224.00,0,0,59.00,156.00,7.00,87.84%
PIEMONTE,ALESSANDRIA,1.00,DIVORZIO,522.00,0,0,456.00,0,0,230.00,205.00,18.00,87.36%
PIEMONTE,ALESSANDRIA,1.00,DIVORZIO,463.00,0,0,415.00,0,0,156.00,240.00,15.00,89.63%