REGIONE,PROVINCIA,QUESITO,SUM of ELETTORI_TOT,SUM of ELETTORI_M,SUM of ELETTORI_F,SUM of VOTANTI,SUM of VOTANTI_M,SUM of VOTANTI_F,SUM of VOTI_SI,SUM of VOTI_NO,SUM of SKBIANCHE,AFFLUENZA
ABRUZZO,CHIETI,Abrogazione delle nuove norme che consentono la produzione nel territorio di energia elettrica nucleare,"320,514.00",0.00,0.00,"191,904.00",0.00,0.00,"182,128.00","7,511.00","1,501.00",59.87%
,,"Abrogazione di norme della legge 7 aprile 2010, n.51, in materia di legittimo impedimento del Presidente del Consiglio dei Ministri e dei Ministri a comparire in udienza penale, quale risultante a seguito della sentenza n.23 del 2011 della Corte Costituzi","320,514.00",0.00,0.00,"191,834.00",0.00,0.00,"181,099.00","7,892.00","1,958.00",59.85%
,,Determinazione della tariffa del servizio idrico integrato in base all'adeguata remunerazione del capitale investito - Abrogazione parziale di norma,"320,514.00",0.00,0.00,"192,007.00",0.00,0.00,"184,632.00","5,180.00","1,421.00",59.91%
,,Modalita' di affidamento e gestione dei servizi pubblici locali di rilevanza economica - Abrogazione,"320,514.00",0.00,0.00,"191,960.00",0.00,0.00,"183,029.00","6,098.00","1,964.00",59.89%
,CHIETI Total,,"1,282,056.00",0.00,0.00,"767,705.00",0.00,0.00,"730,888.00","26,681.00","6,844.00",59.88%
,L'AQUILA,Abrogazione delle nuove norme che consentono la produzione nel territorio di energia elettrica nucleare,"246,292.00",0.00,0.00,"133,595.00",0.00,0.00,"125,180.00","6,777.00","1,149.00",54.24%
,,"Abrogazione di norme della legge 7 aprile 2010, n.51, in materia di legittimo impedimento del Presidente del Consiglio dei Ministri e dei Ministri a comparire in udienza penale, quale risultante a seguito della sentenza n.23 del 2011 della Corte Costituzi","246,292.00",0.00,0.00,"133,525.00",0.00,0.00,"124,911.00","6,506.00","1,559.00",54.21%
,,Determinazione della tariffa del servizio idrico integrato in base all'adeguata remunerazione del capitale investito - Abrogazione parziale di norma,"246,292.00",0.00,0.00,"133,690.00",0.00,0.00,"127,707.00","4,320.00","1,183.00",54.28%
,,Modalita' di affidamento e gestione dei servizi pubblici locali di rilevanza economica - Abrogazione,"246,292.00",0.00,0.00,"133,666.00",0.00,0.00,"126,463.00","5,175.00","1,490.00",54.27%
,L'AQUILA Total,,"985,168.00",0.00,0.00,"534,476.00",0.00,0.00,"504,261.00","22,778.00","5,381.00",54.25%
,PESCARA,Abrogazione delle nuove norme che consentono la produzione nel territorio di energia elettrica nucleare,"257,603.00",0.00,0.00,"147,376.00",0.00,0.00,"139,446.00","6,191.00","1,168.00",57.21%
,,"Abrogazione di norme della legge 7 aprile 2010, n.51, in materia di legittimo impedimento del Presidente del Consiglio dei Ministri e dei Ministri a comparire in udienza penale, quale risultante a seguito della sentenza n.23 del 2011 della Corte Costituzi","257,603.00",0.00,0.00,"147,310.00",0.00,0.00,"138,735.00","6,413.00","1,510.00",57.18%
,,Determinazione della tariffa del servizio idrico integrato in base all'adeguata remunerazione del capitale investito - Abrogazione parziale di norma,"257,603.00",0.00,0.00,"147,451.00",0.00,0.00,"141,407.00","4,310.00","1,167.00",57.24%
,,Modalita' di affidamento e gestione dei servizi pubblici locali di rilevanza economica - Abrogazione,"257,603.00",0.00,0.00,"147,435.00",0.00,0.00,"140,166.00","5,117.00","1,538.00",57.23%
,PESCARA Total,,"1,030,412.00",0.00,0.00,"589,572.00",0.00,0.00,"559,754.00","22,031.00","5,383.00",57.22%
,TERAMO,Abrogazione delle nuove norme che consentono la produzione nel territorio di energia elettrica nucleare,"244,707.00",0.00,0.00,"141,714.00",0.00,0.00,"133,999.00","5,928.00","1,185.00",57.91%
,,"Abrogazione di norme della legge 7 aprile 2010, n.51, in materia di legittimo impedimento del Presidente del Consiglio dei Ministri e dei Ministri a comparire in udienza penale, quale risultante a seguito della sentenza n.23 del 2011 della Corte Costituzi","244,707.00",0.00,0.00,"141,663.00",0.00,0.00,"133,361.00","6,106.00","1,537.00",57.89%
,,Determinazione della tariffa del servizio idrico integrato in base all'adeguata remunerazione del capitale investito - Abrogazione parziale di norma,"244,707.00",0.00,0.00,"141,769.00",0.00,0.00,"135,380.00","4,556.00","1,222.00",57.93%
,,Modalita' di affidamento e gestione dei servizi pubblici locali di rilevanza economica - Abrogazione,"244,707.00",0.00,0.00,"141,740.00",0.00,0.00,"134,418.00","5,118.00","1,551.00",57.92%
,TERAMO Total,,"978,828.00",0.00,0.00,"566,886.00",0.00,0.00,"537,158.00","21,708.00","5,495.00",57.91%
ABRUZZO Total,,,"4,276,464.00",0.00,0.00,"2,458,639.00",0.00,0.00,"2,332,061.00","93,198.00","23,103.00",57.49%
BASILICATA,MATERA,Abrogazione delle nuove norme che consentono la produzione nel territorio di energia elettrica nucleare,"162,891.00",0.00,0.00,"89,411.00",0.00,0.00,"86,062.00","2,415.00",528.00,54.89%
,,"Abrogazione di norme della legge 7 aprile 2010, n.51, in materia di legittimo impedimento del Presidente del Consiglio dei Ministri e dei Ministri a comparire in udienza penale, quale risultante a seguito della sentenza n.23 del 2011 della Corte Costituzi","162,891.00",0.00,0.00,"89,361.00",0.00,0.00,"85,537.00","2,643.00",724.00,54.86%
,,Determinazione della tariffa del servizio idrico integrato in base all'adeguata remunerazione del capitale investito - Abrogazione parziale di norma,"162,891.00",0.00,0.00,"89,405.00",0.00,0.00,"86,617.00","1,790.00",601.00,54.89%
,,Modalita' di affidamento e gestione dei servizi pubblici locali di rilevanza economica - Abrogazione,"162,891.00",0.00,0.00,"89,395.00",0.00,0.00,"86,118.00","2,061.00",799.00,54.88%
,MATERA Total,,"651,564.00",0.00,0.00,"357,572.00",0.00,0.00,"344,334.00","8,909.00","2,652.00",54.88%
,POTENZA,Abrogazione delle nuove norme che consentono la produzione nel territorio di energia elettrica nucleare,"315,142.00",0.00,0.00,"170,340.00",0.00,0.00,"162,239.00","5,697.00","1,434.00",54.05%
,,"Abrogazione di norme della legge 7 aprile 2010, n.51, in materia di legittimo impedimento del Presidente del Consiglio dei Ministri e dei Ministri a comparire in udienza penale, quale risultante a seguito della sentenza n.23 del 2011 della Corte Costituzi","315,142.00",0.00,0.00,"170,294.00",0.00,0.00,"161,596.00","5,820.00","1,758.00",54.04%
,,Determinazione della tariffa del servizio idrico integrato in base all'adeguata remunerazione del capitale investito - Abrogazione parziale di norma,"315,142.00",0.00,0.00,"170,360.00",0.00,0.00,"163,760.00","4,096.00","1,512.00",54.06%
,,Modalita' di affidamento e gestione dei servizi pubblici locali di rilevanza economica - Abrogazione,"315,142.00",0.00,0.00,"170,331.00",0.00,0.00,"162,756.00","4,716.00","1,799.00",54.05%
,POTENZA Total,,"1,260,568.00",0.00,0.00,"681,325.00",0.00,0.00,"650,351.00","20,329.00","6,503.00",54.05%
BASILICATA Total,,,"1,912,132.00",0.00,0.00,"1,038,897.00",0.00,0.00,"994,685.00","29,238.00","9,155.00",54.33%
CALABRIA,CATANZARO,Abrogazione delle nuove norme che consentono la produzione nel territorio di energia elettrica nucleare,"294,213.00",0.00,0.00,"151,382.00",0.00,0.00,"146,096.00","3,800.00",919.00,51.45%
,,"Abrogazione di norme della legge 7 aprile 2010, n.51, in materia di legittimo impedimento del Presidente del Consiglio dei Ministri e dei Ministri a comparire in udienza penale, quale risultante a seguito della sentenza n.23 del 2011 della Corte Costituzi","294,213.00",0.00,0.00,"151,325.00",0.00,0.00,"144,888.00","4,608.00","1,155.00",51.43%
,,Determinazione della tariffa del servizio idrico integrato in base all'adeguata remunerazione del capitale investito - Abrogazione parziale di norma,"294,213.00",0.00,0.00,"151,446.00",0.00,0.00,"147,486.00","2,530.00",882.00,51.47%
,,Modalita' di affidamento e gestione dei servizi pubblici locali di rilevanza economica - Abrogazione,"294,213.00",0.00,0.00,"151,444.00",0.00,0.00,"146,776.00","2,991.00","1,067.00",51.47%
,CATANZARO Total,,"1,176,852.00",0.00,0.00,"605,597.00",0.00,0.00,"585,246.00","13,929.00","4,023.00",51.46%
,COSENZA,Abrogazione delle nuove norme che consentono la produzione nel territorio di energia elettrica nucleare,"587,847.00",0.00,0.00,"309,441.00",0.00,0.00,"297,772.00","8,168.00","2,266.00",52.64%
,,"Abrogazione di norme della legge 7 aprile 2010, n.51, in materia di legittimo impedimento del Presidente del Consiglio dei Ministri e dei Ministri a comparire in udienza penale, quale risultante a seguito della sentenza n.23 del 2011 della Corte Costituzi","587,847.00",0.00,0.00,"309,333.00",0.00,0.00,"296,314.00","8,933.00","2,616.00",52.62%
,,Determinazione della tariffa del servizio idrico integrato in base all'adeguata remunerazione del capitale investito - Abrogazione parziale di norma,"587,847.00",0.00,0.00,"309,577.00",0.00,0.00,"301,417.00","4,937.00","2,022.00",52.66%
,,Modalita' di affidamento e gestione dei servizi pubblici locali di rilevanza economica - Abrogazione,"587,847.00",0.00,0.00,"309,549.00",0.00,0.00,"299,841.00","5,881.00","2,512.00",52.66%
,COSENZA Total,,"2,351,388.00",0.00,0.00,"1,237,900.00",0.00,0.00,"1,195,344.00","27,919.00","9,416.00",52.65%
,CROTONE,Abrogazione delle nuove norme che consentono la produzione nel territorio di energia elettrica nucleare,"134,606.00",0.00,0.00,"60,722.00",0.00,0.00,"58,823.00","1,454.00",281.00,45.11%
,,"Abrogazione di norme della legge 7 aprile 2010, n.51, in materia di legittimo impedimento del Presidente del Consiglio dei Ministri e dei Ministri a comparire in udienza penale, quale risultante a seguito della sentenza n.23 del 2011 della Corte Costituzi","134,606.00",0.00,0.00,"60,678.00",0.00,0.00,"58,588.00","1,547.00",351.00,45.08%
,,Determinazione della tariffa del servizio idrico integrato in base all'adeguata remunerazione del capitale investito - Abrogazione parziale di norma,"134,606.00",0.00,0.00,"60,737.00",0.00,0.00,"59,479.00",838.00,254.00,45.12%
,,Modalita' di affidamento e gestione dei servizi pubblici locali di rilevanza economica - Abrogazione,"134,606.00",0.00,0.00,"60,726.00",0.00,0.00,"59,259.00",990.00,304.00,45.11%
,CROTONE Total,,"538,424.00",0.00,0.00,"242,863.00",0.00,0.00,"236,149.00","4,829.00","1,190.00",45.11%
,REGGIO CALABRIA,Abrogazione delle nuove norme che consentono la produzione nel territorio di energia elettrica nucleare,"440,216.00",0.00,0.00,"217,136.00",0.00,0.00,"209,167.00","5,996.00","1,180.00",49.32%
,,"Abrogazione di norme della legge 7 aprile 2010, n.51, in materia di legittimo impedimento del Presidente del Consiglio dei Ministri e dei Ministri a comparire in udienza penale, quale risultante a seguito della sentenza n.23 del 2011 della Corte Costituzi","440,216.00",0.00,0.00,"217,048.00",0.00,0.00,"207,429.00","7,456.00","1,248.00",49.30%
,,Determinazione della tariffa del servizio idrico integrato in base all'adeguata remunerazione del capitale investito - Abrogazione parziale di norma,"440,216.00",0.00,0.00,"217,222.00",0.00,0.00,"211,892.00","3,675.00",936.00,49.34%
,,Modalita' di affidamento e gestione dei servizi pubblici locali di rilevanza economica - Abrogazione,"440,216.00",0.00,0.00,"217,213.00",0.00,0.00,"210,775.00","4,313.00","1,313.00",49.34%
,REGGIO CALABRIA Total,,"1,760,864.00",0.00,0.00,"868,619.00",0.00,0.00,"839,263.00","21,440.00","4,677.00",49.33%
,VIBO VALENTIA,Abrogazione delle nuove norme che consentono la produzione nel territorio di energia elettrica nucleare,"132,061.00",0.00,0.00,"61,681.00",0.00,0.00,"59,231.00","1,699.00",433.00,46.71%
,,"Abrogazione di norme della legge 7 aprile 2010, n.51, in materia di legittimo impedimento del Presidente del Consiglio dei Ministri e dei Ministri a comparire in udienza penale, quale risultante a seguito della sentenza n.23 del 2011 della Corte Costituzi","132,061.00",0.00,0.00,"61,657.00",0.00,0.00,"58,844.00","1,890.00",560.00,46.69%
,,Determinazione della tariffa del servizio idrico integrato in base all'adeguata remunerazione del capitale investito - Abrogazione parziale di norma,"132,061.00",0.00,0.00,"61,700.00",0.00,0.00,"59,738.00","1,163.00",477.00,46.72%
,,Modalita' di affidamento e gestione dei servizi pubblici locali di rilevanza economica - Abrogazione,"132,061.00",0.00,0.00,"61,694.00",0.00,0.00,"59,481.00","1,285.00",562.00,46.72%
,VIBO VALENTIA Total,,"528,244.00",0.00,0.00,"246,732.00",0.00,0.00,"237,294.00","6,037.00","2,032.00",46.71%
CALABRIA Total,,,"6,355,772.00",0.00,0.00,"3,201,711.00",0.00,0.00,"3,093,296.00","74,154.00","21,338.00",50.37%
CAMPANIA,AVELLINO,Abrogazione delle nuove norme che consentono la produzione nel territorio di energia elettrica nucleare,"353,009.00",0.00,0.00,"191,134.00",0.00,0.00,"181,473.00","7,313.00","1,536.00",54.14%
,,"Abrogazione di norme della legge 7 aprile 2010, n.51, in materia di legittimo impedimento del Presidente del Consiglio dei Ministri e dei Ministri a comparire in udienza penale, quale risultante a seguito della sentenza n.23 del 2011 della Corte Costituzi","353,009.00",0.00,0.00,"191,271.00",0.00,0.00,"182,068.00","6,596.00","1,731.00",54.18%
,,Determinazione della tariffa del servizio idrico integrato in base all'adeguata remunerazione del capitale investito - Abrogazione parziale di norma,"353,009.00",0.00,0.00,"191,368.00",0.00,0.00,"184,503.00","4,729.00","1,349.00",54.21%
,,Modalita' di affidamento e gestione dei servizi pubblici locali di rilevanza economica - Abrogazione,"353,009.00",0.00,0.00,"191,352.00",0.00,0.00,"183,517.00","5,292.00","1,672.00",54.21%
,AVELLINO Total,,"1,412,036.00",0.00,0.00,"765,125.00",0.00,0.00,"731,561.00","23,930.00","6,288.00",54.19%
,BENEVENTO,Abrogazione delle nuove norme che consentono la produzione nel territorio di energia elettrica nucleare,"233,594.00",0.00,0.00,"121,500.00",0.00,0.00,"115,433.00","4,549.00","1,006.00",52.01%
,,"Abrogazione di norme della legge 7 aprile 2010, n.51, in materia di legittimo impedimento del Presidente del Consiglio dei Ministri e dei Ministri a comparire in udienza penale, quale risultante a seguito della sentenza n.23 del 2011 della Corte Costituzi","233,594.00",0.00,0.00,"121,484.00",0.00,0.00,"115,278.00","4,425.00","1,212.00",52.01%
,,Determinazione della tariffa del servizio idrico integrato in base all'adeguata remunerazione del capitale investito - Abrogazione parziale di norma,"233,594.00",0.00,0.00,"121,551.00",0.00,0.00,"116,977.00","2,982.00","1,069.00",52.04%
,,Modalita' di affidamento e gestione dei servizi pubblici locali di rilevanza economica - Abrogazione,"233,594.00",0.00,0.00,"121,517.00",0.00,0.00,"116,303.00","3,431.00","1,239.00",52.02%
,BENEVENTO Total,,"934,376.00",0.00,0.00,"486,052.00",0.00,0.00,"463,991.00","15,387.00","4,526.00",52.02%
,CASERTA,Abrogazione delle nuove norme che consentono la produzione nel territorio di energia elettrica nucleare,"705,998.00",0.00,0.00,"353,882.00",0.00,0.00,"338,904.00","11,464.00","2,331.00",50.13%
,,"Abrogazione di norme della legge 7 aprile 2010, n.51, in materia di legittimo impedimento del Presidente del Consiglio dei Ministri e dei Ministri a comparire in udienza penale, quale risultante a seguito della sentenza n.23 del 2011 della Corte Costituzi","705,998.00",0.00,0.00,"353,864.00",0.00,0.00,"338,120.00","11,654.00","2,773.00",50.12%
,,Determinazione della tariffa del servizio idrico integrato in base all'adeguata remunerazione del capitale investito - Abrogazione parziale di norma,"705,998.00",0.00,0.00,"353,981.00",0.00,0.00,"343,964.00","6,697.00","2,191.00",50.14%
,,Modalita' di affidamento e gestione dei servizi pubblici locali di rilevanza economica - Abrogazione,"705,998.00",0.00,0.00,"353,958.00",0.00,0.00,"342,331.00","7,820.00","2,596.00",50.14%
,CASERTA Total,,"2,823,992.00",0.00,0.00,"1,415,685.00",0.00,0.00,"1,363,319.00","37,635.00","9,891.00",50.13%
,NAPOLI,Abrogazione delle nuove norme che consentono la produzione nel territorio di energia elettrica nucleare,"2,427,170.00",0.00,0.00,"1,255,007.00",0.00,0.00,"1,208,997.00","38,034.00","4,778.00",51.71%
,,"Abrogazione di norme della legge 7 aprile 2010, n.51, in materia di legittimo impedimento del Presidente del Consiglio dei Ministri e dei Ministri a comparire in udienza penale, quale risultante a seguito della sentenza n.23 del 2011 della Corte Costituzi","2,427,170.00",0.00,0.00,"1,254,935.00",0.00,0.00,"1,210,185.00","35,520.00","5,683.00",51.70%
,,Determinazione della tariffa del servizio idrico integrato in base all'adeguata remunerazione del capitale investito - Abrogazione parziale di norma,"2,427,170.00",0.00,0.00,"1,255,423.00",0.00,0.00,"1,228,340.00","20,242.00","4,066.00",51.72%
,,Modalita' di affidamento e gestione dei servizi pubblici locali di rilevanza economica - Abrogazione,"2,427,170.00",0.00,0.00,"1,255,334.00",0.00,0.00,"1,223,156.00","23,946.00","5,184.00",51.72%
,NAPOLI Total,,"9,708,680.00",0.00,0.00,"5,020,699.00",0.00,0.00,"4,870,678.00","117,742.00","19,711.00",51.71%
,SALERNO,Abrogazione delle nuove norme che consentono la produzione nel territorio di energia elettrica nucleare,"882,107.00",0.00,0.00,"484,388.00",0.00,0.00,"462,062.00","17,076.00","3,431.00",54.91%
,,"Abrogazione di norme della legge 7 aprile 2010, n.51, in materia di legittimo impedimento del Presidente del Consiglio dei Ministri e dei Ministri a comparire in udienza penale, quale risultante a seguito della sentenza n.23 del 2011 della Corte Costituzi","882,107.00",0.00,0.00,"484,288.00",0.00,0.00,"460,447.00","17,646.00","4,249.00",54.90%
,,Determinazione della tariffa del servizio idrico integrato in base all'adeguata remunerazione del capitale investito - Abrogazione parziale di norma,"882,107.00",0.00,0.00,"484,556.00",0.00,0.00,"469,476.00","9,894.00","3,526.00",54.93%
,,Modalita' di affidamento e gestione dei servizi pubblici locali di rilevanza economica - Abrogazione,"882,107.00",0.00,0.00,"484,485.00",0.00,0.00,"466,773.00","11,710.00","4,184.00",54.92%
,SALERNO Total,,"3,528,428.00",0.00,0.00,"1,937,717.00",0.00,0.00,"1,858,758.00","56,326.00","15,390.00",54.92%
CAMPANIA Total,,,"18,407,512.00",0.00,0.00,"9,625,278.00",0.00,0.00,"9,288,307.00","251,020.00","55,806.00",52.29%
EMILIA-ROMAGNA,BOLOGNA,Abrogazione delle nuove norme che consentono la produzione nel territorio di energia elettrica nucleare,"761,534.00",0.00,0.00,"506,693.00",0.00,0.00,"475,035.00","26,788.00","3,579.00",66.54%
,,"Abrogazione di norme della legge 7 aprile 2010, n.51, in materia di legittimo impedimento del Presidente del Consiglio dei Ministri e dei Ministri a comparire in udienza penale, quale risultante a seguito della sentenza n.23 del 2011 della Corte Costituzi","761,534.00",0.00,0.00,"506,875.00",0.00,0.00,"479,307.00","22,355.00","3,849.00",66.56%
,,Determinazione della tariffa del servizio idrico integrato in base all'adeguata remunerazione del capitale investito - Abrogazione parziale di norma,"761,534.00",0.00,0.00,"506,800.00",0.00,0.00,"479,947.00","21,718.00","3,839.00",66.55%
,,Modalita' di affidamento e gestione dei servizi pubblici locali di rilevanza economica - Abrogazione,"761,534.00",0.00,0.00,"506,790.00",0.00,0.00,"477,459.00","23,248.00","4,658.00",66.55%
,BOLOGNA Total,,"3,046,136.00",0.00,0.00,"2,027,158.00",0.00,0.00,"1,911,748.00","94,109.00","15,925.00",66.55%
,FERRARA,Abrogazione delle nuove norme che consentono la produzione nel territorio di energia elettrica nucleare,"291,122.00",0.00,0.00,"179,681.00",0.00,0.00,"165,418.00","12,035.00","1,535.00",61.72%
,,"Abrogazione di norme della legge 7 aprile 2010, n.51, in materia di legittimo impedimento del Presidente del Consiglio dei Ministri e dei Ministri a comparire in udienza penale, quale risultante a seguito della sentenza n.23 del 2011 della Corte Costituzi","291,122.00",0.00,0.00,"179,690.00",0.00,0.00,"166,445.00","10,576.00","1,938.00",61.72%
,,Determinazione della tariffa del servizio idrico integrato in base all'adeguata remunerazione del capitale investito - Abrogazione parziale di norma,"291,122.00",0.00,0.00,"179,750.00",0.00,0.00,"167,482.00","9,815.00","1,782.00",61.74%
,,Modalita' di affidamento e gestione dei servizi pubblici locali di rilevanza economica - Abrogazione,"291,122.00",0.00,0.00,"179,720.00",0.00,0.00,"166,247.00","10,593.00","2,167.00",61.73%
,FERRARA Total,,"1,164,488.00",0.00,0.00,"718,841.00",0.00,0.00,"665,592.00","43,019.00","7,422.00",61.73%
,FORLI'-CESENA,Abrogazione delle nuove norme che consentono la produzione nel territorio di energia elettrica nucleare,"300,887.00",0.00,0.00,"194,189.00",0.00,0.00,"181,241.00","10,941.00","1,363.00",64.54%
,,"Abrogazione di norme della legge 7 aprile 2010, n.51, in materia di legittimo impedimento del Presidente del Consiglio dei Ministri e dei Ministri a comparire in udienza penale, quale risultante a seguito della sentenza n.23 del 2011 della Corte Costituzi","300,887.00",0.00,0.00,"194,192.00",0.00,0.00,"182,407.00","9,483.00","1,616.00",64.54%
,,Determinazione della tariffa del servizio idrico integrato in base all'adeguata remunerazione del capitale investito - Abrogazione parziale di norma,"300,887.00",0.00,0.00,"194,271.00",0.00,0.00,"183,352.00","8,698.00","1,546.00",64.57%
,,Modalita' di affidamento e gestione dei servizi pubblici locali di rilevanza economica - Abrogazione,"300,887.00",0.00,0.00,"194,251.00",0.00,0.00,"182,187.00","9,420.00","1,919.00",64.56%
,FORLI'-CESENA Total,,"1,203,548.00",0.00,0.00,"776,903.00",0.00,0.00,"729,187.00","38,542.00","6,444.00",64.55%
,MODENA,Abrogazione delle nuove norme che consentono la produzione nel territorio di energia elettrica nucleare,"515,791.00",0.00,0.00,"338,138.00",0.00,0.00,"314,947.00","19,471.00","2,757.00",65.56%
,,"Abrogazione di norme della legge 7 aprile 2010, n.51, in materia di legittimo impedimento del Presidente del Consiglio dei Ministri e dei Ministri a comparire in udienza penale, quale risultante a seguito della sentenza n.23 del 2011 della Corte Costituzi","515,791.00",0.00,0.00,"338,061.00",0.00,0.00,"316,441.00","17,169.00","3,369.00",65.54%
,,Determinazione della tariffa del servizio idrico integrato in base all'adeguata remunerazione del capitale investito - Abrogazione parziale di norma,"515,791.00",0.00,0.00,"338,244.00",0.00,0.00,"318,672.00","15,449.00","3,125.00",65.58%
,,Modalita' di affidamento e gestione dei servizi pubblici locali di rilevanza economica - Abrogazione,"515,791.00",0.00,0.00,"338,212.00",0.00,0.00,"316,457.00","16,878.00","3,784.00",65.57%
,MODENA Total,,"2,063,164.00",0.00,0.00,"1,352,655.00",0.00,0.00,"1,266,517.00","68,967.00","13,035.00",65.56%
,PARMA,Abrogazione delle nuove norme che consentono la produzione nel territorio di energia elettrica nucleare,"331,295.00",0.00,0.00,"200,700.00",0.00,0.00,"187,440.00","11,147.00","1,508.00",60.58%
,,"Abrogazione di norme della legge 7 aprile 2010, n.51, in materia di legittimo impedimento del Presidente del Consiglio dei Ministri e dei Ministri a comparire in udienza penale, quale risultante a seguito della sentenza n.23 del 2011 della Corte Costituzi","331,295.00",0.00,0.00,"200,567.00",0.00,0.00,"186,793.00","11,031.00","2,072.00",60.54%
,,Determinazione della tariffa del servizio idrico integrato in base all'adeguata remunerazione del capitale investito - Abrogazione parziale di norma,"331,295.00",0.00,0.00,"200,718.00",0.00,0.00,"188,653.00","9,478.00","1,963.00",60.59%
,,Modalita' di affidamento e gestione dei servizi pubblici locali di rilevanza economica - Abrogazione,"331,295.00",0.00,0.00,"200,687.00",0.00,0.00,"187,363.00","10,288.00","2,333.00",60.58%
,PARMA Total,,"1,325,180.00",0.00,0.00,"802,672.00",0.00,0.00,"750,249.00","41,944.00","7,876.00",60.57%
,PIACENZA,Abrogazione delle nuove norme che consentono la produzione nel territorio di energia elettrica nucleare,"216,524.00",0.00,0.00,"116,251.00",0.00,0.00,"104,811.00","9,588.00","1,299.00",53.69%
,,"Abrogazione di norme della legge 7 aprile 2010, n.51, in materia di legittimo impedimento del Presidente del Consiglio dei Ministri e dei Ministri a comparire in udienza penale, quale risultante a seguito della sentenza n.23 del 2011 della Corte Costituzi","216,524.00",0.00,0.00,"116,236.00",0.00,0.00,"105,705.00","8,171.00","1,703.00",53.68%
,,Determinazione della tariffa del servizio idrico integrato in base all'adeguata remunerazione del capitale investito - Abrogazione parziale di norma,"216,524.00",0.00,0.00,"116,318.00",0.00,0.00,"106,607.00","7,534.00","1,604.00",53.72%
,,Modalita' di affidamento e gestione dei servizi pubblici locali di rilevanza economica - Abrogazione,"216,524.00",0.00,0.00,"116,271.00",0.00,0.00,"105,408.00","8,221.00","1,991.00",53.70%
,PIACENZA Total,,"866,096.00",0.00,0.00,"465,076.00",0.00,0.00,"422,531.00","33,514.00","6,597.00",53.70%
,RAVENNA,Abrogazione delle nuove norme che consentono la produzione nel territorio di energia elettrica nucleare,"298,593.00",0.00,0.00,"196,173.00",0.00,0.00,"183,425.00","10,735.00","1,434.00",65.70%
,,"Abrogazione di norme della legge 7 aprile 2010, n.51, in materia di legittimo impedimento del Presidente del Consiglio dei Ministri e dei Ministri a comparire in udienza penale, quale risultante a seguito della sentenza n.23 del 2011 della Corte Costituzi","298,593.00",0.00,0.00,"196,195.00",0.00,0.00,"184,807.00","9,053.00","1,741.00",65.71%
,,Determinazione della tariffa del servizio idrico integrato in base all'adeguata remunerazione del capitale investito - Abrogazione parziale di norma,"298,593.00",0.00,0.00,"196,177.00",0.00,0.00,"185,127.00","8,807.00","1,677.00",65.70%
,,Modalita' di affidamento e gestione dei servizi pubblici locali di rilevanza economica - Abrogazione,"298,593.00",0.00,0.00,"196,171.00",0.00,0.00,"184,265.00","9,222.00","2,071.00",65.70%
,RAVENNA Total,,"1,194,372.00",0.00,0.00,"784,716.00",0.00,0.00,"737,624.00","37,817.00","6,923.00",65.70%
,REGGIO NELL'EMILIA,Abrogazione delle nuove norme che consentono la produzione nel territorio di energia elettrica nucleare,"384,403.00",0.00,0.00,"263,285.00",0.00,0.00,"248,035.00","12,594.00","1,994.00",68.49%
,,"Abrogazione di norme della legge 7 aprile 2010, n.51, in materia di legittimo impedimento del Presidente del Consiglio dei Ministri e dei Ministri a comparire in udienza penale, quale risultante a seguito della sentenza n.23 del 2011 della Corte Costituzi","384,403.00",0.00,0.00,"263,231.00",0.00,0.00,"248,980.00","11,119.00","2,331.00",68.48%
,,Determinazione della tariffa del servizio idrico integrato in base all'adeguata remunerazione del capitale investito - Abrogazione parziale di norma,"384,403.00",0.00,0.00,"263,293.00",0.00,0.00,"250,584.00","9,969.00","2,078.00",68.49%
,,Modalita' di affidamento e gestione dei servizi pubblici locali di rilevanza economica - Abrogazione,"384,403.00",0.00,0.00,"263,257.00",0.00,0.00,"249,004.00","10,905.00","2,624.00",68.48%
,REGGIO NELL'EMILIA Total,,"1,537,612.00",0.00,0.00,"1,053,066.00",0.00,0.00,"996,603.00","44,587.00","9,027.00",68.49%
,RIMINI,Abrogazione delle nuove norme che consentono la produzione nel territorio di energia elettrica nucleare,"248,892.00",0.00,0.00,"153,126.00",0.00,0.00,"144,071.00","7,704.00",929.00,61.52%
,,"Abrogazione di norme della legge 7 aprile 2010, n.51, in materia di legittimo impedimento del Presidente del Consiglio dei Ministri e dei Ministri a comparire in udienza penale, quale risultante a seguito della sentenza n.23 del 2011 della Corte Costituzi","248,892.00",0.00,0.00,"153,088.00",0.00,0.00,"144,181.00","7,202.00","1,225.00",61.51%
,,Determinazione della tariffa del servizio idrico integrato in base all'adeguata remunerazione del capitale investito - Abrogazione parziale di norma,"248,892.00",0.00,0.00,"153,174.00",0.00,0.00,"145,534.00","6,042.00","1,140.00",61.54%
,,Modalita' di affidamento e gestione dei servizi pubblici locali di rilevanza economica - Abrogazione,"248,892.00",0.00,0.00,"153,156.00",0.00,0.00,"144,722.00","6,584.00","1,381.00",61.54%
,RIMINI Total,,"995,568.00",0.00,0.00,"612,544.00",0.00,0.00,"578,508.00","27,532.00","4,675.00",61.53%
EMILIA-ROMAGNA Total,,,"13,396,164.00",0.00,0.00,"8,593,631.00",0.00,0.00,"8,058,559.00","430,031.00","77,924.00",64.15%
FRIULI-VENEZIA GIULIA,GORIZIA,Abrogazione delle nuove norme che consentono la produzione nel territorio di energia elettrica nucleare,"112,795.00",0.00,0.00,"70,726.00",0.00,0.00,"66,181.00","3,858.00",505.00,62.70%
,,"Abrogazione di norme della legge 7 aprile 2010, n.51, in materia di legittimo impedimento del Presidente del Consiglio dei Ministri e dei Ministri a comparire in udienza penale, quale risultante a seguito della sentenza n.23 del 2011 della Corte Costituzi","112,795.00",0.00,0.00,"70,681.00",0.00,0.00,"66,175.00","3,664.00",655.00,62.66%
,,Determinazione della tariffa del servizio idrico integrato in base all'adeguata remunerazione del capitale investito - Abrogazione parziale di norma,"112,795.00",0.00,0.00,"70,789.00",0.00,0.00,"67,574.00","2,576.00",470.00,62.76%
,,Modalita' di affidamento e gestione dei servizi pubblici locali di rilevanza economica - Abrogazione,"112,795.00",0.00,0.00,"70,783.00",0.00,0.00,"67,059.00","2,942.00",610.00,62.75%
,GORIZIA Total,,"451,180.00",0.00,0.00,"282,979.00",0.00,0.00,"266,989.00","13,040.00","2,240.00",62.72%
,PORDENONE,Abrogazione delle nuove norme che consentono la produzione nel territorio di energia elettrica nucleare,"235,722.00",0.00,0.00,"133,845.00",0.00,0.00,"122,673.00","9,738.00",991.00,56.78%
,,"Abrogazione di norme della legge 7 aprile 2010, n.51, in materia di legittimo impedimento del Presidente del Consiglio dei Ministri e dei Ministri a comparire in udienza penale, quale risultante a seguito della sentenza n.23 del 2011 della Corte Costituzi","235,722.00",0.00,0.00,"133,791.00",0.00,0.00,"122,582.00","9,257.00","1,410.00",56.76%
,,Determinazione della tariffa del servizio idrico integrato in base all'adeguata remunerazione del capitale investito - Abrogazione parziale di norma,"235,722.00",0.00,0.00,"134,007.00",0.00,0.00,"125,688.00","6,928.00",982.00,56.85%
,,Modalita' di affidamento e gestione dei servizi pubblici locali di rilevanza economica - Abrogazione,"235,722.00",0.00,0.00,"133,972.00",0.00,0.00,"123,974.00","7,975.00","1,509.00",56.83%
,PORDENONE Total,,"942,888.00",0.00,0.00,"535,615.00",0.00,0.00,"494,917.00","33,898.00","4,892.00",56.81%
,TRIESTE,Abrogazione delle nuove norme che consentono la produzione nel territorio di energia elettrica nucleare,"191,519.00",0.00,0.00,"106,372.00",0.00,0.00,"98,956.00","6,571.00",628.00,55.54%
,,"Abrogazione di norme della legge 7 aprile 2010, n.51, in materia di legittimo impedimento del Presidente del Consiglio dei Ministri e dei Ministri a comparire in udienza penale, quale risultante a seguito della sentenza n.23 del 2011 della Corte Costituzi","191,519.00",0.00,0.00,"106,311.00",0.00,0.00,"99,505.00","5,810.00",763.00,55.51%
,,Determinazione della tariffa del servizio idrico integrato in base all'adeguata remunerazione del capitale investito - Abrogazione parziale di norma,"191,519.00",0.00,0.00,"106,471.00",0.00,0.00,"101,462.00","4,219.00",589.00,55.59%
,,Modalita' di affidamento e gestione dei servizi pubblici locali di rilevanza economica - Abrogazione,"191,519.00",0.00,0.00,"106,459.00",0.00,0.00,"100,547.00","4,822.00",846.00,55.59%
,TRIESTE Total,,"766,076.00",0.00,0.00,"425,613.00",0.00,0.00,"400,470.00","21,422.00","2,826.00",55.56%
,UDINE,Abrogazione delle nuove norme che consentono la produzione nel territorio di energia elettrica nucleare,"429,984.00",0.00,0.00,"253,534.00",0.00,0.00,"234,001.00","16,667.00","2,084.00",58.96%
,,"Abrogazione di norme della legge 7 aprile 2010, n.51, in materia di legittimo impedimento del Presidente del Consiglio dei Ministri e dei Ministri a comparire in udienza penale, quale risultante a seguito della sentenza n.23 del 2011 della Corte Costituzi","429,984.00",0.00,0.00,"253,278.00",0.00,0.00,"234,330.00","15,149.00","2,832.00",58.90%
,,Determinazione della tariffa del servizio idrico integrato in base all'adeguata remunerazione del capitale investito - Abrogazione parziale di norma,"429,984.00",0.00,0.00,"253,974.00",0.00,0.00,"240,532.00","10,696.00","2,001.00",59.07%
,,Modalita' di affidamento e gestione dei servizi pubblici locali di rilevanza economica - Abrogazione,"429,984.00",0.00,0.00,"253,924.00",0.00,0.00,"237,978.00","12,229.00","2,776.00",59.05%
,UDINE Total,,"1,719,936.00",0.00,0.00,"1,014,710.00",0.00,0.00,"946,841.00","54,741.00","9,693.00",59.00%
FRIULI-VENEZIA GIULIA Total,,,"3,880,080.00",0.00,0.00,"2,258,917.00",0.00,0.00,"2,109,217.00","123,101.00","19,651.00",58.22%
LAZIO,FROSINONE,Abrogazione delle nuove norme che consentono la produzione nel territorio di energia elettrica nucleare,"406,369.00",0.00,0.00,"235,683.00",0.00,0.00,"220,767.00","11,354.00","2,503.00",58.00%
,,"Abrogazione di norme della legge 7 aprile 2010, n.51, in materia di legittimo impedimento del Presidente del Consiglio dei Ministri e dei Ministri a comparire in udienza penale, quale risultante a seguito della sentenza n.23 del 2011 della Corte Costituzi","406,369.00",0.00,0.00,"235,562.00",0.00,0.00,"220,713.00","10,801.00","2,842.00",57.97%
,,Determinazione della tariffa del servizio idrico integrato in base all'adeguata remunerazione del capitale investito - Abrogazione parziale di norma,"406,369.00",0.00,0.00,"236,049.00",0.00,0.00,"226,968.00","5,992.00","2,150.00",58.09%
,,Modalita' di affidamento e gestione dei servizi pubblici locali di rilevanza economica - Abrogazione,"406,369.00",0.00,0.00,"236,007.00",0.00,0.00,"225,169.00","7,027.00","2,772.00",58.08%
,FROSINONE Total,,"1,625,476.00",0.00,0.00,"943,301.00",0.00,0.00,"893,617.00","35,174.00","10,267.00",58.03%
,LATINA,Abrogazione delle nuove norme che consentono la produzione nel territorio di energia elettrica nucleare,"442,573.00",0.00,0.00,"242,787.00",0.00,0.00,"228,695.00","11,731.00","1,533.00",54.86%
,,"Abrogazione di norme della legge 7 aprile 2010, n.51, in materia di legittimo impedimento del Presidente del Consiglio dei Ministri e dei Ministri a comparire in udienza penale, quale risultante a seguito della sentenza n.23 del 2011 della Corte Costituzi","442,573.00",0.00,0.00,"242,664.00",0.00,0.00,"227,666.00","11,860.00","2,257.00",54.83%
,,Determinazione della tariffa del servizio idrico integrato in base all'adeguata remunerazione del capitale investito - Abrogazione parziale di norma,"442,573.00",0.00,0.00,"242,934.00",0.00,0.00,"234,393.00","6,181.00","1,612.00",54.89%
,,Modalita' di affidamento e gestione dei servizi pubblici locali di rilevanza economica - Abrogazione,"442,573.00",0.00,0.00,"242,902.00",0.00,0.00,"232,376.00","7,601.00","2,082.00",54.88%
,LATINA Total,,"1,770,292.00",0.00,0.00,"971,287.00",0.00,0.00,"923,130.00","37,373.00","7,484.00",54.87%
,RIETI,Abrogazione delle nuove norme che consentono la produzione nel territorio di energia elettrica nucleare,"127,206.00",0.00,0.00,"72,301.00",0.00,0.00,"67,385.00","3,851.00",657.00,56.84%
,,"Abrogazione di norme della legge 7 aprile 2010, n.51, in materia di legittimo impedimento del Presidente del Consiglio dei Ministri e dei Ministri a comparire in udienza penale, quale risultante a seguito della sentenza n.23 del 2011 della Corte Costituzi","127,206.00",0.00,0.00,"72,216.00",0.00,0.00,"67,173.00","3,737.00",820.00,56.77%
,,Determinazione della tariffa del servizio idrico integrato in base all'adeguata remunerazione del capitale investito - Abrogazione parziale di norma,"127,206.00",0.00,0.00,"72,356.00",0.00,0.00,"68,436.00","2,838.00",669.00,56.88%
,,Modalita' di affidamento e gestione dei servizi pubblici locali di rilevanza economica - Abrogazione,"127,206.00",0.00,0.00,"72,340.00",0.00,0.00,"67,888.00","3,148.00",832.00,56.87%
,RIETI Total,,"508,824.00",0.00,0.00,"289,213.00",0.00,0.00,"270,882.00","13,574.00","2,978.00",56.84%
,ROMA,Abrogazione delle nuove norme che consentono la produzione nel territorio di energia elettrica nucleare,"3,198,115.00",0.00,0.00,"1,907,717.00",0.00,0.00,"1,803,020.00","90,347.00","8,722.00",59.65%
,,"Abrogazione di norme della legge 7 aprile 2010, n.51, in materia di legittimo impedimento del Presidente del Consiglio dei Ministri e dei Ministri a comparire in udienza penale, quale risultante a seguito della sentenza n.23 del 2011 della Corte Costituzi","3,198,115.00",0.00,0.00,"1,908,026.00",0.00,0.00,"1,809,622.00","82,570.00","9,854.00",59.66%
,,Determinazione della tariffa del servizio idrico integrato in base all'adeguata remunerazione del capitale investito - Abrogazione parziale di norma,"3,198,115.00",0.00,0.00,"1,909,339.00",0.00,0.00,"1,836,108.00","59,950.00","8,272.00",59.70%
,,Modalita' di affidamento e gestione dei servizi pubblici locali di rilevanza economica - Abrogazione,"3,198,115.00",0.00,0.00,"1,908,404.00",0.00,0.00,"1,820,402.00","70,610.00","11,477.00",59.67%
,ROMA Total,,"12,792,460.00",0.00,0.00,"7,633,486.00",0.00,0.00,"7,269,152.00","303,477.00","38,325.00",59.67%
,VITERBO,Abrogazione delle nuove norme che consentono la produzione nel territorio di energia elettrica nucleare,"251,746.00",0.00,0.00,"147,408.00",0.00,0.00,"137,537.00","8,150.00","1,162.00",58.55%
,,"Abrogazione di norme della legge 7 aprile 2010, n.51, in materia di legittimo impedimento del Presidente del Consiglio dei Ministri e dei Ministri a comparire in udienza penale, quale risultante a seguito della sentenza n.23 del 2011 della Corte Costituzi","251,746.00",0.00,0.00,"147,243.00",0.00,0.00,"136,962.00","7,973.00","1,643.00",58.49%
,,Determinazione della tariffa del servizio idrico integrato in base all'adeguata remunerazione del capitale investito - Abrogazione parziale di norma,"251,746.00",0.00,0.00,"147,515.00",0.00,0.00,"140,785.00","4,978.00","1,216.00",58.60%
,,Modalita' di affidamento e gestione dei servizi pubblici locali di rilevanza economica - Abrogazione,"251,746.00",0.00,0.00,"147,512.00",0.00,0.00,"139,499.00","5,840.00","1,550.00",58.60%
,VITERBO Total,,"1,006,984.00",0.00,0.00,"589,678.00",0.00,0.00,"554,783.00","26,941.00","5,571.00",58.56%
LAZIO Total,,,"17,704,036.00",0.00,0.00,"10,426,965.00",0.00,0.00,"9,911,564.00","416,539.00","64,625.00",58.90%
LIGURIA,GENOVA,Abrogazione delle nuove norme che consentono la produzione nel territorio di energia elettrica nucleare,"707,252.00",0.00,0.00,"427,519.00",0.00,0.00,"398,304.00","24,964.00","3,030.00",60.45%
,,"Abrogazione di norme della legge 7 aprile 2010, n.51, in materia di legittimo impedimento del Presidente del Consiglio dei Ministri e dei Ministri a comparire in udienza penale, quale risultante a seguito della sentenza n.23 del 2011 della Corte Costituzi","707,252.00",0.00,0.00,"427,854.00",0.00,0.00,"403,943.00","19,206.00","3,416.00",60.50%
,,Determinazione della tariffa del servizio idrico integrato in base all'adeguata remunerazione del capitale investito - Abrogazione parziale di norma,"707,252.00",0.00,0.00,"428,245.00",0.00,0.00,"409,312.00","15,158.00","2,689.00",60.55%
,,Modalita' di affidamento e gestione dei servizi pubblici locali di rilevanza economica - Abrogazione,"707,252.00",0.00,0.00,"428,151.00",0.00,0.00,"405,806.00","17,295.00","3,758.00",60.54%
,GENOVA Total,,"2,829,008.00",0.00,0.00,"1,711,769.00",0.00,0.00,"1,617,365.00","76,623.00","12,893.00",60.51%
,IMPERIA,Abrogazione delle nuove norme che consentono la produzione nel territorio di energia elettrica nucleare,"173,270.00",0.00,0.00,"92,909.00",0.00,0.00,"86,358.00","5,297.00",899.00,53.62%
,,"Abrogazione di norme della legge 7 aprile 2010, n.51, in materia di legittimo impedimento del Presidente del Consiglio dei Ministri e dei Ministri a comparire in udienza penale, quale risultante a seguito della sentenza n.23 del 2011 della Corte Costituzi","173,270.00",0.00,0.00,"92,867.00",0.00,0.00,"86,054.00","5,272.00","1,089.00",53.60%
,,Determinazione della tariffa del servizio idrico integrato in base all'adeguata remunerazione del capitale investito - Abrogazione parziale di norma,"173,270.00",0.00,0.00,"93,046.00",0.00,0.00,"88,416.00","3,453.00",817.00,53.70%
,,Modalita' di affidamento e gestione dei servizi pubblici locali di rilevanza economica - Abrogazione,"173,270.00",0.00,0.00,"93,019.00",0.00,0.00,"87,594.00","3,922.00","1,088.00",53.68%
,IMPERIA Total,,"693,080.00",0.00,0.00,"371,841.00",0.00,0.00,"348,422.00","17,944.00","3,893.00",53.65%
,LA SPEZIA,Abrogazione delle nuove norme che consentono la produzione nel territorio di energia elettrica nucleare,"180,237.00",0.00,0.00,"107,600.00",0.00,0.00,"100,518.00","5,963.00",778.00,59.70%
,,"Abrogazione di norme della legge 7 aprile 2010, n.51, in materia di legittimo impedimento del Presidente del Consiglio dei Ministri e dei Ministri a comparire in udienza penale, quale risultante a seguito della sentenza n.23 del 2011 della Corte Costituzi","180,237.00",0.00,0.00,"107,620.00",0.00,0.00,"100,975.00","5,296.00",942.00,59.71%
,,Determinazione della tariffa del servizio idrico integrato in base all'adeguata remunerazione del capitale investito - Abrogazione parziale di norma,"180,237.00",0.00,0.00,"107,667.00",0.00,0.00,"102,077.00","4,374.00",852.00,59.74%
,,Modalita' di affidamento e gestione dei servizi pubblici locali di rilevanza economica - Abrogazione,"180,237.00",0.00,0.00,"107,651.00",0.00,0.00,"101,188.00","4,989.00","1,092.00",59.73%
,LA SPEZIA Total,,"720,948.00",0.00,0.00,"430,538.00",0.00,0.00,"404,758.00","20,622.00","3,664.00",59.72%
,SAVONA,Abrogazione delle nuove norme che consentono la produzione nel territorio di energia elettrica nucleare,"230,708.00",0.00,0.00,"138,607.00",0.00,0.00,"127,267.00","9,407.00","1,383.00",60.08%
,,"Abrogazione di norme della legge 7 aprile 2010, n.51, in materia di legittimo impedimento del Presidente del Consiglio dei Ministri e dei Ministri a comparire in udienza penale, quale risultante a seguito della sentenza n.23 del 2011 della Corte Costituzi","230,708.00",0.00,0.00,"138,574.00",0.00,0.00,"128,188.00","7,996.00","1,804.00",60.06%
,,Determinazione della tariffa del servizio idrico integrato in base all'adeguata remunerazione del capitale investito - Abrogazione parziale di norma,"230,708.00",0.00,0.00,"138,855.00",0.00,0.00,"131,425.00","5,691.00","1,234.00",60.19%
,,Modalita' di affidamento e gestione dei servizi pubblici locali di rilevanza economica - Abrogazione,"230,708.00",0.00,0.00,"138,808.00",0.00,0.00,"130,130.00","6,415.00","1,695.00",60.17%
,SAVONA Total,,"922,832.00",0.00,0.00,"554,844.00",0.00,0.00,"517,010.00","29,509.00","6,116.00",60.12%
LIGURIA Total,,,"5,165,868.00",0.00,0.00,"3,068,992.00",0.00,0.00,"2,887,555.00","144,698.00","26,566.00",59.41%
LOMBARDIA,BERGAMO,Abrogazione delle nuove norme che consentono la produzione nel territorio di energia elettrica nucleare,"810,404.00",0.00,0.00,"435,033.00",0.00,0.00,"386,981.00","41,985.00","4,536.00",53.68%
,,"Abrogazione di norme della legge 7 aprile 2010, n.51, in materia di legittimo impedimento del Presidente del Consiglio dei Ministri e dei Ministri a comparire in udienza penale, quale risultante a seguito della sentenza n.23 del 2011 della Corte Costituzi","810,404.00",0.00,0.00,"435,192.00",0.00,0.00,"394,715.00","32,643.00","6,261.00",53.70%
,,Determinazione della tariffa del servizio idrico integrato in base all'adeguata remunerazione del capitale investito - Abrogazione parziale di norma,"810,404.00",0.00,0.00,"435,590.00",0.00,0.00,"400,848.00","28,573.00","4,737.00",53.75%
,,Modalita' di affidamento e gestione dei servizi pubblici locali di rilevanza economica - Abrogazione,"810,404.00",0.00,0.00,"435,457.00",0.00,0.00,"395,855.00","31,912.00","6,076.00",53.73%
,BERGAMO Total,,"3,241,616.00",0.00,0.00,"1,741,272.00",0.00,0.00,"1,578,399.00","135,113.00","21,610.00",53.72%
,BRESCIA,Abrogazione delle nuove norme che consentono la produzione nel territorio di energia elettrica nucleare,"910,315.00",0.00,0.00,"495,528.00",0.00,0.00,"446,718.00","41,929.00","5,251.00",54.43%
,,"Abrogazione di norme della legge 7 aprile 2010, n.51, in materia di legittimo impedimento del Presidente del Consiglio dei Ministri e dei Ministri a comparire in udienza penale, quale risultante a seguito della sentenza n.23 del 2011 della Corte Costituzi","910,315.00",0.00,0.00,"495,556.00",0.00,0.00,"454,113.00","33,081.00","6,497.00",54.44%
,,Determinazione della tariffa del servizio idrico integrato in base all'adeguata remunerazione del capitale investito - Abrogazione parziale di norma,"910,315.00",0.00,0.00,"496,608.00",0.00,0.00,"463,820.00","26,424.00","4,773.00",54.55%
,,Modalita' di affidamento e gestione dei servizi pubblici locali di rilevanza economica - Abrogazione,"910,315.00",0.00,0.00,"496,529.00",0.00,0.00,"458,940.00","29,561.00","6,317.00",54.54%
,BRESCIA Total,,"3,641,260.00",0.00,0.00,"1,984,221.00",0.00,0.00,"1,823,591.00","130,995.00","22,838.00",54.49%
,COMO,Abrogazione delle nuove norme che consentono la produzione nel territorio di energia elettrica nucleare,"459,136.00",0.00,0.00,"242,340.00",0.00,0.00,"217,741.00","21,132.00","2,403.00",52.78%
,,"Abrogazione di norme della legge 7 aprile 2010, n.51, in materia di legittimo impedimento del Presidente del Consiglio dei Ministri e dei Ministri a comparire in udienza penale, quale risultante a seguito della sentenza n.23 del 2011 della Corte Costituzi","459,136.00",0.00,0.00,"242,468.00",0.00,0.00,"220,256.00","17,854.00","3,123.00",52.81%
,,Determinazione della tariffa del servizio idrico integrato in base all'adeguata remunerazione del capitale investito - Abrogazione parziale di norma,"459,136.00",0.00,0.00,"242,737.00",0.00,0.00,"224,136.00","15,209.00","2,286.00",52.87%
,,Modalita' di affidamento e gestione dei servizi pubblici locali di rilevanza economica - Abrogazione,"459,136.00",0.00,0.00,"242,697.00",0.00,0.00,"221,620.00","16,707.00","3,135.00",52.86%
,COMO Total,,"1,836,544.00",0.00,0.00,"970,242.00",0.00,0.00,"883,753.00","70,902.00","10,947.00",52.83%
,CREMONA,Abrogazione delle nuove norme che consentono la produzione nel territorio di energia elettrica nucleare,"276,349.00",0.00,0.00,"148,380.00",0.00,0.00,"133,720.00","12,242.00","1,709.00",53.69%
,,"Abrogazione di norme della legge 7 aprile 2010, n.51, in materia di legittimo impedimento del Presidente del Consiglio dei Ministri e dei Ministri a comparire in udienza penale, quale risultante a seguito della sentenza n.23 del 2011 della Corte Costituzi","276,349.00",0.00,0.00,"148,271.00",0.00,0.00,"134,647.00","10,622.00","2,180.00",53.65%
,,Determinazione della tariffa del servizio idrico integrato in base all'adeguata remunerazione del capitale investito - Abrogazione parziale di norma,"276,349.00",0.00,0.00,"148,413.00",0.00,0.00,"136,248.00","9,404.00","2,041.00",53.70%
,,Modalita' di affidamento e gestione dei servizi pubblici locali di rilevanza economica - Abrogazione,"276,349.00",0.00,0.00,"148,394.00",0.00,0.00,"134,957.00","10,253.00","2,356.00",53.70%
,CREMONA Total,,"1,105,396.00",0.00,0.00,"593,458.00",0.00,0.00,"539,572.00","42,521.00","8,286.00",53.69%
,LECCO,Abrogazione delle nuove norme che consentono la produzione nel territorio di energia elettrica nucleare,"261,219.00",0.00,0.00,"149,362.00",0.00,0.00,"135,229.00","12,078.00","1,477.00",57.18%
,,"Abrogazione di norme della legge 7 aprile 2010, n.51, in materia di legittimo impedimento del Presidente del Consiglio dei Ministri e dei Ministri a comparire in udienza penale, quale risultante a seguito della sentenza n.23 del 2011 della Corte Costituzi","261,219.00",0.00,0.00,"149,360.00",0.00,0.00,"137,784.00","9,162.00","1,792.00",57.18%
,,Determinazione della tariffa del servizio idrico integrato in base all'adeguata remunerazione del capitale investito - Abrogazione parziale di norma,"261,219.00",0.00,0.00,"149,670.00",0.00,0.00,"140,561.00","7,459.00","1,183.00",57.30%
,,Modalita' di affidamento e gestione dei servizi pubblici locali di rilevanza economica - Abrogazione,"261,219.00",0.00,0.00,"149,635.00",0.00,0.00,"138,723.00","8,553.00","1,774.00",57.28%
,LECCO Total,,"1,044,876.00",0.00,0.00,"598,027.00",0.00,0.00,"552,297.00","37,252.00","6,226.00",57.23%
,LODI,Abrogazione delle nuove norme che consentono la produzione nel territorio di energia elettrica nucleare,"170,968.00",0.00,0.00,"94,776.00",0.00,0.00,"85,624.00","7,882.00",905.00,55.43%
,,"Abrogazione di norme della legge 7 aprile 2010, n.51, in materia di legittimo impedimento del Presidente del Consiglio dei Ministri e dei Ministri a comparire in udienza penale, quale risultante a seguito della sentenza n.23 del 2011 della Corte Costituzi","170,968.00",0.00,0.00,"94,744.00",0.00,0.00,"86,270.00","6,913.00","1,093.00",55.42%
,,Determinazione della tariffa del servizio idrico integrato in base all'adeguata remunerazione del capitale investito - Abrogazione parziale di norma,"170,968.00",0.00,0.00,"94,833.00",0.00,0.00,"87,670.00","5,845.00",937.00,55.47%
,,Modalita' di affidamento e gestione dei servizi pubblici locali di rilevanza economica - Abrogazione,"170,968.00",0.00,0.00,"94,820.00",0.00,0.00,"86,809.00","6,379.00","1,202.00",55.46%
,LODI Total,,"683,872.00",0.00,0.00,"379,173.00",0.00,0.00,"346,373.00","27,019.00","4,137.00",55.45%
,MANTOVA,Abrogazione delle nuove norme che consentono la produzione nel territorio di energia elettrica nucleare,"309,448.00",0.00,0.00,"177,124.00",0.00,0.00,"164,845.00","10,294.00","1,464.00",57.24%
,,"Abrogazione di norme della legge 7 aprile 2010, n.51, in materia di legittimo impedimento del Presidente del Consiglio dei Ministri e dei Ministri a comparire in udienza penale, quale risultante a seguito della sentenza n.23 del 2011 della Corte Costituzi","309,448.00",0.00,0.00,"177,025.00",0.00,0.00,"163,705.00","10,566.00","2,171.00",57.21%
,,Determinazione della tariffa del servizio idrico integrato in base all'adeguata remunerazione del capitale investito - Abrogazione parziale di norma,"309,448.00",0.00,0.00,"177,103.00",0.00,0.00,"165,319.00","9,262.00","2,009.00",57.23%
,,Modalita' di affidamento e gestione dei servizi pubblici locali di rilevanza economica - Abrogazione,"309,448.00",0.00,0.00,"177,072.00",0.00,0.00,"163,867.00","10,168.00","2,441.00",57.22%
,MANTOVA Total,,"1,237,792.00",0.00,0.00,"708,324.00",0.00,0.00,"657,736.00","40,290.00","8,085.00",57.22%
,MILANO,Abrogazione delle nuove norme che consentono la produzione nel territorio di energia elettrica nucleare,"2,346,150.00",0.00,0.00,"1,294,057.00",0.00,0.00,"1,179,078.00","101,806.00","9,279.00",55.16%
,,"Abrogazione di norme della legge 7 aprile 2010, n.51, in materia di legittimo impedimento del Presidente del Consiglio dei Ministri e dei Ministri a comparire in udienza penale, quale risultante a seguito della sentenza n.23 del 2011 della Corte Costituzi","2,346,150.00",0.00,0.00,"1,295,523.00",0.00,0.00,"1,200,437.00","80,686.00","10,331.00",55.22%
,,Determinazione della tariffa del servizio idrico integrato in base all'adeguata remunerazione del capitale investito - Abrogazione parziale di norma,"2,346,150.00",0.00,0.00,"1,295,881.00",0.00,0.00,"1,207,720.00","74,628.00","9,873.00",55.23%
,,Modalita' di affidamento e gestione dei servizi pubblici locali di rilevanza economica - Abrogazione,"2,346,150.00",0.00,0.00,"1,295,425.00",0.00,0.00,"1,193,445.00","83,730.00","13,730.00",55.21%
,MILANO Total,,"9,384,600.00",0.00,0.00,"5,180,886.00",0.00,0.00,"4,780,680.00","340,850.00","43,213.00",55.21%
,MONZA E DELLA BRIANZA,Abrogazione delle nuove norme che consentono la produzione nel territorio di energia elettrica nucleare,"655,528.00",0.00,0.00,"358,930.00",0.00,0.00,"325,255.00","29,846.00","2,580.00",54.75%
,,"Abrogazione di norme della legge 7 aprile 2010, n.51, in materia di legittimo impedimento del Presidente del Consiglio dei Ministri e dei Ministri a comparire in udienza penale, quale risultante a seguito della sentenza n.23 del 2011 della Corte Costituzi","655,528.00",0.00,0.00,"359,093.00",0.00,0.00,"330,981.00","23,425.00","3,310.00",54.78%
,,Determinazione della tariffa del servizio idrico integrato in base all'adeguata remunerazione del capitale investito - Abrogazione parziale di norma,"655,528.00",0.00,0.00,"359,278.00",0.00,0.00,"334,474.00","20,887.00","2,741.00",54.81%
,,Modalita' di affidamento e gestione dei servizi pubblici locali di rilevanza economica - Abrogazione,"655,528.00",0.00,0.00,"359,205.00",0.00,0.00,"330,269.00","23,681.00","3,816.00",54.80%
,MONZA E DELLA BRIANZA Total,,"2,622,112.00",0.00,0.00,"1,436,506.00",0.00,0.00,"1,320,979.00","97,839.00","12,447.00",54.78%
,PAVIA,Abrogazione delle nuove norme che consentono la produzione nel territorio di energia elettrica nucleare,"427,175.00",0.00,0.00,"227,998.00",0.00,0.00,"205,302.00","19,249.00","2,364.00",53.37%
,,"Abrogazione di norme della legge 7 aprile 2010, n.51, in materia di legittimo impedimento del Presidente del Consiglio dei Ministri e dei Ministri a comparire in udienza penale, quale risultante a seguito della sentenza n.23 del 2011 della Corte Costituzi","427,175.00",0.00,0.00,"227,995.00",0.00,0.00,"206,980.00","16,750.00","3,107.00",53.37%
,,Determinazione della tariffa del servizio idrico integrato in base all'adeguata remunerazione del capitale investito - Abrogazione parziale di norma,"427,175.00",0.00,0.00,"228,131.00",0.00,0.00,"209,896.00","14,338.00","2,823.00",53.40%
,,Modalita' di affidamento e gestione dei servizi pubblici locali di rilevanza economica - Abrogazione,"427,175.00",0.00,0.00,"228,108.00",0.00,0.00,"208,050.00","15,575.00","3,315.00",53.40%
,PAVIA Total,,"1,708,700.00",0.00,0.00,"912,232.00",0.00,0.00,"830,228.00","65,912.00","11,609.00",53.39%
,SONDRIO,Abrogazione delle nuove norme che consentono la produzione nel territorio di energia elettrica nucleare,"145,937.00",0.00,0.00,"70,797.00",0.00,0.00,"63,966.00","5,738.00",791.00,48.51%
,,"Abrogazione di norme della legge 7 aprile 2010, n.51, in materia di legittimo impedimento del Presidente del Consiglio dei Ministri e dei Ministri a comparire in udienza penale, quale risultante a seguito della sentenza n.23 del 2011 della Corte Costituzi","145,937.00",0.00,0.00,"70,841.00",0.00,0.00,"64,721.00","4,538.00","1,209.00",48.54%
,,Determinazione della tariffa del servizio idrico integrato in base all'adeguata remunerazione del capitale investito - Abrogazione parziale di norma,"145,937.00",0.00,0.00,"71,038.00",0.00,0.00,"66,766.00","3,209.00",777.00,48.68%
,,Modalita' di affidamento e gestione dei servizi pubblici locali di rilevanza economica - Abrogazione,"145,937.00",0.00,0.00,"71,027.00",0.00,0.00,"66,025.00","3,541.00","1,151.00",48.67%
,SONDRIO Total,,"583,748.00",0.00,0.00,"283,703.00",0.00,0.00,"261,478.00","17,026.00","3,928.00",48.60%
,VARESE,Abrogazione delle nuove norme che consentono la produzione nel territorio di energia elettrica nucleare,"683,693.00",0.00,0.00,"358,710.00",0.00,0.00,"323,828.00","30,638.00","2,935.00",52.47%
,,"Abrogazione di norme della legge 7 aprile 2010, n.51, in materia di legittimo impedimento del Presidente del Consiglio dei Ministri e dei Ministri a comparire in udienza penale, quale risultante a seguito della sentenza n.23 del 2011 della Corte Costituzi","683,693.00",0.00,0.00,"358,834.00",0.00,0.00,"328,439.00","25,282.00","3,687.00",52.48%
,,Determinazione della tariffa del servizio idrico integrato in base all'adeguata remunerazione del capitale investito - Abrogazione parziale di norma,"683,693.00",0.00,0.00,"359,337.00",0.00,0.00,"333,864.00","21,288.00","2,939.00",52.56%
,,Modalita' di affidamento e gestione dei servizi pubblici locali di rilevanza economica - Abrogazione,"683,693.00",0.00,0.00,"359,231.00",0.00,0.00,"330,346.00","23,510.00","3,906.00",52.54%
,VARESE Total,,"2,734,772.00",0.00,0.00,"1,436,112.00",0.00,0.00,"1,316,477.00","100,718.00","13,467.00",52.51%
LOMBARDIA Total,,,"29,825,288.00",0.00,0.00,"16,224,156.00",0.00,0.00,"14,891,563.00","1,106,437.00","166,793.00",54.40%
MARCHE,ANCONA,Abrogazione delle nuove norme che consentono la produzione nel territorio di energia elettrica nucleare,"370,482.00",0.00,0.00,"238,050.00",0.00,0.00,"224,409.00","10,859.00","2,035.00",64.25%
,,"Abrogazione di norme della legge 7 aprile 2010, n.51, in materia di legittimo impedimento del Presidente del Consiglio dei Ministri e dei Ministri a comparire in udienza penale, quale risultante a seguito della sentenza n.23 del 2011 della Corte Costituzi","370,482.00",0.00,0.00,"238,076.00",0.00,0.00,"224,963.00","9,996.00","2,349.00",64.26%
,,Determinazione della tariffa del servizio idrico integrato in base all'adeguata remunerazione del capitale investito - Abrogazione parziale di norma,"370,482.00",0.00,0.00,"238,103.00",0.00,0.00,"227,048.00","8,258.00","2,120.00",64.27%
,,Modalita' di affidamento e gestione dei servizi pubblici locali di rilevanza economica - Abrogazione,"370,482.00",0.00,0.00,"238,113.00",0.00,0.00,"225,439.00","9,302.00","2,584.00",64.27%
,ANCONA Total,,"1,481,928.00",0.00,0.00,"952,342.00",0.00,0.00,"901,859.00","38,415.00","9,088.00",64.26%
,ASCOLI PICENO,Abrogazione delle nuove norme che consentono la produzione nel territorio di energia elettrica nucleare,"169,104.00",0.00,0.00,"101,239.00",0.00,0.00,"95,418.00","4,633.00",830.00,59.87%
,,"Abrogazione di norme della legge 7 aprile 2010, n.51, in materia di legittimo impedimento del Presidente del Consiglio dei Ministri e dei Ministri a comparire in udienza penale, quale risultante a seguito della sentenza n.23 del 2011 della Corte Costituzi","169,104.00",0.00,0.00,"101,174.00",0.00,0.00,"95,070.00","4,589.00","1,141.00",59.83%
,,Determinazione della tariffa del servizio idrico integrato in base all'adeguata remunerazione del capitale investito - Abrogazione parziale di norma,"169,104.00",0.00,0.00,"101,332.00",0.00,0.00,"97,082.00","3,114.00",819.00,59.92%
,,Modalita' di affidamento e gestione dei servizi pubblici locali di rilevanza economica - Abrogazione,"169,104.00",0.00,0.00,"101,307.00",0.00,0.00,"96,287.00","3,514.00","1,143.00",59.91%
,ASCOLI PICENO Total,,"676,416.00",0.00,0.00,"405,052.00",0.00,0.00,"383,857.00","15,850.00","3,933.00",59.88%
,FERMO,Abrogazione delle nuove norme che consentono la produzione nel territorio di energia elettrica nucleare,"136,642.00",0.00,0.00,"80,243.00",0.00,0.00,"74,932.00","3,993.00",951.00,58.72%
,,"Abrogazione di norme della legge 7 aprile 2010, n.51, in materia di legittimo impedimento del Presidente del Consiglio dei Ministri e dei Ministri a comparire in udienza penale, quale risultante a seguito della sentenza n.23 del 2011 della Corte Costituzi","136,642.00",0.00,0.00,"80,180.00",0.00,0.00,"74,549.00","4,005.00","1,222.00",58.68%
,,Determinazione della tariffa del servizio idrico integrato in base all'adeguata remunerazione del capitale investito - Abrogazione parziale di norma,"136,642.00",0.00,0.00,"80,269.00",0.00,0.00,"75,707.00","3,162.00","1,037.00",58.74%
,,Modalita' di affidamento e gestione dei servizi pubblici locali di rilevanza economica - Abrogazione,"136,642.00",0.00,0.00,"80,250.00",0.00,0.00,"75,075.00","3,450.00","1,318.00",58.73%
,FERMO Total,,"546,568.00",0.00,0.00,"320,942.00",0.00,0.00,"300,263.00","14,610.00","4,528.00",58.72%
,MACERATA,Abrogazione delle nuove norme che consentono la produzione nel territorio di energia elettrica nucleare,"246,302.00",0.00,0.00,"143,899.00",0.00,0.00,"134,447.00","7,317.00","1,621.00",58.42%
,,"Abrogazione di norme della legge 7 aprile 2010, n.51, in materia di legittimo impedimento del Presidente del Consiglio dei Ministri e dei Ministri a comparire in udienza penale, quale risultante a seguito della sentenza n.23 del 2011 della Corte Costituzi","246,302.00",0.00,0.00,"143,875.00",0.00,0.00,"133,980.00","7,293.00","1,971.00",58.41%
,,Determinazione della tariffa del servizio idrico integrato in base all'adeguata remunerazione del capitale investito - Abrogazione parziale di norma,"246,302.00",0.00,0.00,"143,973.00",0.00,0.00,"135,947.00","5,871.00","1,629.00",58.45%
,,Modalita' di affidamento e gestione dei servizi pubblici locali di rilevanza economica - Abrogazione,"246,302.00",0.00,0.00,"143,992.00",0.00,0.00,"134,950.00","6,414.00","2,060.00",58.46%
,MACERATA Total,,"985,208.00",0.00,0.00,"575,739.00",0.00,0.00,"539,324.00","26,895.00","7,281.00",58.44%
,PESARO E URBINO,Abrogazione delle nuove norme che consentono la produzione nel territorio di energia elettrica nucleare,"279,820.00",0.00,0.00,"176,522.00",0.00,0.00,"165,945.00","8,524.00","1,452.00",63.08%
,,"Abrogazione di norme della legge 7 aprile 2010, n.51, in materia di legittimo impedimento del Presidente del Consiglio dei Ministri e dei Ministri a comparire in udienza penale, quale risultante a seguito della sentenza n.23 del 2011 della Corte Costituzi","279,820.00",0.00,0.00,"176,413.00",0.00,0.00,"165,855.00","8,053.00","1,817.00",63.05%
,,Determinazione della tariffa del servizio idrico integrato in base all'adeguata remunerazione del capitale investito - Abrogazione parziale di norma,"279,820.00",0.00,0.00,"176,600.00",0.00,0.00,"167,981.00","6,427.00","1,561.00",63.11%
,,Modalita' di affidamento e gestione dei servizi pubblici locali di rilevanza economica - Abrogazione,"279,820.00",0.00,0.00,"176,570.00",0.00,0.00,"166,700.00","7,189.00","1,959.00",63.10%
,PESARO E URBINO Total,,"1,119,280.00",0.00,0.00,"706,105.00",0.00,0.00,"666,481.00","30,193.00","6,789.00",63.09%
MARCHE Total,,,"4,809,400.00",0.00,0.00,"2,960,180.00",0.00,0.00,"2,791,784.00","125,963.00","31,619.00",61.55%
MOLISE,CAMPOBASSO,Abrogazione delle nuove norme che consentono la produzione nel territorio di energia elettrica nucleare,"189,547.00",0.00,0.00,"114,964.00",0.00,0.00,"110,422.00","3,344.00",833.00,60.65%
,,"Abrogazione di norme della legge 7 aprile 2010, n.51, in materia di legittimo impedimento del Presidente del Consiglio dei Ministri e dei Ministri a comparire in udienza penale, quale risultante a seguito della sentenza n.23 del 2011 della Corte Costituzi","189,547.00",0.00,0.00,"114,899.00",0.00,0.00,"109,557.00","3,793.00","1,102.00",60.62%
,,Determinazione della tariffa del servizio idrico integrato in base all'adeguata remunerazione del capitale investito - Abrogazione parziale di norma,"189,547.00",0.00,0.00,"114,996.00",0.00,0.00,"111,434.00","2,351.00",840.00,60.67%
,,Modalita' di affidamento e gestione dei servizi pubblici locali di rilevanza economica - Abrogazione,"189,547.00",0.00,0.00,"114,972.00",0.00,0.00,"110,723.00","2,742.00","1,067.00",60.66%
,CAMPOBASSO Total,,"758,188.00",0.00,0.00,"459,831.00",0.00,0.00,"442,136.00","12,230.00","3,842.00",60.65%
,ISERNIA,Abrogazione delle nuove norme che consentono la produzione nel territorio di energia elettrica nucleare,"73,846.00",0.00,0.00,"39,610.00",0.00,0.00,"37,429.00","1,585.00",386.00,53.64%
,,"Abrogazione di norme della legge 7 aprile 2010, n.51, in materia di legittimo impedimento del Presidente del Consiglio dei Ministri e dei Ministri a comparire in udienza penale, quale risultante a seguito della sentenza n.23 del 2011 della Corte Costituzi","73,846.00",0.00,0.00,"39,614.00",0.00,0.00,"37,434.00","1,521.00",423.00,53.64%
,,Determinazione della tariffa del servizio idrico integrato in base all'adeguata remunerazione del capitale investito - Abrogazione parziale di norma,"73,846.00",0.00,0.00,"39,636.00",0.00,0.00,"37,991.00","1,064.00",379.00,53.67%
,,Modalita' di affidamento e gestione dei servizi pubblici locali di rilevanza economica - Abrogazione,"73,846.00",0.00,0.00,"39,628.00",0.00,0.00,"37,741.00","1,193.00",452.00,53.66%
,ISERNIA Total,,"295,384.00",0.00,0.00,"158,488.00",0.00,0.00,"150,595.00","5,363.00","1,640.00",53.65%
MOLISE Total,,,"1,053,572.00",0.00,0.00,"618,319.00",0.00,0.00,"592,731.00","17,593.00","5,482.00",58.69%
PIEMONTE,ALESSANDRIA,Abrogazione delle nuove norme che consentono la produzione nel territorio di energia elettrica nucleare,"346,994.00",0.00,0.00,"193,859.00",0.00,0.00,"176,644.00","14,184.00","2,108.00",55.87%
,,"Abrogazione di norme della legge 7 aprile 2010, n.51, in materia di legittimo impedimento del Presidente del Consiglio dei Ministri e dei Ministri a comparire in udienza penale, quale risultante a seguito della sentenza n.23 del 2011 della Corte Costituzi","346,994.00",0.00,0.00,"193,803.00",0.00,0.00,"177,067.00","12,770.00","2,938.00",55.85%
,,Determinazione della tariffa del servizio idrico integrato in base all'adeguata remunerazione del capitale investito - Abrogazione parziale di norma,"346,994.00",0.00,0.00,"193,952.00",0.00,0.00,"179,774.00","10,846.00","2,464.00",55.89%
,,Modalita' di affidamento e gestione dei servizi pubblici locali di rilevanza economica - Abrogazione,"346,994.00",0.00,0.00,"193,934.00",0.00,0.00,"178,295.00","11,748.00","2,885.00",55.89%
,ALESSANDRIA Total,,"1,387,976.00",0.00,0.00,"775,548.00",0.00,0.00,"711,780.00","49,548.00","10,395.00",55.88%
,ASTI,Abrogazione delle nuove norme che consentono la produzione nel territorio di energia elettrica nucleare,"169,384.00",0.00,0.00,"95,009.00",0.00,0.00,"86,796.00","6,609.00","1,123.00",56.09%
,,"Abrogazione di norme della legge 7 aprile 2010, n.51, in materia di legittimo impedimento del Presidente del Consiglio dei Ministri e dei Ministri a comparire in udienza penale, quale risultante a seguito della sentenza n.23 del 2011 della Corte Costituzi","169,384.00",0.00,0.00,"94,977.00",0.00,0.00,"86,764.00","6,063.00","1,591.00",56.07%
,,Determinazione della tariffa del servizio idrico integrato in base all'adeguata remunerazione del capitale investito - Abrogazione parziale di norma,"169,384.00",0.00,0.00,"95,039.00",0.00,0.00,"88,165.00","5,105.00","1,305.00",56.11%
,,Modalita' di affidamento e gestione dei servizi pubblici locali di rilevanza economica - Abrogazione,"169,384.00",0.00,0.00,"95,034.00",0.00,0.00,"87,284.00","5,584.00","1,623.00",56.11%
,ASTI Total,,"677,536.00",0.00,0.00,"380,059.00",0.00,0.00,"349,009.00","23,361.00","5,642.00",56.09%
,BIELLA,Abrogazione delle nuove norme che consentono la produzione nel territorio di energia elettrica nucleare,"150,994.00",0.00,0.00,"82,094.00",0.00,0.00,"73,861.00","6,875.00",925.00,54.37%
,,"Abrogazione di norme della legge 7 aprile 2010, n.51, in materia di legittimo impedimento del Presidente del Consiglio dei Ministri e dei Ministri a comparire in udienza penale, quale risultante a seguito della sentenza n.23 del 2011 della Corte Costituzi","150,994.00",0.00,0.00,"82,059.00",0.00,0.00,"74,227.00","6,059.00","1,234.00",54.35%
,,Determinazione della tariffa del servizio idrico integrato in base all'adeguata remunerazione del capitale investito - Abrogazione parziale di norma,"150,994.00",0.00,0.00,"82,162.00",0.00,0.00,"75,405.00","5,205.00","1,078.00",54.41%
,,Modalita' di affidamento e gestione dei servizi pubblici locali di rilevanza economica - Abrogazione,"150,994.00",0.00,0.00,"82,147.00",0.00,0.00,"74,545.00","5,701.00","1,340.00",54.40%
,BIELLA Total,,"603,976.00",0.00,0.00,"328,462.00",0.00,0.00,"298,038.00","23,840.00","4,577.00",54.38%
,CUNEO,Abrogazione delle nuove norme che consentono la produzione nel territorio di energia elettrica nucleare,"451,438.00",0.00,0.00,"268,886.00",0.00,0.00,"244,551.00","19,574.00","3,448.00",59.56%
,,"Abrogazione di norme della legge 7 aprile 2010, n.51, in materia di legittimo impedimento del Presidente del Consiglio dei Ministri e dei Ministri a comparire in udienza penale, quale risultante a seguito della sentenza n.23 del 2011 della Corte Costituzi","451,438.00",0.00,0.00,"268,783.00",0.00,0.00,"246,473.00","16,037.00","4,704.00",59.54%
,,Determinazione della tariffa del servizio idrico integrato in base all'adeguata remunerazione del capitale investito - Abrogazione parziale di norma,"451,438.00",0.00,0.00,"269,155.00",0.00,0.00,"250,805.00","13,420.00","3,566.00",59.62%
,,Modalita' di affidamento e gestione dei servizi pubblici locali di rilevanza economica - Abrogazione,"451,438.00",0.00,0.00,"269,099.00",0.00,0.00,"247,771.00","14,913.00","4,882.00",59.61%
,CUNEO Total,,"1,805,752.00",0.00,0.00,"1,075,923.00",0.00,0.00,"989,600.00","63,944.00","16,600.00",59.58%
,NOVARA,Abrogazione delle nuove norme che consentono la produzione nel territorio di energia elettrica nucleare,"285,944.00",0.00,0.00,"154,382.00",0.00,0.00,"139,405.00","12,858.00","1,452.00",53.99%
,,"Abrogazione di norme della legge 7 aprile 2010, n.51, in materia di legittimo impedimento del Presidente del Consiglio dei Ministri e dei Ministri a comparire in udienza penale, quale risultante a seguito della sentenza n.23 del 2011 della Corte Costituzi","285,944.00",0.00,0.00,"154,438.00",0.00,0.00,"140,984.00","10,721.00","1,968.00",54.01%
,,Determinazione della tariffa del servizio idrico integrato in base all'adeguata remunerazione del capitale investito - Abrogazione parziale di norma,"285,944.00",0.00,0.00,"154,581.00",0.00,0.00,"143,574.00","8,718.00","1,645.00",54.06%
,,Modalita' di affidamento e gestione dei servizi pubblici locali di rilevanza economica - Abrogazione,"285,944.00",0.00,0.00,"154,554.00",0.00,0.00,"142,090.00","9,747.00","1,994.00",54.05%
,NOVARA Total,,"1,143,776.00",0.00,0.00,"617,955.00",0.00,0.00,"566,053.00","42,044.00","7,059.00",54.03%
,TORINO,Abrogazione delle nuove norme che consentono la produzione nel territorio di energia elettrica nucleare,"1,782,157.00",0.00,0.00,"1,097,841.00",0.00,0.00,"1,019,916.00","67,071.00","7,077.00",61.60%
,,"Abrogazione di norme della legge 7 aprile 2010, n.51, in materia di legittimo impedimento del Presidente del Consiglio dei Ministri e dei Ministri a comparire in udienza penale, quale risultante a seguito della sentenza n.23 del 2011 della Corte Costituzi","1,782,157.00",0.00,0.00,"1,098,022.00",0.00,0.00,"1,032,268.00","53,062.00","8,679.00",61.61%
,,Determinazione della tariffa del servizio idrico integrato in base all'adeguata remunerazione del capitale investito - Abrogazione parziale di norma,"1,782,157.00",0.00,0.00,"1,098,800.00",0.00,0.00,"1,042,204.00","45,784.00","7,217.00",61.66%
,,Modalita' di affidamento e gestione dei servizi pubblici locali di rilevanza economica - Abrogazione,"1,782,157.00",0.00,0.00,"1,098,648.00",0.00,0.00,"1,034,562.00","50,621.00","9,416.00",61.65%
,TORINO Total,,"7,128,628.00",0.00,0.00,"4,393,311.00",0.00,0.00,"4,128,950.00","216,538.00","32,389.00",61.63%
,VERBANO-CUSIO-OSSOLA,Abrogazione delle nuove norme che consentono la produzione nel territorio di energia elettrica nucleare,"131,424.00",0.00,0.00,"71,334.00",0.00,0.00,"65,157.00","4,679.00","1,171.00",54.28%
,,"Abrogazione di norme della legge 7 aprile 2010, n.51, in materia di legittimo impedimento del Presidente del Consiglio dei Ministri e dei Ministri a comparire in udienza penale, quale risultante a seguito della sentenza n.23 del 2011 della Corte Costituzi","131,424.00",0.00,0.00,"71,279.00",0.00,0.00,"65,552.00","4,350.00","1,024.00",54.24%
,,Determinazione della tariffa del servizio idrico integrato in base all'adeguata remunerazione del capitale investito - Abrogazione parziale di norma,"131,424.00",0.00,0.00,"71,429.00",0.00,0.00,"67,261.00","3,199.00",690.00,54.35%
,,Modalita' di affidamento e gestione dei servizi pubblici locali di rilevanza economica - Abrogazione,"131,424.00",0.00,0.00,"71,417.00",0.00,0.00,"66,573.00","3,595.00",923.00,54.34%
,VERBANO-CUSIO-OSSOLA Total,,"525,696.00",0.00,0.00,"285,459.00",0.00,0.00,"264,543.00","15,823.00","3,808.00",54.30%
,VERCELLI,Abrogazione delle nuove norme che consentono la produzione nel territorio di energia elettrica nucleare,"143,415.00",0.00,0.00,"79,271.00",0.00,0.00,"71,681.00","6,379.00",877.00,55.27%
,,"Abrogazione di norme della legge 7 aprile 2010, n.51, in materia di legittimo impedimento del Presidente del Consiglio dei Ministri e dei Ministri a comparire in udienza penale, quale risultante a seguito della sentenza n.23 del 2011 della Corte Costituzi","143,415.00",0.00,0.00,"79,240.00",0.00,0.00,"72,085.00","5,512.00","1,230.00",55.25%
,,Determinazione della tariffa del servizio idrico integrato in base all'adeguata remunerazione del capitale investito - Abrogazione parziale di norma,"143,415.00",0.00,0.00,"79,321.00",0.00,0.00,"73,280.00","4,616.00","1,035.00",55.31%
,,Modalita' di affidamento e gestione dei servizi pubblici locali di rilevanza economica - Abrogazione,"143,415.00",0.00,0.00,"79,293.00",0.00,0.00,"72,437.00","5,161.00","1,280.00",55.29%
,VERCELLI Total,,"573,660.00",0.00,0.00,"317,125.00",0.00,0.00,"289,483.00","21,668.00","4,422.00",55.28%
PIEMONTE Total,,,"13,847,000.00",0.00,0.00,"8,173,842.00",0.00,0.00,"7,597,456.00","456,766.00","84,892.00",59.03%
PUGLIA,BARI,Abrogazione delle nuove norme che consentono la produzione nel territorio di energia elettrica nucleare,"1,018,302.00",0.00,0.00,"547,688.00",0.00,0.00,"523,506.00","19,699.00","2,796.00",53.78%
,,"Abrogazione di norme della legge 7 aprile 2010, n.51, in materia di legittimo impedimento del Presidente del Consiglio dei Ministri e dei Ministri a comparire in udienza penale, quale risultante a seguito della sentenza n.23 del 2011 della Corte Costituzi","1,018,302.00",0.00,0.00,"547,491.00",0.00,0.00,"521,260.00","20,428.00","3,870.00",53.77%
,,Determinazione della tariffa del servizio idrico integrato in base all'adeguata remunerazione del capitale investito - Abrogazione parziale di norma,"1,018,302.00",0.00,0.00,"547,785.00",0.00,0.00,"529,682.00","13,543.00","2,946.00",53.79%
,,Modalita' di affidamento e gestione dei servizi pubblici locali di rilevanza economica - Abrogazione,"1,018,302.00",0.00,0.00,"547,686.00",0.00,0.00,"526,086.00","15,723.00","4,053.00",53.78%
,BARI Total,,"4,073,208.00",0.00,0.00,"2,190,650.00",0.00,0.00,"2,100,534.00","69,393.00","13,665.00",53.78%
,BARLETTA-ANDRIA-TRANI,Abrogazione delle nuove norme che consentono la produzione nel territorio di energia elettrica nucleare,"308,121.00",0.00,0.00,"159,730.00",0.00,0.00,"152,781.00","5,573.00",828.00,51.84%
,,"Abrogazione di norme della legge 7 aprile 2010, n.51, in materia di legittimo impedimento del Presidente del Consiglio dei Ministri e dei Ministri a comparire in udienza penale, quale risultante a seguito della sentenza n.23 del 2011 della Corte Costituzi","308,121.00",0.00,0.00,"159,682.00",0.00,0.00,"151,949.00","5,965.00","1,180.00",51.82%
,,Determinazione della tariffa del servizio idrico integrato in base all'adeguata remunerazione del capitale investito - Abrogazione parziale di norma,"308,121.00",0.00,0.00,"159,784.00",0.00,0.00,"154,625.00","3,795.00",840.00,51.86%
,,Modalita' di affidamento e gestione dei servizi pubblici locali di rilevanza economica - Abrogazione,"308,121.00",0.00,0.00,"159,762.00",0.00,0.00,"153,654.00","4,316.00","1,228.00",51.85%
,BARLETTA-ANDRIA-TRANI Total,,"1,232,484.00",0.00,0.00,"638,958.00",0.00,0.00,"613,009.00","19,649.00","4,076.00",51.84%
,BRINDISI,Abrogazione delle nuove norme che consentono la produzione nel territorio di energia elettrica nucleare,"328,447.00",0.00,0.00,"167,737.00",0.00,0.00,"160,667.00","5,280.00","1,154.00",51.07%
,,"Abrogazione di norme della legge 7 aprile 2010, n.51, in materia di legittimo impedimento del Presidente del Consiglio dei Ministri e dei Ministri a comparire in udienza penale, quale risultante a seguito della sentenza n.23 del 2011 della Corte Costituzi","328,447.00",0.00,0.00,"167,662.00",0.00,0.00,"159,679.00","5,838.00","1,410.00",51.05%
,,Determinazione della tariffa del servizio idrico integrato in base all'adeguata remunerazione del capitale investito - Abrogazione parziale di norma,"328,447.00",0.00,0.00,"167,767.00",0.00,0.00,"162,102.00","3,797.00","1,232.00",51.08%
,,Modalita' di affidamento e gestione dei servizi pubblici locali di rilevanza economica - Abrogazione,"328,447.00",0.00,0.00,"167,738.00",0.00,0.00,"161,227.00","4,228.00","1,563.00",51.07%
,BRINDISI Total,,"1,313,788.00",0.00,0.00,"670,904.00",0.00,0.00,"643,675.00","19,143.00","5,359.00",51.07%
,FOGGIA,Abrogazione delle nuove norme che consentono la produzione nel territorio di energia elettrica nucleare,"501,192.00",0.00,0.00,"247,324.00",0.00,0.00,"236,822.00","8,181.00","1,339.00",49.35%
,,"Abrogazione di norme della legge 7 aprile 2010, n.51, in materia di legittimo impedimento del Presidente del Consiglio dei Ministri e dei Ministri a comparire in udienza penale, quale risultante a seguito della sentenza n.23 del 2011 della Corte Costituzi","501,192.00",0.00,0.00,"247,250.00",0.00,0.00,"235,487.00","8,916.00","1,767.00",49.33%
,,Determinazione della tariffa del servizio idrico integrato in base all'adeguata remunerazione del capitale investito - Abrogazione parziale di norma,"501,192.00",0.00,0.00,"247,333.00",0.00,0.00,"238,730.00","6,090.00","1,460.00",49.35%
,,Modalita' di affidamento e gestione dei servizi pubblici locali di rilevanza economica - Abrogazione,"501,192.00",0.00,0.00,"247,312.00",0.00,0.00,"237,546.00","6,876.00","1,818.00",49.34%
,FOGGIA Total,,"2,004,768.00",0.00,0.00,"989,219.00",0.00,0.00,"948,585.00","30,063.00","6,384.00",49.34%
,LECCE,Abrogazione delle nuove norme che consentono la produzione nel territorio di energia elettrica nucleare,"663,148.00",0.00,0.00,"359,643.00",0.00,0.00,"346,432.00","9,444.00","2,607.00",54.23%
,,"Abrogazione di norme della legge 7 aprile 2010, n.51, in materia di legittimo impedimento del Presidente del Consiglio dei Ministri e dei Ministri a comparire in udienza penale, quale risultante a seguito della sentenza n.23 del 2011 della Corte Costituzi","663,148.00",0.00,0.00,"359,380.00",0.00,0.00,"342,692.00","11,740.00","3,589.00",54.19%
,,Determinazione della tariffa del servizio idrico integrato in base all'adeguata remunerazione del capitale investito - Abrogazione parziale di norma,"663,148.00",0.00,0.00,"359,608.00",0.00,0.00,"348,019.00","7,442.00","2,922.00",54.23%
,,Modalita' di affidamento e gestione dei servizi pubblici locali di rilevanza economica - Abrogazione,"663,148.00",0.00,0.00,"359,567.00",0.00,0.00,"345,805.00","8,433.00","3,990.00",54.22%
,LECCE Total,,"2,652,592.00",0.00,0.00,"1,438,198.00",0.00,0.00,"1,382,948.00","37,059.00","13,108.00",54.22%
,TARANTO,Abrogazione delle nuove norme che consentono la produzione nel territorio di energia elettrica nucleare,"482,080.00",0.00,0.00,"252,850.00",0.00,0.00,"242,180.00","8,428.00","1,397.00",52.45%
,,"Abrogazione di norme della legge 7 aprile 2010, n.51, in materia di legittimo impedimento del Presidente del Consiglio dei Ministri e dei Ministri a comparire in udienza penale, quale risultante a seguito della sentenza n.23 del 2011 della Corte Costituzi","482,080.00",0.00,0.00,"252,707.00",0.00,0.00,"240,732.00","8,942.00","1,993.00",52.42%
,,Determinazione della tariffa del servizio idrico integrato in base all'adeguata remunerazione del capitale investito - Abrogazione parziale di norma,"482,080.00",0.00,0.00,"252,860.00",0.00,0.00,"244,550.00","5,889.00","1,547.00",52.45%
,,Modalita' di affidamento e gestione dei servizi pubblici locali di rilevanza economica - Abrogazione,"482,080.00",0.00,0.00,"252,839.00",0.00,0.00,"243,080.00","6,801.00","1,988.00",52.45%
,TARANTO Total,,"1,928,320.00",0.00,0.00,"1,011,256.00",0.00,0.00,"970,542.00","30,060.00","6,925.00",52.44%
PUGLIA Total,,,"13,205,160.00",0.00,0.00,"6,939,185.00",0.00,0.00,"6,659,293.00","205,367.00","49,517.00",52.55%
SARDEGNA,CAGLIARI,Abrogazione delle nuove norme che consentono la produzione nel territorio di energia elettrica nucleare,"468,468.00",0.00,0.00,"271,752.00",0.00,0.00,"266,103.00","4,592.00",692.00,58.01%
,,"Abrogazione di norme della legge 7 aprile 2010, n.51, in materia di legittimo impedimento del Presidente del Consiglio dei Ministri e dei Ministri a comparire in udienza penale, quale risultante a seguito della sentenza n.23 del 2011 della Corte Costituzi","468,468.00",0.00,0.00,"271,417.00",0.00,0.00,"259,368.00","10,022.00","1,479.00",57.94%
,,Determinazione della tariffa del servizio idrico integrato in base all'adeguata remunerazione del capitale investito - Abrogazione parziale di norma,"468,468.00",0.00,0.00,"271,665.00",0.00,0.00,"265,827.00","4,231.00","1,186.00",57.99%
,,Modalita' di affidamento e gestione dei servizi pubblici locali di rilevanza economica - Abrogazione,"468,468.00",0.00,0.00,"271,617.00",0.00,0.00,"264,159.00","5,268.00","1,702.00",57.98%
,CAGLIARI Total,,"1,873,872.00",0.00,0.00,"1,086,451.00",0.00,0.00,"1,055,457.00","24,113.00","5,059.00",57.98%
,CARBONIA-IGLESIAS,Abrogazione delle nuove norme che consentono la produzione nel territorio di energia elettrica nucleare,"111,581.00",0.00,0.00,"66,707.00",0.00,0.00,"65,364.00","1,097.00",145.00,59.78%
,,"Abrogazione di norme della legge 7 aprile 2010, n.51, in materia di legittimo impedimento del Presidente del Consiglio dei Ministri e dei Ministri a comparire in udienza penale, quale risultante a seguito della sentenza n.23 del 2011 della Corte Costituzi","111,581.00",0.00,0.00,"66,657.00",0.00,0.00,"64,203.00","2,012.00",305.00,59.74%
,,Determinazione della tariffa del servizio idrico integrato in base all'adeguata remunerazione del capitale investito - Abrogazione parziale di norma,"111,581.00",0.00,0.00,"66,694.00",0.00,0.00,"65,525.00",852.00,215.00,59.77%
,,Modalita' di affidamento e gestione dei servizi pubblici locali di rilevanza economica - Abrogazione,"111,581.00",0.00,0.00,"66,694.00",0.00,0.00,"65,229.00","1,024.00",325.00,59.77%
,CARBONIA-IGLESIAS Total,,"446,324.00",0.00,0.00,"266,752.00",0.00,0.00,"260,321.00","4,985.00",990.00,59.77%
,MEDIO CAMPIDANO,Abrogazione delle nuove norme che consentono la produzione nel territorio di energia elettrica nucleare,"86,730.00",0.00,0.00,"55,600.00",0.00,0.00,"54,535.00",785.00,191.00,64.11%
,,"Abrogazione di norme della legge 7 aprile 2010, n.51, in materia di legittimo impedimento del Presidente del Consiglio dei Ministri e dei Ministri a comparire in udienza penale, quale risultante a seguito della sentenza n.23 del 2011 della Corte Costituzi","86,730.00",0.00,0.00,"55,569.00",0.00,0.00,"53,475.00","1,625.00",348.00,64.07%
,,Determinazione della tariffa del servizio idrico integrato in base all'adeguata remunerazione del capitale investito - Abrogazione parziale di norma,"86,730.00",0.00,0.00,"55,590.00",0.00,0.00,"54,521.00",730.00,255.00,64.10%
,,Modalita' di affidamento e gestione dei servizi pubblici locali di rilevanza economica - Abrogazione,"86,730.00",0.00,0.00,"55,584.00",0.00,0.00,"54,247.00",874.00,349.00,64.09%
,MEDIO CAMPIDANO Total,,"346,920.00",0.00,0.00,"222,343.00",0.00,0.00,"216,778.00","4,014.00","1,143.00",64.09%
,NUORO,Abrogazione delle nuove norme che consentono la produzione nel territorio di energia elettrica nucleare,"133,089.00",0.00,0.00,"80,329.00",0.00,0.00,"78,926.00","1,063.00",218.00,60.36%
,,"Abrogazione di norme della legge 7 aprile 2010, n.51, in materia di legittimo impedimento del Presidente del Consiglio dei Ministri e dei Ministri a comparire in udienza penale, quale risultante a seguito della sentenza n.23 del 2011 della Corte Costituzi","133,089.00",0.00,0.00,"80,274.00",0.00,0.00,"77,420.00","2,328.00",354.00,60.32%
,,Determinazione della tariffa del servizio idrico integrato in base all'adeguata remunerazione del capitale investito - Abrogazione parziale di norma,"133,089.00",0.00,0.00,"80,297.00",0.00,0.00,"78,945.00",999.00,238.00,60.33%
,,Modalita' di affidamento e gestione dei servizi pubblici locali di rilevanza economica - Abrogazione,"133,089.00",0.00,0.00,"80,287.00",0.00,0.00,"78,510.00","1,213.00",418.00,60.33%
,NUORO Total,,"532,356.00",0.00,0.00,"321,187.00",0.00,0.00,"313,801.00","5,603.00","1,228.00",60.33%
,OGLIASTRA,Abrogazione delle nuove norme che consentono la produzione nel territorio di energia elettrica nucleare,"48,187.00",0.00,0.00,"28,744.00",0.00,0.00,"28,194.00",412.00,89.00,59.65%
,,"Abrogazione di norme della legge 7 aprile 2010, n.51, in materia di legittimo impedimento del Presidente del Consiglio dei Ministri e dei Ministri a comparire in udienza penale, quale risultante a seguito della sentenza n.23 del 2011 della Corte Costituzi","48,187.00",0.00,0.00,"28,727.00",0.00,0.00,"27,518.00",968.00,183.00,59.62%
,,Determinazione della tariffa del servizio idrico integrato in base all'adeguata remunerazione del capitale investito - Abrogazione parziale di norma,"48,187.00",0.00,0.00,"28,743.00",0.00,0.00,"28,204.00",358.00,120.00,59.65%
,,Modalita' di affidamento e gestione dei servizi pubblici locali di rilevanza economica - Abrogazione,"48,187.00",0.00,0.00,"28,743.00",0.00,0.00,"28,068.00",444.00,172.00,59.65%
,OGLIASTRA Total,,"192,748.00",0.00,0.00,"114,957.00",0.00,0.00,"111,984.00","2,182.00",564.00,59.64%
,OLBIA-TEMPIO,Abrogazione delle nuove norme che consentono la produzione nel territorio di energia elettrica nucleare,"124,254.00",0.00,0.00,"66,237.00",0.00,0.00,"64,738.00","1,200.00",202.00,53.31%
,,"Abrogazione di norme della legge 7 aprile 2010, n.51, in materia di legittimo impedimento del Presidente del Consiglio dei Ministri e dei Ministri a comparire in udienza penale, quale risultante a seguito della sentenza n.23 del 2011 della Corte Costituzi","124,254.00",0.00,0.00,"66,184.00",0.00,0.00,"62,988.00","2,623.00",437.00,53.27%
,,Determinazione della tariffa del servizio idrico integrato in base all'adeguata remunerazione del capitale investito - Abrogazione parziale di norma,"124,254.00",0.00,0.00,"66,242.00",0.00,0.00,"64,686.00","1,114.00",323.00,53.31%
,,Modalita' di affidamento e gestione dei servizi pubblici locali di rilevanza economica - Abrogazione,"124,254.00",0.00,0.00,"66,239.00",0.00,0.00,"64,360.00","1,311.00",434.00,53.31%
,OLBIA-TEMPIO Total,,"497,016.00",0.00,0.00,"264,902.00",0.00,0.00,"256,772.00","6,248.00","1,396.00",53.30%
,ORISTANO,Abrogazione delle nuove norme che consentono la produzione nel territorio di energia elettrica nucleare,"140,731.00",0.00,0.00,"86,095.00",0.00,0.00,"84,382.00","1,282.00",270.00,61.18%
,,"Abrogazione di norme della legge 7 aprile 2010, n.51, in materia di legittimo impedimento del Presidente del Consiglio dei Ministri e dei Ministri a comparire in udienza penale, quale risultante a seguito della sentenza n.23 del 2011 della Corte Costituzi","140,731.00",0.00,0.00,"86,032.00",0.00,0.00,"82,034.00","3,197.00",614.00,61.13%
,,Determinazione della tariffa del servizio idrico integrato in base all'adeguata remunerazione del capitale investito - Abrogazione parziale di norma,"140,731.00",0.00,0.00,"86,083.00",0.00,0.00,"84,534.00","1,067.00",337.00,61.17%
,,Modalita' di affidamento e gestione dei servizi pubblici locali di rilevanza economica - Abrogazione,"140,731.00",0.00,0.00,"86,075.00",0.00,0.00,"84,063.00","1,288.00",548.00,61.16%
,ORISTANO Total,,"562,924.00",0.00,0.00,"344,285.00",0.00,0.00,"335,013.00","6,834.00","1,769.00",61.16%
,SASSARI,Abrogazione delle nuove norme che consentono la produzione nel territorio di energia elettrica nucleare,"281,117.00",0.00,0.00,"162,394.00",0.00,0.00,"158,970.00","2,719.00",451.00,57.77%
,,"Abrogazione di norme della legge 7 aprile 2010, n.51, in materia di legittimo impedimento del Presidente del Consiglio dei Ministri e dei Ministri a comparire in udienza penale, quale risultante a seguito della sentenza n.23 del 2011 della Corte Costituzi","281,117.00",0.00,0.00,"162,317.00",0.00,0.00,"155,943.00","5,251.00",792.00,57.74%
,,Determinazione della tariffa del servizio idrico integrato in base all'adeguata remunerazione del capitale investito - Abrogazione parziale di norma,"281,117.00",0.00,0.00,"162,388.00",0.00,0.00,"159,058.00","2,434.00",612.00,57.77%
,,Modalita' di affidamento e gestione dei servizi pubblici locali di rilevanza economica - Abrogazione,"281,117.00",0.00,0.00,"162,372.00",0.00,0.00,"158,359.00","2,886.00",819.00,57.76%
,SASSARI Total,,"1,124,468.00",0.00,0.00,"649,471.00",0.00,0.00,"632,330.00","13,290.00","2,674.00",57.76%
SARDEGNA Total,,,"5,576,628.00",0.00,0.00,"3,270,348.00",0.00,0.00,"3,182,456.00","67,269.00","14,823.00",58.64%
SICILIA,AGRIGENTO,Abrogazione delle nuove norme che consentono la produzione nel territorio di energia elettrica nucleare,"362,230.00",0.00,0.00,"215,636.00",0.00,0.00,"207,178.00","5,858.00","1,699.00",59.53%
,,"Abrogazione di norme della legge 7 aprile 2010, n.51, in materia di legittimo impedimento del Presidente del Consiglio dei Ministri e dei Ministri a comparire in udienza penale, quale risultante a seguito della sentenza n.23 del 2011 della Corte Costituzi","362,230.00",0.00,0.00,"215,559.00",0.00,0.00,"205,706.00","6,712.00","2,106.00",59.51%
,,Determinazione della tariffa del servizio idrico integrato in base all'adeguata remunerazione del capitale investito - Abrogazione parziale di norma,"362,230.00",0.00,0.00,"215,794.00",0.00,0.00,"210,913.00","2,610.00","1,429.00",59.57%
,,Modalita' di affidamento e gestione dei servizi pubblici locali di rilevanza economica - Abrogazione,"362,230.00",0.00,0.00,"215,786.00",0.00,0.00,"209,854.00","3,189.00","1,837.00",59.57%
,AGRIGENTO Total,,"1,448,920.00",0.00,0.00,"862,775.00",0.00,0.00,"833,651.00","18,369.00","7,071.00",59.55%
,CALTANISSETTA,Abrogazione delle nuove norme che consentono la produzione nel territorio di energia elettrica nucleare,"220,180.00",0.00,0.00,"109,950.00",0.00,0.00,"104,918.00","3,797.00",727.00,49.94%
,,"Abrogazione di norme della legge 7 aprile 2010, n.51, in materia di legittimo impedimento del Presidente del Consiglio dei Ministri e dei Ministri a comparire in udienza penale, quale risultante a seguito della sentenza n.23 del 2011 della Corte Costituzi","220,180.00",0.00,0.00,"109,925.00",0.00,0.00,"104,873.00","3,673.00",835.00,49.93%
,,Determinazione della tariffa del servizio idrico integrato in base all'adeguata remunerazione del capitale investito - Abrogazione parziale di norma,"220,180.00",0.00,0.00,"109,978.00",0.00,0.00,"106,925.00","1,981.00",590.00,49.95%
,,Modalita' di affidamento e gestione dei servizi pubblici locali di rilevanza economica - Abrogazione,"220,180.00",0.00,0.00,"109,975.00",0.00,0.00,"106,202.00","2,463.00",812.00,49.95%
,CALTANISSETTA Total,,"880,720.00",0.00,0.00,"439,828.00",0.00,0.00,"422,918.00","11,914.00","2,964.00",49.94%
,CATANIA,Abrogazione delle nuove norme che consentono la produzione nel territorio di energia elettrica nucleare,"885,754.00",0.00,0.00,"441,698.00",0.00,0.00,"420,677.00","16,294.00","2,567.00",49.87%
,,"Abrogazione di norme della legge 7 aprile 2010, n.51, in materia di legittimo impedimento del Presidente del Consiglio dei Ministri e dei Ministri a comparire in udienza penale, quale risultante a seguito della sentenza n.23 del 2011 della Corte Costituzi","885,754.00",0.00,0.00,"441,632.00",0.00,0.00,"418,851.00","17,058.00","3,296.00",49.86%
,,Determinazione della tariffa del servizio idrico integrato in base all'adeguata remunerazione del capitale investito - Abrogazione parziale di norma,"885,754.00",0.00,0.00,"441,822.00",0.00,0.00,"427,157.00","9,940.00","2,599.00",49.88%
,,Modalita' di affidamento e gestione dei servizi pubblici locali di rilevanza economica - Abrogazione,"885,754.00",0.00,0.00,"441,790.00",0.00,0.00,"424,620.00","11,555.00","3,288.00",49.88%
,CATANIA Total,,"3,543,016.00",0.00,0.00,"1,766,942.00",0.00,0.00,"1,691,305.00","54,847.00","11,750.00",49.87%
,ENNA,Abrogazione delle nuove norme che consentono la produzione nel territorio di energia elettrica nucleare,"141,733.00",0.00,0.00,"83,066.00",0.00,0.00,"79,288.00","2,692.00",601.00,58.61%
,,"Abrogazione di norme della legge 7 aprile 2010, n.51, in materia di legittimo impedimento del Presidente del Consiglio dei Ministri e dei Ministri a comparire in udienza penale, quale risultante a seguito della sentenza n.23 del 2011 della Corte Costituzi","141,733.00",0.00,0.00,"83,053.00",0.00,0.00,"79,026.00","2,764.00",728.00,58.60%
,,Determinazione della tariffa del servizio idrico integrato in base all'adeguata remunerazione del capitale investito - Abrogazione parziale di norma,"141,733.00",0.00,0.00,"83,140.00",0.00,0.00,"80,993.00","1,202.00",509.00,58.66%
,,Modalita' di affidamento e gestione dei servizi pubblici locali di rilevanza economica - Abrogazione,"141,733.00",0.00,0.00,"83,131.00",0.00,0.00,"80,635.00","1,400.00",628.00,58.65%
,ENNA Total,,"566,932.00",0.00,0.00,"332,390.00",0.00,0.00,"319,942.00","8,058.00","2,466.00",58.63%
,MESSINA,Abrogazione delle nuove norme che consentono la produzione nel territorio di energia elettrica nucleare,"528,248.00",0.00,0.00,"283,465.00",0.00,0.00,"269,032.00","10,440.00","2,608.00",53.66%
,,"Abrogazione di norme della legge 7 aprile 2010, n.51, in materia di legittimo impedimento del Presidente del Consiglio dei Ministri e dei Ministri a comparire in udienza penale, quale risultante a seguito della sentenza n.23 del 2011 della Corte Costituzi","528,248.00",0.00,0.00,"283,358.00",0.00,0.00,"266,667.00","11,822.00","3,259.00",53.64%
,,Determinazione della tariffa del servizio idrico integrato in base all'adeguata remunerazione del capitale investito - Abrogazione parziale di norma,"528,248.00",0.00,0.00,"283,737.00",0.00,0.00,"274,733.00","5,363.00","2,319.00",53.71%
,,Modalita' di affidamento e gestione dei servizi pubblici locali di rilevanza economica - Abrogazione,"528,248.00",0.00,0.00,"283,689.00",0.00,0.00,"273,045.00","6,347.00","2,846.00",53.70%
,MESSINA Total,,"2,112,992.00",0.00,0.00,"1,134,249.00",0.00,0.00,"1,083,477.00","33,972.00","11,032.00",53.68%
,PALERMO,Abrogazione delle nuove norme che consentono la produzione nel territorio di energia elettrica nucleare,"1,020,854.00",0.00,0.00,"514,736.00",0.00,0.00,"488,710.00","19,853.00","3,659.00",50.42%
,,"Abrogazione di norme della legge 7 aprile 2010, n.51, in materia di legittimo impedimento del Presidente del Consiglio dei Ministri e dei Ministri a comparire in udienza penale, quale risultante a seguito della sentenza n.23 del 2011 della Corte Costituzi","1,020,854.00",0.00,0.00,"514,667.00",0.00,0.00,"485,986.00","21,151.00","4,796.00",50.42%
,,Determinazione della tariffa del servizio idrico integrato in base all'adeguata remunerazione del capitale investito - Abrogazione parziale di norma,"1,020,854.00",0.00,0.00,"514,984.00",0.00,0.00,"497,301.00","11,769.00","3,586.00",50.45%
,,Modalita' di affidamento e gestione dei servizi pubblici locali di rilevanza economica - Abrogazione,"1,020,854.00",0.00,0.00,"514,973.00",0.00,0.00,"494,127.00","13,928.00","4,301.00",50.45%
,PALERMO Total,,"4,083,416.00",0.00,0.00,"2,059,360.00",0.00,0.00,"1,966,124.00","66,701.00","16,342.00",50.43%
,RAGUSA,Abrogazione delle nuove norme che consentono la produzione nel territorio di energia elettrica nucleare,"242,762.00",0.00,0.00,"145,710.00",0.00,0.00,"139,363.00","4,277.00","1,374.00",60.02%
,,"Abrogazione di norme della legge 7 aprile 2010, n.51, in materia di legittimo impedimento del Presidente del Consiglio dei Ministri e dei Ministri a comparire in udienza penale, quale risultante a seguito della sentenza n.23 del 2011 della Corte Costituzi","242,762.00",0.00,0.00,"145,617.00",0.00,0.00,"137,844.00","5,236.00","1,693.00",59.98%
,,Determinazione della tariffa del servizio idrico integrato in base all'adeguata remunerazione del capitale investito - Abrogazione parziale di norma,"242,762.00",0.00,0.00,"145,697.00",0.00,0.00,"140,079.00","3,387.00","1,496.00",60.02%
,,Modalita' di affidamento e gestione dei servizi pubblici locali di rilevanza economica - Abrogazione,"242,762.00",0.00,0.00,"145,674.00",0.00,0.00,"139,404.00","3,801.00","1,703.00",60.01%
,RAGUSA Total,,"971,048.00",0.00,0.00,"582,698.00",0.00,0.00,"556,690.00","16,701.00","6,266.00",60.01%
,SIRACUSA,Abrogazione delle nuove norme che consentono la produzione nel territorio di energia elettrica nucleare,"326,188.00",0.00,0.00,"182,728.00",0.00,0.00,"175,033.00","5,703.00","1,285.00",56.02%
,,"Abrogazione di norme della legge 7 aprile 2010, n.51, in materia di legittimo impedimento del Presidente del Consiglio dei Ministri e dei Ministri a comparire in udienza penale, quale risultante a seguito della sentenza n.23 del 2011 della Corte Costituzi","326,188.00",0.00,0.00,"182,691.00",0.00,0.00,"174,345.00","6,001.00","1,571.00",56.01%
,,Determinazione della tariffa del servizio idrico integrato in base all'adeguata remunerazione del capitale investito - Abrogazione parziale di norma,"326,188.00",0.00,0.00,"182,793.00",0.00,0.00,"177,662.00","3,265.00","1,186.00",56.04%
,,Modalita' di affidamento e gestione dei servizi pubblici locali di rilevanza economica - Abrogazione,"326,188.00",0.00,0.00,"182,779.00",0.00,0.00,"176,829.00","3,751.00","1,422.00",56.03%
,SIRACUSA Total,,"1,304,752.00",0.00,0.00,"730,991.00",0.00,0.00,"703,869.00","18,720.00","5,464.00",56.03%
,TRAPANI,Abrogazione delle nuove norme che consentono la produzione nel territorio di energia elettrica nucleare,"350,874.00",0.00,0.00,"170,877.00",0.00,0.00,"162,586.00","5,734.00","1,613.00",48.70%
,,"Abrogazione di norme della legge 7 aprile 2010, n.51, in materia di legittimo impedimento del Presidente del Consiglio dei Ministri e dei Ministri a comparire in udienza penale, quale risultante a seguito della sentenza n.23 del 2011 della Corte Costituzi","350,874.00",0.00,0.00,"170,843.00",0.00,0.00,"160,999.00","6,827.00","1,970.00",48.69%
,,Determinazione della tariffa del servizio idrico integrato in base all'adeguata remunerazione del capitale investito - Abrogazione parziale di norma,"350,874.00",0.00,0.00,"170,902.00",0.00,0.00,"164,056.00","4,156.00","1,694.00",48.71%
,,Modalita' di affidamento e gestione dei servizi pubblici locali di rilevanza economica - Abrogazione,"350,874.00",0.00,0.00,"170,890.00",0.00,0.00,"163,137.00","4,725.00","1,983.00",48.70%
,TRAPANI Total,,"1,403,496.00",0.00,0.00,"683,512.00",0.00,0.00,"650,778.00","21,442.00","7,260.00",48.70%
SICILIA Total,,,"16,315,292.00",0.00,0.00,"8,592,745.00",0.00,0.00,"8,228,754.00","250,724.00","70,615.00",52.67%
TOSCANA,AREZZO,Abrogazione delle nuove norme che consentono la produzione nel territorio di energia elettrica nucleare,"267,876.00",0.00,0.00,"163,237.00",0.00,0.00,"151,908.00","9,150.00","1,648.00",60.94%
,,"Abrogazione di norme della legge 7 aprile 2010, n.51, in materia di legittimo impedimento del Presidente del Consiglio dei Ministri e dei Ministri a comparire in udienza penale, quale risultante a seguito della sentenza n.23 del 2011 della Corte Costituzi","267,876.00",0.00,0.00,"163,156.00",0.00,0.00,"152,422.00","8,172.00","1,986.00",60.91%
,,Determinazione della tariffa del servizio idrico integrato in base all'adeguata remunerazione del capitale investito - Abrogazione parziale di norma,"267,876.00",0.00,0.00,"163,366.00",0.00,0.00,"154,239.00","6,801.00","1,812.00",60.99%
,,Modalita' di affidamento e gestione dei servizi pubblici locali di rilevanza economica - Abrogazione,"267,876.00",0.00,0.00,"163,340.00",0.00,0.00,"152,765.00","7,715.00","2,209.00",60.98%
,AREZZO Total,,"1,071,504.00",0.00,0.00,"653,099.00",0.00,0.00,"611,334.00","31,838.00","7,655.00",60.95%
,FIRENZE,Abrogazione delle nuove norme che consentono la produzione nel territorio di energia elettrica nucleare,"756,681.00",0.00,0.00,"510,943.00",0.00,0.00,"482,902.00","23,187.00","3,436.00",67.52%
,,"Abrogazione di norme della legge 7 aprile 2010, n.51, in materia di legittimo impedimento del Presidente del Consiglio dei Ministri e dei Ministri a comparire in udienza penale, quale risultante a seguito della sentenza n.23 del 2011 della Corte Costituzi","756,681.00",0.00,0.00,"510,960.00",0.00,0.00,"484,828.00","20,631.00","3,972.00",67.53%
,,Determinazione della tariffa del servizio idrico integrato in base all'adeguata remunerazione del capitale investito - Abrogazione parziale di norma,"756,681.00",0.00,0.00,"511,013.00",0.00,0.00,"484,990.00","20,673.00","3,916.00",67.53%
,,Modalita' di affidamento e gestione dei servizi pubblici locali di rilevanza economica - Abrogazione,"756,681.00",0.00,0.00,"510,979.00",0.00,0.00,"483,852.00","21,077.00","4,475.00",67.53%
,FIRENZE Total,,"3,026,724.00",0.00,0.00,"2,043,895.00",0.00,0.00,"1,936,572.00","85,568.00","15,799.00",67.53%
,GROSSETO,Abrogazione delle nuove norme che consentono la produzione nel territorio di energia elettrica nucleare,"179,365.00",0.00,0.00,"108,692.00",0.00,0.00,"102,699.00","4,903.00",720.00,60.60%
,,"Abrogazione di norme della legge 7 aprile 2010, n.51, in materia di legittimo impedimento del Presidente del Consiglio dei Ministri e dei Ministri a comparire in udienza penale, quale risultante a seguito della sentenza n.23 del 2011 della Corte Costituzi","179,365.00",0.00,0.00,"108,576.00",0.00,0.00,"101,949.00","5,106.00","1,103.00",60.53%
,,Determinazione della tariffa del servizio idrico integrato in base all'adeguata remunerazione del capitale investito - Abrogazione parziale di norma,"179,365.00",0.00,0.00,"108,604.00",0.00,0.00,"103,133.00","4,198.00",915.00,60.55%
,,Modalita' di affidamento e gestione dei servizi pubblici locali di rilevanza economica - Abrogazione,"179,365.00",0.00,0.00,"108,607.00",0.00,0.00,"102,448.00","4,579.00","1,171.00",60.55%
,GROSSETO Total,,"717,460.00",0.00,0.00,"434,479.00",0.00,0.00,"410,229.00","18,786.00","3,909.00",60.56%
,LIVORNO,Abrogazione delle nuove norme che consentono la produzione nel territorio di energia elettrica nucleare,"273,133.00",0.00,0.00,"180,017.00",0.00,0.00,"171,405.00","7,249.00",967.00,65.91%
,,"Abrogazione di norme della legge 7 aprile 2010, n.51, in materia di legittimo impedimento del Presidente del Consiglio dei Ministri e dei Ministri a comparire in udienza penale, quale risultante a seguito della sentenza n.23 del 2011 della Corte Costituzi","273,133.00",0.00,0.00,"179,979.00",0.00,0.00,"171,475.00","6,753.00","1,285.00",65.89%
,,Determinazione della tariffa del servizio idrico integrato in base all'adeguata remunerazione del capitale investito - Abrogazione parziale di norma,"273,133.00",0.00,0.00,"179,983.00",0.00,0.00,"172,176.00","6,091.00","1,294.00",65.90%
,,Modalita' di affidamento e gestione dei servizi pubblici locali di rilevanza economica - Abrogazione,"273,133.00",0.00,0.00,"179,969.00",0.00,0.00,"171,125.00","6,845.00","1,520.00",65.89%
,LIVORNO Total,,"1,092,532.00",0.00,0.00,"719,948.00",0.00,0.00,"686,181.00","26,938.00","5,066.00",65.90%
,LUCCA,Abrogazione delle nuove norme che consentono la produzione nel territorio di energia elettrica nucleare,"315,110.00",0.00,0.00,"184,473.00",0.00,0.00,"172,405.00","10,144.00","1,312.00",58.54%
,,"Abrogazione di norme della legge 7 aprile 2010, n.51, in materia di legittimo impedimento del Presidente del Consiglio dei Ministri e dei Ministri a comparire in udienza penale, quale risultante a seguito della sentenza n.23 del 2011 della Corte Costituzi","315,110.00",0.00,0.00,"184,462.00",0.00,0.00,"172,736.00","9,392.00","1,676.00",58.54%
,,Determinazione della tariffa del servizio idrico integrato in base all'adeguata remunerazione del capitale investito - Abrogazione parziale di norma,"315,110.00",0.00,0.00,"184,629.00",0.00,0.00,"175,778.00","6,905.00","1,365.00",58.59%
,,Modalita' di affidamento e gestione dei servizi pubblici locali di rilevanza economica - Abrogazione,"315,110.00",0.00,0.00,"184,593.00",0.00,0.00,"174,518.00","7,668.00","1,743.00",58.58%
,LUCCA Total,,"1,260,440.00",0.00,0.00,"738,157.00",0.00,0.00,"695,437.00","34,109.00","6,096.00",58.56%
,MASSA-CARRARA,Abrogazione delle nuove norme che consentono la produzione nel territorio di energia elettrica nucleare,"164,067.00",0.00,0.00,"99,063.00",0.00,0.00,"93,352.00","4,627.00",702.00,60.38%
,,"Abrogazione di norme della legge 7 aprile 2010, n.51, in materia di legittimo impedimento del Presidente del Consiglio dei Ministri e dei Ministri a comparire in udienza penale, quale risultante a seguito della sentenza n.23 del 2011 della Corte Costituzi","164,067.00",0.00,0.00,"99,015.00",0.00,0.00,"93,379.00","4,330.00",878.00,60.35%
,,Determinazione della tariffa del servizio idrico integrato in base all'adeguata remunerazione del capitale investito - Abrogazione parziale di norma,"164,067.00",0.00,0.00,"99,110.00",0.00,0.00,"94,820.00","3,186.00",722.00,60.41%
,,Modalita' di affidamento e gestione dei servizi pubblici locali di rilevanza economica - Abrogazione,"164,067.00",0.00,0.00,"99,089.00",0.00,0.00,"94,224.00","3,595.00",853.00,60.40%
,MASSA-CARRARA Total,,"656,268.00",0.00,0.00,"396,277.00",0.00,0.00,"375,775.00","15,738.00","3,155.00",60.38%
,PISA,Abrogazione delle nuove norme che consentono la produzione nel territorio di energia elettrica nucleare,"326,300.00",0.00,0.00,"212,319.00",0.00,0.00,"199,452.00","10,537.00","1,692.00",65.07%
,,"Abrogazione di norme della legge 7 aprile 2010, n.51, in materia di legittimo impedimento del Presidente del Consiglio dei Ministri e dei Ministri a comparire in udienza penale, quale risultante a seguito della sentenza n.23 del 2011 della Corte Costituzi","326,300.00",0.00,0.00,"212,398.00",0.00,0.00,"200,240.00","9,514.00","1,961.00",65.09%
,,Determinazione della tariffa del servizio idrico integrato in base all'adeguata remunerazione del capitale investito - Abrogazione parziale di norma,"326,300.00",0.00,0.00,"212,357.00",0.00,0.00,"201,193.00","8,651.00","1,887.00",65.08%
,,Modalita' di affidamento e gestione dei servizi pubblici locali di rilevanza economica - Abrogazione,"326,300.00",0.00,0.00,"212,342.00",0.00,0.00,"199,724.00","9,619.00","2,317.00",65.08%
,PISA Total,,"1,305,200.00",0.00,0.00,"849,416.00",0.00,0.00,"800,609.00","38,321.00","7,857.00",65.08%
,PISTOIA,Abrogazione delle nuove norme che consentono la produzione nel territorio di energia elettrica nucleare,"228,024.00",0.00,0.00,"138,014.00",0.00,0.00,"128,500.00","7,743.00","1,181.00",60.53%
,,"Abrogazione di norme della legge 7 aprile 2010, n.51, in materia di legittimo impedimento del Presidente del Consiglio dei Ministri e dei Ministri a comparire in udienza penale, quale risultante a seguito della sentenza n.23 del 2011 della Corte Costituzi","228,024.00",0.00,0.00,"137,966.00",0.00,0.00,"128,597.00","7,195.00","1,538.00",60.51%
,,Determinazione della tariffa del servizio idrico integrato in base all'adeguata remunerazione del capitale investito - Abrogazione parziale di norma,"228,024.00",0.00,0.00,"138,029.00",0.00,0.00,"129,861.00","6,201.00","1,394.00",60.53%
,,Modalita' di affidamento e gestione dei servizi pubblici locali di rilevanza economica - Abrogazione,"228,024.00",0.00,0.00,"138,012.00",0.00,0.00,"128,933.00","6,775.00","1,642.00",60.53%
,PISTOIA Total,,"912,096.00",0.00,0.00,"552,021.00",0.00,0.00,"515,891.00","27,914.00","5,755.00",60.52%
,PRATO,Abrogazione delle nuove norme che consentono la produzione nel territorio di energia elettrica nucleare,"183,264.00",0.00,0.00,"110,648.00",0.00,0.00,"103,373.00","6,121.00",759.00,60.38%
,,"Abrogazione di norme della legge 7 aprile 2010, n.51, in materia di legittimo impedimento del Presidente del Consiglio dei Ministri e dei Ministri a comparire in udienza penale, quale risultante a seguito della sentenza n.23 del 2011 della Corte Costituzi","183,264.00",0.00,0.00,"110,633.00",0.00,0.00,"104,063.00","5,231.00",923.00,60.37%
,,Determinazione della tariffa del servizio idrico integrato in base all'adeguata remunerazione del capitale investito - Abrogazione parziale di norma,"183,264.00",0.00,0.00,"110,655.00",0.00,0.00,"104,492.00","4,848.00",927.00,60.38%
,,Modalita' di affidamento e gestione dei servizi pubblici locali di rilevanza economica - Abrogazione,"183,264.00",0.00,0.00,"110,630.00",0.00,0.00,"103,737.00","5,378.00","1,062.00",60.37%
,PRATO Total,,"733,056.00",0.00,0.00,"442,566.00",0.00,0.00,"415,665.00","21,578.00","3,671.00",60.37%
,SIENA,Abrogazione delle nuove norme che consentono la produzione nel territorio di energia elettrica nucleare,"208,419.00",0.00,0.00,"138,748.00",0.00,0.00,"130,479.00","6,570.00","1,285.00",66.57%
,,"Abrogazione di norme della legge 7 aprile 2010, n.51, in materia di legittimo impedimento del Presidente del Consiglio dei Ministri e dei Ministri a comparire in udienza penale, quale risultante a seguito della sentenza n.23 del 2011 della Corte Costituzi","208,419.00",0.00,0.00,"138,703.00",0.00,0.00,"130,583.00","6,069.00","1,597.00",66.55%
,,Determinazione della tariffa del servizio idrico integrato in base all'adeguata remunerazione del capitale investito - Abrogazione parziale di norma,"208,419.00",0.00,0.00,"138,776.00",0.00,0.00,"131,410.00","5,556.00","1,429.00",66.59%
,,Modalita' di affidamento e gestione dei servizi pubblici locali di rilevanza economica - Abrogazione,"208,419.00",0.00,0.00,"138,751.00",0.00,0.00,"130,534.00","6,008.00","1,746.00",66.57%
,SIENA Total,,"833,676.00",0.00,0.00,"554,978.00",0.00,0.00,"523,006.00","24,203.00","6,057.00",66.57%
TOSCANA Total,,,"11,608,956.00",0.00,0.00,"7,384,836.00",0.00,0.00,"6,970,699.00","324,993.00","65,020.00",63.61%
TRENTINO-ALTO ADIGE,BOLZANO,Abrogazione delle nuove norme che consentono la produzione nel territorio di energia elettrica nucleare,"375,486.00",0.00,0.00,"250,418.00",0.00,0.00,"241,106.00","7,104.00","1,528.00",66.69%
,,"Abrogazione di norme della legge 7 aprile 2010, n.51, in materia di legittimo impedimento del Presidente del Consiglio dei Ministri e dei Ministri a comparire in udienza penale, quale risultante a seguito della sentenza n.23 del 2011 della Corte Costituzi","375,486.00",0.00,0.00,"250,403.00",0.00,0.00,"241,015.00","6,689.00","1,964.00",66.69%
,,Determinazione della tariffa del servizio idrico integrato in base all'adeguata remunerazione del capitale investito - Abrogazione parziale di norma,"375,486.00",0.00,0.00,"250,486.00",0.00,0.00,"242,515.00","5,656.00","1,650.00",66.71%
,,Modalita' di affidamento e gestione dei servizi pubblici locali di rilevanza economica - Abrogazione,"375,486.00",0.00,0.00,"250,475.00",0.00,0.00,"241,763.00","5,958.00","2,004.00",66.71%
,BOLZANO Total,,"1,501,944.00",0.00,0.00,"1,001,782.00",0.00,0.00,"966,399.00","25,407.00","7,146.00",66.70%
,TRENTO,Abrogazione delle nuove norme che consentono la produzione nel territorio di energia elettrica nucleare,"396,249.00",0.00,0.00,"248,060.00",0.00,0.00,"233,022.00","12,290.00","2,080.00",62.60%
,,"Abrogazione di norme della legge 7 aprile 2010, n.51, in materia di legittimo impedimento del Presidente del Consiglio dei Ministri e dei Ministri a comparire in udienza penale, quale risultante a seguito della sentenza n.23 del 2011 della Corte Costituzi","396,249.00",0.00,0.00,"247,892.00",0.00,0.00,"232,784.00","11,585.00","2,766.00",62.56%
,,Determinazione della tariffa del servizio idrico integrato in base all'adeguata remunerazione del capitale investito - Abrogazione parziale di norma,"396,249.00",0.00,0.00,"248,188.00",0.00,0.00,"237,042.00","8,609.00","1,938.00",62.63%
,,Modalita' di affidamento e gestione dei servizi pubblici locali di rilevanza economica - Abrogazione,"396,249.00",0.00,0.00,"248,180.00",0.00,0.00,"235,114.00","9,604.00","2,690.00",62.63%
,TRENTO Total,,"1,584,996.00",0.00,0.00,"992,320.00",0.00,0.00,"937,962.00","42,088.00","9,474.00",62.61%
TRENTINO-ALTO ADIGE Total,,,"3,086,940.00",0.00,0.00,"1,994,102.00",0.00,0.00,"1,904,361.00","67,495.00","16,620.00",64.60%
UMBRIA,PERUGIA,Abrogazione delle nuove norme che consentono la produzione nel territorio di energia elettrica nucleare,"505,164.00",0.00,0.00,"300,516.00",0.00,0.00,"281,311.00","15,788.00","2,268.00",59.49%
,,"Abrogazione di norme della legge 7 aprile 2010, n.51, in materia di legittimo impedimento del Presidente del Consiglio dei Ministri e dei Ministri a comparire in udienza penale, quale risultante a seguito della sentenza n.23 del 2011 della Corte Costituzi","505,164.00",0.00,0.00,"300,521.00",0.00,0.00,"281,578.00","14,711.00","2,970.00",59.49%
,,Determinazione della tariffa del servizio idrico integrato in base all'adeguata remunerazione del capitale investito - Abrogazione parziale di norma,"505,164.00",0.00,0.00,"300,760.00",0.00,0.00,"285,182.00","11,734.00","2,699.00",59.54%
,,Modalita' di affidamento e gestione dei servizi pubblici locali di rilevanza economica - Abrogazione,"505,164.00",0.00,0.00,"300,680.00",0.00,0.00,"282,399.00","13,630.00","3,352.00",59.52%
,PERUGIA Total,,"2,020,656.00",0.00,0.00,"1,202,477.00",0.00,0.00,"1,130,470.00","55,863.00","11,289.00",59.51%
,TERNI,Abrogazione delle nuove norme che consentono la produzione nel territorio di energia elettrica nucleare,"182,280.00",0.00,0.00,"107,520.00",0.00,0.00,"100,814.00","5,506.00",740.00,58.99%
,,"Abrogazione di norme della legge 7 aprile 2010, n.51, in materia di legittimo impedimento del Presidente del Consiglio dei Ministri e dei Ministri a comparire in udienza penale, quale risultante a seguito della sentenza n.23 del 2011 della Corte Costituzi","182,280.00",0.00,0.00,"107,463.00",0.00,0.00,"100,748.00","5,210.00",976.00,58.95%
,,Determinazione della tariffa del servizio idrico integrato in base all'adeguata remunerazione del capitale investito - Abrogazione parziale di norma,"182,280.00",0.00,0.00,"107,542.00",0.00,0.00,"102,185.00","4,017.00",866.00,59.00%
,,Modalita' di affidamento e gestione dei servizi pubblici locali di rilevanza economica - Abrogazione,"182,280.00",0.00,0.00,"107,499.00",0.00,0.00,"101,185.00","4,625.00","1,152.00",58.97%
,TERNI Total,,"729,120.00",0.00,0.00,"430,024.00",0.00,0.00,"404,932.00","19,358.00","3,734.00",58.98%
UMBRIA Total,,,"2,749,776.00",0.00,0.00,"1,632,501.00",0.00,0.00,"1,535,402.00","75,221.00","15,023.00",59.37%
VALLE D'AOSTA,AOSTA,Abrogazione delle nuove norme che consentono la produzione nel territorio di energia elettrica nucleare,"100,336.00",0.00,0.00,"61,057.00",0.00,0.00,"57,309.00","2,897.00",635.00,60.85%
,,"Abrogazione di norme della legge 7 aprile 2010, n.51, in materia di legittimo impedimento del Presidente del Consiglio dei Ministri e dei Ministri a comparire in udienza penale, quale risultante a seguito della sentenza n.23 del 2011 della Corte Costituzi","100,336.00",0.00,0.00,"61,044.00",0.00,0.00,"57,501.00","2,526.00",805.00,60.84%
,,Determinazione della tariffa del servizio idrico integrato in base all'adeguata remunerazione del capitale investito - Abrogazione parziale di norma,"100,336.00",0.00,0.00,"61,151.00",0.00,0.00,"58,561.00","1,809.00",599.00,60.95%
,,Modalita' di affidamento e gestione dei servizi pubblici locali di rilevanza economica - Abrogazione,"100,336.00",0.00,0.00,"61,142.00",0.00,0.00,"58,128.00","2,058.00",735.00,60.94%
,AOSTA Total,,"401,344.00",0.00,0.00,"244,394.00",0.00,0.00,"231,499.00","9,290.00","2,774.00",60.89%
VALLE D'AOSTA Total,,,"401,344.00",0.00,0.00,"244,394.00",0.00,0.00,"231,499.00","9,290.00","2,774.00",60.89%
VENETO,BELLUNO,Abrogazione delle nuove norme che consentono la produzione nel territorio di energia elettrica nucleare,"170,053.00",0.00,0.00,"98,231.00",0.00,0.00,"90,502.00","6,513.00",910.00,57.76%
,,"Abrogazione di norme della legge 7 aprile 2010, n.51, in materia di legittimo impedimento del Presidente del Consiglio dei Ministri e dei Ministri a comparire in udienza penale, quale risultante a seguito della sentenza n.23 del 2011 della Corte Costituzi","170,053.00",0.00,0.00,"98,113.00",0.00,0.00,"91,062.00","5,408.00","1,257.00",57.70%
,,Determinazione della tariffa del servizio idrico integrato in base all'adeguata remunerazione del capitale investito - Abrogazione parziale di norma,"170,053.00",0.00,0.00,"98,443.00",0.00,0.00,"93,801.00","3,644.00",707.00,57.89%
,,Modalita' di affidamento e gestione dei servizi pubblici locali di rilevanza economica - Abrogazione,"170,053.00",0.00,0.00,"98,507.00",0.00,0.00,"93,222.00","3,986.00",996.00,57.93%
,BELLUNO Total,,"680,212.00",0.00,0.00,"393,294.00",0.00,0.00,"368,587.00","19,551.00","3,870.00",57.82%
,PADOVA,Abrogazione delle nuove norme che consentono la produzione nel territorio di energia elettrica nucleare,"708,357.00",0.00,0.00,"432,498.00",0.00,0.00,"400,022.00","27,469.00","3,646.00",61.06%
,,"Abrogazione di norme della legge 7 aprile 2010, n.51, in materia di legittimo impedimento del Presidente del Consiglio dei Ministri e dei Ministri a comparire in udienza penale, quale risultante a seguito della sentenza n.23 del 2011 della Corte Costituzi","708,357.00",0.00,0.00,"432,250.00",0.00,0.00,"397,679.00","27,977.00","5,034.00",61.02%
,,Determinazione della tariffa del servizio idrico integrato in base all'adeguata remunerazione del capitale investito - Abrogazione parziale di norma,"708,357.00",0.00,0.00,"432,808.00",0.00,0.00,"406,239.00","21,357.00","3,906.00",61.10%
,,Modalita' di affidamento e gestione dei servizi pubblici locali di rilevanza economica - Abrogazione,"708,357.00",0.00,0.00,"432,727.00",0.00,0.00,"401,943.00","23,967.00","5,273.00",61.09%
,PADOVA Total,,"2,833,428.00",0.00,0.00,"1,730,283.00",0.00,0.00,"1,605,883.00","100,770.00","17,859.00",61.07%
,ROVIGO,Abrogazione delle nuove norme che consentono la produzione nel territorio di energia elettrica nucleare,"199,745.00",0.00,0.00,"113,528.00",0.00,0.00,"104,184.00","7,668.00","1,257.00",56.84%
,,"Abrogazione di norme della legge 7 aprile 2010, n.51, in materia di legittimo impedimento del Presidente del Consiglio dei Ministri e dei Ministri a comparire in udienza penale, quale risultante a seguito della sentenza n.23 del 2011 della Corte Costituzi","199,745.00",0.00,0.00,"113,424.00",0.00,0.00,"104,258.00","7,040.00","1,625.00",56.78%
,,Determinazione della tariffa del servizio idrico integrato in base all'adeguata remunerazione del capitale investito - Abrogazione parziale di norma,"199,745.00",0.00,0.00,"113,507.00",0.00,0.00,"105,598.00","6,048.00","1,431.00",56.83%
,,Modalita' di affidamento e gestione dei servizi pubblici locali di rilevanza economica - Abrogazione,"199,745.00",0.00,0.00,"113,496.00",0.00,0.00,"104,599.00","6,728.00","1,697.00",56.82%
,ROVIGO Total,,"798,980.00",0.00,0.00,"453,955.00",0.00,0.00,"418,639.00","27,484.00","6,010.00",56.82%
,TREVISO,Abrogazione delle nuove norme che consentono la produzione nel territorio di energia elettrica nucleare,"654,639.00",0.00,0.00,"385,568.00",0.00,0.00,"356,130.00","25,283.00","2,977.00",58.90%
,,"Abrogazione di norme della legge 7 aprile 2010, n.51, in materia di legittimo impedimento del Presidente del Consiglio dei Ministri e dei Ministri a comparire in udienza penale, quale risultante a seguito della sentenza n.23 del 2011 della Corte Costituzi","654,639.00",0.00,0.00,"385,144.00",0.00,0.00,"354,213.00","25,004.00","4,699.00",58.83%
,,Determinazione della tariffa del servizio idrico integrato in base all'adeguata remunerazione del capitale investito - Abrogazione parziale di norma,"654,639.00",0.00,0.00,"385,870.00",0.00,0.00,"363,258.00","18,395.00","3,246.00",58.94%
,,Modalita' di affidamento e gestione dei servizi pubblici locali di rilevanza economica - Abrogazione,"654,639.00",0.00,0.00,"385,808.00",0.00,0.00,"359,017.00","20,950.00","4,621.00",58.93%
,TREVISO Total,,"2,618,556.00",0.00,0.00,"1,542,390.00",0.00,0.00,"1,432,618.00","89,632.00","15,543.00",58.90%
,VENEZIA,Abrogazione delle nuove norme che consentono la produzione nel territorio di energia elettrica nucleare,"669,173.00",0.00,0.00,"402,661.00",0.00,0.00,"377,066.00","21,927.00","2,519.00",60.17%
,,"Abrogazione di norme della legge 7 aprile 2010, n.51, in materia di legittimo impedimento del Presidente del Consiglio dei Ministri e dei Ministri a comparire in udienza penale, quale risultante a seguito della sentenza n.23 del 2011 della Corte Costituzi","669,173.00",0.00,0.00,"402,291.00",0.00,0.00,"375,067.00","22,230.00","3,632.00",60.12%
,,Determinazione della tariffa del servizio idrico integrato in base all'adeguata remunerazione del capitale investito - Abrogazione parziale di norma,"669,173.00",0.00,0.00,"402,813.00",0.00,0.00,"381,651.00","17,303.00","2,665.00",60.20%
,,Modalita' di affidamento e gestione dei servizi pubblici locali di rilevanza economica - Abrogazione,"669,173.00",0.00,0.00,"402,730.00",0.00,0.00,"378,731.00","18,948.00","3,658.00",60.18%
,VENEZIA Total,,"2,676,692.00",0.00,0.00,"1,610,495.00",0.00,0.00,"1,512,515.00","80,408.00","12,474.00",60.17%
,VERONA,Abrogazione delle nuove norme che consentono la produzione nel territorio di energia elettrica nucleare,"679,636.00",0.00,0.00,"378,459.00",0.00,0.00,"348,184.00","25,633.00","3,419.00",55.69%
,,"Abrogazione di norme della legge 7 aprile 2010, n.51, in materia di legittimo impedimento del Presidente del Consiglio dei Ministri e dei Ministri a comparire in udienza penale, quale risultante a seguito della sentenza n.23 del 2011 della Corte Costituzi","679,636.00",0.00,0.00,"378,162.00",0.00,0.00,"347,745.00","24,165.00","4,850.00",55.64%
,,Determinazione della tariffa del servizio idrico integrato in base all'adeguata remunerazione del capitale investito - Abrogazione parziale di norma,"679,636.00",0.00,0.00,"378,985.00",0.00,0.00,"356,814.00","17,484.00","3,579.00",55.76%
,,Modalita' di affidamento e gestione dei servizi pubblici locali di rilevanza economica - Abrogazione,"679,636.00",0.00,0.00,"378,879.00",0.00,0.00,"352,387.00","20,350.00","4,834.00",55.75%
,VERONA Total,,"2,718,544.00",0.00,0.00,"1,514,485.00",0.00,0.00,"1,405,130.00","87,632.00","16,682.00",55.71%
,VICENZA,Abrogazione delle nuove norme che consentono la produzione nel territorio di energia elettrica nucleare,"641,507.00",0.00,0.00,"381,534.00",0.00,0.00,"351,338.00","25,580.00","3,462.00",59.47%
,,"Abrogazione di norme della legge 7 aprile 2010, n.51, in materia di legittimo impedimento del Presidente del Consiglio dei Ministri e dei Ministri a comparire in udienza penale, quale risultante a seguito della sentenza n.23 del 2011 della Corte Costituzi","641,507.00",0.00,0.00,"381,305.00",0.00,0.00,"351,619.00","23,682.00","4,665.00",59.44%
,,Determinazione della tariffa del servizio idrico integrato in base all'adeguata remunerazione del capitale investito - Abrogazione parziale di norma,"641,507.00",0.00,0.00,"381,819.00",0.00,0.00,"359,047.00","18,197.00","3,461.00",59.52%
,,Modalita' di affidamento e gestione dei servizi pubblici locali di rilevanza economica - Abrogazione,"641,507.00",0.00,0.00,"381,750.00",0.00,0.00,"355,236.00","20,402.00","4,791.00",59.51%
,VICENZA Total,,"2,566,028.00",0.00,0.00,"1,526,408.00",0.00,0.00,"1,417,240.00","87,861.00","16,379.00",59.49%
VENETO Total,,,"14,892,440.00",0.00,0.00,"8,771,310.00",0.00,0.00,"8,160,612.00","493,338.00","88,817.00",58.90%
Grand Total,,,"188,469,824.00",0.00,0.00,"107,478,948.00",0.00,0.00,"101,421,854.00","4,762,435.00","910,163.00",57.03%