REGIONE,PROVINCIA,QUESITO,SUM of ELETTORI_TOT,SUM of ELETTORI_M,SUM of ELETTORI_F,SUM of VOTANTI,SUM of VOTANTI_M,SUM of VOTANTI_F,SUM of VOTI_SI,SUM of VOTI_NO,SUM of SKBIANCHE,AFFLUENZA
ABRUZZO,CHIETI,Custodia cautelare o carcerazione preventiva,"611,196.00","296,604.00","314,592.00","146,156.00","75,286.00","70,870.00","75,092.00","55,456.00","12,282.00",11.78%
,,Elezione del Consiglio Superiore della Magistratura (CSM),"305,598.00","148,302.00","157,296.00","73,107.00","37,650.00","35,457.00","36,668.00","29,091.00","5,689.00",11.74%
,,Provvedimenti per combattere la corruzione nell’amministrazione pubblica,"305,598.00","148,302.00","157,296.00","73,066.00","37,637.00","35,429.00","46,390.00","18,271.00","6,656.00",11.78%
,,Separazione delle funzioni tra pubblici ministeri dell’accusa e magistrati che giudicano,"305,598.00","148,302.00","157,296.00","73,093.00","37,654.00","35,439.00","48,653.00","16,672.00","6,115.00",11.78%
,,Valutazione dei magistrati,"305,598.00","148,302.00","157,296.00","73,075.00","37,637.00","35,438.00","47,042.00","17,965.00","6,136.00",11.78%
,CHIETI Total,,"1,833,588.00","889,812.00","943,776.00","438,497.00","225,864.00","212,633.00","253,845.00","137,455.00","36,878.00",11.74%
,L'AQUILA,Custodia cautelare o carcerazione preventiva,"461,088.00","226,542.00","234,546.00","141,242.00","71,428.00","69,814.00","73,606.00","53,192.00","11,492.00",21.43%
,,Elezione del Consiglio Superiore della Magistratura (CSM),"230,544.00","113,271.00","117,273.00","70,646.00","35,725.00","34,921.00","35,757.00","28,196.00","5,293.00",20.59%
,,Provvedimenti per combattere la corruzione nell’amministrazione pubblica,"230,544.00","113,271.00","117,273.00","70,596.00","35,716.00","34,880.00","44,778.00","17,903.00","6,307.00",21.01%
,,Separazione delle funzioni tra pubblici ministeri dell’accusa e magistrati che giudicano,"230,544.00","113,271.00","117,273.00","70,673.00","35,780.00","34,893.00","47,370.00","16,189.00","5,519.00",21.43%
,,Valutazione dei magistrati,"230,544.00","113,271.00","117,273.00","70,604.00","35,725.00","34,879.00","45,724.00","17,290.00","6,039.00",21.85%
,L'AQUILA Total,,"1,383,264.00","679,626.00","703,638.00","423,761.00","214,374.00","209,387.00","247,235.00","132,770.00","34,650.00",20.59%
,PESCARA,Custodia cautelare o carcerazione preventiva,"506,542.00","243,138.00","263,404.00","89,584.00","45,574.00","44,010.00","48,012.00","35,834.00","4,292.00",26.92%
,,Elezione del Consiglio Superiore della Magistratura (CSM),"253,271.00","121,569.00","131,702.00","44,792.00","22,797.00","21,995.00","23,092.00","19,067.00","1,929.00",26.92%
,,Provvedimenti per combattere la corruzione nell’amministrazione pubblica,"253,271.00","121,569.00","131,702.00","44,803.00","22,797.00","22,006.00","30,512.00","10,880.00","2,587.00",26.92%
,,Separazione delle funzioni tra pubblici ministeri dell’accusa e magistrati che giudicano,"253,271.00","121,569.00","131,702.00","44,822.00","22,803.00","22,019.00","32,022.00","9,923.00","2,167.00",26.92%
,,Valutazione dei magistrati,"253,271.00","121,569.00","131,702.00","44,813.00","22,799.00","22,014.00","30,890.00","10,756.00","2,353.00",26.92%
,PESCARA Total,,"1,519,626.00","729,414.00","790,212.00","268,814.00","136,770.00","132,044.00","164,528.00","86,460.00","13,328.00",26.92%
,TERAMO,Custodia cautelare o carcerazione preventiva,"477,838.00","232,696.00","245,142.00","81,072.00","42,286.00","38,786.00","46,588.00","28,634.00","4,584.00",14.49%
,,Elezione del Consiglio Superiore della Magistratura (CSM),"238,919.00","116,348.00","122,571.00","40,540.00","21,147.00","19,393.00","22,403.00","15,466.00","2,012.00",14.49%
,,Provvedimenti per combattere la corruzione nell’amministrazione pubblica,"238,919.00","116,348.00","122,571.00","40,543.00","21,146.00","19,397.00","28,415.00","8,914.00","2,559.00",14.49%
,,Separazione delle funzioni tra pubblici ministeri dell’accusa e magistrati che giudicano,"238,919.00","116,348.00","122,571.00","40,549.00","21,149.00","19,400.00","29,579.00","8,084.00","2,251.00",14.49%
,,Valutazione dei magistrati,"238,919.00","116,348.00","122,571.00","40,544.00","21,144.00","19,400.00","28,794.00","8,674.00","2,406.00",14.49%
,TERAMO Total,,"1,433,514.00","698,088.00","735,426.00","243,248.00","126,872.00","116,376.00","155,779.00","69,772.00","13,812.00",14.49%
ABRUZZO Total,,,"6,169,992.00","2,996,940.00","3,173,052.00","1,374,320.00","703,880.00","670,440.00","821,387.00","426,457.00","98,668.00",11.74%
BASILICATA,MATERA,Custodia cautelare o carcerazione preventiva,"309,622.00","150,566.00","159,056.00","51,084.00","27,118.00","23,966.00","24,964.00","20,204.00","4,576.00",9.17%
,,Elezione del Consiglio Superiore della Magistratura (CSM),"154,811.00","75,283.00","79,528.00","25,542.00","13,557.00","11,985.00","12,045.00","10,580.00","2,286.00",9.17%
,,Provvedimenti per combattere la corruzione nell’amministrazione pubblica,"154,811.00","75,283.00","79,528.00","25,535.00","13,556.00","11,979.00","15,278.00","6,961.00","2,607.00",9.17%
,,Separazione delle funzioni tra pubblici ministeri dell’accusa e magistrati che giudicano,"154,811.00","75,283.00","79,528.00","25,548.00","13,562.00","11,986.00","16,177.00","6,389.00","2,330.00",9.17%
,,Valutazione dei magistrati,"154,811.00","75,283.00","79,528.00","25,542.00","13,569.00","11,973.00","15,576.00","6,720.00","2,553.00",9.17%
,MATERA Total,,"928,866.00","451,698.00","477,168.00","153,251.00","81,362.00","71,889.00","84,040.00","50,854.00","14,352.00",9.17%
,POTENZA,Custodia cautelare o carcerazione preventiva,"586,158.00","285,796.00","300,362.00","99,076.00","52,914.00","46,162.00","51,242.00","36,442.00","9,196.00",63.90%
,,Elezione del Consiglio Superiore della Magistratura (CSM),"293,079.00","142,898.00","150,181.00","49,558.00","26,464.00","23,094.00","24,125.00","19,980.00","4,385.00",63.90%
,,Provvedimenti per combattere la corruzione nell’amministrazione pubblica,"293,079.00","142,898.00","150,181.00","49,523.00","26,457.00","23,066.00","30,646.00","12,732.00","5,019.00",63.90%
,,Separazione delle funzioni tra pubblici ministeri dell’accusa e magistrati che giudicano,"293,079.00","142,898.00","150,181.00","49,539.00","26,457.00","23,082.00","32,037.00","11,665.00","4,746.00",63.90%
,,Valutazione dei magistrati,"293,079.00","142,898.00","150,181.00","49,523.00","26,457.00","23,066.00","30,973.00","12,487.00","4,791.00",63.90%
,POTENZA Total,,"1,758,474.00","857,388.00","901,086.00","297,219.00","158,749.00","138,470.00","169,023.00","93,306.00","28,137.00",63.90%
BASILICATA Total,,,"2,687,340.00","1,309,086.00","1,378,254.00","450,470.00","240,111.00","210,359.00","253,063.00","144,160.00","42,489.00",9.17%
CALABRIA,CATANZARO,Custodia cautelare o carcerazione preventiva,"559,484.00","269,322.00","290,162.00","153,402.00","78,280.00","75,122.00","71,408.00","59,160.00","19,468.00",11.25%
,,Elezione del Consiglio Superiore della Magistratura (CSM),"279,742.00","134,661.00","145,081.00","76,696.00","39,191.00","37,505.00","34,074.00","31,739.00","9,243.00",11.25%
,,Provvedimenti per combattere la corruzione nell’amministrazione pubblica,"279,742.00","134,661.00","145,081.00","76,707.00","39,184.00","37,523.00","42,281.00","22,571.00","10,076.00",11.25%
,,Separazione delle funzioni tra pubblici ministeri dell’accusa e magistrati che giudicano,"279,742.00","134,661.00","145,081.00","76,706.00","39,215.00","37,491.00","44,479.00","20,773.00","9,745.00",11.25%
,,Valutazione dei magistrati,"279,742.00","134,661.00","145,081.00","76,694.00","39,143.00","37,551.00","43,911.00","21,277.00","9,782.00",11.25%
,CATANZARO Total,,"1,678,452.00","807,966.00","870,486.00","460,205.00","235,013.00","225,192.00","236,153.00","155,520.00","58,314.00",11.25%
,COSENZA,Custodia cautelare o carcerazione preventiva,"1,109,316.00","538,108.00","571,208.00","196,608.00","102,408.00","94,200.00","91,972.00","73,130.00","26,390.00",13.73%
,,Elezione del Consiglio Superiore della Magistratura (CSM),"554,658.00","269,054.00","285,604.00","98,291.00","51,202.00","47,089.00","43,989.00","39,012.00","12,722.00",13.73%
,,Provvedimenti per combattere la corruzione nell’amministrazione pubblica,"554,658.00","269,054.00","285,604.00","98,293.00","51,191.00","47,102.00","54,583.00","27,204.00","13,776.00",13.73%
,,Separazione delle funzioni tra pubblici ministeri dell’accusa e magistrati che giudicano,"554,658.00","269,054.00","285,604.00","98,340.00","51,214.00","47,126.00","57,539.00","25,314.00","12,885.00",13.73%
,,Valutazione dei magistrati,"554,658.00","269,054.00","285,604.00","98,310.00","51,217.00","47,093.00","55,750.00","26,462.00","13,418.00",13.73%
,COSENZA Total,,"3,327,948.00","1,614,324.00","1,713,624.00","589,842.00","307,232.00","282,610.00","303,833.00","191,122.00","79,191.00",13.73%
,CROTONE,Custodia cautelare o carcerazione preventiva,"258,358.00","124,838.00","133,520.00","28,546.00","15,374.00","13,172.00","16,368.00","8,414.00","3,392.00",5.10%
,,Elezione del Consiglio Superiore della Magistratura (CSM),"129,179.00","62,419.00","66,760.00","14,274.00","7,687.00","6,587.00","7,725.00","4,693.00","1,677.00",5.10%
,,Provvedimenti per combattere la corruzione nell’amministrazione pubblica,"129,179.00","62,419.00","66,760.00","14,275.00","7,688.00","6,587.00","9,374.00","2,970.00","1,724.00",5.10%
,,Separazione delle funzioni tra pubblici ministeri dell’accusa e magistrati che giudicano,"129,179.00","62,419.00","66,760.00","14,274.00","7,687.00","6,587.00","9,628.00","2,768.00","1,694.00",5.10%
,,Valutazione dei magistrati,"129,179.00","62,419.00","66,760.00","14,275.00","7,688.00","6,587.00","9,563.00","2,836.00","1,685.00",5.10%
,CROTONE Total,,"775,074.00","374,514.00","400,560.00","85,644.00","46,124.00","39,520.00","52,658.00","21,681.00","10,172.00",5.10%
,REGGIO CALABRIA,Custodia cautelare o carcerazione preventiva,"826,566.00","394,088.00","432,478.00","173,698.00","88,852.00","84,846.00","108,568.00","46,028.00","15,840.00",21.77%
,,Elezione del Consiglio Superiore della Magistratura (CSM),"413,283.00","197,044.00","216,239.00","86,911.00","44,447.00","42,464.00","51,398.00","26,327.00","7,611.00",21.77%
,,Provvedimenti per combattere la corruzione nell’amministrazione pubblica,"413,283.00","197,044.00","216,239.00","86,803.00","44,401.00","42,402.00","60,466.00","16,392.00","8,275.00",21.77%
,,Separazione delle funzioni tra pubblici ministeri dell’accusa e magistrati che giudicano,"413,283.00","197,044.00","216,239.00","86,827.00","44,428.00","42,399.00","62,308.00","15,045.00","7,851.00",21.77%
,,Valutazione dei magistrati,"413,283.00","197,044.00","216,239.00","86,843.00","44,431.00","42,412.00","61,453.00","15,824.00","7,923.00",21.77%
,REGGIO CALABRIA Total,,"2,479,698.00","1,182,264.00","1,297,434.00","521,082.00","266,559.00","254,523.00","344,193.00","119,616.00","47,500.00",21.77%
,VIBO VALENTIA,Custodia cautelare o carcerazione preventiva,"246,014.00","120,696.00","125,318.00","48,652.00","25,326.00","23,326.00","25,590.00","15,572.00","6,546.00",7.69%
,,Elezione del Consiglio Superiore della Magistratura (CSM),"123,007.00","60,348.00","62,659.00","24,326.00","12,656.00","11,670.00","12,288.00","8,444.00","3,125.00",7.69%
,,Provvedimenti per combattere la corruzione nell’amministrazione pubblica,"123,007.00","60,348.00","62,659.00","24,322.00","12,662.00","11,660.00","14,567.00","5,888.00","3,392.00",7.69%
,,Separazione delle funzioni tra pubblici ministeri dell’accusa e magistrati che giudicano,"123,007.00","60,348.00","62,659.00","24,329.00","12,667.00","11,662.00","15,202.00","5,412.00","3,259.00",7.69%
,,Valutazione dei magistrati,"123,007.00","60,348.00","62,659.00","24,323.00","12,661.00","11,662.00","14,709.00","5,884.00","3,263.00",7.69%
,VIBO VALENTIA Total,,"738,042.00","362,088.00","375,954.00","145,952.00","75,972.00","69,980.00","82,356.00","41,200.00","19,585.00",7.69%
CALABRIA Total,,,"8,999,214.00","4,341,156.00","4,658,058.00","1,802,725.00","930,900.00","871,825.00","1,019,193.00","529,139.00","214,762.00",11.25%
CAMPANIA,AVELLINO,Custodia cautelare o carcerazione preventiva,"669,464.00","326,784.00","342,680.00","137,208.00","72,092.00","65,116.00","63,592.00","53,008.00","18,382.00",13.13%
,,Elezione del Consiglio Superiore della Magistratura (CSM),"334,732.00","163,392.00","171,340.00","68,610.00","36,040.00","32,570.00","30,529.00","28,374.00","8,387.00",13.13%
,,Provvedimenti per combattere la corruzione nell’amministrazione pubblica,"334,732.00","163,392.00","171,340.00","68,602.00","36,040.00","32,562.00","39,674.00","17,936.00","9,798.00",13.13%
,,Separazione delle funzioni tra pubblici ministeri dell’accusa e magistrati che giudicano,"334,732.00","163,392.00","171,340.00","68,607.00","36,046.00","32,561.00","41,703.00","16,507.00","9,291.00",13.13%
,,Valutazione dei magistrati,"334,732.00","163,392.00","171,340.00","68,596.00","36,039.00","32,557.00","40,379.00","17,425.00","9,625.00",13.13%
,AVELLINO Total,,"2,008,392.00","980,352.00","1,028,040.00","411,623.00","216,257.00","195,366.00","215,877.00","133,250.00","55,483.00",13.13%
,BENEVENTO,Custodia cautelare o carcerazione preventiva,"441,658.00","214,002.00","227,656.00","72,618.00","38,586.00","34,032.00","36,366.00","26,838.00","8,110.00",12.15%
,,Elezione del Consiglio Superiore della Magistratura (CSM),"220,829.00","107,001.00","113,828.00","36,305.00","19,296.00","17,009.00","17,443.00","14,449.00","3,746.00",12.15%
,,Provvedimenti per combattere la corruzione nell’amministrazione pubblica,"220,829.00","107,001.00","113,828.00","36,298.00","19,291.00","17,007.00","22,329.00","8,955.00","4,324.00",12.15%
,,Separazione delle funzioni tra pubblici ministeri dell’accusa e magistrati che giudicano,"220,829.00","107,001.00","113,828.00","36,305.00","19,298.00","17,007.00","23,503.00","8,045.00","4,077.00",12.15%
,,Valutazione dei magistrati,"220,829.00","107,001.00","113,828.00","36,299.00","19,294.00","17,005.00","22,843.00","8,529.00","4,225.00",12.15%
,BENEVENTO Total,,"1,324,974.00","642,006.00","682,968.00","217,825.00","115,765.00","102,060.00","122,484.00","66,816.00","24,482.00",12.15%
,CASERTA,Custodia cautelare o carcerazione preventiva,"1,432,198.00","688,898.00","743,300.00","246,394.00","127,458.00","118,936.00","118,588.00","90,970.00","32,882.00",11.48%
,,Elezione del Consiglio Superiore della Magistratura (CSM),"716,099.00","344,449.00","371,650.00","123,212.00","63,729.00","59,483.00","56,885.00","48,825.00","15,566.00",11.48%
,,Provvedimenti per combattere la corruzione nell’amministrazione pubblica,"716,099.00","344,449.00","371,650.00","123,204.00","63,727.00","59,477.00","72,904.00","31,017.00","17,102.00",11.48%
,,Separazione delle funzioni tra pubblici ministeri dell’accusa e magistrati che giudicano,"716,099.00","344,449.00","371,650.00","123,217.00","63,742.00","59,475.00","76,541.00","28,023.00","16,539.00",11.48%
,,Valutazione dei magistrati,"716,099.00","344,449.00","371,650.00","123,215.00","63,740.00","59,475.00","74,583.00","29,935.00","16,626.00",11.48%
,CASERTA Total,,"4,296,594.00","2,066,694.00","2,229,900.00","739,242.00","382,396.00","356,846.00","399,501.00","228,770.00","98,715.00",11.48%
,NAPOLI,Custodia cautelare o carcerazione preventiva,"4,775,074.00","2,275,202.00","2,499,872.00","705,496.00","359,980.00","345,516.00","296,344.00","302,832.00","92,930.00",71.26%
,,Elezione del Consiglio Superiore della Magistratura (CSM),"2,387,537.00","1,137,601.00","1,249,936.00","352,775.00","180,014.00","172,761.00","141,279.00","160,777.00","44,176.00",71.30%
,,Provvedimenti per combattere la corruzione nell’amministrazione pubblica,"2,387,537.00","1,137,601.00","1,249,936.00","352,785.00","180,000.00","172,785.00","191,211.00","105,728.00","48,428.00",71.30%
,,Separazione delle funzioni tra pubblici ministeri dell’accusa e magistrati che giudicano,"2,387,537.00","1,137,601.00","1,249,936.00","352,826.00","180,000.00","172,826.00","199,721.00","99,122.00","46,618.00",71.31%
,,Valutazione dei magistrati,"2,387,537.00","1,137,601.00","1,249,936.00","352,782.00","179,994.00","172,788.00","195,732.00","103,303.00","46,579.00",71.32%
,NAPOLI Total,,"14,325,222.00","6,825,606.00","7,499,616.00","2,116,664.00","1,079,988.00","1,036,676.00","1,024,287.00","771,762.00","278,731.00",71.30%
,SALERNO,Custodia cautelare o carcerazione preventiva,"1,722,300.00","835,244.00","887,056.00","368,020.00","190,626.00","177,394.00","176,658.00","138,380.00","46,074.00",65.02%
,,Elezione del Consiglio Superiore della Magistratura (CSM),"861,150.00","417,622.00","443,528.00","183,984.00","95,284.00","88,700.00","84,652.00","73,757.00","22,135.00",65.02%
,,Provvedimenti per combattere la corruzione nell’amministrazione pubblica,"861,150.00","417,622.00","443,528.00","184,006.00","95,307.00","88,699.00","108,771.00","47,573.00","23,974.00",65.02%
,,Separazione delle funzioni tra pubblici ministeri dell’accusa e magistrati che giudicano,"861,150.00","417,622.00","443,528.00","184,015.00","95,315.00","88,700.00","113,940.00","43,819.00","22,784.00",65.17%
,,Valutazione dei magistrati,"861,150.00","417,622.00","443,528.00","184,002.00","95,313.00","88,689.00","110,523.00","45,976.00","23,668.00",65.07%
,SALERNO Total,,"5,166,900.00","2,505,732.00","2,661,168.00","1,104,027.00","571,845.00","532,182.00","594,544.00","349,505.00","138,635.00",65.02%
CAMPANIA Total,,,"27,122,082.00","13,020,390.00","14,101,692.00","4,589,381.00","2,366,251.00","2,223,130.00","2,356,693.00","1,550,103.00","596,046.00",13.13%
EMILIA-ROMAGNA,BOLOGNA,Custodia cautelare o carcerazione preventiva,"1,533,640.00","739,444.00","794,196.00","276,838.00","137,810.00","139,028.00","133,978.00","133,540.00","6,182.00",14.82%
,,Elezione del Consiglio Superiore della Magistratura (CSM),"766,820.00","369,722.00","397,098.00","138,463.00","68,927.00","69,536.00","63,906.00","70,656.00","2,426.00",14.80%
,,Provvedimenti per combattere la corruzione nell’amministrazione pubblica,"766,820.00","369,722.00","397,098.00","138,284.00","68,869.00","69,415.00","90,749.00","41,210.00","4,415.00",14.83%
,,Separazione delle funzioni tra pubblici ministeri dell’accusa e magistrati che giudicano,"766,820.00","369,722.00","397,098.00","138,364.00","68,906.00","69,458.00","93,644.00","39,540.00","3,449.00",14.85%
,,Valutazione dei magistrati,"766,820.00","369,722.00","397,098.00","138,305.00","68,890.00","69,415.00","91,459.00","40,702.00","4,231.00",14.83%
,BOLOGNA Total,,"4,600,920.00","2,218,332.00","2,382,588.00","830,254.00","413,402.00","416,852.00","473,736.00","325,648.00","20,703.00",14.80%
,FERRARA,Custodia cautelare o carcerazione preventiva,"538,416.00","259,130.00","279,286.00","109,120.00","55,462.00","53,658.00","61,498.00","43,804.00","2,640.00",19.63%
,,Elezione del Consiglio Superiore della Magistratura (CSM),"269,208.00","129,565.00","139,643.00","54,572.00","27,735.00","26,837.00","29,515.00","23,371.00","1,152.00",19.63%
,,Provvedimenti per combattere la corruzione nell’amministrazione pubblica,"269,208.00","129,565.00","139,643.00","54,558.00","27,742.00","26,816.00","39,201.00","12,918.00","1,749.00",19.63%
,,Separazione delle funzioni tra pubblici ministeri dell’accusa e magistrati che giudicano,"269,208.00","129,565.00","139,643.00","54,564.00","27,741.00","26,823.00","40,461.00","12,033.00","1,450.00",19.63%
,,Valutazione dei magistrati,"269,208.00","129,565.00","139,643.00","54,547.00","27,737.00","26,810.00","39,392.00","12,783.00","1,709.00",19.63%
,FERRARA Total,,"1,615,248.00","777,390.00","837,858.00","327,361.00","166,417.00","160,944.00","210,067.00","104,909.00","8,700.00",19.63%
,FORLI'-CESENA,Custodia cautelare o carcerazione preventiva,"593,434.00","287,878.00","305,556.00","106,916.00","54,622.00","52,294.00","59,804.00","43,180.00","2,574.00",15.55%
,,Elezione del Consiglio Superiore della Magistratura (CSM),"296,717.00","143,939.00","152,778.00","53,513.00","27,337.00","26,176.00","28,839.00","22,863.00","1,179.00",15.55%
,,Provvedimenti per combattere la corruzione nell’amministrazione pubblica,"296,717.00","143,939.00","152,778.00","53,444.00","27,305.00","26,139.00","38,236.00","12,781.00","1,625.00",15.52%
,,Separazione delle funzioni tra pubblici ministeri dell’accusa e magistrati che giudicano,"296,717.00","143,939.00","152,778.00","53,482.00","27,327.00","26,155.00","39,366.00","12,053.00","1,362.00",15.55%
,,Valutazione dei magistrati,"296,717.00","143,939.00","152,778.00","53,458.00","27,317.00","26,141.00","38,531.00","12,548.00","1,574.00",15.52%
,FORLI'-CESENA Total,,"1,780,302.00","863,634.00","916,668.00","320,813.00","163,908.00","156,905.00","204,776.00","103,425.00","8,314.00",15.55%
,MODENA,Custodia cautelare o carcerazione preventiva,"1,037,716.00","507,210.00","530,506.00","206,986.00","104,184.00","102,802.00","104,086.00","95,008.00","5,804.00",18.32%
,,Elezione del Consiglio Superiore della Magistratura (CSM),"518,858.00","253,605.00","265,253.00","103,523.00","52,107.00","51,416.00","49,974.00","50,172.00","2,381.00",18.32%
,,Provvedimenti per combattere la corruzione nell’amministrazione pubblica,"518,858.00","253,605.00","265,253.00","103,419.00","52,082.00","51,337.00","69,227.00","29,182.00","3,775.00",18.26%
,,Separazione delle funzioni tra pubblici ministeri dell’accusa e magistrati che giudicano,"518,858.00","253,605.00","265,253.00","103,484.00","52,104.00","51,380.00","71,441.00","27,867.00","3,065.00",18.26%
,,Valutazione dei magistrati,"518,858.00","253,605.00","265,253.00","103,437.00","52,081.00","51,356.00","69,534.00","29,127.00","3,595.00",18.26%
,MODENA Total,,"3,113,148.00","1,521,630.00","1,591,518.00","620,849.00","312,558.00","308,291.00","364,262.00","231,356.00","18,620.00",18.32%
,PARMA,Custodia cautelare o carcerazione preventiva,"657,292.00","319,480.00","337,812.00","202,406.00","99,616.00","102,790.00","93,912.00","94,204.00","11,404.00",17.24%
,,Elezione del Consiglio Superiore della Magistratura (CSM),"328,646.00","159,740.00","168,906.00","101,340.00","49,908.00","51,432.00","45,413.00","49,611.00","4,964.00",17.24%
,,Provvedimenti per combattere la corruzione nell’amministrazione pubblica,"328,646.00","159,740.00","168,906.00","101,079.00","49,874.00","51,205.00","62,392.00","30,205.00","6,874.00",17.24%
,,Separazione delle funzioni tra pubblici ministeri dell’accusa e magistrati che giudicano,"328,646.00","159,740.00","168,906.00","101,189.00","49,808.00","51,381.00","65,260.00","28,482.00","5,952.00",17.24%
,,Valutazione dei magistrati,"328,646.00","159,740.00","168,906.00","101,093.00","49,823.00","51,270.00","62,953.00","30,142.00","6,476.00",17.24%
,PARMA Total,,"1,971,876.00","958,440.00","1,013,436.00","607,107.00","299,029.00","308,078.00","329,930.00","232,644.00","35,670.00",17.24%
,PIACENZA,Custodia cautelare o carcerazione preventiva,"418,340.00","203,660.00","214,680.00","132,380.00","65,692.00","66,688.00","68,534.00","53,492.00","8,194.00",21.26%
,,Elezione del Consiglio Superiore della Magistratura (CSM),"209,170.00","101,830.00","107,340.00","66,206.00","32,839.00","33,367.00","33,323.00","28,393.00","3,479.00",21.26%
,,Provvedimenti per combattere la corruzione nell’amministrazione pubblica,"209,170.00","101,830.00","107,340.00","66,136.00","32,835.00","33,301.00","43,458.00","16,805.00","4,680.00",21.26%
,,Separazione delle funzioni tra pubblici ministeri dell’accusa e magistrati che giudicano,"209,170.00","101,830.00","107,340.00","66,190.00","32,865.00","33,325.00","45,647.00","15,442.00","4,003.00",21.26%
,,Valutazione dei magistrati,"209,170.00","101,830.00","107,340.00","66,125.00","32,834.00","33,291.00","43,998.00","16,635.00","4,360.00",21.26%
,PIACENZA Total,,"1,255,020.00","610,980.00","644,040.00","397,037.00","197,065.00","199,972.00","234,960.00","130,767.00","24,716.00",21.26%
,RAVENNA,Custodia cautelare o carcerazione preventiva,"584,848.00","282,596.00","302,252.00","102,994.00","51,958.00","51,036.00","56,568.00","43,298.00","2,002.00",18.21%
,,Elezione del Consiglio Superiore della Magistratura (CSM),"292,424.00","141,298.00","151,126.00","51,502.00","25,988.00","25,514.00","27,394.00","22,686.00",882.00,18.20%
,,Provvedimenti per combattere la corruzione nell’amministrazione pubblica,"292,424.00","141,298.00","151,126.00","51,475.00","25,979.00","25,496.00","36,000.00","13,359.00","1,417.00",18.23%
,,Separazione delle funzioni tra pubblici ministeri dell’accusa e magistrati che giudicano,"292,424.00","141,298.00","151,126.00","51,507.00","25,990.00","25,517.00","37,387.00","12,457.00","1,039.00",18.20%
,,Valutazione dei magistrati,"292,424.00","141,298.00","151,126.00","51,462.00","25,963.00","25,499.00","36,299.00","13,162.00","1,324.00",18.19%
,RAVENNA Total,,"1,754,544.00","847,788.00","906,756.00","308,940.00","155,878.00","153,062.00","193,648.00","104,962.00","6,664.00",18.20%
,REGGIO NELL' EMILIA,Custodia cautelare o carcerazione preventiva,"778,222.00","381,934.00","396,288.00","135,224.00","68,868.00","66,356.00","66,838.00","63,644.00","3,236.00",19.03%
,,Elezione del Consiglio Superiore della Magistratura (CSM),"389,111.00","190,967.00","198,144.00","67,638.00","34,448.00","33,190.00","32,319.00","33,359.00","1,275.00",19.04%
,,Provvedimenti per combattere la corruzione nell’amministrazione pubblica,"389,111.00","190,967.00","198,144.00","67,570.00","34,422.00","33,148.00","44,535.00","19,927.00","2,229.00",19.02%
,,Separazione delle funzioni tra pubblici ministeri dell’accusa e magistrati che giudicano,"389,111.00","190,967.00","198,144.00","67,616.00","34,450.00","33,166.00","46,175.00","18,937.00","1,739.00",19.00%
,,Valutazione dei magistrati,"389,111.00","190,967.00","198,144.00","67,576.00","34,430.00","33,146.00","44,944.00","19,746.00","2,039.00",19.02%
,REGGIO NELL' EMILIA Total,,"2,334,666.00","1,145,802.00","1,188,864.00","405,624.00","206,618.00","199,006.00","234,811.00","155,613.00","10,518.00",19.04%
,RIMINI,Custodia cautelare o carcerazione preventiva,"514,532.00","249,574.00","264,958.00","119,088.00","59,676.00","59,412.00","65,474.00","46,028.00","5,902.00",16.84%
,,Elezione del Consiglio Superiore della Magistratura (CSM),"257,266.00","124,787.00","132,479.00","59,577.00","29,844.00","29,733.00","31,994.00","24,204.00","2,607.00",16.85%
,,Provvedimenti per combattere la corruzione nell’amministrazione pubblica,"257,266.00","124,787.00","132,479.00","59,542.00","29,824.00","29,718.00","41,538.00","13,737.00","3,355.00",16.83%
,,Separazione delle funzioni tra pubblici ministeri dell’accusa e magistrati che giudicano,"257,266.00","124,787.00","132,479.00","59,580.00","29,855.00","29,725.00","42,621.00","13,174.00","2,939.00",16.85%
,,Valutazione dei magistrati,"257,266.00","124,787.00","132,479.00","59,546.00","29,837.00","29,709.00","41,858.00","13,586.00","3,216.00",16.83%
,RIMINI Total,,"1,543,596.00","748,722.00","794,874.00","357,333.00","179,036.00","178,297.00","223,485.00","110,729.00","18,019.00",16.85%
EMILIA-ROMAGNA Total,,,"19,969,320.00","9,692,718.00","10,276,602.00","4,175,318.00","2,093,911.00","2,081,407.00","2,469,675.00","1,500,053.00","151,924.00",14.80%
FRIULI-VENEZIA GIULIA,GORIZIA,Custodia cautelare o carcerazione preventiva,"211,998.00","102,522.00","109,476.00","82,694.00","40,432.00","42,262.00","38,102.00","36,914.00","6,046.00",22.72%
,,Elezione del Consiglio Superiore della Magistratura (CSM),"105,999.00","51,261.00","54,738.00","41,391.00","20,229.00","21,162.00","18,882.00","19,133.00","2,593.00",22.72%
,,Provvedimenti per combattere la corruzione nell’amministrazione pubblica,"105,999.00","51,261.00","54,738.00","41,301.00","20,194.00","21,107.00","24,459.00","12,457.00","3,475.00",22.72%
,,Separazione delle funzioni tra pubblici ministeri dell’accusa e magistrati che giudicano,"105,999.00","51,261.00","54,738.00","41,358.00","20,224.00","21,134.00","25,707.00","11,752.00","3,068.00",22.72%
,,Valutazione dei magistrati,"105,999.00","51,261.00","54,738.00","41,302.00","20,193.00","21,109.00","24,819.00","12,342.00","3,284.00",22.72%
,GORIZIA Total,,"635,994.00","307,566.00","328,428.00","248,046.00","121,272.00","126,774.00","131,969.00","92,598.00","18,466.00",22.72%
,PORDENONE,Custodia cautelare o carcerazione preventiva,"471,464.00","230,372.00","241,092.00","131,742.00","66,256.00","65,486.00","74,852.00","48,532.00","5,972.00",16.59%
,,Elezione del Consiglio Superiore della Magistratura (CSM),"235,732.00","115,186.00","120,546.00","65,915.00","33,149.00","32,766.00","36,588.00","25,548.00","2,614.00",16.59%
,,Provvedimenti per combattere la corruzione nell’amministrazione pubblica,"235,732.00","115,186.00","120,546.00","65,837.00","33,112.00","32,725.00","47,342.00","13,591.00","3,568.00",16.59%
,,Separazione delle funzioni tra pubblici ministeri dell’accusa e magistrati che giudicano,"235,732.00","115,186.00","120,546.00","65,887.00","33,149.00","32,738.00","48,712.00","12,924.00","2,999.00",16.59%
,,Valutazione dei magistrati,"235,732.00","115,186.00","120,546.00","65,845.00","33,115.00","32,730.00","47,591.00","13,659.00","3,310.00",16.59%
,PORDENONE Total,,"1,414,392.00","691,116.00","723,276.00","395,226.00","198,781.00","196,445.00","255,085.00","114,254.00","18,463.00",16.59%
,TRIESTE,Custodia cautelare o carcerazione preventiva,"362,968.00","171,518.00","191,450.00","65,874.00","31,834.00","34,040.00","34,164.00","29,530.00","1,438.00",50.92%
,,Elezione del Consiglio Superiore della Magistratura (CSM),"181,484.00","85,759.00","95,725.00","32,947.00","15,921.00","17,026.00","16,760.00","15,236.00",611.00,50.89%
,,Provvedimenti per combattere la corruzione nell’amministrazione pubblica,"181,484.00","85,759.00","95,725.00","32,925.00","15,909.00","17,016.00","23,151.00","8,268.00","1,015.00",50.88%
,,Separazione delle funzioni tra pubblici ministeri dell’accusa e magistrati che giudicano,"181,484.00","85,759.00","95,725.00","32,955.00","15,923.00","17,032.00","23,730.00","8,025.00",783.00,50.92%
,,Valutazione dei magistrati,"181,484.00","85,759.00","95,725.00","32,924.00","15,910.00","17,014.00","23,354.00","8,113.00",995.00,50.85%
,TRIESTE Total,,"1,088,904.00","514,554.00","574,350.00","197,625.00","95,497.00","102,128.00","121,159.00","69,172.00","4,842.00",50.89%
,UDINE,Custodia cautelare o carcerazione preventiva,"829,930.00","402,606.00","427,324.00","208,166.00","104,780.00","103,386.00","114,120.00","81,564.00","8,716.00",18.41%
,,Elezione del Consiglio Superiore della Magistratura (CSM),"414,965.00","201,303.00","213,662.00","104,150.00","52,422.00","51,728.00","56,593.00","42,105.00","3,703.00",18.41%
,,Provvedimenti per combattere la corruzione nell’amministrazione pubblica,"414,965.00","201,303.00","213,662.00","104,049.00","52,388.00","51,661.00","73,938.00","22,664.00","5,323.00",18.35%
,,Separazione delle funzioni tra pubblici ministeri dell’accusa e magistrati che giudicano,"414,965.00","201,303.00","213,662.00","104,133.00","52,434.00","51,699.00","76,243.00","21,267.00","4,485.00",18.41%
,,Valutazione dei magistrati,"414,965.00","201,303.00","213,662.00","104,041.00","52,383.00","51,658.00","74,488.00","22,504.00","4,990.00",18.35%
,UDINE Total,,"2,489,790.00","1,207,818.00","1,281,972.00","624,539.00","314,407.00","310,132.00","395,382.00","190,104.00","27,217.00",18.41%
FRIULI-VENEZIA GIULIA Total,,,"5,629,080.00","2,721,054.00","2,908,026.00","1,465,436.00","729,957.00","735,479.00","903,595.00","466,128.00","68,988.00",22.72%
LAZIO,FROSINONE,Custodia cautelare o carcerazione preventiva,"768,898.00","374,988.00","393,910.00","148,774.00","77,378.00","71,396.00","81,376.00","53,608.00","10,554.00",18.41%
,,Elezione del Consiglio Superiore della Magistratura (CSM),"384,449.00","187,494.00","196,955.00","76,378.00","39,801.00","36,577.00","41,052.00","28,710.00","4,998.00",18.41%
,,Provvedimenti per combattere la corruzione nell’amministrazione pubblica,"384,449.00","187,494.00","196,955.00","74,404.00","38,710.00","35,694.00","49,430.00","17,485.00","5,832.00",18.41%
,,Separazione delle funzioni tra pubblici ministeri dell’accusa e magistrati che giudicano,"384,449.00","187,494.00","196,955.00","74,421.00","38,709.00","35,712.00","51,608.00","15,879.00","5,307.00",18.41%
,,Valutazione dei magistrati,"384,449.00","187,494.00","196,955.00","74,394.00","38,706.00","35,688.00","50,107.00","17,100.00","5,542.00",18.41%
,FROSINONE Total,,"2,306,694.00","1,124,964.00","1,181,730.00","448,371.00","233,304.00","215,067.00","273,573.00","132,782.00","32,233.00",18.41%
,LATINA,Custodia cautelare o carcerazione preventiva,"881,944.00","428,102.00","453,842.00","164,300.00","84,304.00","79,996.00","90,006.00","60,914.00","10,560.00",12.87%
,,Elezione del Consiglio Superiore della Magistratura (CSM),"440,972.00","214,051.00","226,921.00","82,160.00","42,157.00","40,003.00","43,303.00","32,610.00","4,908.00",12.86%
,,Provvedimenti per combattere la corruzione nell’amministrazione pubblica,"440,972.00","214,051.00","226,921.00","82,139.00","42,145.00","39,994.00","55,263.00","19,667.00","5,712.00",12.87%
,,Separazione delle funzioni tra pubblici ministeri dell’accusa e magistrati che giudicano,"440,972.00","214,051.00","226,921.00","82,161.00","42,153.00","40,008.00","57,647.00","17,850.00","5,183.00",12.87%
,,Valutazione dei magistrati,"440,972.00","214,051.00","226,921.00","82,149.00","42,152.00","39,997.00","56,343.00","18,853.00","5,521.00",12.87%
,LATINA Total,,"2,645,832.00","1,284,306.00","1,361,526.00","492,909.00","252,911.00","239,998.00","302,562.00","149,894.00","31,884.00",12.86%
,RIETI,Custodia cautelare o carcerazione preventiva,"240,922.00","118,632.00","122,290.00","76,990.00","38,584.00","38,406.00","39,306.00","29,248.00","6,308.00",12.36%
,,Elezione del Consiglio Superiore della Magistratura (CSM),"120,461.00","59,316.00","61,145.00","38,530.00","19,310.00","19,220.00","19,119.00","15,477.00","2,958.00",12.36%
,,Provvedimenti per combattere la corruzione nell’amministrazione pubblica,"120,461.00","59,316.00","61,145.00","38,482.00","19,286.00","19,196.00","23,992.00","9,851.00","3,497.00",12.36%
,,Separazione delle funzioni tra pubblici ministeri dell’accusa e magistrati che giudicano,"120,461.00","59,316.00","61,145.00","38,510.00","19,307.00","19,203.00","25,231.00","9,028.00","3,150.00",12.36%
,,Valutazione dei magistrati,"120,461.00","59,316.00","61,145.00","38,477.00","19,287.00","19,190.00","24,043.00","9,938.00","3,402.00",12.36%
,RIETI Total,,"722,766.00","355,896.00","366,870.00","230,989.00","115,774.00","115,215.00","131,691.00","73,542.00","19,315.00",12.36%
,ROMA,Custodia cautelare o carcerazione preventiva,"6,334,076.00","2,999,076.00","3,335,000.00","1,058,830.00","524,312.00","534,518.00","540,914.00","466,538.00","34,926.00",20.62%
,,Elezione del Consiglio Superiore della Magistratura (CSM),"3,167,038.00","1,499,538.00","1,667,500.00","529,484.00","262,231.00","267,253.00","256,942.00","249,827.00","14,985.00",20.62%
,,Provvedimenti per combattere la corruzione nell’amministrazione pubblica,"3,167,038.00","1,499,538.00","1,667,500.00","529,289.00","262,203.00","267,086.00","355,559.00","143,236.00","20,945.00",20.62%
,,Separazione delle funzioni tra pubblici ministeri dell’accusa e magistrati che giudicano,"3,167,038.00","1,499,538.00","1,667,500.00","529,589.00","262,292.00","267,297.00","370,591.00","133,197.00","17,284.00",20.62%
,,Valutazione dei magistrati,"3,167,038.00","1,499,538.00","1,667,500.00","529,344.00","262,136.00","267,208.00","363,269.00","138,467.00","18,594.00",20.62%
,ROMA Total,,"19,002,228.00","8,997,228.00","10,005,000.00","3,176,536.00","1,573,174.00","1,603,362.00","1,887,275.00","1,131,265.00","106,734.00",20.62%
,VITERBO,Custodia cautelare o carcerazione preventiva,"484,320.00","235,818.00","248,502.00","140,882.00","70,590.00","70,292.00","76,018.00","52,478.00","9,492.00",15.05%
,,Elezione del Consiglio Superiore della Magistratura (CSM),"242,160.00","117,909.00","124,251.00","70,450.00","35,300.00","35,150.00","37,162.00","27,624.00","4,327.00",15.05%
,,Provvedimenti per combattere la corruzione nell’amministrazione pubblica,"242,160.00","117,909.00","124,251.00","70,396.00","35,288.00","35,108.00","47,667.00","16,004.00","5,192.00",15.10%
,,Separazione delle funzioni tra pubblici ministeri dell’accusa e magistrati che giudicano,"242,160.00","117,909.00","124,251.00","70,438.00","35,313.00","35,125.00","49,812.00","14,598.00","4,630.00",15.10%
,,Valutazione dei magistrati,"242,160.00","117,909.00","124,251.00","70,410.00","35,291.00","35,119.00","48,355.00","15,707.00","4,885.00",15.10%
,VITERBO Total,,"1,452,960.00","707,454.00","745,506.00","422,576.00","211,782.00","210,794.00","259,014.00","126,411.00","28,526.00",15.05%
LAZIO Total,,,"26,130,480.00","12,469,848.00","13,660,632.00","4,771,381.00","2,386,945.00","2,384,436.00","2,854,115.00","1,613,894.00","218,692.00",18.41%
LIGURIA,GENOVA,Custodia cautelare o carcerazione preventiva,"1,302,080.00","613,438.00","688,642.00","427,546.00","207,070.00","220,476.00","178,132.00","211,612.00","28,162.00",47.21%
,,Elezione del Consiglio Superiore della Magistratura (CSM),"651,040.00","306,719.00","344,321.00","214,210.00","103,695.00","110,515.00","86,895.00","110,981.00","11,897.00",47.33%
,,Provvedimenti per combattere la corruzione nell’amministrazione pubblica,"651,040.00","306,719.00","344,321.00","213,436.00","103,332.00","110,104.00","118,415.00","72,888.00","16,488.00",47.23%
,,Separazione delle funzioni tra pubblici ministeri dell’accusa e magistrati che giudicano,"651,040.00","306,719.00","344,321.00","213,676.00","103,484.00","110,192.00","125,484.00","69,100.00","14,131.00",47.31%
,,Valutazione dei magistrati,"651,040.00","306,719.00","344,321.00","213,484.00","103,354.00","110,130.00","120,378.00","72,504.00","15,290.00",47.17%
,GENOVA Total,,"3,906,240.00","1,840,314.00","2,065,926.00","1,282,352.00","620,935.00","661,417.00","629,304.00","537,085.00","85,968.00",47.33%
,IMPERIA,Custodia cautelare o carcerazione preventiva,"322,216.00","153,968.00","168,248.00","58,562.00","28,396.00","30,166.00","33,134.00","21,886.00","2,544.00",24.54%
,,Elezione del Consiglio Superiore della Magistratura (CSM),"161,108.00","76,984.00","84,124.00","29,289.00","14,204.00","15,085.00","16,121.00","11,544.00","1,147.00",24.54%
,,Provvedimenti per combattere la corruzione nell’amministrazione pubblica,"161,108.00","76,984.00","84,124.00","29,288.00","14,206.00","15,082.00","21,048.00","6,248.00","1,445.00",24.54%
,,Separazione delle funzioni tra pubblici ministeri dell’accusa e magistrati che giudicano,"161,108.00","76,984.00","84,124.00","29,301.00","14,214.00","15,087.00","21,723.00","5,805.00","1,256.00",24.54%
,,Valutazione dei magistrati,"161,108.00","76,984.00","84,124.00","29,283.00","14,203.00","15,080.00","21,157.00","6,151.00","1,412.00",24.54%
,IMPERIA Total,,"966,648.00","461,904.00","504,744.00","175,723.00","85,223.00","90,500.00","113,183.00","51,634.00","7,804.00",24.54%
,LA SPEZIA,Custodia cautelare o carcerazione preventiva,"339,578.00","163,242.00","176,336.00","97,716.00","48,086.00","49,630.00","46,198.00","43,316.00","6,558.00",15.97%
,,Elezione del Consiglio Superiore della Magistratura (CSM),"169,789.00","81,621.00","88,168.00","48,914.00","24,068.00","24,846.00","22,475.00","22,802.00","2,861.00",16.00%
,,Provvedimenti per combattere la corruzione nell’amministrazione pubblica,"169,789.00","81,621.00","88,168.00","48,795.00","24,019.00","24,776.00","30,188.00","14,067.00","3,647.00",15.89%
,,Separazione delle funzioni tra pubblici ministeri dell’accusa e magistrati che giudicano,"169,789.00","81,621.00","88,168.00","48,848.00","24,034.00","24,814.00","31,982.00","12,782.00","3,242.00",15.95%
,,Valutazione dei magistrati,"169,789.00","81,621.00","88,168.00","48,800.00","24,015.00","24,785.00","30,771.00","13,729.00","3,435.00",15.89%
,LA SPEZIA Total,,"1,018,734.00","489,726.00","529,008.00","293,073.00","144,222.00","148,851.00","161,614.00","106,696.00","19,743.00",16.00%
,SAVONA,Custodia cautelare o carcerazione preventiva,"430,818.00","204,484.00","226,334.00","90,350.00","44,490.00","45,860.00","48,692.00","36,232.00","3,620.00",17.91%
,,Elezione del Consiglio Superiore della Magistratura (CSM),"215,409.00","102,242.00","113,167.00","45,197.00","22,251.00","22,946.00","23,575.00","19,169.00","1,619.00",17.86%
,,Provvedimenti per combattere la corruzione nell’amministrazione pubblica,"215,409.00","102,242.00","113,167.00","45,158.00","22,241.00","22,917.00","31,267.00","10,722.00","2,146.00",17.91%
,,Separazione delle funzioni tra pubblici ministeri dell’accusa e magistrati che giudicano,"215,409.00","102,242.00","113,167.00","45,196.00","22,262.00","22,934.00","32,305.00","10,083.00","1,863.00",17.92%
,,Valutazione dei magistrati,"215,409.00","102,242.00","113,167.00","45,139.00","22,236.00","22,903.00","31,086.00","10,950.00","2,115.00",17.87%
,SAVONA Total,,"1,292,454.00","613,452.00","679,002.00","271,040.00","133,480.00","137,560.00","166,925.00","87,156.00","11,363.00",17.86%
LIGURIA Total,,,"7,184,076.00","3,405,396.00","3,778,680.00","2,022,188.00","983,860.00","1,038,328.00","1,071,026.00","782,571.00","124,878.00",47.33%
LOMBARDIA,BERGAMO,Custodia cautelare o carcerazione preventiva,"1,664,784.00","820,938.00","843,846.00","376,652.00","189,618.00","187,034.00","230,062.00","131,230.00","10,924.00",19.70%
,,Elezione del Consiglio Superiore della Magistratura (CSM),"832,392.00","410,469.00","421,923.00","188,362.00","94,822.00","93,540.00","112,291.00","69,350.00","4,602.00",19.70%
,,Provvedimenti per combattere la corruzione nell’amministrazione pubblica,"832,392.00","410,469.00","421,923.00","188,306.00","94,809.00","93,497.00","143,831.00","35,484.00","6,442.00",19.70%
,,Separazione delle funzioni tra pubblici ministeri dell’accusa e magistrati che giudicano,"832,392.00","410,469.00","421,923.00","188,362.00","94,837.00","93,525.00","146,433.00","34,146.00","5,480.00",19.70%
,,Valutazione dei magistrati,"832,392.00","410,469.00","421,923.00","188,303.00","94,794.00","93,509.00","143,341.00","35,654.00","6,886.00",19.70%
,BERGAMO Total,,"4,994,352.00","2,462,814.00","2,531,538.00","1,129,985.00","568,880.00","561,105.00","775,958.00","305,864.00","34,334.00",19.70%
,BRESCIA,Custodia cautelare o carcerazione preventiva,"1,868,440.00","918,356.00","950,084.00","386,078.00","195,204.00","190,874.00","243,140.00","127,584.00","11,704.00",56.32%
,,Elezione del Consiglio Superiore della Magistratura (CSM),"934,220.00","459,178.00","475,042.00","193,094.00","97,628.00","95,466.00","118,630.00","67,661.00","5,034.00",56.32%
,,Provvedimenti per combattere la corruzione nell’amministrazione pubblica,"934,220.00","459,178.00","475,042.00","193,027.00","97,617.00","95,410.00","149,359.00","34,618.00","6,937.00",56.32%
,,Separazione delle funzioni tra pubblici ministeri dell’accusa e magistrati che giudicano,"934,220.00","459,178.00","475,042.00","193,113.00","97,667.00","95,446.00","153,020.00","32,437.00","5,767.00",56.32%
,,Valutazione dei magistrati,"934,220.00","459,178.00","475,042.00","193,004.00","97,595.00","95,409.00","149,588.00","34,399.00","7,001.00",56.15%
,BRESCIA Total,,"5,605,320.00","2,755,068.00","2,850,252.00","1,158,316.00","585,711.00","572,605.00","813,737.00","296,699.00","36,443.00",56.32%
,COMO,Custodia cautelare o carcerazione preventiva,"936,376.00","458,100.00","478,276.00","226,786.00","112,788.00","113,998.00","128,650.00","85,850.00","8,758.00",19.93%
,,Elezione del Consiglio Superiore della Magistratura (CSM),"468,188.00","229,050.00","239,138.00","113,515.00","56,454.00","57,061.00","62,287.00","45,584.00","3,977.00",19.93%
,,Provvedimenti per combattere la corruzione nell’amministrazione pubblica,"468,188.00","229,050.00","239,138.00","113,380.00","56,425.00","56,955.00","81,440.00","24,739.00","5,239.00",19.95%
,,Separazione delle funzioni tra pubblici ministeri dell’accusa e magistrati che giudicano,"468,188.00","229,050.00","239,138.00","113,450.00","56,413.00","57,037.00","83,672.00","23,532.00","4,449.00",19.95%
,,Valutazione dei magistrati,"468,188.00","229,050.00","239,138.00","113,383.00","56,425.00","56,958.00","81,670.00","24,549.00","5,289.00",19.95%
,COMO Total,,"2,809,128.00","1,374,300.00","1,434,828.00","680,514.00","338,505.00","342,009.00","437,719.00","204,254.00","27,712.00",19.93%
,CREMONA,Custodia cautelare o carcerazione preventiva,"535,242.00","261,400.00","273,842.00","124,578.00","62,708.00","61,870.00","75,122.00","43,614.00","4,214.00",18.13%
,,Elezione del Consiglio Superiore della Magistratura (CSM),"267,621.00","130,700.00","136,921.00","62,305.00","31,354.00","30,951.00","36,935.00","22,748.00","1,802.00",18.24%
,,Provvedimenti per combattere la corruzione nell’amministrazione pubblica,"267,621.00","130,700.00","136,921.00","62,254.00","31,354.00","30,900.00","46,502.00","12,207.00","2,640.00",18.13%
,,Separazione delle funzioni tra pubblici ministeri dell’accusa e magistrati che giudicano,"267,621.00","130,700.00","136,921.00","62,290.00","31,357.00","30,933.00","47,808.00","11,563.00","2,095.00",18.24%
,,Valutazione dei magistrati,"267,621.00","130,700.00","136,921.00","62,251.00","31,349.00","30,902.00","46,681.00","12,194.00","2,497.00",18.13%
,CREMONA Total,,"1,605,726.00","784,200.00","821,526.00","373,678.00","188,122.00","185,556.00","253,048.00","102,326.00","13,248.00",18.24%
,LECCO,Custodia cautelare o carcerazione preventiva,"521,716.00","255,906.00","265,810.00","97,464.00","49,212.00","48,252.00","58,974.00","34,716.00","2,552.00",17.26%
,,Elezione del Consiglio Superiore della Magistratura (CSM),"260,858.00","127,953.00","132,905.00","48,735.00","24,609.00","24,126.00","28,779.00","18,340.00","1,037.00",17.26%
,,Provvedimenti per combattere la corruzione nell’amministrazione pubblica,"260,858.00","127,953.00","132,905.00","48,695.00","24,604.00","24,091.00","36,784.00","9,535.00","1,674.00",17.04%
,,Separazione delle funzioni tra pubblici ministeri dell’accusa e magistrati che giudicano,"260,858.00","127,953.00","132,905.00","48,717.00","24,608.00","24,109.00","37,713.00","9,039.00","1,306.00",17.19%
,,Valutazione dei magistrati,"260,858.00","127,953.00","132,905.00","48,687.00","24,596.00","24,091.00","36,871.00","9,503.00","1,635.00",17.04%
,LECCO Total,,"1,565,148.00","767,718.00","797,430.00","292,298.00","147,629.00","144,669.00","199,121.00","81,133.00","8,204.00",17.26%
,LODI,Custodia cautelare o carcerazione preventiva,"341,048.00","167,220.00","173,828.00","90,260.00","44,856.00","45,404.00","50,698.00","34,048.00","4,048.00",33.04%
,,Elezione del Consiglio Superiore della Magistratura (CSM),"170,524.00","83,610.00","86,914.00","45,169.00","22,467.00","22,702.00","24,695.00","18,007.00","1,772.00",33.04%
,,Provvedimenti per combattere la corruzione nell’amministrazione pubblica,"170,524.00","83,610.00","86,914.00","45,106.00","22,440.00","22,666.00","31,269.00","10,616.00","2,385.00",33.04%
,,Separazione delle funzioni tra pubblici ministeri dell’accusa e magistrati che giudicano,"170,524.00","83,610.00","86,914.00","45,102.00","22,442.00","22,660.00","32,083.00","10,237.00","2,033.00",33.04%
,,Valutazione dei magistrati,"170,524.00","83,610.00","86,914.00","45,085.00","22,404.00","22,681.00","31,344.00","10,642.00","2,297.00",33.04%
,LODI Total,,"1,023,144.00","501,660.00","521,484.00","270,722.00","134,609.00","136,113.00","170,089.00","83,550.00","12,535.00",33.04%
,MANTOVA,Custodia cautelare o carcerazione preventiva,"603,030.00","294,414.00","308,616.00","135,928.00","68,928.00","67,000.00","80,208.00","48,494.00","5,752.00",18.19%
,,Elezione del Consiglio Superiore della Magistratura (CSM),"301,515.00","147,207.00","154,308.00","67,994.00","34,496.00","33,498.00","39,329.00","25,459.00","2,519.00",18.28%
,,Provvedimenti per combattere la corruzione nell’amministrazione pubblica,"301,515.00","147,207.00","154,308.00","67,962.00","34,470.00","33,492.00","49,107.00","14,691.00","3,336.00",18.19%
,,Separazione delle funzioni tra pubblici ministeri dell’accusa e magistrati che giudicano,"301,515.00","147,207.00","154,308.00","67,993.00","34,487.00","33,506.00","50,517.00","13,835.00","2,896.00",18.19%
,,Valutazione dei magistrati,"301,515.00","147,207.00","154,308.00","67,957.00","34,472.00","33,485.00","49,349.00","14,469.00","3,338.00",18.23%
,MANTOVA Total,,"1,809,090.00","883,242.00","925,848.00","407,834.00","206,853.00","200,981.00","268,510.00","116,948.00","17,841.00",18.28%
,MILANO,Custodia cautelare o carcerazione preventiva,"4,716,388.00","2,258,464.00","2,457,924.00","976,336.00","479,292.00","497,044.00","530,652.00","407,556.00","26,434.00",40.94%
,,Elezione del Consiglio Superiore della Magistratura (CSM),"2,358,194.00","1,129,232.00","1,228,962.00","488,617.00","239,806.00","248,811.00","255,967.00","215,946.00","11,228.00",41.03%
,,Provvedimenti per combattere la corruzione nell’amministrazione pubblica,"2,358,194.00","1,129,232.00","1,228,962.00","487,999.00","239,650.00","248,349.00","344,774.00","118,944.00","17,108.00",40.97%
,,Separazione delle funzioni tra pubblici ministeri dell’accusa e magistrati che giudicano,"2,358,194.00","1,129,232.00","1,228,962.00","488,471.00","239,906.00","248,565.00","354,170.00","114,348.00","13,662.00",40.95%
,,Valutazione dei magistrati,"2,358,194.00","1,129,232.00","1,228,962.00","487,859.00","239,560.00","248,299.00","347,511.00","117,715.00","15,809.00",40.84%
,MILANO Total,,"14,149,164.00","6,775,392.00","7,373,772.00","2,929,282.00","1,438,214.00","1,491,068.00","1,833,074.00","974,509.00","84,241.00",41.03%
,MONZA E DELLA BRIANZA,Custodia cautelare o carcerazione preventiva,"1,343,844.00","653,562.00","690,282.00","347,836.00","172,506.00","175,330.00","192,176.00","138,020.00","12,910.00",19.19%
,,Elezione del Consiglio Superiore della Magistratura (CSM),"671,922.00","326,781.00","345,141.00","174,028.00","86,273.00","87,755.00","93,592.00","72,862.00","5,338.00",19.17%
,,Provvedimenti per combattere la corruzione nell’amministrazione pubblica,"671,922.00","326,781.00","345,141.00","173,791.00","86,167.00","87,624.00","122,724.00","40,465.00","7,836.00",19.16%
,,Separazione delle funzioni tra pubblici ministeri dell’accusa e magistrati che giudicano,"671,922.00","326,781.00","345,141.00","173,905.00","86,277.00","87,628.00","126,519.00","38,425.00","6,485.00",19.17%
,,Valutazione dei magistrati,"671,922.00","326,781.00","345,141.00","173,699.00","86,122.00","87,577.00","123,209.00","40,469.00","7,455.00",19.15%
,MONZA E DELLA BRIANZA Total,,"4,031,532.00","1,960,686.00","2,070,846.00","1,043,259.00","517,345.00","525,914.00","658,220.00","330,241.00","40,024.00",19.17%
,PAVIA,Custodia cautelare o carcerazione preventiva,"818,870.00","397,506.00","421,364.00","184,502.00","93,414.00","91,088.00","109,404.00","65,624.00","6,630.00",23.30%
,,Elezione del Consiglio Superiore della Magistratura (CSM),"409,435.00","198,753.00","210,682.00","92,259.00","46,709.00","45,550.00","53,922.00","34,007.00","2,970.00",23.30%
,,Provvedimenti per combattere la corruzione nell’amministrazione pubblica,"409,435.00","198,753.00","210,682.00","92,256.00","46,714.00","45,542.00","67,939.00","18,812.00","3,856.00",23.30%
,,Separazione delle funzioni tra pubblici ministeri dell’accusa e magistrati che giudicano,"409,435.00","198,753.00","210,682.00","92,267.00","46,728.00","45,539.00","69,914.00","17,554.00","3,345.00",23.30%
,,Valutazione dei magistrati,"409,435.00","198,753.00","210,682.00","92,258.00","46,722.00","45,536.00","68,075.00","18,646.00","3,978.00",23.30%
,PAVIA Total,,"2,456,610.00","1,192,518.00","1,264,092.00","553,542.00","280,287.00","273,255.00","369,254.00","154,643.00","20,779.00",23.30%
,SONDRIO,Custodia cautelare o carcerazione preventiva,"287,826.00","140,712.00","147,114.00","50,190.00","25,636.00","24,554.00","32,680.00","14,314.00","2,312.00",17.16%
,,Elezione del Consiglio Superiore della Magistratura (CSM),"143,913.00","70,356.00","73,557.00","25,095.00","12,824.00","12,271.00","16,034.00","7,640.00",999.00,17.16%
,,Provvedimenti per combattere la corruzione nell’amministrazione pubblica,"143,913.00","70,356.00","73,557.00","25,085.00","12,824.00","12,261.00","19,518.00","3,763.00","1,339.00",17.16%
,,Separazione delle funzioni tra pubblici ministeri dell’accusa e magistrati che giudicano,"143,913.00","70,356.00","73,557.00","25,098.00","12,832.00","12,266.00","19,980.00","3,513.00","1,151.00",17.16%
,,Valutazione dei magistrati,"143,913.00","70,356.00","73,557.00","25,088.00","12,826.00","12,262.00","19,614.00","3,686.00","1,324.00",17.16%
,SONDRIO Total,,"863,478.00","422,136.00","441,342.00","150,556.00","76,942.00","73,614.00","107,826.00","32,916.00","7,125.00",17.16%
,VARESE,Custodia cautelare o carcerazione preventiva,"1,371,250.00","665,646.00","705,604.00","278,736.00","139,352.00","139,384.00","167,840.00","101,090.00","6,540.00",21.88%
,,Elezione del Consiglio Superiore della Magistratura (CSM),"685,625.00","332,823.00","352,802.00","139,401.00","69,678.00","69,723.00","81,604.00","53,352.00","2,895.00",21.88%
,,Provvedimenti per combattere la corruzione nell’amministrazione pubblica,"685,625.00","332,823.00","352,802.00","139,353.00","69,691.00","69,662.00","105,316.00","28,087.00","4,061.00",21.88%
,,Separazione delle funzioni tra pubblici ministeri dell’accusa e magistrati che giudicano,"685,625.00","332,823.00","352,802.00","139,400.00","69,719.00","69,681.00","107,545.00","26,866.00","3,314.00",21.88%
,,Valutazione dei magistrati,"685,625.00","332,823.00","352,802.00","139,346.00","69,688.00","69,658.00","105,647.00","27,900.00","3,979.00",21.88%
,VARESE Total,,"4,113,750.00","1,996,938.00","2,116,812.00","836,236.00","418,128.00","418,108.00","567,952.00","237,295.00","20,789.00",21.88%
LOMBARDIA Total,,,"45,026,442.00","21,876,672.00","23,149,770.00","9,826,222.00","4,901,225.00","4,924,997.00","6,454,508.00","2,920,378.00","323,275.00",19.70%
MARCHE,ANCONA,Custodia cautelare o carcerazione preventiva,"720,390.00","347,886.00","372,504.00","151,432.00","77,478.00","73,954.00","73,240.00","67,644.00","7,984.00",13.90%
,,Elezione del Consiglio Superiore della Magistratura (CSM),"360,195.00","173,943.00","186,252.00","75,803.00","38,784.00","37,019.00","35,301.00","35,840.00","3,414.00",13.90%
,,Provvedimenti per combattere la corruzione nell’amministrazione pubblica,"360,195.00","173,943.00","186,252.00","75,705.00","38,744.00","36,961.00","48,412.00","21,090.00","4,748.00",13.98%
,,Separazione delle funzioni tra pubblici ministeri dell’accusa e magistrati che giudicano,"360,195.00","173,943.00","186,252.00","75,787.00","38,794.00","36,993.00","50,696.00","19,710.00","4,044.00",13.98%
,,Valutazione dei magistrati,"360,195.00","173,943.00","186,252.00","75,704.00","38,743.00","36,961.00","49,116.00","20,740.00","4,512.00",13.87%
,ANCONA Total,,"2,161,170.00","1,043,658.00","1,117,512.00","454,431.00","232,543.00","221,888.00","256,765.00","165,024.00","24,702.00",13.90%
,ASCOLI PICENO,Custodia cautelare o carcerazione preventiva,"326,122.00","157,848.00","168,274.00","49,740.00","25,730.00","24,010.00","28,938.00","19,026.00","1,156.00",16.56%
,,Elezione del Consiglio Superiore della Magistratura (CSM),"163,061.00","78,924.00","84,137.00","24,875.00","12,868.00","12,007.00","13,926.00","10,152.00",510.00,16.56%
,,Provvedimenti per combattere la corruzione nell’amministrazione pubblica,"163,061.00","78,924.00","84,137.00","24,867.00","12,864.00","12,003.00","18,532.00","5,248.00",738.00,16.56%
,,Separazione delle funzioni tra pubblici ministeri dell’accusa e magistrati che giudicano,"163,061.00","78,924.00","84,137.00","24,876.00","12,869.00","12,007.00","19,301.00","4,650.00",615.00,16.56%
,,Valutazione dei magistrati,"163,061.00","78,924.00","84,137.00","24,871.00","12,864.00","12,007.00","18,803.00","5,070.00",680.00,16.56%
,ASCOLI PICENO Total,,"978,366.00","473,544.00","504,822.00","149,229.00","77,195.00","72,034.00","99,500.00","44,146.00","3,699.00",16.56%
,FERMO,Custodia cautelare o carcerazione preventiva,"262,404.00","127,792.00","134,612.00","64,530.00","32,942.00","31,588.00","33,780.00","24,220.00","5,312.00",15.06%
,,Elezione del Consiglio Superiore della Magistratura (CSM),"131,202.00","63,896.00","67,306.00","32,272.00","16,472.00","15,800.00","16,450.00","12,831.00","2,379.00",15.06%
,,Provvedimenti per combattere la corruzione nell’amministrazione pubblica,"131,202.00","63,896.00","67,306.00","32,264.00","16,474.00","15,790.00","21,291.00","7,408.00","2,907.00",15.06%
,,Separazione delle funzioni tra pubblici ministeri dell’accusa e magistrati che giudicano,"131,202.00","63,896.00","67,306.00","32,275.00","16,477.00","15,798.00","22,342.00","6,666.00","2,636.00",15.06%
,,Valutazione dei magistrati,"131,202.00","63,896.00","67,306.00","32,265.00","16,478.00","15,787.00","21,763.00","7,186.00","2,598.00",15.06%
,FERMO Total,,"787,212.00","383,376.00","403,836.00","193,606.00","98,843.00","94,763.00","115,626.00","58,311.00","15,832.00",15.06%
,MACERATA,Custodia cautelare o carcerazione preventiva,"475,086.00","230,404.00","244,682.00","126,610.00","64,140.00","62,470.00","61,912.00","51,216.00","10,796.00",16.94%
,,Elezione del Consiglio Superiore della Magistratura (CSM),"237,543.00","115,202.00","122,341.00","63,339.00","32,070.00","31,269.00","30,201.00","27,082.00","4,772.00",16.94%
,,Provvedimenti per combattere la corruzione nell’amministrazione pubblica,"237,543.00","115,202.00","122,341.00","63,294.00","32,060.00","31,234.00","39,650.00","16,211.00","5,966.00",16.94%
,,Separazione delle funzioni tra pubblici ministeri dell’accusa e magistrati che giudicano,"237,543.00","115,202.00","122,341.00","63,321.00","32,073.00","31,248.00","41,780.00","14,822.00","5,370.00",16.94%
,,Valutazione dei magistrati,"237,543.00","115,202.00","122,341.00","63,303.00","32,066.00","31,237.00","40,306.00","15,887.00","5,706.00",16.94%
,MACERATA Total,,"1,425,258.00","691,212.00","734,046.00","379,867.00","192,409.00","187,458.00","213,849.00","125,218.00","32,610.00",16.94%
,PESARO E URBINO,Custodia cautelare o carcerazione preventiva,"548,788.00","268,002.00","280,786.00","90,788.00","47,008.00","43,780.00","51,424.00","35,306.00","2,736.00",14.22%
,,Elezione del Consiglio Superiore della Magistratura (CSM),"274,394.00","134,001.00","140,393.00","45,411.00","23,511.00","21,900.00","24,689.00","18,996.00","1,107.00",14.22%
,,Provvedimenti per combattere la corruzione nell’amministrazione pubblica,"274,394.00","134,001.00","140,393.00","45,402.00","23,511.00","21,891.00","33,068.00","9,906.00","1,672.00",14.22%
,,Separazione delle funzioni tra pubblici ministeri dell’accusa e magistrati che giudicano,"274,394.00","134,001.00","140,393.00","45,417.00","23,521.00","21,896.00","34,308.00","9,052.00","1,368.00",14.22%
,,Valutazione dei magistrati,"274,394.00","134,001.00","140,393.00","45,412.00","23,518.00","21,894.00","33,456.00","9,594.00","1,650.00",14.22%
,PESARO E URBINO Total,,"1,646,364.00","804,006.00","842,358.00","272,430.00","141,069.00","131,361.00","176,945.00","82,854.00","8,533.00",14.22%
MARCHE Total,,,"6,998,370.00","3,395,796.00","3,602,574.00","1,449,563.00","742,059.00","707,504.00","862,685.00","475,553.00","85,376.00",13.90%
MOLISE,CAMPOBASSO,Custodia cautelare o carcerazione preventiva,"353,792.00","172,256.00","181,536.00","50,444.00","26,824.00","23,620.00","25,572.00","21,010.00","2,978.00",15.06%
,,Elezione del Consiglio Superiore della Magistratura (CSM),"176,896.00","86,128.00","90,768.00","25,237.00","13,423.00","11,814.00","12,320.00","11,147.00","1,360.00",15.06%
,,Provvedimenti per combattere la corruzione nell’amministrazione pubblica,"176,896.00","86,128.00","90,768.00","25,212.00","13,406.00","11,806.00","16,231.00","6,853.00","1,646.00",15.06%
,,Separazione delle funzioni tra pubblici ministeri dell’accusa e magistrati che giudicano,"176,896.00","86,128.00","90,768.00","25,226.00","13,413.00","11,813.00","17,165.00","6,101.00","1,510.00",15.06%
,,Valutazione dei magistrati,"176,896.00","86,128.00","90,768.00","25,215.00","13,408.00","11,807.00","16,381.00","6,752.00","1,624.00",15.06%
,CAMPOBASSO Total,,"1,061,376.00","516,768.00","544,608.00","151,334.00","80,474.00","70,860.00","87,669.00","51,863.00","9,118.00",15.06%
,ISERNIA,Custodia cautelare o carcerazione preventiva,"135,328.00","66,470.00","68,858.00","17,906.00","9,808.00","8,098.00","10,054.00","6,796.00",770.00,18.07%
,,Elezione del Consiglio Superiore della Magistratura (CSM),"67,664.00","33,235.00","34,429.00","8,954.00","4,904.00","4,050.00","4,705.00","3,760.00",350.00,18.07%
,,Provvedimenti per combattere la corruzione nell’amministrazione pubblica,"67,664.00","33,235.00","34,429.00","8,954.00","4,905.00","4,049.00","6,254.00","2,118.00",431.00,18.07%
,,Separazione delle funzioni tra pubblici ministeri dell’accusa e magistrati che giudicano,"67,664.00","33,235.00","34,429.00","8,958.00","4,908.00","4,050.00","6,533.00","1,889.00",395.00,18.07%
,,Valutazione dei magistrati,"67,664.00","33,235.00","34,429.00","8,955.00","4,905.00","4,050.00","6,348.00","2,034.00",425.00,18.07%
,ISERNIA Total,,"405,984.00","199,410.00","206,574.00","53,727.00","29,430.00","24,297.00","33,894.00","16,597.00","2,371.00",18.07%
MOLISE Total,,,"1,467,360.00","716,178.00","751,182.00","205,061.00","109,904.00","95,157.00","121,563.00","68,460.00","11,489.00",15.06%
PIEMONTE,ALESSANDRIA,Custodia cautelare o carcerazione preventiva,"637,308.00","307,406.00","329,902.00","178,996.00","89,128.00","89,868.00","95,710.00","70,500.00","9,162.00",55.26%
,,Elezione del Consiglio Superiore della Magistratura (CSM),"318,654.00","153,703.00","164,951.00","89,567.00","44,594.00","44,973.00","46,865.00","36,946.00","4,050.00",55.36%
,,Provvedimenti per combattere la corruzione nell’amministrazione pubblica,"318,654.00","153,703.00","164,951.00","89,433.00","44,549.00","44,884.00","60,023.00","22,111.00","5,341.00",55.25%
,,Separazione delle funzioni tra pubblici ministeri dell’accusa e magistrati che giudicano,"318,654.00","153,703.00","164,951.00","89,482.00","44,578.00","44,904.00","62,119.00","20,861.00","4,668.00",55.24%
,,Valutazione dei magistrati,"318,654.00","153,703.00","164,951.00","89,499.00","44,591.00","44,908.00","60,376.00","21,982.00","5,182.00",55.22%
,ALESSANDRIA Total,,"1,911,924.00","922,218.00","989,706.00","536,977.00","267,440.00","269,537.00","325,093.00","172,400.00","28,403.00",55.36%
,ASTI,Custodia cautelare o carcerazione preventiva,"320,082.00","155,640.00","164,442.00","101,616.00","50,448.00","51,168.00","48,750.00","42,636.00","7,566.00",23.02%
,,Elezione del Consiglio Superiore della Magistratura (CSM),"160,041.00","77,820.00","82,221.00","50,839.00","25,273.00","25,566.00","24,065.00","22,200.00","3,290.00",23.02%
,,Provvedimenti per combattere la corruzione nell’amministrazione pubblica,"160,041.00","77,820.00","82,221.00","50,785.00","25,248.00","25,537.00","31,043.00","14,039.00","4,270.00",23.10%
,,Separazione delle funzioni tra pubblici ministeri dell’accusa e magistrati che giudicano,"160,041.00","77,820.00","82,221.00","50,815.00","25,230.00","25,585.00","32,557.00","13,105.00","3,825.00",23.10%
,,Valutazione dei magistrati,"160,041.00","77,820.00","82,221.00","50,773.00","25,245.00","25,528.00","31,492.00","13,827.00","4,077.00",23.10%
,ASTI Total,,"960,246.00","466,920.00","493,326.00","304,828.00","151,444.00","153,384.00","167,907.00","105,807.00","23,028.00",23.02%
,BIELLA,Custodia cautelare o carcerazione preventiva,"281,236.00","134,938.00","146,298.00","51,140.00","25,554.00","25,586.00","30,378.00","18,804.00","1,054.00",17.18%
,,Elezione del Consiglio Superiore della Magistratura (CSM),"140,618.00","67,469.00","73,149.00","25,567.00","12,777.00","12,790.00","14,724.00","9,979.00",467.00,17.18%
,,Provvedimenti per combattere la corruzione nell’amministrazione pubblica,"140,618.00","67,469.00","73,149.00","25,538.00","12,760.00","12,778.00","19,166.00","5,120.00",724.00,17.18%
,,Separazione delle funzioni tra pubblici ministeri dell’accusa e magistrati che giudicano,"140,618.00","67,469.00","73,149.00","25,553.00","12,769.00","12,784.00","19,778.00","4,736.00",559.00,17.18%
,,Valutazione dei magistrati,"140,618.00","67,469.00","73,149.00","25,540.00","12,768.00","12,772.00","19,363.00","4,975.00",697.00,17.18%
,BIELLA Total,,"843,708.00","404,814.00","438,894.00","153,338.00","76,628.00","76,710.00","103,409.00","43,614.00","3,501.00",17.18%
,CUNEO,Custodia cautelare o carcerazione preventiva,"884,746.00","433,650.00","451,096.00","231,752.00","115,966.00","115,786.00","115,992.00","94,764.00","14,662.00",27.91%
,,Elezione del Consiglio Superiore della Magistratura (CSM),"442,373.00","216,825.00","225,548.00","115,997.00","58,045.00","57,952.00","56,623.00","50,066.00","6,372.00",27.91%
,,Provvedimenti per combattere la corruzione nell’amministrazione pubblica,"442,373.00","216,825.00","225,548.00","115,775.00","57,966.00","57,809.00","74,570.00","29,357.00","8,407.00",27.91%
,,Separazione delle funzioni tra pubblici ministeri dell’accusa e magistrati che giudicano,"442,373.00","216,825.00","225,548.00","115,865.00","58,003.00","57,862.00","77,468.00","27,809.00","7,412.00",27.91%
,,Valutazione dei magistrati,"442,373.00","216,825.00","225,548.00","115,772.00","57,959.00","57,813.00","74,507.00","29,764.00","8,086.00",27.91%
,CUNEO Total,,"2,654,238.00","1,300,950.00","1,353,288.00","695,161.00","347,939.00","347,222.00","399,160.00","231,760.00","44,939.00",27.91%
,NOVARA,Custodia cautelare o carcerazione preventiva,"558,336.00","270,250.00","288,086.00","114,352.00","57,270.00","57,082.00","66,032.00","42,740.00","3,848.00",18.46%
,,Elezione del Consiglio Superiore della Magistratura (CSM),"279,168.00","135,125.00","144,043.00","57,197.00","28,645.00","28,552.00","32,187.00","22,580.00","1,635.00",18.38%
,,Provvedimenti per combattere la corruzione nell’amministrazione pubblica,"279,168.00","135,125.00","144,043.00","57,158.00","28,620.00","28,538.00","41,801.00","12,121.00","2,242.00",18.46%
,,Separazione delle funzioni tra pubblici ministeri dell’accusa e magistrati che giudicano,"279,168.00","135,125.00","144,043.00","57,187.00","28,632.00","28,555.00","42,817.00","11,570.00","1,928.00",18.46%
,,Valutazione dei magistrati,"279,168.00","135,125.00","144,043.00","57,166.00","28,622.00","28,544.00","41,645.00","12,379.00","2,190.00",18.46%
,NOVARA Total,,"1,675,008.00","810,750.00","864,258.00","343,060.00","171,789.00","171,271.00","224,482.00","101,390.00","11,843.00",18.38%
,TORINO,Custodia cautelare o carcerazione preventiva,"3,449,224.00","1,655,108.00","1,794,116.00","648,776.00","323,148.00","325,628.00","318,440.00","298,194.00","19,438.00",16.44%
,,Elezione del Consiglio Superiore della Magistratura (CSM),"1,724,612.00","827,554.00","897,058.00","324,955.00","161,829.00","163,126.00","153,902.00","156,555.00","8,378.00",16.44%
,,Provvedimenti per combattere la corruzione nell’amministrazione pubblica,"1,724,612.00","827,554.00","897,058.00","324,196.00","161,520.00","162,676.00","209,388.00","95,245.00","12,180.00",16.44%
,,Separazione delle funzioni tra pubblici ministeri dell’accusa e magistrati che giudicano,"1,724,612.00","827,554.00","897,058.00","324,333.00","161,584.00","162,749.00","216,444.00","90,757.00","10,368.00",16.44%
,,Valutazione dei magistrati,"1,724,612.00","827,554.00","897,058.00","324,175.00","161,517.00","162,658.00","211,259.00","94,091.00","11,637.00",16.44%
,TORINO Total,,"10,347,672.00","4,965,324.00","5,382,348.00","1,946,435.00","969,598.00","976,837.00","1,109,433.00","734,842.00","62,001.00",16.44%
,VERBANO-CUSIO-OSSOLA,Custodia cautelare o carcerazione preventiva,"253,702.00","122,982.00","130,720.00","49,184.00","24,576.00","24,608.00","29,208.00","16,790.00","2,188.00",9.25%
,,Elezione del Consiglio Superiore della Magistratura (CSM),"126,851.00","61,491.00","65,360.00","24,606.00","12,298.00","12,308.00","14,303.00","8,834.00","1,006.00",9.25%
,,Provvedimenti per combattere la corruzione nell’amministrazione pubblica,"126,851.00","61,491.00","65,360.00","24,585.00","12,293.00","12,292.00","17,741.00","5,006.00","1,278.00",9.25%
,,Separazione delle funzioni tra pubblici ministeri dell’accusa e magistrati che giudicano,"126,851.00","61,491.00","65,360.00","24,595.00","12,294.00","12,301.00","18,247.00","4,731.00","1,114.00",9.25%
,,Valutazione dei magistrati,"126,851.00","61,491.00","65,360.00","24,585.00","12,293.00","12,292.00","17,778.00","5,016.00","1,280.00",9.25%
,VERBANO-CUSIO-OSSOLA Total,,"761,106.00","368,946.00","392,160.00","147,555.00","73,754.00","73,801.00","97,277.00","40,377.00","6,866.00",9.25%
,VERCELLI,Custodia cautelare o carcerazione preventiva,"264,192.00","127,602.00","136,590.00","64,876.00","32,350.00","32,526.00","35,066.00","25,046.00","3,268.00",19.97%
,,Elezione del Consiglio Superiore della Magistratura (CSM),"132,096.00","63,801.00","68,295.00","32,467.00","16,192.00","16,275.00","17,228.00","13,109.00","1,420.00",19.97%
,,Provvedimenti per combattere la corruzione nell’amministrazione pubblica,"132,096.00","63,801.00","68,295.00","32,412.00","16,167.00","16,245.00","22,117.00","7,453.00","1,984.00",19.97%
,,Separazione delle funzioni tra pubblici ministeri dell’accusa e magistrati che giudicano,"132,096.00","63,801.00","68,295.00","32,424.00","16,173.00","16,251.00","23,059.00","6,873.00","1,718.00",19.97%
,,Valutazione dei magistrati,"132,096.00","63,801.00","68,295.00","32,411.00","16,169.00","16,242.00","22,206.00","7,498.00","1,874.00",19.97%
,VERCELLI Total,,"792,576.00","382,806.00","409,770.00","194,590.00","97,051.00","97,539.00","119,676.00","59,979.00","10,264.00",19.97%
PIEMONTE Total,,,"19,946,478.00","9,622,728.00","10,323,750.00","4,321,944.00","2,155,643.00","2,166,301.00","2,546,437.00","1,490,169.00","190,845.00",55.36%
PUGLIA,BARI,Custodia cautelare o carcerazione preventiva,"2,016,506.00","971,882.00","1,044,624.00","463,902.00","236,060.00","227,842.00","188,856.00","202,734.00","62,742.00",12.97%
,,Elezione del Consiglio Superiore della Magistratura (CSM),"1,008,253.00","485,941.00","522,312.00","232,052.00","118,069.00","113,983.00","91,698.00","106,485.00","29,240.00",12.97%
,,Provvedimenti per combattere la corruzione nell’amministrazione pubblica,"1,008,253.00","485,941.00","522,312.00","231,981.00","118,045.00","113,936.00","124,640.00","69,025.00","33,229.00",12.98%
,,Separazione delle funzioni tra pubblici ministeri dell’accusa e magistrati che giudicano,"1,008,253.00","485,941.00","522,312.00","232,015.00","118,059.00","113,956.00","131,028.00","64,483.00","31,747.00",12.98%
,,Valutazione dei magistrati,"1,008,253.00","485,941.00","522,312.00","231,940.00","118,041.00","113,899.00","126,471.00","68,372.00","32,140.00",12.98%
,BARI Total,,"6,049,518.00","2,915,646.00","3,133,872.00","1,391,890.00","708,274.00","683,616.00","662,693.00","511,099.00","189,098.00",12.97%
,BARLETTA-ANDRIA-TRANI,Custodia cautelare o carcerazione preventiva,"621,634.00","303,770.00","317,864.00","179,126.00","91,302.00","87,824.00","68,096.00","76,628.00","31,542.00",9.11%
,,Elezione del Consiglio Superiore della Magistratura (CSM),"310,817.00","151,885.00","158,932.00","89,566.00","45,656.00","43,910.00","33,627.00","39,613.00","14,937.00",9.11%
,,Provvedimenti per combattere la corruzione nell’amministrazione pubblica,"310,817.00","151,885.00","158,932.00","89,556.00","45,647.00","43,909.00","45,611.00","25,737.00","16,645.00",9.11%
,,Separazione delle funzioni tra pubblici ministeri dell’accusa e magistrati che giudicano,"310,817.00","151,885.00","158,932.00","89,561.00","45,654.00","43,907.00","48,448.00","23,489.00","16,162.00",9.11%
,,Valutazione dei magistrati,"310,817.00","151,885.00","158,932.00","89,556.00","45,647.00","43,909.00","46,802.00","25,078.00","16,032.00",9.11%
,BARLETTA-ANDRIA-TRANI Total,,"1,864,902.00","911,310.00","953,592.00","537,365.00","273,906.00","263,459.00","242,584.00","190,545.00","95,318.00",9.11%
,BRINDISI,Custodia cautelare o carcerazione preventiva,"633,222.00","300,656.00","332,566.00","62,504.00","33,598.00","28,906.00","35,344.00","23,764.00","2,488.00",9.90%
,,Elezione del Consiglio Superiore della Magistratura (CSM),"316,611.00","150,328.00","166,283.00","31,246.00","16,793.00","14,453.00","16,765.00","12,909.00","1,125.00",9.90%
,,Provvedimenti per combattere la corruzione nell’amministrazione pubblica,"316,611.00","150,328.00","166,283.00","31,250.00","16,796.00","14,454.00","21,898.00","7,421.00","1,456.00",9.90%
,,Separazione delle funzioni tra pubblici ministeri dell’accusa e magistrati che giudicano,"316,611.00","150,328.00","166,283.00","31,252.00","16,797.00","14,455.00","22,751.00","6,781.00","1,280.00",9.90%
,,Valutazione dei magistrati,"316,611.00","150,328.00","166,283.00","31,251.00","16,797.00","14,454.00","22,274.00","7,157.00","1,363.00",9.90%
,BRINDISI Total,,"1,899,666.00","901,968.00","997,698.00","187,503.00","100,781.00","86,722.00","119,032.00","58,032.00","7,712.00",9.90%
,FOGGIA,Custodia cautelare o carcerazione preventiva,"958,944.00","462,650.00","496,294.00","116,780.00","62,256.00","54,524.00","57,664.00","49,038.00","8,274.00",10.73%
,,Elezione del Consiglio Superiore della Magistratura (CSM),"479,472.00","231,325.00","248,147.00","58,409.00","31,142.00","27,267.00","27,876.00","25,766.00","3,897.00",10.73%
,,Provvedimenti per combattere la corruzione nell’amministrazione pubblica,"479,472.00","231,325.00","248,147.00","58,401.00","31,134.00","27,267.00","37,712.00","15,257.00","4,492.00",10.73%
,,Separazione delle funzioni tra pubblici ministeri dell’accusa e magistrati che giudicano,"479,472.00","231,325.00","248,147.00","58,409.00","31,152.00","27,257.00","39,657.00","13,717.00","4,131.00",10.73%
,,Valutazione dei magistrati,"479,472.00","231,325.00","248,147.00","58,400.00","31,148.00","27,252.00","38,266.00","14,915.00","4,301.00",10.73%
,FOGGIA Total,,"2,876,832.00","1,387,950.00","1,488,882.00","350,399.00","186,832.00","163,567.00","201,175.00","118,693.00","25,095.00",10.73%
,LECCE,Custodia cautelare o carcerazione preventiva,"1,287,686.00","609,346.00","678,340.00","239,630.00","122,186.00","117,444.00","108,178.00","89,030.00","38,522.00",9.37%
,,Elezione del Consiglio Superiore della Magistratura (CSM),"643,843.00","304,673.00","339,170.00","119,843.00","61,105.00","58,738.00","52,526.00","47,236.00","17,998.00",9.37%
,,Provvedimenti per combattere la corruzione nell’amministrazione pubblica,"643,843.00","304,673.00","339,170.00","119,806.00","61,100.00","58,706.00","67,718.00","29,538.00","20,373.00",9.37%
,,Separazione delle funzioni tra pubblici ministeri dell’accusa e magistrati che giudicano,"643,843.00","304,673.00","339,170.00","119,823.00","61,112.00","58,711.00","71,267.00","27,097.00","19,360.00",9.37%
,,Valutazione dei magistrati,"643,843.00","304,673.00","339,170.00","119,791.00","61,091.00","58,700.00","69,323.00","28,577.00","19,467.00",9.37%
,LECCE Total,,"3,863,058.00","1,828,038.00","2,035,020.00","718,893.00","366,594.00","352,299.00","369,012.00","221,478.00","115,720.00",9.37%
,TARANTO,Custodia cautelare o carcerazione preventiva,"925,136.00","442,526.00","482,610.00","314,432.00","158,968.00","155,464.00","136,740.00","126,046.00","44,032.00",7.51%
,,Elezione del Consiglio Superiore della Magistratura (CSM),"462,568.00","221,263.00","241,305.00","157,260.00","79,526.00","77,734.00","67,219.00","65,537.00","20,749.00",7.51%
,,Provvedimenti per combattere la corruzione nell’amministrazione pubblica,"462,568.00","221,263.00","241,305.00","157,250.00","79,514.00","77,736.00","83,609.00","46,263.00","23,160.00",7.51%
,,Separazione delle funzioni tra pubblici ministeri dell’accusa e magistrati che giudicano,"462,568.00","221,263.00","241,305.00","157,289.00","79,531.00","77,758.00","88,113.00","43,050.00","22,161.00",7.51%
,,Valutazione dei magistrati,"462,568.00","221,263.00","241,305.00","157,245.00","79,501.00","77,744.00","84,667.00","46,033.00","22,665.00",7.51%
,TARANTO Total,,"2,775,408.00","1,327,578.00","1,447,830.00","943,476.00","477,040.00","466,436.00","460,348.00","326,929.00","132,767.00",7.51%
PUGLIA Total,,,"19,329,384.00","9,272,490.00","10,056,894.00","4,129,526.00","2,113,427.00","2,016,099.00","2,054,844.00","1,426,776.00","565,710.00",12.97%
SARDEGNA,CAGLIARI,Custodia cautelare o carcerazione preventiva,"712,092.00","339,320.00","372,772.00","100,672.00","49,990.00","50,682.00","55,664.00","38,318.00","5,362.00",9.20%
,,Elezione del Consiglio Superiore della Magistratura (CSM),"356,046.00","169,660.00","186,386.00","50,335.00","24,995.00","25,340.00","26,449.00","20,978.00","2,319.00",9.20%
,,Provvedimenti per combattere la corruzione nell’amministrazione pubblica,"356,046.00","169,660.00","186,386.00","50,260.00","24,973.00","25,287.00","33,728.00","12,650.00","3,064.00",9.20%
,,Separazione delle funzioni tra pubblici ministeri dell’accusa e magistrati che giudicano,"356,046.00","169,660.00","186,386.00","50,359.00","25,022.00","25,337.00","35,249.00","11,772.00","2,706.00",9.20%
,,Valutazione dei magistrati,"356,046.00","169,660.00","186,386.00","50,347.00","25,011.00","25,336.00","34,405.00","12,396.00","2,817.00",9.20%
,CAGLIARI Total,,"2,136,276.00","1,017,960.00","1,118,316.00","301,973.00","149,991.00","151,982.00","185,495.00","96,114.00","16,268.00",9.20%
,NUORO,Custodia cautelare o carcerazione preventiva,"337,802.00","164,560.00","173,242.00","41,260.00","20,676.00","20,584.00","22,786.00","14,388.00","3,452.00",7.68%
,,Elezione del Consiglio Superiore della Magistratura (CSM),"168,901.00","82,280.00","86,621.00","20,641.00","10,341.00","10,300.00","10,906.00","7,842.00","1,564.00",7.68%
,,Provvedimenti per combattere la corruzione nell’amministrazione pubblica,"168,901.00","82,280.00","86,621.00","20,614.00","10,330.00","10,284.00","13,220.00","5,204.00","1,856.00",7.48%
,,Separazione delle funzioni tra pubblici ministeri dell’accusa e magistrati che giudicano,"168,901.00","82,280.00","86,621.00","20,633.00","10,339.00","10,294.00","13,845.00","4,769.00","1,691.00",7.48%
,,Valutazione dei magistrati,"168,901.00","82,280.00","86,621.00","20,617.00","10,332.00","10,285.00","13,387.00","5,069.00","1,827.00",7.48%
,NUORO Total,,"1,013,406.00","493,680.00","519,726.00","123,765.00","62,018.00","61,747.00","74,144.00","37,272.00","10,390.00",7.68%
,ORISTANO,Custodia cautelare o carcerazione preventiva,"262,106.00","128,510.00","133,596.00","59,242.00","29,160.00","30,082.00","30,224.00","21,044.00","6,732.00",9.45%
,,Elezione del Consiglio Superiore della Magistratura (CSM),"131,053.00","64,255.00","66,798.00","29,646.00","14,590.00","15,056.00","14,709.00","11,304.00","3,058.00",9.45%
,,Provvedimenti per combattere la corruzione nell’amministrazione pubblica,"131,053.00","64,255.00","66,798.00","29,625.00","14,575.00","15,050.00","17,443.00","7,853.00","3,665.00",9.45%
,,Separazione delle funzioni tra pubblici ministeri dell’accusa e magistrati che giudicano,"131,053.00","64,255.00","66,798.00","29,641.00","14,586.00","15,055.00","18,421.00","7,231.00","3,328.00",9.45%
,,Valutazione dei magistrati,"131,053.00","64,255.00","66,798.00","29,614.00","14,574.00","15,040.00","17,734.00","7,776.00","3,475.00",9.45%
,ORISTANO Total,,"786,318.00","385,530.00","400,788.00","177,768.00","87,485.00","90,283.00","98,531.00","55,208.00","20,258.00",9.45%
,SASSARI,Custodia cautelare o carcerazione preventiva,"792,940.00","387,800.00","405,140.00","98,314.00","50,510.00","47,804.00","54,404.00","34,576.00","7,964.00",9.93%
,,Elezione del Consiglio Superiore della Magistratura (CSM),"396,470.00","193,900.00","202,570.00","49,168.00","25,269.00","23,899.00","26,267.00","18,595.00","3,623.00",9.93%
,,Provvedimenti per combattere la corruzione nell’amministrazione pubblica,"396,470.00","193,900.00","202,570.00","49,133.00","25,254.00","23,879.00","32,280.00","11,822.00","4,286.00",9.93%
,,Separazione delle funzioni tra pubblici ministeri dell’accusa e magistrati che giudicano,"396,470.00","193,900.00","202,570.00","49,156.00","25,268.00","23,888.00","33,586.00","10,981.00","3,904.00",9.93%
,,Valutazione dei magistrati,"396,470.00","193,900.00","202,570.00","49,129.00","25,255.00","23,874.00","32,827.00","11,553.00","4,024.00",9.93%
,SASSARI Total,,"2,378,820.00","1,163,400.00","1,215,420.00","294,900.00","151,556.00","143,344.00","179,364.00","87,527.00","23,801.00",9.93%
,SUD SARDEGNA,Custodia cautelare o carcerazione preventiva,"584,454.00","288,652.00","295,802.00","90,240.00","46,312.00","43,928.00","46,048.00","32,240.00","9,784.00",51.84%
,,Elezione del Consiglio Superiore della Magistratura (CSM),"292,227.00","144,326.00","147,901.00","45,129.00","23,180.00","21,949.00","22,453.00","17,074.00","4,572.00",51.86%
,,Provvedimenti per combattere la corruzione nell’amministrazione pubblica,"292,227.00","144,326.00","147,901.00","45,111.00","23,170.00","21,941.00","26,666.00","11,967.00","5,389.00",51.82%
,,Separazione delle funzioni tra pubblici ministeri dell’accusa e magistrati che giudicano,"292,227.00","144,326.00","147,901.00","45,120.00","23,175.00","21,945.00","27,835.00","11,134.00","5,042.00",51.82%
,,Valutazione dei magistrati,"292,227.00","144,326.00","147,901.00","45,116.00","23,172.00","21,944.00","27,114.00","11,833.00","5,055.00",51.82%
,SUD SARDEGNA Total,,"1,753,362.00","865,956.00","887,406.00","270,716.00","139,009.00","131,707.00","150,116.00","84,248.00","29,842.00",51.86%
SARDEGNA Total,,,"8,068,182.00","3,926,526.00","4,141,656.00","1,169,122.00","590,059.00","579,063.00","687,650.00","360,369.00","100,559.00",9.20%
SICILIA,AGRIGENTO,Custodia cautelare o carcerazione preventiva,"682,436.00","326,264.00","356,172.00","136,656.00","70,136.00","66,520.00","66,114.00","46,546.00","20,636.00",8.92%
,,Elezione del Consiglio Superiore della Magistratura (CSM),"341,218.00","163,132.00","178,086.00","68,340.00","35,078.00","33,262.00","31,968.00","24,979.00","9,740.00",8.92%
,,Provvedimenti per combattere la corruzione nell’amministrazione pubblica,"341,218.00","163,132.00","178,086.00","68,329.00","35,073.00","33,256.00","38,648.00","17,079.00","10,872.00",8.93%
,,Separazione delle funzioni tra pubblici ministeri dell’accusa e magistrati che giudicano,"341,218.00","163,132.00","178,086.00","68,339.00","35,081.00","33,258.00","40,814.00","15,449.00","10,352.00",8.93%
,,Valutazione dei magistrati,"341,218.00","163,132.00","178,086.00","68,331.00","35,072.00","33,259.00","39,802.00","16,391.00","10,443.00",8.94%
,AGRIGENTO Total,,"2,047,308.00","978,792.00","1,068,516.00","409,995.00","210,440.00","199,555.00","217,346.00","120,444.00","62,043.00",8.92%
,CALTANISSETTA,Custodia cautelare o carcerazione preventiva,"429,050.00","205,038.00","224,012.00","71,816.00","36,556.00","35,260.00","35,708.00","24,546.00","10,232.00",44.82%
,,Elezione del Consiglio Superiore della Magistratura (CSM),"214,525.00","102,519.00","112,006.00","35,916.00","18,280.00","17,636.00","17,285.00","13,016.00","4,968.00",44.82%
,,Provvedimenti per combattere la corruzione nell’amministrazione pubblica,"214,525.00","102,519.00","112,006.00","35,912.00","18,277.00","17,635.00","21,146.00","8,746.00","5,327.00",44.82%
,,Separazione delle funzioni tra pubblici ministeri dell’accusa e magistrati che giudicano,"214,525.00","102,519.00","112,006.00","35,923.00","18,282.00","17,641.00","22,040.00","7,953.00","5,281.00",44.82%
,,Valutazione dei magistrati,"214,525.00","102,519.00","112,006.00","35,914.00","18,278.00","17,636.00","21,470.00","8,526.00","5,253.00",44.82%
,CALTANISSETTA Total,,"1,287,150.00","615,114.00","672,036.00","215,481.00","109,673.00","105,808.00","117,649.00","62,787.00","31,061.00",44.82%
,CATANIA,Custodia cautelare o carcerazione preventiva,"1,742,802.00","831,298.00","911,504.00","333,268.00","167,472.00","165,796.00","155,934.00","134,206.00","35,176.00",69.12%
,,Elezione del Consiglio Superiore della Magistratura (CSM),"871,401.00","415,649.00","455,752.00","166,657.00","83,775.00","82,882.00","75,711.00","70,356.00","16,625.00",69.12%
,,Provvedimenti per combattere la corruzione nell’amministrazione pubblica,"871,401.00","415,649.00","455,752.00","166,675.00","83,752.00","82,923.00","97,338.00","46,592.00","18,474.00",68.98%
,,Separazione delle funzioni tra pubblici ministeri dell’accusa e magistrati che giudicano,"871,401.00","415,649.00","455,752.00","166,694.00","83,757.00","82,937.00","101,456.00","43,722.00","17,227.00",69.05%
,,Valutazione dei magistrati,"871,401.00","415,649.00","455,752.00","166,672.00","83,757.00","82,915.00","99,269.00","45,504.00","17,773.00",68.98%
,CATANIA Total,,"5,228,406.00","2,493,894.00","2,734,512.00","999,966.00","502,513.00","497,453.00","529,708.00","340,380.00","105,275.00",69.12%
,ENNA,Custodia cautelare o carcerazione preventiva,"261,752.00","124,734.00","137,018.00","41,102.00","21,420.00","19,682.00","20,826.00","15,322.00","3,702.00",9.87%
,,Elezione del Consiglio Superiore della Magistratura (CSM),"130,876.00","62,367.00","68,509.00","20,553.00","10,710.00","9,843.00","10,091.00","8,141.00","1,604.00",9.87%
,,Provvedimenti per combattere la corruzione nell’amministrazione pubblica,"130,876.00","62,367.00","68,509.00","20,550.00","10,709.00","9,841.00","12,720.00","5,236.00","1,948.00",9.87%
,,Separazione delle funzioni tra pubblici ministeri dell’accusa e magistrati che giudicano,"130,876.00","62,367.00","68,509.00","20,556.00","10,715.00","9,841.00","13,200.00","4,909.00","1,835.00",9.87%
,,Valutazione dei magistrati,"130,876.00","62,367.00","68,509.00","20,552.00","10,710.00","9,842.00","12,926.00","5,112.00","1,891.00",9.87%
,ENNA Total,,"785,256.00","374,202.00","411,054.00","123,313.00","64,264.00","59,049.00","69,763.00","38,720.00","10,980.00",9.87%
,MESSINA,Custodia cautelare o carcerazione preventiva,"988,902.00","472,206.00","516,696.00","360,312.00","178,480.00","181,832.00","153,086.00","137,000.00","58,942.00",63.73%
,,Elezione del Consiglio Superiore della Magistratura (CSM),"494,451.00","236,103.00","258,348.00","180,269.00","89,340.00","90,929.00","74,777.00","71,866.00","28,091.00",63.68%
,,Provvedimenti per combattere la corruzione nell’amministrazione pubblica,"494,451.00","236,103.00","258,348.00","180,237.00","89,245.00","90,992.00","91,678.00","51,600.00","30,780.00",63.70%
,,Separazione delle funzioni tra pubblici ministeri dell’accusa e magistrati che giudicano,"494,451.00","236,103.00","258,348.00","180,267.00","89,317.00","90,950.00","97,552.00","47,335.00","29,753.00",63.68%
,,Valutazione dei magistrati,"494,451.00","236,103.00","258,348.00","180,128.00","89,123.00","91,005.00","94,443.00","50,140.00","29,818.00",63.88%
,MESSINA Total,,"2,966,706.00","1,416,618.00","1,550,088.00","1,081,213.00","535,505.00","545,708.00","511,536.00","357,941.00","177,384.00",63.68%
,PALERMO,Custodia cautelare o carcerazione preventiva,"1,971,514.00","937,138.00","1,034,376.00","607,036.00","303,966.00","303,070.00","252,860.00","264,354.00","72,200.00",10.35%
,,Elezione del Consiglio Superiore della Magistratura (CSM),"985,757.00","468,569.00","517,188.00","303,548.00","152,000.00","151,548.00","123,722.00","137,587.00","33,595.00",10.35%
,,Provvedimenti per combattere la corruzione nell’amministrazione pubblica,"985,757.00","468,569.00","517,188.00","303,485.00","151,971.00","151,514.00","152,989.00","102,773.00","38,286.00",10.35%
,,Separazione delle funzioni tra pubblici ministeri dell’accusa e magistrati che giudicano,"985,757.00","468,569.00","517,188.00","303,599.00","152,010.00","151,589.00","162,339.00","95,680.00","36,808.00",10.35%
,,Valutazione dei magistrati,"985,757.00","468,569.00","517,188.00","303,485.00","151,984.00","151,501.00","157,891.00","100,187.00","36,467.00",10.35%
,PALERMO Total,,"5,914,542.00","2,811,414.00","3,103,128.00","1,821,153.00","911,931.00","909,222.00","849,801.00","700,581.00","217,356.00",10.35%
,RAGUSA,Custodia cautelare o carcerazione preventiva,"481,642.00","231,788.00","249,854.00","92,710.00","46,682.00","46,028.00","40,728.00","36,748.00","12,466.00",8.37%
,,Elezione del Consiglio Superiore della Magistratura (CSM),"240,821.00","115,894.00","124,927.00","46,379.00","23,333.00","23,046.00","20,256.00","18,993.00","5,813.00",8.37%
,,Provvedimenti per combattere la corruzione nell’amministrazione pubblica,"240,821.00","115,894.00","124,927.00","46,354.00","23,343.00","23,011.00","24,815.00","13,570.00","6,582.00",8.37%
,,Separazione delle funzioni tra pubblici ministeri dell’accusa e magistrati che giudicano,"240,821.00","115,894.00","124,927.00","46,367.00","23,351.00","23,016.00","25,802.00","12,850.00","6,370.00",8.37%
,,Valutazione dei magistrati,"240,821.00","115,894.00","124,927.00","46,355.00","23,344.00","23,011.00","25,252.00","13,281.00","6,489.00",8.37%
,RAGUSA Total,,"1,444,926.00","695,364.00","749,562.00","278,165.00","140,053.00","138,112.00","136,853.00","95,442.00","37,720.00",8.37%
,SIRACUSA,Custodia cautelare o carcerazione preventiva,"636,390.00","308,478.00","327,912.00","104,308.00","53,158.00","51,150.00","48,878.00","41,606.00","11,692.00",10.54%
,,Elezione del Consiglio Superiore della Magistratura (CSM),"318,195.00","154,239.00","163,956.00","52,163.00","26,583.00","25,580.00","23,642.00","21,924.00","5,522.00",10.54%
,,Provvedimenti per combattere la corruzione nell’amministrazione pubblica,"318,195.00","154,239.00","163,956.00","52,152.00","26,580.00","25,572.00","30,195.00","14,666.00","6,192.00",10.53%
,,Separazione delle funzioni tra pubblici ministeri dell’accusa e magistrati che giudicano,"318,195.00","154,239.00","163,956.00","52,158.00","26,584.00","25,574.00","31,649.00","13,573.00","5,879.00",10.54%
,,Valutazione dei magistrati,"318,195.00","154,239.00","163,956.00","52,154.00","26,580.00","25,574.00","30,829.00","14,203.00","6,034.00",10.53%
,SIRACUSA Total,,"1,909,170.00","925,434.00","983,736.00","312,935.00","159,485.00","153,450.00","165,193.00","105,972.00","35,319.00",10.54%
,TRAPANI,Custodia cautelare o carcerazione preventiva,"676,498.00","325,226.00","351,272.00","87,516.00","45,542.00","41,974.00","45,152.00","31,690.00","8,554.00",11.10%
,,Elezione del Consiglio Superiore della Magistratura (CSM),"338,249.00","162,613.00","175,636.00","43,762.00","22,773.00","20,989.00","21,623.00","17,123.00","3,984.00",11.10%
,,Provvedimenti per combattere la corruzione nell’amministrazione pubblica,"338,249.00","162,613.00","175,636.00","43,753.00","22,770.00","20,983.00","26,920.00","11,105.00","4,630.00",11.11%
,,Separazione delle funzioni tra pubblici ministeri dell’accusa e magistrati che giudicano,"338,249.00","162,613.00","175,636.00","43,762.00","22,774.00","20,988.00","28,304.00","10,149.00","4,271.00",11.10%
,,Valutazione dei magistrati,"338,249.00","162,613.00","175,636.00","43,760.00","22,773.00","20,987.00","27,616.00","10,747.00","4,237.00",11.10%
,TRAPANI Total,,"2,029,494.00","975,678.00","1,053,816.00","262,553.00","136,632.00","125,921.00","149,615.00","80,814.00","25,676.00",11.10%
SICILIA Total,,,"23,612,958.00","11,286,510.00","12,326,448.00","5,504,774.00","2,770,496.00","2,734,278.00","2,747,464.00","1,903,081.00","702,814.00",8.92%
TOSCANA,AREZZO,Custodia cautelare o carcerazione preventiva,"517,556.00","251,342.00","266,214.00","87,902.00","45,186.00","42,716.00","50,608.00","33,284.00","2,840.00",15.56%
,,Elezione del Consiglio Superiore della Magistratura (CSM),"258,778.00","125,671.00","133,107.00","43,977.00","22,609.00","21,368.00","24,338.00","17,868.00","1,194.00",15.60%
,,Provvedimenti per combattere la corruzione nell’amministrazione pubblica,"258,778.00","125,671.00","133,107.00","43,957.00","22,602.00","21,355.00","31,875.00","9,635.00","1,687.00",15.56%
,,Separazione delle funzioni tra pubblici ministeri dell’accusa e magistrati che giudicano,"258,778.00","125,671.00","133,107.00","44,000.00","22,631.00","21,369.00","33,446.00","8,533.00","1,408.00",15.58%
,,Valutazione dei magistrati,"258,778.00","125,671.00","133,107.00","43,956.00","22,607.00","21,349.00","32,487.00","9,159.00","1,658.00",15.56%
,AREZZO Total,,"1,552,668.00","754,026.00","798,642.00","263,792.00","135,635.00","128,157.00","172,754.00","78,479.00","8,787.00",15.60%
,FIRENZE,Custodia cautelare o carcerazione preventiva,"1,487,116.00","709,660.00","777,456.00","242,096.00","120,230.00","121,866.00","118,120.00","115,718.00","5,184.00",16.78%
,,Elezione del Consiglio Superiore della Magistratura (CSM),"743,558.00","354,830.00","388,728.00","121,143.00","60,160.00","60,983.00","56,071.00","61,606.00","2,015.00",16.78%
,,Provvedimenti per combattere la corruzione nell’amministrazione pubblica,"743,558.00","354,830.00","388,728.00","120,984.00","60,120.00","60,864.00","80,724.00","34,531.00","3,791.00",16.78%
,,Separazione delle funzioni tra pubblici ministeri dell’accusa e magistrati che giudicano,"743,558.00","354,830.00","388,728.00","121,101.00","60,181.00","60,920.00","84,470.00","32,295.00","2,696.00",16.80%
,,Valutazione dei magistrati,"743,558.00","354,830.00","388,728.00","120,986.00","60,118.00","60,868.00","81,967.00","33,609.00","3,549.00",16.78%
,FIRENZE Total,,"4,461,348.00","2,128,980.00","2,332,368.00","726,310.00","360,809.00","365,501.00","421,352.00","277,759.00","17,235.00",16.78%
,GROSSETO,Custodia cautelare o carcerazione preventiva,"341,262.00","163,990.00","177,272.00","61,966.00","31,842.00","30,124.00","35,948.00","22,688.00","2,296.00",13.80%
,,Elezione del Consiglio Superiore della Magistratura (CSM),"170,631.00","81,995.00","88,636.00","30,988.00","15,924.00","15,064.00","17,501.00","11,980.00","1,032.00",13.83%
,,Provvedimenti per combattere la corruzione nell’amministrazione pubblica,"170,631.00","81,995.00","88,636.00","30,994.00","15,932.00","15,062.00","22,613.00","6,428.00","1,348.00",13.83%
,,Separazione delle funzioni tra pubblici ministeri dell’accusa e magistrati che giudicano,"170,631.00","81,995.00","88,636.00","30,996.00","15,930.00","15,066.00","23,511.00","5,822.00","1,165.00",13.83%
,,Valutazione dei magistrati,"170,631.00","81,995.00","88,636.00","30,987.00","15,928.00","15,059.00","22,920.00","6,159.00","1,334.00",13.80%
,GROSSETO Total,,"1,023,786.00","491,970.00","531,816.00","185,931.00","95,556.00","90,375.00","122,493.00","53,077.00","7,175.00",13.83%
,LIVORNO,Custodia cautelare o carcerazione preventiva,"520,948.00","249,616.00","271,332.00","81,612.00","41,712.00","39,900.00","42,074.00","36,190.00","2,344.00",13.99%
,,Elezione del Consiglio Superiore della Magistratura (CSM),"260,474.00","124,808.00","135,666.00","40,838.00","20,879.00","19,959.00","20,336.00","18,982.00","1,056.00",14.08%
,,Provvedimenti per combattere la corruzione nell’amministrazione pubblica,"260,474.00","124,808.00","135,666.00","40,795.00","20,854.00","19,941.00","27,567.00","11,056.00","1,563.00",13.99%
,,Separazione delle funzioni tra pubblici ministeri dell’accusa e magistrati che giudicano,"260,474.00","124,808.00","135,666.00","40,814.00","20,867.00","19,947.00","29,003.00","10,078.00","1,201.00",13.99%
,,Valutazione dei magistrati,"260,474.00","124,808.00","135,666.00","40,785.00","20,849.00","19,936.00","28,033.00","10,727.00","1,432.00",13.99%
,LIVORNO Total,,"1,562,844.00","748,848.00","813,996.00","244,844.00","125,161.00","119,683.00","147,013.00","87,033.00","7,596.00",14.08%
,LUCCA,Custodia cautelare o carcerazione preventiva,"615,334.00","296,250.00","319,084.00","166,646.00","82,472.00","84,174.00","83,302.00","68,642.00","10,912.00",16.23%
,,Elezione del Consiglio Superiore della Magistratura (CSM),"307,667.00","148,125.00","159,542.00","83,433.00","41,288.00","42,145.00","40,399.00","36,368.00","4,853.00",16.24%
,,Provvedimenti per combattere la corruzione nell’amministrazione pubblica,"307,667.00","148,125.00","159,542.00","83,232.00","41,215.00","42,017.00","53,230.00","21,627.00","6,264.00",16.25%
,,Separazione delle funzioni tra pubblici ministeri dell’accusa e magistrati che giudicano,"307,667.00","148,125.00","159,542.00","83,309.00","41,252.00","42,057.00","55,836.00","20,012.00","5,566.00",16.25%
,,Valutazione dei magistrati,"307,667.00","148,125.00","159,542.00","83,238.00","41,223.00","42,015.00","54,229.00","21,194.00","5,841.00",16.25%
,LUCCA Total,,"1,846,002.00","888,750.00","957,252.00","499,858.00","247,450.00","252,408.00","286,996.00","167,843.00","33,436.00",16.24%
,MASSA-CARRARA,Custodia cautelare o carcerazione preventiva,"306,170.00","146,848.00","159,322.00","87,338.00","43,338.00","44,000.00","45,720.00","33,344.00","6,492.00",56.88%
,,Elezione del Consiglio Superiore della Magistratura (CSM),"153,085.00","73,424.00","79,661.00","43,688.00","21,679.00","22,009.00","22,190.00","17,766.00","2,912.00",56.90%
,,Provvedimenti per combattere la corruzione nell’amministrazione pubblica,"153,085.00","73,424.00","79,661.00","43,645.00","21,660.00","21,985.00","28,200.00","10,892.00","3,612.00",56.79%
,,Separazione delle funzioni tra pubblici ministeri dell’accusa e magistrati che giudicano,"153,085.00","73,424.00","79,661.00","43,674.00","21,677.00","21,997.00","29,533.00","10,080.00","3,186.00",56.83%
,,Valutazione dei magistrati,"153,085.00","73,424.00","79,661.00","43,639.00","21,659.00","21,980.00","28,611.00","10,686.00","3,447.00",56.83%
,MASSA-CARRARA Total,,"918,510.00","440,544.00","477,966.00","261,984.00","130,013.00","131,971.00","154,254.00","82,768.00","19,649.00",56.90%
,PISA,Custodia cautelare o carcerazione preventiva,"643,856.00","311,002.00","332,854.00","107,754.00","54,494.00","53,260.00","56,626.00","47,112.00","2,580.00",46.02%
,,Elezione del Consiglio Superiore della Magistratura (CSM),"321,928.00","155,501.00","166,427.00","53,905.00","27,263.00","26,642.00","27,055.00","25,114.00","1,096.00",46.20%
,,Provvedimenti per combattere la corruzione nell’amministrazione pubblica,"321,928.00","155,501.00","166,427.00","53,863.00","27,237.00","26,626.00","37,512.00","13,757.00","1,736.00",46.13%
,,Separazione delle funzioni tra pubblici ministeri dell’accusa e magistrati che giudicano,"321,928.00","155,501.00","166,427.00","53,912.00","27,275.00","26,637.00","38,914.00","12,885.00","1,355.00",46.14%
,,Valutazione dei magistrati,"321,928.00","155,501.00","166,427.00","53,853.00","27,233.00","26,620.00","37,843.00","13,555.00","1,621.00",45.99%
,PISA Total,,"1,931,568.00","933,006.00","998,562.00","323,287.00","163,502.00","159,785.00","197,950.00","112,423.00","8,388.00",46.20%
,PISTOIA,Custodia cautelare o carcerazione preventiva,"448,236.00","215,600.00","232,636.00","140,770.00","69,406.00","71,364.00","66,748.00","58,344.00","11,914.00",17.56%
,,Elezione del Consiglio Superiore della Magistratura (CSM),"224,118.00","107,800.00","116,318.00","70,479.00","34,745.00","35,734.00","32,786.00","30,728.00","5,244.00",17.56%
,,Provvedimenti per combattere la corruzione nell’amministrazione pubblica,"224,118.00","107,800.00","116,318.00","70,325.00","34,681.00","35,644.00","42,452.00","19,181.00","6,709.00",17.49%
,,Separazione delle funzioni tra pubblici ministeri dell’accusa e magistrati che giudicano,"224,118.00","107,800.00","116,318.00","70,394.00","34,702.00","35,692.00","44,443.00","18,159.00","5,948.00",17.56%
,,Valutazione dei magistrati,"224,118.00","107,800.00","116,318.00","70,326.00","34,688.00","35,638.00","42,757.00","19,406.00","6,241.00",17.56%
,PISTOIA Total,,"1,344,708.00","646,800.00","697,908.00","422,294.00","208,222.00","214,072.00","229,186.00","145,818.00","36,056.00",17.56%
,PRATO,Custodia cautelare o carcerazione preventiva,"351,532.00","168,682.00","182,850.00","61,012.00","30,424.00","30,588.00","32,172.00","27,048.00",998.00,14.15%
,,Elezione del Consiglio Superiore della Magistratura (CSM),"175,766.00","84,341.00","91,425.00","30,507.00","15,217.00","15,290.00","15,550.00","14,161.00",407.00,14.15%
,,Provvedimenti per combattere la corruzione nell’amministrazione pubblica,"175,766.00","84,341.00","91,425.00","30,521.00","15,231.00","15,290.00","21,881.00","7,444.00",702.00,14.11%
,,Separazione delle funzioni tra pubblici ministeri dell’accusa e magistrati che giudicano,"175,766.00","84,341.00","91,425.00","30,534.00","15,236.00","15,298.00","22,616.00","6,990.00",515.00,14.11%
,,Valutazione dei magistrati,"175,766.00","84,341.00","91,425.00","30,506.00","15,221.00","15,285.00","21,901.00","7,446.00",681.00,14.15%
,PRATO Total,,"1,054,596.00","506,046.00","548,550.00","183,080.00","91,329.00","91,751.00","114,120.00","63,089.00","3,303.00",14.15%
,SIENA,Custodia cautelare o carcerazione preventiva,"400,022.00","192,768.00","207,254.00","64,080.00","33,274.00","30,806.00","34,324.00","26,538.00","2,278.00",13.20%
,,Elezione del Consiglio Superiore della Magistratura (CSM),"200,011.00","96,384.00","103,627.00","32,060.00","16,646.00","15,414.00","16,416.00","14,207.00","1,007.00",13.22%
,,Provvedimenti per combattere la corruzione nell’amministrazione pubblica,"200,011.00","96,384.00","103,627.00","32,030.00","16,641.00","15,389.00","21,547.00","8,606.00","1,331.00",13.20%
,,Separazione delle funzioni tra pubblici ministeri dell’accusa e magistrati che giudicano,"200,011.00","96,384.00","103,627.00","32,066.00","16,663.00","15,403.00","23,172.00","7,265.00","1,134.00",13.22%
,,Valutazione dei magistrati,"200,011.00","96,384.00","103,627.00","32,025.00","16,640.00","15,385.00","22,356.00","7,848.00","1,275.00",13.20%
,SIENA Total,,"1,200,066.00","578,304.00","621,762.00","192,261.00","99,864.00","92,397.00","117,815.00","64,464.00","7,025.00",13.22%
TOSCANA Total,,,"16,896,096.00","8,117,274.00","8,778,822.00","3,303,641.00","1,657,541.00","1,646,100.00","1,963,933.00","1,132,753.00","148,650.00",15.60%
TRENTINO-ALTO ADIGE,BOLZANO,Custodia cautelare o carcerazione preventiva,"788,162.00","388,590.00","399,572.00","86,976.00","42,618.00","44,358.00","29,798.00","54,552.00","1,900.00",11.30%
,,Elezione del Consiglio Superiore della Magistratura (CSM),"394,081.00","194,295.00","199,786.00","43,493.00","21,301.00","22,192.00","14,375.00","27,961.00",782.00,11.30%
,,Provvedimenti per combattere la corruzione nell’amministrazione pubblica,"394,081.00","194,295.00","199,786.00","43,479.00","21,295.00","22,184.00","22,122.00","19,518.00","1,403.00",11.30%
,,Separazione delle funzioni tra pubblici ministeri dell’accusa e magistrati che giudicano,"394,081.00","194,295.00","199,786.00","43,491.00","21,304.00","22,187.00","22,502.00","19,482.00","1,119.00",11.30%
,,Valutazione dei magistrati,"394,081.00","194,295.00","199,786.00","43,475.00","21,295.00","22,180.00","22,184.00","19,422.00","1,440.00",11.30%
,BOLZANO Total,,"2,364,486.00","1,165,770.00","1,198,716.00","260,914.00","127,813.00","133,101.00","110,981.00","140,935.00","6,644.00",11.30%
,TRENTO,Custodia cautelare o carcerazione preventiva,"833,198.00","407,894.00","425,304.00","124,462.00","63,530.00","60,932.00","72,080.00","48,540.00","2,448.00",15.02%
,,Elezione del Consiglio Superiore della Magistratura (CSM),"416,599.00","203,947.00","212,652.00","62,246.00","31,772.00","30,474.00","34,809.00","25,874.00",917.00,15.03%
,,Provvedimenti per combattere la corruzione nell’amministrazione pubblica,"416,599.00","203,947.00","212,652.00","62,219.00","31,770.00","30,449.00","46,079.00","13,549.00","1,774.00",15.05%
,,Separazione delle funzioni tra pubblici ministeri dell’accusa e magistrati che giudicano,"416,599.00","203,947.00","212,652.00","62,252.00","31,783.00","30,469.00","47,115.00","13,114.00","1,299.00",15.06%
,,Valutazione dei magistrati,"416,599.00","203,947.00","212,652.00","62,239.00","31,773.00","30,466.00","46,404.00","13,383.00","1,656.00",15.05%
,TRENTO Total,,"2,499,594.00","1,223,682.00","1,275,912.00","373,418.00","190,628.00","182,790.00","246,487.00","114,460.00","8,094.00",15.03%
TRENTINO-ALTO ADIGE Total,,,"4,864,080.00","2,389,452.00","2,474,628.00","634,332.00","318,441.00","315,891.00","357,468.00","255,395.00","14,738.00",11.30%
UMBRIA,PERUGIA,Custodia cautelare o carcerazione preventiva,"981,564.00","474,532.00","507,032.00","166,808.00","86,928.00","79,880.00","94,676.00","63,366.00","6,152.00",15.94%
,,Elezione del Consiglio Superiore della Magistratura (CSM),"490,782.00","237,266.00","253,516.00","83,432.00","43,472.00","39,960.00","45,598.00","33,862.00","2,718.00",15.94%
,,Provvedimenti per combattere la corruzione nell’amministrazione pubblica,"490,782.00","237,266.00","253,516.00","83,416.00","43,477.00","39,939.00","59,928.00","18,505.00","3,501.00",15.96%
,,Separazione delle funzioni tra pubblici ministeri dell’accusa e magistrati che giudicano,"490,782.00","237,266.00","253,516.00","83,469.00","43,494.00","39,975.00","62,459.00","16,685.00","2,995.00",15.98%
,,Valutazione dei magistrati,"490,782.00","237,266.00","253,516.00","83,431.00","43,483.00","39,948.00","60,533.00","17,982.00","3,482.00",15.98%
,PERUGIA Total,,"2,944,692.00","1,423,596.00","1,521,096.00","500,556.00","260,854.00","239,702.00","323,194.00","150,400.00","18,848.00",15.94%
,TERNI,Custodia cautelare o carcerazione preventiva,"342,820.00","164,732.00","178,088.00","60,546.00","31,466.00","29,080.00","34,868.00","22,538.00","2,114.00",12.63%
,,Elezione del Consiglio Superiore della Magistratura (CSM),"171,410.00","82,366.00","89,044.00","30,307.00","15,755.00","14,552.00","16,988.00","11,905.00",941.00,12.66%
,,Provvedimenti per combattere la corruzione nell’amministrazione pubblica,"171,410.00","82,366.00","89,044.00","30,283.00","15,741.00","14,542.00","21,715.00","6,763.00","1,276.00",12.57%
,,Separazione delle funzioni tra pubblici ministeri dell’accusa e magistrati che giudicano,"171,410.00","82,366.00","89,044.00","30,306.00","15,750.00","14,556.00","22,542.00","6,192.00","1,080.00",12.60%
,,Valutazione dei magistrati,"171,410.00","82,366.00","89,044.00","30,292.00","15,748.00","14,544.00","21,863.00","6,690.00","1,230.00",12.57%
,TERNI Total,,"1,028,460.00","494,196.00","534,264.00","181,734.00","94,460.00","87,274.00","117,976.00","54,088.00","6,641.00",12.66%
UMBRIA Total,,,"3,973,152.00","1,917,792.00","2,055,360.00","682,290.00","355,314.00","326,976.00","441,170.00","204,488.00","25,489.00",15.94%
VALLE D'AOSTA,AOSTA,Custodia cautelare o carcerazione preventiva,"196,722.00","95,972.00","100,750.00","32,498.00","16,362.00","16,136.00","18,578.00","12,294.00","1,028.00",11.24%
,,Elezione del Consiglio Superiore della Magistratura (CSM),"98,361.00","47,986.00","50,375.00","16,260.00","8,187.00","8,073.00","8,631.00","6,965.00",387.00,11.24%
,,Provvedimenti per combattere la corruzione nell’amministrazione pubblica,"98,361.00","47,986.00","50,375.00","16,224.00","8,168.00","8,056.00","11,727.00","3,469.00",698.00,11.24%
,,Separazione delle funzioni tra pubblici ministeri dell’accusa e magistrati che giudicano,"98,361.00","47,986.00","50,375.00","16,242.00","8,179.00","8,063.00","12,101.00","3,303.00",528.00,11.24%
,,Valutazione dei magistrati,"98,361.00","47,986.00","50,375.00","16,220.00","8,168.00","8,052.00","11,746.00","3,456.00",678.00,11.24%
,AOSTA Total,,"590,166.00","287,916.00","302,250.00","97,444.00","49,064.00","48,380.00","62,783.00","29,487.00","3,319.00",11.24%
VALLE D'AOSTA Total,,,"590,166.00","287,916.00","302,250.00","97,444.00","49,064.00","48,380.00","62,783.00","29,487.00","3,319.00",11.24%
VENETO,BELLUNO,Custodia cautelare o carcerazione preventiva,"324,154.00","157,994.00","166,160.00","92,896.00","46,434.00","46,462.00","49,322.00","34,536.00","6,956.00",15.57%
,,Elezione del Consiglio Superiore della Magistratura (CSM),"162,077.00","78,997.00","83,080.00","46,497.00","23,236.00","23,261.00","24,267.00","18,248.00","3,031.00",15.57%
,,Provvedimenti per combattere la corruzione nell’amministrazione pubblica,"162,077.00","78,997.00","83,080.00","46,404.00","23,197.00","23,207.00","31,068.00","10,140.00","4,057.00",15.57%
,,Separazione delle funzioni tra pubblici ministeri dell’accusa e magistrati che giudicano,"162,077.00","78,997.00","83,080.00","46,430.00","23,231.00","23,199.00","32,216.00","9,700.00","3,465.00",15.57%
,,Valutazione dei magistrati,"162,077.00","78,997.00","83,080.00","46,394.00","23,195.00","23,199.00","31,346.00","10,181.00","3,731.00",15.57%
,BELLUNO Total,,"972,462.00","473,982.00","498,480.00","278,621.00","139,293.00","139,328.00","168,219.00","82,805.00","21,240.00",15.57%
,PADOVA,Custodia cautelare o carcerazione preventiva,"1,430,304.00","695,638.00","734,666.00","436,660.00","216,928.00","219,732.00","237,158.00","170,316.00","22,280.00",48.71%
,,Elezione del Consiglio Superiore della Magistratura (CSM),"715,152.00","347,819.00","367,333.00","218,532.00","108,518.00","110,014.00","116,035.00","89,809.00","9,470.00",48.74%
,,Provvedimenti per combattere la corruzione nell’amministrazione pubblica,"715,152.00","347,819.00","367,333.00","218,259.00","108,422.00","109,837.00","152,716.00","48,640.00","13,075.00",48.78%
,,Separazione delle funzioni tra pubblici ministeri dell’accusa e magistrati che giudicano,"715,152.00","347,819.00","367,333.00","218,376.00","108,509.00","109,867.00","157,656.00","46,080.00","11,154.00",48.71%
,,Valutazione dei magistrati,"715,152.00","347,819.00","367,333.00","218,239.00","108,446.00","109,793.00","153,728.00","48,249.00","12,668.00",48.73%
,PADOVA Total,,"4,290,912.00","2,086,914.00","2,203,998.00","1,310,066.00","650,823.00","659,243.00","817,293.00","403,094.00","68,647.00",48.74%
,ROVIGO,Custodia cautelare o carcerazione preventiva,"368,304.00","179,126.00","189,178.00","89,758.00","46,298.00","43,460.00","53,748.00","29,344.00","5,144.00",18.59%
,,Elezione del Consiglio Superiore della Magistratura (CSM),"184,152.00","89,563.00","94,589.00","44,895.00","23,152.00","21,743.00","26,342.00","15,539.00","2,265.00",18.59%
,,Provvedimenti per combattere la corruzione nell’amministrazione pubblica,"184,152.00","89,563.00","94,589.00","44,881.00","23,151.00","21,730.00","32,482.00","8,608.00","2,948.00",18.61%
,,Separazione delle funzioni tra pubblici ministeri dell’accusa e magistrati che giudicano,"184,152.00","89,563.00","94,589.00","44,908.00","23,163.00","21,745.00","33,541.00","7,967.00","2,594.00",18.59%
,,Valutazione dei magistrati,"184,152.00","89,563.00","94,589.00","44,876.00","23,147.00","21,729.00","32,764.00","8,511.00","2,777.00",18.59%
,ROVIGO Total,,"1,104,912.00","537,378.00","567,534.00","269,318.00","138,911.00","130,407.00","178,877.00","69,969.00","15,728.00",18.59%
,TREVISO,Custodia cautelare o carcerazione preventiva,"1,340,708.00","656,732.00","683,976.00","332,956.00","167,714.00","165,242.00","198,630.00","116,508.00","12,710.00",18.04%
,,Elezione del Consiglio Superiore della Magistratura (CSM),"670,354.00","328,366.00","341,988.00","166,532.00","83,878.00","82,654.00","97,585.00","61,280.00","5,329.00",18.06%
,,Provvedimenti per combattere la corruzione nell’amministrazione pubblica,"670,354.00","328,366.00","341,988.00","166,471.00","83,875.00","82,596.00","126,059.00","29,965.00","7,658.00",18.06%
,,Separazione delle funzioni tra pubblici ministeri dell’accusa e magistrati che giudicano,"670,354.00","328,366.00","341,988.00","166,541.00","83,903.00","82,638.00","128,939.00","28,636.00","6,390.00",18.02%
,,Valutazione dei magistrati,"670,354.00","328,366.00","341,988.00","166,478.00","83,878.00","82,600.00","127,183.00","29,384.00","7,136.00",18.02%
,TREVISO Total,,"4,022,124.00","1,970,196.00","2,051,928.00","998,978.00","503,248.00","495,730.00","678,396.00","265,773.00","39,223.00",18.06%
,VENEZIA,Custodia cautelare o carcerazione preventiva,"1,299,240.00","628,002.00","671,238.00","306,608.00","154,438.00","152,170.00","172,820.00","116,524.00","11,982.00",18.24%
,,Elezione del Consiglio Superiore della Magistratura (CSM),"649,620.00","314,001.00","335,619.00","153,397.00","77,258.00","76,139.00","84,812.00","60,853.00","5,172.00",18.24%
,,Provvedimenti per combattere la corruzione nell’amministrazione pubblica,"649,620.00","314,001.00","335,619.00","153,255.00","77,219.00","76,036.00","109,336.00","33,998.00","7,004.00",18.21%
,,Separazione delle funzioni tra pubblici ministeri dell’accusa e magistrati che giudicano,"649,620.00","314,001.00","335,619.00","153,340.00","77,262.00","76,078.00","112,721.00","31,883.00","6,053.00",18.21%
,,Valutazione dei magistrati,"649,620.00","314,001.00","335,619.00","153,246.00","77,220.00","76,026.00","110,023.00","33,575.00","6,779.00",18.24%
,VENEZIA Total,,"3,897,720.00","1,884,006.00","2,013,714.00","919,846.00","463,397.00","456,449.00","589,712.00","276,833.00","36,990.00",18.24%
,VERONA,Custodia cautelare o carcerazione preventiva,"1,384,720.00","675,226.00","709,494.00","436,482.00","216,254.00","220,228.00","235,300.00","169,336.00","25,664.00",18.93%
,,Elezione del Consiglio Superiore della Magistratura (CSM),"692,360.00","337,613.00","354,747.00","218,354.00","108,172.00","110,182.00","114,752.00","89,581.00","11,059.00",18.93%
,,Provvedimenti per combattere la corruzione nell’amministrazione pubblica,"692,360.00","337,613.00","354,747.00","218,305.00","108,202.00","110,103.00","155,008.00","45,139.00","14,595.00",18.93%
,,Separazione delle funzioni tra pubblici ministeri dell’accusa e magistrati che giudicano,"692,360.00","337,613.00","354,747.00","218,410.00","108,226.00","110,184.00","159,952.00","42,478.00","12,806.00",18.93%
,,Valutazione dei magistrati,"692,360.00","337,613.00","354,747.00","218,256.00","108,237.00","110,019.00","155,973.00","45,319.00","13,570.00",18.93%
,VERONA Total,,"4,154,160.00","2,025,678.00","2,128,482.00","1,309,807.00","649,091.00","660,716.00","820,985.00","391,853.00","77,694.00",18.93%
,VICENZA,Custodia cautelare o carcerazione preventiva,"1,313,022.00","645,166.00","667,856.00","307,246.00","154,220.00","153,026.00","180,330.00","111,064.00","11,638.00",17.56%
,,Elezione del Consiglio Superiore della Magistratura (CSM),"656,511.00","322,583.00","333,928.00","153,672.00","77,129.00","76,543.00","88,259.00","58,471.00","4,970.00",17.56%
,,Provvedimenti per combattere la corruzione nell’amministrazione pubblica,"656,511.00","322,583.00","333,928.00","153,648.00","77,146.00","76,502.00","116,778.00","27,381.00","7,122.00",17.56%
,,Separazione delle funzioni tra pubblici ministeri dell’accusa e magistrati che giudicano,"656,511.00","322,583.00","333,928.00","153,698.00","77,169.00","76,529.00","119,088.00","26,530.00","5,933.00",17.56%
,,Valutazione dei magistrati,"656,511.00","322,583.00","333,928.00","153,635.00","77,136.00","76,499.00","116,891.00","27,902.00","6,419.00",17.56%
,VICENZA Total,,"3,939,066.00","1,935,498.00","2,003,568.00","921,899.00","462,800.00","459,099.00","621,346.00","251,348.00","36,082.00",17.56%
VENETO Total,,,"22,381,356.00","10,913,652.00","11,467,704.00","6,008,535.00","3,007,563.00","3,000,972.00","3,874,828.00","1,741,675.00","295,604.00",15.57%
Grand Total,,,"277,045,608.00","133,679,574.00","143,366,034.00","57,983,673.00","29,206,551.00","28,777,122.00","33,924,080.00","19,021,089.00","3,984,315.00",11.74%