REGIONE,PROVINCIA,QUESITO,ELETTORI_TOT,ELETTORI_M,ELETTORI_F,VOTANTI,VOTANTI_M,VOTANTI_F,VOTI_SI,VOTI_NO,SUM of SKBIANCHE,AFFLUENZA
ABRUZZO,CHIETI,"ABROGAZIONE PARZIALE DI NORME IN MATERIA DI APPOSIZIONE DI TERMINE AL CONTRATTO DI LAVORO SUBORDINATO, DURATA MASSIMA E CONDIZIONI PER PROROGHE E RINNOVI","301,222.00","146,420.00","154,802.00","95,761.00","45,656.00","50,105.00","82,816.00","9,561.00","2,589.00",31.79%
,,CITTADINANZA ITALIANA: DIMEZZAMENTO DA 10 A 5 ANNI DEI TEMPI DI RESIDENZA LEGALE IN ITALIA DELLO STRANIERO MAGGIORENNE EXTRACOMUNITARIO PER LA RICHIESTA DI CONCESSIONE DELLA CITTADINANZA ITALIANA,"301,222.00","146,420.00","154,802.00","95,659.00","45,594.00","50,065.00","56,537.00","35,885.00","2,367.00",31.76%
,,CONTRATTO DI LAVORO A TUTELE CRESCENTI - DISCIPLINA DEI LICENZIAMENTI ILLEGITTIMI: ABROGAZIONE,"301,222.00","146,420.00","154,802.00","95,769.00","45,664.00","50,105.00","83,109.00","9,529.00","2,335.00",31.79%
,,"ESCLUSIONE DELLA RESPONSABILITA SOLIDALE DI COMMITTENTE, APPALTATORE E SUBAPPALTATORE PER INFORTUNI DEL DIPENDENTE D'IMPRESA APPALTATRICE O SUBAPPALTATRICE, COME CONSEGUENZA DEI RISCHI SPECIFICI PROPRI DELL?ATTIVITA DELLE IMPRESE PREDETTE: ABROGAZIONE","301,222.00","146,420.00","154,802.00","95,763.00","45,663.00","50,100.00","81,141.00","11,336.00","2,468.00",31.79%
,,PICCOLE IMPRESE ? LICENZIAMENTI E RELATIVA INDENNITA: ABROGAZIONE PARZIALE,"301,222.00","146,420.00","154,802.00","95,750.00","45,651.00","50,099.00","81,730.00","10,793.00","2,444.00",31.79%
,CHIETI Total,,"1,506,110.00","732,100.00","774,010.00","478,702.00","228,228.00","250,474.00","385,333.00","77,104.00","12,203.00",31.78%
,L'AQUILA,"ABROGAZIONE PARZIALE DI NORME IN MATERIA DI APPOSIZIONE DI TERMINE AL CONTRATTO DI LAVORO SUBORDINATO, DURATA MASSIMA E CONDIZIONI PER PROROGHE E RINNOVI","226,357.00","111,636.00","114,721.00","62,271.00","29,048.00","33,223.00","53,901.00","6,430.00","1,365.00",27.51%
,,CITTADINANZA ITALIANA: DIMEZZAMENTO DA 10 A 5 ANNI DEI TEMPI DI RESIDENZA LEGALE IN ITALIA DELLO STRANIERO MAGGIORENNE EXTRACOMUNITARIO PER LA RICHIESTA DI CONCESSIONE DELLA CITTADINANZA ITALIANA,"226,357.00","111,636.00","114,721.00","62,154.00","28,980.00","33,174.00","37,166.00","23,163.00","1,235.00",27.46%
,,CONTRATTO DI LAVORO A TUTELE CRESCENTI - DISCIPLINA DEI LICENZIAMENTI ILLEGITTIMI: ABROGAZIONE,"226,357.00","111,636.00","114,721.00","62,278.00","29,054.00","33,224.00","54,280.00","6,215.00","1,218.00",27.51%
,,"ESCLUSIONE DELLA RESPONSABILITA SOLIDALE DI COMMITTENTE, APPALTATORE E SUBAPPALTATORE PER INFORTUNI DEL DIPENDENTE D'IMPRESA APPALTATRICE O SUBAPPALTATRICE, COME CONSEGUENZA DEI RISCHI SPECIFICI PROPRI DELL?ATTIVITA DELLE IMPRESE PREDETTE: ABROGAZIONE","226,357.00","111,636.00","114,721.00","62,272.00","29,056.00","33,216.00","52,523.00","7,868.00","1,287.00",27.51%
,,PICCOLE IMPRESE ? LICENZIAMENTI E RELATIVA INDENNITA: ABROGAZIONE PARZIALE,"226,357.00","111,636.00","114,721.00","62,268.00","29,050.00","33,218.00","53,242.00","7,162.00","1,304.00",27.51%
,L'AQUILA Total,,"1,131,785.00","558,180.00","573,605.00","311,243.00","145,188.00","166,055.00","251,112.00","50,838.00","6,409.00",27.50%
,PESCARA,"ABROGAZIONE PARZIALE DI NORME IN MATERIA DI APPOSIZIONE DI TERMINE AL CONTRATTO DI LAVORO SUBORDINATO, DURATA MASSIMA E CONDIZIONI PER PROROGHE E RINNOVI","251,033.00","120,636.00","130,397.00","75,845.00","34,788.00","41,057.00","67,056.00","6,810.00","1,456.00",30.21%
,,CITTADINANZA ITALIANA: DIMEZZAMENTO DA 10 A 5 ANNI DEI TEMPI DI RESIDENZA LEGALE IN ITALIA DELLO STRANIERO MAGGIORENNE EXTRACOMUNITARIO PER LA RICHIESTA DI CONCESSIONE DELLA CITTADINANZA ITALIANA,"251,033.00","120,636.00","130,397.00","75,796.00","34,766.00","41,030.00","48,342.00","25,639.00","1,253.00",30.19%
,,CONTRATTO DI LAVORO A TUTELE CRESCENTI - DISCIPLINA DEI LICENZIAMENTI ILLEGITTIMI: ABROGAZIONE,"251,033.00","120,636.00","130,397.00","75,853.00","34,792.00","41,061.00","67,366.00","6,624.00","1,300.00",30.22%
,,"ESCLUSIONE DELLA RESPONSABILITA SOLIDALE DI COMMITTENTE, APPALTATORE E SUBAPPALTATORE PER INFORTUNI DEL DIPENDENTE D'IMPRESA APPALTATRICE O SUBAPPALTATRICE, COME CONSEGUENZA DEI RISCHI SPECIFICI PROPRI DELL?ATTIVITA DELLE IMPRESE PREDETTE: ABROGAZIONE","251,033.00","120,636.00","130,397.00","75,844.00","34,802.00","41,042.00","65,521.00","8,454.00","1,355.00",30.21%
,,PICCOLE IMPRESE ? LICENZIAMENTI E RELATIVA INDENNITA: ABROGAZIONE PARZIALE,"251,033.00","120,636.00","130,397.00","75,842.00","34,784.00","41,058.00","66,078.00","7,882.00","1,370.00",30.21%
,PESCARA Total,,"1,255,165.00","603,180.00","651,985.00","379,180.00","173,932.00","205,248.00","314,363.00","55,409.00","6,734.00",30.21%
,TERAMO,"ABROGAZIONE PARZIALE DI NORME IN MATERIA DI APPOSIZIONE DI TERMINE AL CONTRATTO DI LAVORO SUBORDINATO, DURATA MASSIMA E CONDIZIONI PER PROROGHE E RINNOVI","237,187.00","115,742.00","121,445.00","68,535.00","32,115.00","36,420.00","59,827.00","6,608.00","1,523.00",28.89%
,,CITTADINANZA ITALIANA: DIMEZZAMENTO DA 10 A 5 ANNI DEI TEMPI DI RESIDENZA LEGALE IN ITALIA DELLO STRANIERO MAGGIORENNE EXTRACOMUNITARIO PER LA RICHIESTA DI CONCESSIONE DELLA CITTADINANZA ITALIANA,"237,187.00","115,742.00","121,445.00","68,425.00","32,043.00","36,382.00","40,440.00","26,057.00","1,338.00",28.85%
,,CONTRATTO DI LAVORO A TUTELE CRESCENTI - DISCIPLINA DEI LICENZIAMENTI ILLEGITTIMI: ABROGAZIONE,"237,187.00","115,742.00","121,445.00","68,530.00","32,107.00","36,423.00","59,993.00","6,622.00","1,378.00",28.89%
,,"ESCLUSIONE DELLA RESPONSABILITA SOLIDALE DI COMMITTENTE, APPALTATORE E SUBAPPALTATORE PER INFORTUNI DEL DIPENDENTE D'IMPRESA APPALTATRICE O SUBAPPALTATRICE, COME CONSEGUENZA DEI RISCHI SPECIFICI PROPRI DELL?ATTIVITA DELLE IMPRESE PREDETTE: ABROGAZIONE","237,187.00","115,742.00","121,445.00","68,540.00","32,120.00","36,420.00","58,278.00","8,263.00","1,445.00",28.90%
,,PICCOLE IMPRESE ? LICENZIAMENTI E RELATIVA INDENNITA: ABROGAZIONE PARZIALE,"237,187.00","115,742.00","121,445.00","68,519.00","32,105.00","36,414.00","59,053.00","7,515.00","1,396.00",28.89%
,TERAMO Total,,"1,185,935.00","578,710.00","607,225.00","342,549.00","160,490.00","182,059.00","277,591.00","55,065.00","7,080.00",28.88%
ABRUZZO Total,,,"5,078,995.00","2,472,170.00","2,606,825.00","1,511,674.00","707,838.00","803,836.00","1,228,399.00","238,416.00","32,426.00",29.76%
BASILICATA,MATERA,"ABROGAZIONE PARZIALE DI NORME IN MATERIA DI APPOSIZIONE DI TERMINE AL CONTRATTO DI LAVORO SUBORDINATO, DURATA MASSIMA E CONDIZIONI PER PROROGHE E RINNOVI","150,517.00","73,363.00","77,154.00","51,433.00","24,685.00","26,748.00","43,200.00","5,745.00","1,900.00",34.17%
,,CITTADINANZA ITALIANA: DIMEZZAMENTO DA 10 A 5 ANNI DEI TEMPI DI RESIDENZA LEGALE IN ITALIA DELLO STRANIERO MAGGIORENNE EXTRACOMUNITARIO PER LA RICHIESTA DI CONCESSIONE DELLA CITTADINANZA ITALIANA,"150,517.00","73,363.00","77,154.00","51,443.00","24,687.00","26,756.00","30,610.00","18,503.00","1,698.00",34.18%
,,CONTRATTO DI LAVORO A TUTELE CRESCENTI - DISCIPLINA DEI LICENZIAMENTI ILLEGITTIMI: ABROGAZIONE,"150,517.00","73,363.00","77,154.00","51,440.00","24,689.00","26,751.00","43,674.00","5,356.00","1,825.00",34.18%
,,"ESCLUSIONE DELLA RESPONSABILITA SOLIDALE DI COMMITTENTE, APPALTATORE E SUBAPPALTATORE PER INFORTUNI DEL DIPENDENTE D'IMPRESA APPALTATRICE O SUBAPPALTATRICE, COME CONSEGUENZA DEI RISCHI SPECIFICI PROPRI DELL?ATTIVITA DELLE IMPRESE PREDETTE: ABROGAZIONE","150,517.00","73,363.00","77,154.00","51,441.00","24,691.00","26,750.00","42,417.00","6,520.00","1,910.00",34.18%
,,PICCOLE IMPRESE ? LICENZIAMENTI E RELATIVA INDENNITA: ABROGAZIONE PARZIALE,"150,517.00","73,363.00","77,154.00","51,434.00","24,685.00","26,749.00","42,875.00","6,148.00","1,826.00",34.17%
,MATERA Total,,"752,585.00","366,815.00","385,770.00","257,191.00","123,437.00","133,754.00","202,776.00","42,272.00","9,159.00",34.17%
,POTENZA,"ABROGAZIONE PARZIALE DI NORME IN MATERIA DI APPOSIZIONE DI TERMINE AL CONTRATTO DI LAVORO SUBORDINATO, DURATA MASSIMA E CONDIZIONI PER PROROGHE E RINNOVI","283,267.00","138,494.00","144,773.00","84,193.00","40,276.00","43,917.00","75,235.00","6,391.00","1,774.00",29.72%
,,CITTADINANZA ITALIANA: DIMEZZAMENTO DA 10 A 5 ANNI DEI TEMPI DI RESIDENZA LEGALE IN ITALIA DELLO STRANIERO MAGGIORENNE EXTRACOMUNITARIO PER LA RICHIESTA DI CONCESSIONE DELLA CITTADINANZA ITALIANA,"283,267.00","138,494.00","144,773.00","84,144.00","40,251.00","43,893.00","53,645.00","27,929.00","1,728.00",29.70%
,,CONTRATTO DI LAVORO A TUTELE CRESCENTI - DISCIPLINA DEI LICENZIAMENTI ILLEGITTIMI: ABROGAZIONE,"283,267.00","138,494.00","144,773.00","84,199.00","40,281.00","43,918.00","75,712.00","6,133.00","1,587.00",29.72%
,,"ESCLUSIONE DELLA RESPONSABILITA SOLIDALE DI COMMITTENTE, APPALTATORE E SUBAPPALTATORE PER INFORTUNI DEL DIPENDENTE D'IMPRESA APPALTATRICE O SUBAPPALTATRICE, COME CONSEGUENZA DEI RISCHI SPECIFICI PROPRI DELL?ATTIVITA DELLE IMPRESE PREDETTE: ABROGAZIONE","283,267.00","138,494.00","144,773.00","84,198.00","40,276.00","43,922.00","73,799.00","7,858.00","1,750.00",29.72%
,,PICCOLE IMPRESE ? LICENZIAMENTI E RELATIVA INDENNITA: ABROGAZIONE PARZIALE,"283,267.00","138,494.00","144,773.00","84,191.00","40,275.00","43,916.00","74,551.00","7,175.00","1,679.00",29.72%
,POTENZA Total,,"1,416,335.00","692,470.00","723,865.00","420,925.00","201,359.00","219,566.00","352,942.00","55,486.00","8,518.00",29.72%
BASILICATA Total,,,"2,168,920.00","1,059,285.00","1,109,635.00","678,116.00","324,796.00","353,320.00","555,718.00","97,758.00","17,677.00",31.27%
CALABRIA,CATANZARO,"ABROGAZIONE PARZIALE DI NORME IN MATERIA DI APPOSIZIONE DI TERMINE AL CONTRATTO DI LAVORO SUBORDINATO, DURATA MASSIMA E CONDIZIONI PER PROROGHE E RINNOVI","273,968.00","132,163.00","141,805.00","78,271.00","37,012.00","41,259.00","67,559.00","7,087.00","2,786.00",28.57%
,,CITTADINANZA ITALIANA: DIMEZZAMENTO DA 10 A 5 ANNI DEI TEMPI DI RESIDENZA LEGALE IN ITALIA DELLO STRANIERO MAGGIORENNE EXTRACOMUNITARIO PER LA RICHIESTA DI CONCESSIONE DELLA CITTADINANZA ITALIANA,"273,968.00","132,163.00","141,805.00","78,199.00","36,963.00","41,236.00","47,819.00","26,950.00","2,534.00",28.54%
,,CONTRATTO DI LAVORO A TUTELE CRESCENTI - DISCIPLINA DEI LICENZIAMENTI ILLEGITTIMI: ABROGAZIONE,"273,968.00","132,163.00","141,805.00","78,272.00","37,002.00","41,270.00","68,016.00","6,858.00","2,578.00",28.57%
,,"ESCLUSIONE DELLA RESPONSABILITA SOLIDALE DI COMMITTENTE, APPALTATORE E SUBAPPALTATORE PER INFORTUNI DEL DIPENDENTE D'IMPRESA APPALTATRICE O SUBAPPALTATRICE, COME CONSEGUENZA DEI RISCHI SPECIFICI PROPRI DELL?ATTIVITA DELLE IMPRESE PREDETTE: ABROGAZIONE","273,968.00","132,163.00","141,805.00","78,221.00","36,985.00","41,236.00","66,181.00","8,487.00","2,714.00",28.55%
,,PICCOLE IMPRESE ? LICENZIAMENTI E RELATIVA INDENNITA: ABROGAZIONE PARZIALE,"273,968.00","132,163.00","141,805.00","78,264.00","36,999.00","41,265.00","66,888.00","7,901.00","2,632.00",28.57%
,CATANZARO Total,,"1,369,840.00","660,815.00","709,025.00","391,227.00","184,961.00","206,266.00","316,463.00","57,283.00","13,244.00",28.56%
,COSENZA,"ABROGAZIONE PARZIALE DI NORME IN MATERIA DI APPOSIZIONE DI TERMINE AL CONTRATTO DI LAVORO SUBORDINATO, DURATA MASSIMA E CONDIZIONI PER PROROGHE E RINNOVI","544,256.00","264,744.00","279,512.00","142,538.00","68,103.00","74,435.00","130,807.00","8,558.00","2,118.00",26.19%
,,CITTADINANZA ITALIANA: DIMEZZAMENTO DA 10 A 5 ANNI DEI TEMPI DI RESIDENZA LEGALE IN ITALIA DELLO STRANIERO MAGGIORENNE EXTRACOMUNITARIO PER LA RICHIESTA DI CONCESSIONE DELLA CITTADINANZA ITALIANA,"544,256.00","264,744.00","279,512.00","142,471.00","68,069.00","74,402.00","95,337.00","43,626.00","2,260.00",26.18%
,,CONTRATTO DI LAVORO A TUTELE CRESCENTI - DISCIPLINA DEI LICENZIAMENTI ILLEGITTIMI: ABROGAZIONE,"544,256.00","264,744.00","279,512.00","142,546.00","68,080.00","74,466.00","131,299.00","8,319.00","1,879.00",26.19%
,,"ESCLUSIONE DELLA RESPONSABILITA SOLIDALE DI COMMITTENTE, APPALTATORE E SUBAPPALTATORE PER INFORTUNI DEL DIPENDENTE D'IMPRESA APPALTATRICE O SUBAPPALTATRICE, COME CONSEGUENZA DEI RISCHI SPECIFICI PROPRI DELL?ATTIVITA DELLE IMPRESE PREDETTE: ABROGAZIONE","544,256.00","264,744.00","279,512.00","142,538.00","68,108.00","74,430.00","128,791.00","10,538.00","2,107.00",26.19%
,,PICCOLE IMPRESE ? LICENZIAMENTI E RELATIVA INDENNITA: ABROGAZIONE PARZIALE,"544,256.00","264,744.00","279,512.00","142,533.00","68,070.00","74,463.00","129,600.00","9,894.00","1,997.00",26.19%
,COSENZA Total,,"2,721,280.00","1,323,720.00","1,397,560.00","712,626.00","340,430.00","372,196.00","615,834.00","80,935.00","10,361.00",26.19%
,CROTONE,"ABROGAZIONE PARZIALE DI NORME IN MATERIA DI APPOSIZIONE DI TERMINE AL CONTRATTO DI LAVORO SUBORDINATO, DURATA MASSIMA E CONDIZIONI PER PROROGHE E RINNOVI","126,538.00","61,081.00","65,457.00","24,166.00","11,592.00","12,574.00","22,216.00","1,535.00",284.00,19.10%
,,CITTADINANZA ITALIANA: DIMEZZAMENTO DA 10 A 5 ANNI DEI TEMPI DI RESIDENZA LEGALE IN ITALIA DELLO STRANIERO MAGGIORENNE EXTRACOMUNITARIO PER LA RICHIESTA DI CONCESSIONE DELLA CITTADINANZA ITALIANA,"126,538.00","61,081.00","65,457.00","24,144.00","11,578.00","12,566.00","16,488.00","7,170.00",320.00,19.08%
,,CONTRATTO DI LAVORO A TUTELE CRESCENTI - DISCIPLINA DEI LICENZIAMENTI ILLEGITTIMI: ABROGAZIONE,"126,538.00","61,081.00","65,457.00","24,165.00","11,592.00","12,573.00","22,250.00","1,495.00",280.00,19.10%
,,"ESCLUSIONE DELLA RESPONSABILITA SOLIDALE DI COMMITTENTE, APPALTATORE E SUBAPPALTATORE PER INFORTUNI DEL DIPENDENTE D'IMPRESA APPALTATRICE O SUBAPPALTATRICE, COME CONSEGUENZA DEI RISCHI SPECIFICI PROPRI DELL?ATTIVITA DELLE IMPRESE PREDETTE: ABROGAZIONE","126,538.00","61,081.00","65,457.00","24,166.00","11,593.00","12,573.00","21,936.00","1,830.00",261.00,19.10%
,,PICCOLE IMPRESE ? LICENZIAMENTI E RELATIVA INDENNITA: ABROGAZIONE PARZIALE,"126,538.00","61,081.00","65,457.00","24,165.00","11,592.00","12,573.00","21,964.00","1,796.00",280.00,19.10%
,CROTONE Total,,"632,690.00","305,405.00","327,285.00","120,806.00","57,947.00","62,859.00","104,854.00","13,826.00","1,425.00",19.09%
,REGGIO CALABRIA,"ABROGAZIONE PARZIALE DI NORME IN MATERIA DI APPOSIZIONE DI TERMINE AL CONTRATTO DI LAVORO SUBORDINATO, DURATA MASSIMA E CONDIZIONI PER PROROGHE E RINNOVI","403,264.00","192,703.00","210,561.00","81,045.00","37,481.00","43,564.00","72,958.00","5,948.00","1,389.00",20.10%
,,CITTADINANZA ITALIANA: DIMEZZAMENTO DA 10 A 5 ANNI DEI TEMPI DI RESIDENZA LEGALE IN ITALIA DELLO STRANIERO MAGGIORENNE EXTRACOMUNITARIO PER LA RICHIESTA DI CONCESSIONE DELLA CITTADINANZA ITALIANA,"403,264.00","192,703.00","210,561.00","80,990.00","37,467.00","43,523.00","52,090.00","26,791.00","1,335.00",20.08%
,,CONTRATTO DI LAVORO A TUTELE CRESCENTI - DISCIPLINA DEI LICENZIAMENTI ILLEGITTIMI: ABROGAZIONE,"403,264.00","192,703.00","210,561.00","81,049.00","37,481.00","43,568.00","73,416.00","5,690.00","1,230.00",20.10%
,,"ESCLUSIONE DELLA RESPONSABILITA SOLIDALE DI COMMITTENTE, APPALTATORE E SUBAPPALTATORE PER INFORTUNI DEL DIPENDENTE D'IMPRESA APPALTATRICE O SUBAPPALTATRICE, COME CONSEGUENZA DEI RISCHI SPECIFICI PROPRI DELL?ATTIVITA DELLE IMPRESE PREDETTE: ABROGAZIONE","403,264.00","192,703.00","210,561.00","81,044.00","37,479.00","43,565.00","71,059.00","7,889.00","1,347.00",20.10%
,,PICCOLE IMPRESE ? LICENZIAMENTI E RELATIVA INDENNITA: ABROGAZIONE PARZIALE,"403,264.00","192,703.00","210,561.00","81,047.00","37,479.00","43,568.00","72,152.00","6,861.00","1,317.00",20.10%
,REGGIO CALABRIA Total,,"2,016,320.00","963,515.00","1,052,805.00","405,175.00","187,387.00","217,788.00","341,675.00","53,179.00","6,618.00",20.09%
,VIBO VALENTIA,"ABROGAZIONE PARZIALE DI NORME IN MATERIA DI APPOSIZIONE DI TERMINE AL CONTRATTO DI LAVORO SUBORDINATO, DURATA MASSIMA E CONDIZIONI PER PROROGHE E RINNOVI","121,379.00","59,630.00","61,749.00","23,843.00","11,416.00","12,427.00","21,286.00","1,846.00",492.00,19.64%
,,CITTADINANZA ITALIANA: DIMEZZAMENTO DA 10 A 5 ANNI DEI TEMPI DI RESIDENZA LEGALE IN ITALIA DELLO STRANIERO MAGGIORENNE EXTRACOMUNITARIO PER LA RICHIESTA DI CONCESSIONE DELLA CITTADINANZA ITALIANA,"121,379.00","59,630.00","61,749.00","23,828.00","11,406.00","12,422.00","15,777.00","7,376.00",440.00,19.63%
,,CONTRATTO DI LAVORO A TUTELE CRESCENTI - DISCIPLINA DEI LICENZIAMENTI ILLEGITTIMI: ABROGAZIONE,"121,379.00","59,630.00","61,749.00","23,843.00","11,417.00","12,426.00","21,484.00","1,717.00",431.00,19.64%
,,"ESCLUSIONE DELLA RESPONSABILITA SOLIDALE DI COMMITTENTE, APPALTATORE E SUBAPPALTATORE PER INFORTUNI DEL DIPENDENTE D'IMPRESA APPALTATRICE O SUBAPPALTATRICE, COME CONSEGUENZA DEI RISCHI SPECIFICI PROPRI DELL?ATTIVITA DELLE IMPRESE PREDETTE: ABROGAZIONE","121,379.00","59,630.00","61,749.00","23,841.00","11,416.00","12,425.00","20,883.00","2,274.00",474.00,19.64%
,,PICCOLE IMPRESE ? LICENZIAMENTI E RELATIVA INDENNITA: ABROGAZIONE PARZIALE,"121,379.00","59,630.00","61,749.00","23,838.00","11,413.00","12,425.00","21,121.00","2,056.00",456.00,19.64%
,VIBO VALENTIA Total,,"606,895.00","298,150.00","308,745.00","119,193.00","57,068.00","62,125.00","100,551.00","15,269.00","2,293.00",19.64%
CALABRIA Total,,,"7,347,025.00","3,551,605.00","3,795,420.00","1,749,027.00","827,793.00","921,234.00","1,479,377.00","220,492.00","33,941.00",23.81%
CAMPANIA,AVELLINO,"ABROGAZIONE PARZIALE DI NORME IN MATERIA DI APPOSIZIONE DI TERMINE AL CONTRATTO DI LAVORO SUBORDINATO, DURATA MASSIMA E CONDIZIONI PER PROROGHE E RINNOVI","327,167.00","160,097.00","167,070.00","102,828.00","49,778.00","53,050.00","93,113.00","7,153.00","1,926.00",31.43%
,,CITTADINANZA ITALIANA: DIMEZZAMENTO DA 10 A 5 ANNI DEI TEMPI DI RESIDENZA LEGALE IN ITALIA DELLO STRANIERO MAGGIORENNE EXTRACOMUNITARIO PER LA RICHIESTA DI CONCESSIONE DELLA CITTADINANZA ITALIANA,"327,167.00","160,097.00","167,070.00","102,756.00","49,742.00","53,014.00","64,753.00","35,295.00","1,946.00",31.41%
,,CONTRATTO DI LAVORO A TUTELE CRESCENTI - DISCIPLINA DEI LICENZIAMENTI ILLEGITTIMI: ABROGAZIONE,"327,167.00","160,097.00","167,070.00","102,825.00","49,774.00","53,051.00","93,541.00","6,995.00","1,703.00",31.43%
,,"ESCLUSIONE DELLA RESPONSABILITA SOLIDALE DI COMMITTENTE, APPALTATORE E SUBAPPALTATORE PER INFORTUNI DEL DIPENDENTE D'IMPRESA APPALTATRICE O SUBAPPALTATRICE, COME CONSEGUENZA DEI RISCHI SPECIFICI PROPRI DELL?ATTIVITA DELLE IMPRESE PREDETTE: ABROGAZIONE","327,167.00","160,097.00","167,070.00","102,824.00","49,777.00","53,047.00","91,076.00","9,252.00","1,868.00",31.43%
,,PICCOLE IMPRESE ? LICENZIAMENTI E RELATIVA INDENNITA: ABROGAZIONE PARZIALE,"327,167.00","160,097.00","167,070.00","102,817.00","49,769.00","53,048.00","92,049.00","8,355.00","1,819.00",31.43%
,AVELLINO Total,,"1,635,835.00","800,485.00","835,350.00","514,050.00","248,840.00","265,210.00","434,532.00","67,050.00","9,262.00",31.42%
,BENEVENTO,"ABROGAZIONE PARZIALE DI NORME IN MATERIA DI APPOSIZIONE DI TERMINE AL CONTRATTO DI LAVORO SUBORDINATO, DURATA MASSIMA E CONDIZIONI PER PROROGHE E RINNOVI","214,357.00","104,132.00","110,225.00","59,905.00","28,479.00","31,426.00","53,092.00","5,038.00","1,299.00",27.95%
,,CITTADINANZA ITALIANA: DIMEZZAMENTO DA 10 A 5 ANNI DEI TEMPI DI RESIDENZA LEGALE IN ITALIA DELLO STRANIERO MAGGIORENNE EXTRACOMUNITARIO PER LA RICHIESTA DI CONCESSIONE DELLA CITTADINANZA ITALIANA,"214,357.00","104,132.00","110,225.00","59,894.00","28,475.00","31,419.00","38,773.00","19,359.00","1,199.00",27.94%
,,CONTRATTO DI LAVORO A TUTELE CRESCENTI - DISCIPLINA DEI LICENZIAMENTI ILLEGITTIMI: ABROGAZIONE,"214,357.00","104,132.00","110,225.00","59,908.00","28,503.00","31,405.00","53,004.00","5,226.00","1,200.00",27.95%
,,"ESCLUSIONE DELLA RESPONSABILITA SOLIDALE DI COMMITTENTE, APPALTATORE E SUBAPPALTATORE PER INFORTUNI DEL DIPENDENTE D'IMPRESA APPALTATRICE O SUBAPPALTATRICE, COME CONSEGUENZA DEI RISCHI SPECIFICI PROPRI DELL?ATTIVITA DELLE IMPRESE PREDETTE: ABROGAZIONE","214,357.00","104,132.00","110,225.00","59,914.00","28,488.00","31,426.00","51,972.00","6,111.00","1,321.00",27.95%
,,PICCOLE IMPRESE ? LICENZIAMENTI E RELATIVA INDENNITA: ABROGAZIONE PARZIALE,"214,357.00","104,132.00","110,225.00","59,903.00","28,479.00","31,424.00","52,171.00","5,965.00","1,287.00",27.95%
,BENEVENTO Total,,"1,071,785.00","520,660.00","551,125.00","299,524.00","142,424.00","157,100.00","249,012.00","41,699.00","6,306.00",27.95%
,CASERTA,"ABROGAZIONE PARZIALE DI NORME IN MATERIA DI APPOSIZIONE DI TERMINE AL CONTRATTO DI LAVORO SUBORDINATO, DURATA MASSIMA E CONDIZIONI PER PROROGHE E RINNOVI","711,843.00","342,527.00","369,316.00","186,168.00","88,134.00","98,034.00","169,716.00","12,587.00","2,740.00",26.15%
,,CITTADINANZA ITALIANA: DIMEZZAMENTO DA 10 A 5 ANNI DEI TEMPI DI RESIDENZA LEGALE IN ITALIA DELLO STRANIERO MAGGIORENNE EXTRACOMUNITARIO PER LA RICHIESTA DI CONCESSIONE DELLA CITTADINANZA ITALIANA,"711,843.00","342,527.00","369,316.00","186,105.00","88,099.00","98,006.00","120,048.00","61,959.00","2,837.00",26.14%
,,CONTRATTO DI LAVORO A TUTELE CRESCENTI - DISCIPLINA DEI LICENZIAMENTI ILLEGITTIMI: ABROGAZIONE,"711,843.00","342,527.00","369,316.00","186,179.00","88,144.00","98,035.00","170,434.00","12,262.00","2,407.00",26.15%
,,"ESCLUSIONE DELLA RESPONSABILITA SOLIDALE DI COMMITTENTE, APPALTATORE E SUBAPPALTATORE PER INFORTUNI DEL DIPENDENTE D'IMPRESA APPALTATRICE O SUBAPPALTATRICE, COME CONSEGUENZA DEI RISCHI SPECIFICI PROPRI DELL?ATTIVITA DELLE IMPRESE PREDETTE: ABROGAZIONE","711,843.00","342,527.00","369,316.00","186,176.00","88,146.00","98,030.00","165,852.00","16,456.00","2,735.00",26.15%
,,PICCOLE IMPRESE ? LICENZIAMENTI E RELATIVA INDENNITA: ABROGAZIONE PARZIALE,"711,843.00","342,527.00","369,316.00","186,165.00","88,135.00","98,030.00","167,727.00","14,716.00","2,621.00",26.15%
,CASERTA Total,,"3,559,215.00","1,712,635.00","1,846,580.00","930,793.00","440,658.00","490,135.00","793,777.00","117,980.00","13,340.00",26.15%
,NAPOLI,"ABROGAZIONE PARZIALE DI NORME IN MATERIA DI APPOSIZIONE DI TERMINE AL CONTRATTO DI LAVORO SUBORDINATO, DURATA MASSIMA E CONDIZIONI PER PROROGHE E RINNOVI","2,353,198.00","1,120,068.00","1,233,130.00","747,399.00","353,063.00","394,336.00","696,909.00","40,690.00","6,566.00",31.76%
,,CITTADINANZA ITALIANA: DIMEZZAMENTO DA 10 A 5 ANNI DEI TEMPI DI RESIDENZA LEGALE IN ITALIA DELLO STRANIERO MAGGIORENNE EXTRACOMUNITARIO PER LA RICHIESTA DI CONCESSIONE DELLA CITTADINANZA ITALIANA,"2,353,198.00","1,120,068.00","1,233,130.00","747,336.00","353,071.00","394,265.00","527,546.00","209,227.00","6,810.00",31.76%
,,CONTRATTO DI LAVORO A TUTELE CRESCENTI - DISCIPLINA DEI LICENZIAMENTI ILLEGITTIMI: ABROGAZIONE,"2,353,198.00","1,120,068.00","1,233,130.00","747,404.00","353,060.00","394,344.00","698,727.00","39,697.00","5,909.00",31.76%
,,"ESCLUSIONE DELLA RESPONSABILITA SOLIDALE DI COMMITTENTE, APPALTATORE E SUBAPPALTATORE PER INFORTUNI DEL DIPENDENTE D'IMPRESA APPALTATRICE O SUBAPPALTATRICE, COME CONSEGUENZA DEI RISCHI SPECIFICI PROPRI DELL?ATTIVITA DELLE IMPRESE PREDETTE: ABROGAZIONE","2,353,198.00","1,120,068.00","1,233,130.00","747,462.00","353,102.00","394,360.00","683,852.00","54,151.00","6,283.00",31.76%
,,PICCOLE IMPRESE ? LICENZIAMENTI E RELATIVA INDENNITA: ABROGAZIONE PARZIALE,"2,353,198.00","1,120,068.00","1,233,130.00","747,386.00","353,054.00","394,332.00","689,494.00","48,575.00","6,144.00",31.76%
,NAPOLI Total,,"11,765,990.00","5,600,340.00","6,165,650.00","3,736,987.00","1,765,350.00","1,971,637.00","3,296,528.00","392,340.00","31,712.00",31.76%
,SALERNO,"ABROGAZIONE PARZIALE DI NORME IN MATERIA DI APPOSIZIONE DI TERMINE AL CONTRATTO DI LAVORO SUBORDINATO, DURATA MASSIMA E CONDIZIONI PER PROROGHE E RINNOVI","848,102.00","411,945.00","436,157.00","233,562.00","110,393.00","123,169.00","208,609.00","18,945.00","4,354.00",27.54%
,,CITTADINANZA ITALIANA: DIMEZZAMENTO DA 10 A 5 ANNI DEI TEMPI DI RESIDENZA LEGALE IN ITALIA DELLO STRANIERO MAGGIORENNE EXTRACOMUNITARIO PER LA RICHIESTA DI CONCESSIONE DELLA CITTADINANZA ITALIANA,"848,102.00","411,945.00","436,157.00","233,493.00","110,390.00","123,103.00","147,177.00","80,491.00","4,051.00",27.53%
,,CONTRATTO DI LAVORO A TUTELE CRESCENTI - DISCIPLINA DEI LICENZIAMENTI ILLEGITTIMI: ABROGAZIONE,"848,102.00","411,945.00","436,157.00","233,569.00","110,404.00","123,165.00","209,706.00","18,547.00","3,739.00",27.54%
,,"ESCLUSIONE DELLA RESPONSABILITA SOLIDALE DI COMMITTENTE, APPALTATORE E SUBAPPALTATORE PER INFORTUNI DEL DIPENDENTE D'IMPRESA APPALTATRICE O SUBAPPALTATRICE, COME CONSEGUENZA DEI RISCHI SPECIFICI PROPRI DELL?ATTIVITA DELLE IMPRESE PREDETTE: ABROGAZIONE","848,102.00","411,945.00","436,157.00","233,577.00","110,404.00","123,173.00","203,281.00","24,265.00","4,385.00",27.54%
,,PICCOLE IMPRESE ? LICENZIAMENTI E RELATIVA INDENNITA: ABROGAZIONE PARZIALE,"848,102.00","411,945.00","436,157.00","233,547.00","110,370.00","123,177.00","206,063.00","21,790.00","4,073.00",27.54%
,SALERNO Total,,"4,240,510.00","2,059,725.00","2,180,785.00","1,167,748.00","551,961.00","615,787.00","974,836.00","164,038.00","20,602.00",27.54%
CAMPANIA Total,,,"22,273,335.00","10,693,845.00","11,579,490.00","6,649,102.00","3,149,233.00","3,499,869.00","5,748,685.00","783,107.00","81,222.00",29.85%
EMILIA-ROMAGNA,BOLOGNA,"ABROGAZIONE PARZIALE DI NORME IN MATERIA DI APPOSIZIONE DI TERMINE AL CONTRATTO DI LAVORO SUBORDINATO, DURATA MASSIMA E CONDIZIONI PER PROROGHE E RINNOVI","782,038.00","377,328.00","404,710.00","348,942.00","162,080.00","186,862.00","306,484.00","35,832.00","5,077.00",44.62%
,,CITTADINANZA ITALIANA: DIMEZZAMENTO DA 10 A 5 ANNI DEI TEMPI DI RESIDENZA LEGALE IN ITALIA DELLO STRANIERO MAGGIORENNE EXTRACOMUNITARIO PER LA RICHIESTA DI CONCESSIONE DELLA CITTADINANZA ITALIANA,"782,038.00","377,328.00","404,710.00","349,423.00","162,420.00","187,003.00","239,267.00","104,774.00","3,845.00",44.68%
,,CONTRATTO DI LAVORO A TUTELE CRESCENTI - DISCIPLINA DEI LICENZIAMENTI ILLEGITTIMI: ABROGAZIONE,"782,038.00","377,328.00","404,710.00","348,903.00","162,060.00","186,843.00","306,512.00","36,155.00","4,655.00",44.61%
,,"ESCLUSIONE DELLA RESPONSABILITA SOLIDALE DI COMMITTENTE, APPALTATORE E SUBAPPALTATORE PER INFORTUNI DEL DIPENDENTE D'IMPRESA APPALTATRICE O SUBAPPALTATRICE, COME CONSEGUENZA DEI RISCHI SPECIFICI PROPRI DELL?ATTIVITA DELLE IMPRESE PREDETTE: ABROGAZIONE","782,038.00","377,328.00","404,710.00","349,208.00","162,248.00","186,960.00","304,788.00","38,620.00","4,294.00",44.65%
,,PICCOLE IMPRESE ? LICENZIAMENTI E RELATIVA INDENNITA: ABROGAZIONE PARZIALE,"782,038.00","377,328.00","404,710.00","348,867.00","162,041.00","186,826.00","301,838.00","40,704.00","4,786.00",44.61%
,BOLOGNA Total,,"3,910,190.00","1,886,640.00","2,023,550.00","1,745,343.00","810,849.00","934,494.00","1,458,889.00","256,085.00","22,657.00",44.64%
,FERRARA,"ABROGAZIONE PARZIALE DI NORME IN MATERIA DI APPOSIZIONE DI TERMINE AL CONTRATTO DI LAVORO SUBORDINATO, DURATA MASSIMA E CONDIZIONI PER PROROGHE E RINNOVI","266,066.00","128,307.00","137,759.00","89,017.00","41,667.00","47,350.00","75,705.00","11,037.00","1,723.00",33.46%
,,CITTADINANZA ITALIANA: DIMEZZAMENTO DA 10 A 5 ANNI DEI TEMPI DI RESIDENZA LEGALE IN ITALIA DELLO STRANIERO MAGGIORENNE EXTRACOMUNITARIO PER LA RICHIESTA DI CONCESSIONE DELLA CITTADINANZA ITALIANA,"266,066.00","128,307.00","137,759.00","89,019.00","41,663.00","47,356.00","53,614.00","33,581.00","1,282.00",33.46%
,,CONTRATTO DI LAVORO A TUTELE CRESCENTI - DISCIPLINA DEI LICENZIAMENTI ILLEGITTIMI: ABROGAZIONE,"266,066.00","128,307.00","137,759.00","89,019.00","41,673.00","47,346.00","76,192.00","10,846.00","1,449.00",33.46%
,,"ESCLUSIONE DELLA RESPONSABILITA SOLIDALE DI COMMITTENTE, APPALTATORE E SUBAPPALTATORE PER INFORTUNI DEL DIPENDENTE D'IMPRESA APPALTATRICE O SUBAPPALTATRICE, COME CONSEGUENZA DEI RISCHI SPECIFICI PROPRI DELL?ATTIVITA DELLE IMPRESE PREDETTE: ABROGAZIONE","266,066.00","128,307.00","137,759.00","89,051.00","41,702.00","47,349.00","74,834.00","12,316.00","1,386.00",33.47%
,,PICCOLE IMPRESE ? LICENZIAMENTI E RELATIVA INDENNITA: ABROGAZIONE PARZIALE,"266,066.00","128,307.00","137,759.00","88,999.00","41,657.00","47,342.00","75,044.00","11,937.00","1,478.00",33.45%
,FERRARA Total,,"1,330,330.00","641,535.00","688,795.00","445,105.00","208,362.00","236,743.00","355,389.00","79,717.00","7,318.00",33.46%
,FORLI'-CESENA,"ABROGAZIONE PARZIALE DI NORME IN MATERIA DI APPOSIZIONE DI TERMINE AL CONTRATTO DI LAVORO SUBORDINATO, DURATA MASSIMA E CONDIZIONI PER PROROGHE E RINNOVI","300,834.00","146,293.00","154,541.00","106,199.00","49,703.00","56,496.00","91,188.00","12,628.00","1,742.00",35.30%
,,CITTADINANZA ITALIANA: DIMEZZAMENTO DA 10 A 5 ANNI DEI TEMPI DI RESIDENZA LEGALE IN ITALIA DELLO STRANIERO MAGGIORENNE EXTRACOMUNITARIO PER LA RICHIESTA DI CONCESSIONE DELLA CITTADINANZA ITALIANA,"300,834.00","146,293.00","154,541.00","106,222.00","49,720.00","56,502.00","66,756.00","37,467.00","1,416.00",35.31%
,,CONTRATTO DI LAVORO A TUTELE CRESCENTI - DISCIPLINA DEI LICENZIAMENTI ILLEGITTIMI: ABROGAZIONE,"300,834.00","146,293.00","154,541.00","106,191.00","49,695.00","56,496.00","91,342.00","12,699.00","1,536.00",35.30%
,,"ESCLUSIONE DELLA RESPONSABILITA SOLIDALE DI COMMITTENTE, APPALTATORE E SUBAPPALTATORE PER INFORTUNI DEL DIPENDENTE D'IMPRESA APPALTATRICE O SUBAPPALTATRICE, COME CONSEGUENZA DEI RISCHI SPECIFICI PROPRI DELL?ATTIVITA DELLE IMPRESE PREDETTE: ABROGAZIONE","300,834.00","146,293.00","154,541.00","106,240.00","49,721.00","56,519.00","90,423.00","13,742.00","1,479.00",35.32%
,,PICCOLE IMPRESE ? LICENZIAMENTI E RELATIVA INDENNITA: ABROGAZIONE PARZIALE,"300,834.00","146,293.00","154,541.00","106,175.00","49,688.00","56,487.00","89,852.00","14,073.00","1,639.00",35.29%
,FORLI'-CESENA Total,,"1,504,170.00","731,465.00","772,705.00","531,027.00","248,527.00","282,500.00","429,561.00","90,609.00","7,812.00",35.30%
,MODENA,"ABROGAZIONE PARZIALE DI NORME IN MATERIA DI APPOSIZIONE DI TERMINE AL CONTRATTO DI LAVORO SUBORDINATO, DURATA MASSIMA E CONDIZIONI PER PROROGHE E RINNOVI","524,382.00","257,325.00","267,057.00","206,497.00","97,468.00","109,029.00","176,789.00","24,844.00","3,922.00",39.38%
,,CITTADINANZA ITALIANA: DIMEZZAMENTO DA 10 A 5 ANNI DEI TEMPI DI RESIDENZA LEGALE IN ITALIA DELLO STRANIERO MAGGIORENNE EXTRACOMUNITARIO PER LA RICHIESTA DI CONCESSIONE DELLA CITTADINANZA ITALIANA,"524,382.00","257,325.00","267,057.00","206,544.00","97,519.00","109,025.00","124,123.00","78,417.00","3,041.00",39.39%
,,CONTRATTO DI LAVORO A TUTELE CRESCENTI - DISCIPLINA DEI LICENZIAMENTI ILLEGITTIMI: ABROGAZIONE,"524,382.00","257,325.00","267,057.00","206,463.00","97,421.00","109,042.00","176,457.00","25,639.00","3,437.00",39.37%
,,"ESCLUSIONE DELLA RESPONSABILITA SOLIDALE DI COMMITTENTE, APPALTATORE E SUBAPPALTATORE PER INFORTUNI DEL DIPENDENTE D'IMPRESA APPALTATRICE O SUBAPPALTATRICE, COME CONSEGUENZA DEI RISCHI SPECIFICI PROPRI DELL?ATTIVITA DELLE IMPRESE PREDETTE: ABROGAZIONE","524,382.00","257,325.00","267,057.00","206,562.00","97,505.00","109,057.00","174,582.00","27,561.00","3,500.00",39.39%
,,PICCOLE IMPRESE ? LICENZIAMENTI E RELATIVA INDENNITA: ABROGAZIONE PARZIALE,"524,382.00","257,325.00","267,057.00","206,453.00","97,438.00","109,015.00","173,315.00","28,535.00","3,701.00",39.37%
,MODENA Total,,"2,621,910.00","1,286,625.00","1,335,285.00","1,032,519.00","487,351.00","545,168.00","825,266.00","184,996.00","17,601.00",39.38%
,PARMA,"ABROGAZIONE PARZIALE DI NORME IN MATERIA DI APPOSIZIONE DI TERMINE AL CONTRATTO DI LAVORO SUBORDINATO, DURATA MASSIMA E CONDIZIONI PER PROROGHE E RINNOVI","334,993.00","163,206.00","171,787.00","115,235.00","53,756.00","61,479.00","98,805.00","13,836.00","1,965.00",34.40%
,,CITTADINANZA ITALIANA: DIMEZZAMENTO DA 10 A 5 ANNI DEI TEMPI DI RESIDENZA LEGALE IN ITALIA DELLO STRANIERO MAGGIORENNE EXTRACOMUNITARIO PER LA RICHIESTA DI CONCESSIONE DELLA CITTADINANZA ITALIANA,"334,993.00","163,206.00","171,787.00","115,204.00","53,759.00","61,445.00","70,879.00","42,211.00","1,475.00",34.39%
,,CONTRATTO DI LAVORO A TUTELE CRESCENTI - DISCIPLINA DEI LICENZIAMENTI ILLEGITTIMI: ABROGAZIONE,"334,993.00","163,206.00","171,787.00","115,219.00","53,764.00","61,455.00","98,647.00","14,163.00","1,793.00",34.39%
,,"ESCLUSIONE DELLA RESPONSABILITA SOLIDALE DI COMMITTENTE, APPALTATORE E SUBAPPALTATORE PER INFORTUNI DEL DIPENDENTE D'IMPRESA APPALTATRICE O SUBAPPALTATRICE, COME CONSEGUENZA DEI RISCHI SPECIFICI PROPRI DELL?ATTIVITA DELLE IMPRESE PREDETTE: ABROGAZIONE","334,993.00","163,206.00","171,787.00","115,297.00","53,794.00","61,503.00","97,482.00","15,408.00","1,829.00",34.42%
,,PICCOLE IMPRESE ? LICENZIAMENTI E RELATIVA INDENNITA: ABROGAZIONE PARZIALE,"334,993.00","163,206.00","171,787.00","115,196.00","53,731.00","61,465.00","96,946.00","15,708.00","1,917.00",34.39%
,PARMA Total,,"1,674,965.00","816,030.00","858,935.00","576,151.00","268,804.00","307,347.00","462,759.00","101,326.00","8,979.00",34.40%
,PIACENZA,"ABROGAZIONE PARZIALE DI NORME IN MATERIA DI APPOSIZIONE DI TERMINE AL CONTRATTO DI LAVORO SUBORDINATO, DURATA MASSIMA E CONDIZIONI PER PROROGHE E RINNOVI","211,516.00","103,558.00","107,958.00","58,880.00","27,739.00","31,141.00","48,798.00","8,354.00","1,297.00",27.84%
,,CITTADINANZA ITALIANA: DIMEZZAMENTO DA 10 A 5 ANNI DEI TEMPI DI RESIDENZA LEGALE IN ITALIA DELLO STRANIERO MAGGIORENNE EXTRACOMUNITARIO PER LA RICHIESTA DI CONCESSIONE DELLA CITTADINANZA ITALIANA,"211,516.00","103,558.00","107,958.00","58,812.00","27,704.00","31,108.00","33,922.00","23,620.00",859.00,27.80%
,,CONTRATTO DI LAVORO A TUTELE CRESCENTI - DISCIPLINA DEI LICENZIAMENTI ILLEGITTIMI: ABROGAZIONE,"211,516.00","103,558.00","107,958.00","58,874.00","27,734.00","31,140.00","49,019.00","8,321.00","1,124.00",27.83%
,,"ESCLUSIONE DELLA RESPONSABILITA SOLIDALE DI COMMITTENTE, APPALTATORE E SUBAPPALTATORE PER INFORTUNI DEL DIPENDENTE D'IMPRESA APPALTATRICE O SUBAPPALTATRICE, COME CONSEGUENZA DEI RISCHI SPECIFICI PROPRI DELL?ATTIVITA DELLE IMPRESE PREDETTE: ABROGAZIONE","211,516.00","103,558.00","107,958.00","58,898.00","27,753.00","31,145.00","48,129.00","9,213.00","1,134.00",27.85%
,,PICCOLE IMPRESE ? LICENZIAMENTI E RELATIVA INDENNITA: ABROGAZIONE PARZIALE,"211,516.00","103,558.00","107,958.00","58,856.00","27,727.00","31,129.00","48,065.00","9,162.00","1,203.00",27.83%
,PIACENZA Total,,"1,057,580.00","517,790.00","539,790.00","294,320.00","138,657.00","155,663.00","227,933.00","58,670.00","5,617.00",27.83%
,RAVENNA,"ABROGAZIONE PARZIALE DI NORME IN MATERIA DI APPOSIZIONE DI TERMINE AL CONTRATTO DI LAVORO SUBORDINATO, DURATA MASSIMA E CONDIZIONI PER PROROGHE E RINNOVI","294,262.00","142,937.00","151,325.00","111,285.00","51,937.00","59,348.00","94,995.00","13,606.00","2,019.00",37.82%
,,CITTADINANZA ITALIANA: DIMEZZAMENTO DA 10 A 5 ANNI DEI TEMPI DI RESIDENZA LEGALE IN ITALIA DELLO STRANIERO MAGGIORENNE EXTRACOMUNITARIO PER LA RICHIESTA DI CONCESSIONE DELLA CITTADINANZA ITALIANA,"294,262.00","142,937.00","151,325.00","111,289.00","51,952.00","59,337.00","69,783.00","39,460.00","1,441.00",37.82%
,,CONTRATTO DI LAVORO A TUTELE CRESCENTI - DISCIPLINA DEI LICENZIAMENTI ILLEGITTIMI: ABROGAZIONE,"294,262.00","142,937.00","151,325.00","111,268.00","51,927.00","59,341.00","95,374.00","13,511.00","1,760.00",37.81%
,,"ESCLUSIONE DELLA RESPONSABILITA SOLIDALE DI COMMITTENTE, APPALTATORE E SUBAPPALTATORE PER INFORTUNI DEL DIPENDENTE D'IMPRESA APPALTATRICE O SUBAPPALTATRICE, COME CONSEGUENZA DEI RISCHI SPECIFICI PROPRI DELL?ATTIVITA DELLE IMPRESE PREDETTE: ABROGAZIONE","294,262.00","142,937.00","151,325.00","111,353.00","51,985.00","59,368.00","94,305.00","14,702.00","1,726.00",37.84%
,,PICCOLE IMPRESE ? LICENZIAMENTI E RELATIVA INDENNITA: ABROGAZIONE PARZIALE,"294,262.00","142,937.00","151,325.00","111,257.00","51,923.00","59,334.00","93,745.00","14,980.00","1,897.00",37.81%
,RAVENNA Total,,"1,471,310.00","714,685.00","756,625.00","556,452.00","259,724.00","296,728.00","448,202.00","96,259.00","8,843.00",37.82%
,REGGIO NELL'EMILIA,"ABROGAZIONE PARZIALE DI NORME IN MATERIA DI APPOSIZIONE DI TERMINE AL CONTRATTO DI LAVORO SUBORDINATO, DURATA MASSIMA E CONDIZIONI PER PROROGHE E RINNOVI","396,342.00","194,950.00","201,392.00","167,135.00","78,956.00","88,179.00","144,789.00","18,658.00","2,911.00",42.17%
,,CITTADINANZA ITALIANA: DIMEZZAMENTO DA 10 A 5 ANNI DEI TEMPI DI RESIDENZA LEGALE IN ITALIA DELLO STRANIERO MAGGIORENNE EXTRACOMUNITARIO PER LA RICHIESTA DI CONCESSIONE DELLA CITTADINANZA ITALIANA,"396,342.00","194,950.00","201,392.00","167,184.00","79,007.00","88,177.00","102,915.00","61,287.00","2,175.00",42.18%
,,CONTRATTO DI LAVORO A TUTELE CRESCENTI - DISCIPLINA DEI LICENZIAMENTI ILLEGITTIMI: ABROGAZIONE,"396,342.00","194,950.00","201,392.00","167,112.00","78,946.00","88,166.00","144,688.00","19,150.00","2,506.00",42.16%
,,"ESCLUSIONE DELLA RESPONSABILITA SOLIDALE DI COMMITTENTE, APPALTATORE E SUBAPPALTATORE PER INFORTUNI DEL DIPENDENTE D'IMPRESA APPALTATRICE O SUBAPPALTATRICE, COME CONSEGUENZA DEI RISCHI SPECIFICI PROPRI DELL?ATTIVITA DELLE IMPRESE PREDETTE: ABROGAZIONE","396,342.00","194,950.00","201,392.00","167,212.00","79,014.00","88,198.00","143,533.00","20,438.00","2,473.00",42.19%
,,PICCOLE IMPRESE ? LICENZIAMENTI E RELATIVA INDENNITA: ABROGAZIONE PARZIALE,"396,342.00","194,950.00","201,392.00","167,084.00","78,926.00","88,158.00","142,072.00","21,602.00","2,629.00",42.16%
,REGGIO NELL'EMILIA Total,,"1,981,710.00","974,750.00","1,006,960.00","835,727.00","394,849.00","440,878.00","677,997.00","141,135.00","12,694.00",42.17%
,RIMINI,"ABROGAZIONE PARZIALE DI NORME IN MATERIA DI APPOSIZIONE DI TERMINE AL CONTRATTO DI LAVORO SUBORDINATO, DURATA MASSIMA E CONDIZIONI PER PROROGHE E RINNOVI","260,271.00","126,412.00","133,859.00","81,087.00","37,911.00","43,176.00","69,622.00","9,561.00","1,428.00",31.15%
,,CITTADINANZA ITALIANA: DIMEZZAMENTO DA 10 A 5 ANNI DEI TEMPI DI RESIDENZA LEGALE IN ITALIA DELLO STRANIERO MAGGIORENNE EXTRACOMUNITARIO PER LA RICHIESTA DI CONCESSIONE DELLA CITTADINANZA ITALIANA,"260,271.00","126,412.00","133,859.00","81,093.00","37,926.00","43,167.00","50,128.00","29,368.00","1,150.00",31.16%
,,CONTRATTO DI LAVORO A TUTELE CRESCENTI - DISCIPLINA DEI LICENZIAMENTI ILLEGITTIMI: ABROGAZIONE,"260,271.00","126,412.00","133,859.00","81,087.00","37,913.00","43,174.00","69,896.00","9,483.00","1,241.00",31.15%
,,"ESCLUSIONE DELLA RESPONSABILITA SOLIDALE DI COMMITTENTE, APPALTATORE E SUBAPPALTATORE PER INFORTUNI DEL DIPENDENTE D'IMPRESA APPALTATRICE O SUBAPPALTATRICE, COME CONSEGUENZA DEI RISCHI SPECIFICI PROPRI DELL?ATTIVITA DELLE IMPRESE PREDETTE: ABROGAZIONE","260,271.00","126,412.00","133,859.00","81,159.00","37,961.00","43,198.00","69,006.00","10,481.00","1,218.00",31.18%
,,PICCOLE IMPRESE ? LICENZIAMENTI E RELATIVA INDENNITA: ABROGAZIONE PARZIALE,"260,271.00","126,412.00","133,859.00","81,077.00","37,905.00","43,172.00","68,721.00","10,589.00","1,312.00",31.15%
,RIMINI Total,,"1,301,355.00","632,060.00","669,295.00","405,503.00","189,616.00","215,887.00","327,373.00","69,482.00","6,349.00",31.16%
EMILIA-ROMAGNA Total,,,"16,853,520.00","8,201,580.00","8,651,940.00","6,422,147.00","3,006,739.00","3,415,408.00","5,213,369.00","1,078,279.00","97,870.00",38.11%
FRIULI-VENEZIA GIULIA,GORIZIA,"ABROGAZIONE PARZIALE DI NORME IN MATERIA DI APPOSIZIONE DI TERMINE AL CONTRATTO DI LAVORO SUBORDINATO, DURATA MASSIMA E CONDIZIONI PER PROROGHE E RINNOVI","104,789.00","50,953.00","53,836.00","32,817.00","15,470.00","17,347.00","27,782.00","4,273.00",571.00,31.32%
,,CITTADINANZA ITALIANA: DIMEZZAMENTO DA 10 A 5 ANNI DEI TEMPI DI RESIDENZA LEGALE IN ITALIA DELLO STRANIERO MAGGIORENNE EXTRACOMUNITARIO PER LA RICHIESTA DI CONCESSIONE DELLA CITTADINANZA ITALIANA,"104,789.00","50,953.00","53,836.00","32,743.00","15,428.00","17,315.00","18,494.00","13,600.00",465.00,31.25%
,,CONTRATTO DI LAVORO A TUTELE CRESCENTI - DISCIPLINA DEI LICENZIAMENTI ILLEGITTIMI: ABROGAZIONE,"104,789.00","50,953.00","53,836.00","32,807.00","15,462.00","17,345.00","28,025.00","4,103.00",485.00,31.31%
,,"ESCLUSIONE DELLA RESPONSABILITA SOLIDALE DI COMMITTENTE, APPALTATORE E SUBAPPALTATORE PER INFORTUNI DEL DIPENDENTE D'IMPRESA APPALTATRICE O SUBAPPALTATRICE, COME CONSEGUENZA DEI RISCHI SPECIFICI PROPRI DELL?ATTIVITA DELLE IMPRESE PREDETTE: ABROGAZIONE","104,789.00","50,953.00","53,836.00","32,828.00","15,479.00","17,349.00","27,128.00","4,990.00",529.00,31.33%
,,PICCOLE IMPRESE ? LICENZIAMENTI E RELATIVA INDENNITA: ABROGAZIONE PARZIALE,"104,789.00","50,953.00","53,836.00","32,803.00","15,460.00","17,343.00","27,422.00","4,657.00",539.00,31.30%
,GORIZIA Total,,"523,945.00","254,765.00","269,180.00","163,998.00","77,299.00","86,699.00","128,851.00","31,623.00","2,589.00",31.30%
,PORDENONE,"ABROGAZIONE PARZIALE DI NORME IN MATERIA DI APPOSIZIONE DI TERMINE AL CONTRATTO DI LAVORO SUBORDINATO, DURATA MASSIMA E CONDIZIONI PER PROROGHE E RINNOVI","236,652.00","116,062.00","120,590.00","63,929.00","29,881.00","34,048.00","51,796.00","10,170.00","1,443.00",27.01%
,,CITTADINANZA ITALIANA: DIMEZZAMENTO DA 10 A 5 ANNI DEI TEMPI DI RESIDENZA LEGALE IN ITALIA DELLO STRANIERO MAGGIORENNE EXTRACOMUNITARIO PER LA RICHIESTA DI CONCESSIONE DELLA CITTADINANZA ITALIANA,"236,652.00","116,062.00","120,590.00","64,014.00","29,947.00","34,067.00","36,720.00","25,971.00",896.00,27.05%
,,CONTRATTO DI LAVORO A TUTELE CRESCENTI - DISCIPLINA DEI LICENZIAMENTI ILLEGITTIMI: ABROGAZIONE,"236,652.00","116,062.00","120,590.00","63,913.00","29,858.00","34,055.00","51,773.00","10,373.00","1,263.00",27.01%
,,"ESCLUSIONE DELLA RESPONSABILITA SOLIDALE DI COMMITTENTE, APPALTATORE E SUBAPPALTATORE PER INFORTUNI DEL DIPENDENTE D'IMPRESA APPALTATRICE O SUBAPPALTATRICE, COME CONSEGUENZA DEI RISCHI SPECIFICI PROPRI DELL?ATTIVITA DELLE IMPRESE PREDETTE: ABROGAZIONE","236,652.00","116,062.00","120,590.00","63,941.00","29,899.00","34,042.00","50,757.00","11,389.00","1,293.00",27.02%
,,PICCOLE IMPRESE ? LICENZIAMENTI E RELATIVA INDENNITA: ABROGAZIONE PARZIALE,"236,652.00","116,062.00","120,590.00","63,909.00","29,869.00","34,040.00","50,835.00","11,224.00","1,345.00",27.01%
,PORDENONE Total,,"1,183,260.00","580,310.00","602,950.00","319,706.00","149,454.00","170,252.00","241,881.00","69,127.00","6,240.00",27.02%
,TRIESTE,"ABROGAZIONE PARZIALE DI NORME IN MATERIA DI APPOSIZIONE DI TERMINE AL CONTRATTO DI LAVORO SUBORDINATO, DURATA MASSIMA E CONDIZIONI PER PROROGHE E RINNOVI","178,223.00","84,375.00","93,848.00","52,031.00","23,795.00","28,236.00","44,568.00","6,177.00",986.00,29.19%
,,CITTADINANZA ITALIANA: DIMEZZAMENTO DA 10 A 5 ANNI DEI TEMPI DI RESIDENZA LEGALE IN ITALIA DELLO STRANIERO MAGGIORENNE EXTRACOMUNITARIO PER LA RICHIESTA DI CONCESSIONE DELLA CITTADINANZA ITALIANA,"178,223.00","84,375.00","93,848.00","52,015.00","23,803.00","28,212.00","33,365.00","17,735.00",603.00,29.19%
,,CONTRATTO DI LAVORO A TUTELE CRESCENTI - DISCIPLINA DEI LICENZIAMENTI ILLEGITTIMI: ABROGAZIONE,"178,223.00","84,375.00","93,848.00","52,042.00","23,797.00","28,245.00","44,904.00","6,035.00",804.00,29.20%
,,"ESCLUSIONE DELLA RESPONSABILITA SOLIDALE DI COMMITTENTE, APPALTATORE E SUBAPPALTATORE PER INFORTUNI DEL DIPENDENTE D'IMPRESA APPALTATRICE O SUBAPPALTATRICE, COME CONSEGUENZA DEI RISCHI SPECIFICI PROPRI DELL?ATTIVITA DELLE IMPRESE PREDETTE: ABROGAZIONE","178,223.00","84,375.00","93,848.00","52,046.00","23,814.00","28,232.00","43,505.00","7,437.00",799.00,29.20%
,,PICCOLE IMPRESE ? LICENZIAMENTI E RELATIVA INDENNITA: ABROGAZIONE PARZIALE,"178,223.00","84,375.00","93,848.00","52,001.00","23,778.00","28,223.00","43,818.00","6,999.00",882.00,29.18%
,TRIESTE Total,,"891,115.00","421,875.00","469,240.00","260,135.00","118,987.00","141,148.00","210,160.00","44,383.00","4,074.00",29.19%
,UDINE,"ABROGAZIONE PARZIALE DI NORME IN MATERIA DI APPOSIZIONE DI TERMINE AL CONTRATTO DI LAVORO SUBORDINATO, DURATA MASSIMA E CONDIZIONI PER PROROGHE E RINNOVI","412,933.00","200,890.00","212,043.00","108,483.00","50,241.00","58,242.00","87,863.00","17,206.00","2,465.00",26.27%
,,CITTADINANZA ITALIANA: DIMEZZAMENTO DA 10 A 5 ANNI DEI TEMPI DI RESIDENZA LEGALE IN ITALIA DELLO STRANIERO MAGGIORENNE EXTRACOMUNITARIO PER LA RICHIESTA DI CONCESSIONE DELLA CITTADINANZA ITALIANA,"412,933.00","200,890.00","212,043.00","108,546.00","50,292.00","58,254.00","64,081.00","42,133.00","1,586.00",26.29%
,,CONTRATTO DI LAVORO A TUTELE CRESCENTI - DISCIPLINA DEI LICENZIAMENTI ILLEGITTIMI: ABROGAZIONE,"412,933.00","200,890.00","212,043.00","108,491.00","50,248.00","58,243.00","87,909.00","17,487.00","2,182.00",26.27%
,,"ESCLUSIONE DELLA RESPONSABILITA SOLIDALE DI COMMITTENTE, APPALTATORE E SUBAPPALTATORE PER INFORTUNI DEL DIPENDENTE D'IMPRESA APPALTATRICE O SUBAPPALTATRICE, COME CONSEGUENZA DEI RISCHI SPECIFICI PROPRI DELL?ATTIVITA DELLE IMPRESE PREDETTE: ABROGAZIONE","412,933.00","200,890.00","212,043.00","108,527.00","50,280.00","58,247.00","85,120.00","20,332.00","2,190.00",26.28%
,,PICCOLE IMPRESE ? LICENZIAMENTI E RELATIVA INDENNITA: ABROGAZIONE PARZIALE,"412,933.00","200,890.00","212,043.00","108,432.00","50,215.00","58,217.00","86,116.00","19,082.00","2,320.00",26.26%
,UDINE Total,,"2,064,665.00","1,004,450.00","1,060,215.00","542,479.00","251,276.00","291,203.00","411,089.00","116,240.00","10,743.00",26.27%
FRIULI-VENEZIA GIULIA Total,,,"4,662,985.00","2,261,400.00","2,401,585.00","1,286,318.00","597,016.00","689,302.00","991,981.00","261,373.00","23,646.00",27.59%
LAZIO,FROSINONE,"ABROGAZIONE PARZIALE DI NORME IN MATERIA DI APPOSIZIONE DI TERMINE AL CONTRATTO DI LAVORO SUBORDINATO, DURATA MASSIMA E CONDIZIONI PER PROROGHE E RINNOVI","376,626.00","183,496.00","193,130.00","102,420.00","48,733.00","53,687.00","90,022.00","9,057.00","2,260.00",27.19%
,,CITTADINANZA ITALIANA: DIMEZZAMENTO DA 10 A 5 ANNI DEI TEMPI DI RESIDENZA LEGALE IN ITALIA DELLO STRANIERO MAGGIORENNE EXTRACOMUNITARIO PER LA RICHIESTA DI CONCESSIONE DELLA CITTADINANZA ITALIANA,"376,626.00","183,496.00","193,130.00","102,308.00","48,666.00","53,642.00","61,192.00","37,828.00","2,121.00",27.16%
,,CONTRATTO DI LAVORO A TUTELE CRESCENTI - DISCIPLINA DEI LICENZIAMENTI ILLEGITTIMI: ABROGAZIONE,"376,626.00","183,496.00","193,130.00","102,419.00","48,733.00","53,686.00","90,458.00","8,887.00","2,030.00",27.19%
,,"ESCLUSIONE DELLA RESPONSABILITA SOLIDALE DI COMMITTENTE, APPALTATORE E SUBAPPALTATORE PER INFORTUNI DEL DIPENDENTE D'IMPRESA APPALTATRICE O SUBAPPALTATRICE, COME CONSEGUENZA DEI RISCHI SPECIFICI PROPRI DELL?ATTIVITA DELLE IMPRESE PREDETTE: ABROGAZIONE","376,626.00","183,496.00","193,130.00","102,428.00","48,738.00","53,690.00","88,006.00","11,139.00","2,190.00",27.20%
,,PICCOLE IMPRESE ? LICENZIAMENTI E RELATIVA INDENNITA: ABROGAZIONE PARZIALE,"376,626.00","183,496.00","193,130.00","102,404.00","48,723.00","53,681.00","88,898.00","10,364.00","2,097.00",27.19%
,FROSINONE Total,,"1,883,130.00","917,480.00","965,650.00","511,979.00","243,593.00","268,386.00","418,576.00","77,275.00","10,698.00",27.19%
,LATINA,"ABROGAZIONE PARZIALE DI NORME IN MATERIA DI APPOSIZIONE DI TERMINE AL CONTRATTO DI LAVORO SUBORDINATO, DURATA MASSIMA E CONDIZIONI PER PROROGHE E RINNOVI","437,206.00","212,343.00","224,863.00","107,396.00","49,415.00","57,981.00","93,774.00","10,947.00","1,757.00",24.56%
,,CITTADINANZA ITALIANA: DIMEZZAMENTO DA 10 A 5 ANNI DEI TEMPI DI RESIDENZA LEGALE IN ITALIA DELLO STRANIERO MAGGIORENNE EXTRACOMUNITARIO PER LA RICHIESTA DI CONCESSIONE DELLA CITTADINANZA ITALIANA,"437,206.00","212,343.00","224,863.00","107,336.00","49,392.00","57,944.00","67,206.00","37,739.00","1,454.00",24.55%
,,CONTRATTO DI LAVORO A TUTELE CRESCENTI - DISCIPLINA DEI LICENZIAMENTI ILLEGITTIMI: ABROGAZIONE,"437,206.00","212,343.00","224,863.00","107,403.00","49,420.00","57,983.00","94,230.00","10,763.00","1,569.00",24.57%
,,"ESCLUSIONE DELLA RESPONSABILITA SOLIDALE DI COMMITTENTE, APPALTATORE E SUBAPPALTATORE PER INFORTUNI DEL DIPENDENTE D'IMPRESA APPALTATRICE O SUBAPPALTATRICE, COME CONSEGUENZA DEI RISCHI SPECIFICI PROPRI DELL?ATTIVITA DELLE IMPRESE PREDETTE: ABROGAZIONE","437,206.00","212,343.00","224,863.00","107,422.00","49,431.00","57,991.00","91,909.00","12,973.00","1,652.00",24.57%
,,PICCOLE IMPRESE ? LICENZIAMENTI E RELATIVA INDENNITA: ABROGAZIONE PARZIALE,"437,206.00","212,343.00","224,863.00","107,384.00","49,409.00","57,975.00","92,440.00","12,443.00","1,631.00",24.56%
,LATINA Total,,"2,186,030.00","1,061,715.00","1,124,315.00","536,941.00","247,067.00","289,874.00","439,559.00","84,865.00","8,063.00",24.56%
,RIETI,"ABROGAZIONE PARZIALE DI NORME IN MATERIA DI APPOSIZIONE DI TERMINE AL CONTRATTO DI LAVORO SUBORDINATO, DURATA MASSIMA E CONDIZIONI PER PROROGHE E RINNOVI","118,612.00","58,545.00","60,067.00","33,586.00","15,819.00","17,767.00","29,096.00","3,435.00",668.00,28.32%
,,CITTADINANZA ITALIANA: DIMEZZAMENTO DA 10 A 5 ANNI DEI TEMPI DI RESIDENZA LEGALE IN ITALIA DELLO STRANIERO MAGGIORENNE EXTRACOMUNITARIO PER LA RICHIESTA DI CONCESSIONE DELLA CITTADINANZA ITALIANA,"118,612.00","58,545.00","60,067.00","33,520.00","15,780.00","17,740.00","20,424.00","12,071.00",658.00,28.26%
,,CONTRATTO DI LAVORO A TUTELE CRESCENTI - DISCIPLINA DEI LICENZIAMENTI ILLEGITTIMI: ABROGAZIONE,"118,612.00","58,545.00","60,067.00","33,596.00","15,826.00","17,770.00","29,334.00","3,261.00",631.00,28.32%
,,"ESCLUSIONE DELLA RESPONSABILITA SOLIDALE DI COMMITTENTE, APPALTATORE E SUBAPPALTATORE PER INFORTUNI DEL DIPENDENTE D'IMPRESA APPALTATRICE O SUBAPPALTATRICE, COME CONSEGUENZA DEI RISCHI SPECIFICI PROPRI DELL?ATTIVITA DELLE IMPRESE PREDETTE: ABROGAZIONE","118,612.00","58,545.00","60,067.00","33,604.00","15,832.00","17,772.00","28,507.00","4,059.00",659.00,28.33%
,,PICCOLE IMPRESE ? LICENZIAMENTI E RELATIVA INDENNITA: ABROGAZIONE PARZIALE,"118,612.00","58,545.00","60,067.00","33,590.00","15,820.00","17,770.00","28,808.00","3,767.00",643.00,28.32%
,RIETI Total,,"593,060.00","292,725.00","300,335.00","167,896.00","79,077.00","88,819.00","136,169.00","26,593.00","3,259.00",28.31%
,ROMA,"ABROGAZIONE PARZIALE DI NORME IN MATERIA DI APPOSIZIONE DI TERMINE AL CONTRATTO DI LAVORO SUBORDINATO, DURATA MASSIMA E CONDIZIONI PER PROROGHE E RINNOVI","3,184,049.00","1,509,965.00","1,674,084.00","1,081,143.00","486,622.00","594,521.00","970,868.00","93,260.00","10,944.00",33.95%
,,CITTADINANZA ITALIANA: DIMEZZAMENTO DA 10 A 5 ANNI DEI TEMPI DI RESIDENZA LEGALE IN ITALIA DELLO STRANIERO MAGGIORENNE EXTRACOMUNITARIO PER LA RICHIESTA DI CONCESSIONE DELLA CITTADINANZA ITALIANA,"3,184,049.00","1,509,965.00","1,674,084.00","1,080,990.00","486,639.00","594,351.00","753,585.00","311,621.00","9,850.00",33.95%
,,CONTRATTO DI LAVORO A TUTELE CRESCENTI - DISCIPLINA DEI LICENZIAMENTI ILLEGITTIMI: ABROGAZIONE,"3,184,049.00","1,509,965.00","1,674,084.00","1,081,204.00","486,641.00","594,563.00","973,385.00","91,716.00","10,423.00",33.96%
,,"ESCLUSIONE DELLA RESPONSABILITA SOLIDALE DI COMMITTENTE, APPALTATORE E SUBAPPALTATORE PER INFORTUNI DEL DIPENDENTE D'IMPRESA APPALTATRICE O SUBAPPALTATRICE, COME CONSEGUENZA DEI RISCHI SPECIFICI PROPRI DELL?ATTIVITA DELLE IMPRESE PREDETTE: ABROGAZIONE","3,184,049.00","1,509,965.00","1,674,084.00","1,081,569.00","486,918.00","594,651.00","958,024.00","108,169.00","9,736.00",33.97%
,,PICCOLE IMPRESE ? LICENZIAMENTI E RELATIVA INDENNITA: ABROGAZIONE PARZIALE,"3,184,049.00","1,509,965.00","1,674,084.00","1,080,974.00","486,544.00","594,430.00","957,148.00","107,663.00","10,267.00",33.95%
,ROMA Total,,"15,920,245.00","7,549,825.00","8,370,420.00","5,405,880.00","2,433,364.00","2,972,516.00","4,613,010.00","712,429.00","51,220.00",33.96%
,VITERBO,"ABROGAZIONE PARZIALE DI NORME IN MATERIA DI APPOSIZIONE DI TERMINE AL CONTRATTO DI LAVORO SUBORDINATO, DURATA MASSIMA E CONDIZIONI PER PROROGHE E RINNOVI","239,541.00","116,943.00","122,598.00","63,224.00","29,677.00","33,547.00","54,913.00","6,538.00","1,203.00",26.39%
,,CITTADINANZA ITALIANA: DIMEZZAMENTO DA 10 A 5 ANNI DEI TEMPI DI RESIDENZA LEGALE IN ITALIA DELLO STRANIERO MAGGIORENNE EXTRACOMUNITARIO PER LA RICHIESTA DI CONCESSIONE DELLA CITTADINANZA ITALIANA,"239,541.00","116,943.00","122,598.00","63,143.00","29,629.00","33,514.00","39,182.00","22,297.00","1,069.00",26.36%
,,CONTRATTO DI LAVORO A TUTELE CRESCENTI - DISCIPLINA DEI LICENZIAMENTI ILLEGITTIMI: ABROGAZIONE,"239,541.00","116,943.00","122,598.00","63,234.00","29,686.00","33,548.00","55,292.00","6,384.00","1,007.00",26.40%
,,"ESCLUSIONE DELLA RESPONSABILITA SOLIDALE DI COMMITTENTE, APPALTATORE E SUBAPPALTATORE PER INFORTUNI DEL DIPENDENTE D'IMPRESA APPALTATRICE O SUBAPPALTATRICE, COME CONSEGUENZA DEI RISCHI SPECIFICI PROPRI DELL?ATTIVITA DELLE IMPRESE PREDETTE: ABROGAZIONE","239,541.00","116,943.00","122,598.00","63,258.00","29,699.00","33,559.00","54,096.00","7,546.00","1,039.00",26.41%
,,PICCOLE IMPRESE ? LICENZIAMENTI E RELATIVA INDENNITA: ABROGAZIONE PARZIALE,"239,541.00","116,943.00","122,598.00","63,210.00","29,668.00","33,542.00","54,161.00","7,418.00","1,082.00",26.39%
,VITERBO Total,,"1,197,705.00","584,715.00","612,990.00","316,069.00","148,359.00","167,710.00","257,644.00","50,183.00","5,400.00",26.39%
LAZIO Total,,,"21,780,170.00","10,406,460.00","11,373,710.00","6,938,765.00","3,151,460.00","3,787,305.00","5,864,958.00","951,345.00","78,640.00",31.86%
LIGURIA,GENOVA,"ABROGAZIONE PARZIALE DI NORME IN MATERIA DI APPOSIZIONE DI TERMINE AL CONTRATTO DI LAVORO SUBORDINATO, DURATA MASSIMA E CONDIZIONI PER PROROGHE E RINNOVI","643,026.00","304,060.00","338,966.00","247,395.00","113,716.00","133,679.00","218,824.00","23,819.00","3,481.00",38.47%
,,CITTADINANZA ITALIANA: DIMEZZAMENTO DA 10 A 5 ANNI DEI TEMPI DI RESIDENZA LEGALE IN ITALIA DELLO STRANIERO MAGGIORENNE EXTRACOMUNITARIO PER LA RICHIESTA DI CONCESSIONE DELLA CITTADINANZA ITALIANA,"643,026.00","304,060.00","338,966.00","247,290.00","113,679.00","133,611.00","163,259.00","79,832.00","2,866.00",38.46%
,,CONTRATTO DI LAVORO A TUTELE CRESCENTI - DISCIPLINA DEI LICENZIAMENTI ILLEGITTIMI: ABROGAZIONE,"643,026.00","304,060.00","338,966.00","247,406.00","113,722.00","133,684.00","220,028.00","23,064.00","3,080.00",38.48%
,,"ESCLUSIONE DELLA RESPONSABILITA SOLIDALE DI COMMITTENTE, APPALTATORE E SUBAPPALTATORE PER INFORTUNI DEL DIPENDENTE D'IMPRESA APPALTATRICE O SUBAPPALTATRICE, COME CONSEGUENZA DEI RISCHI SPECIFICI PROPRI DELL?ATTIVITA DELLE IMPRESE PREDETTE: ABROGAZIONE","643,026.00","304,060.00","338,966.00","247,383.00","113,702.00","133,681.00","215,808.00","27,282.00","3,066.00",38.47%
,,PICCOLE IMPRESE ? LICENZIAMENTI E RELATIVA INDENNITA: ABROGAZIONE PARZIALE,"643,026.00","304,060.00","338,966.00","247,329.00","113,689.00","133,640.00","216,138.00","26,768.00","3,205.00",38.46%
,GENOVA Total,,"3,215,130.00","1,520,300.00","1,694,830.00","1,236,803.00","568,508.00","668,295.00","1,034,057.00","180,765.00","15,698.00",38.47%
,IMPERIA,"ABROGAZIONE PARZIALE DI NORME IN MATERIA DI APPOSIZIONE DI TERMINE AL CONTRATTO DI LAVORO SUBORDINATO, DURATA MASSIMA E CONDIZIONI PER PROROGHE E RINNOVI","157,674.00","75,748.00","81,926.00","38,100.00","17,048.00","21,052.00","32,174.00","4,823.00",792.00,24.16%
,,CITTADINANZA ITALIANA: DIMEZZAMENTO DA 10 A 5 ANNI DEI TEMPI DI RESIDENZA LEGALE IN ITALIA DELLO STRANIERO MAGGIORENNE EXTRACOMUNITARIO PER LA RICHIESTA DI CONCESSIONE DELLA CITTADINANZA ITALIANA,"157,674.00","75,748.00","81,926.00","38,051.00","17,019.00","21,032.00","22,993.00","14,168.00",615.00,24.13%
,,CONTRATTO DI LAVORO A TUTELE CRESCENTI - DISCIPLINA DEI LICENZIAMENTI ILLEGITTIMI: ABROGAZIONE,"157,674.00","75,748.00","81,926.00","38,114.00","17,054.00","21,060.00","32,352.00","4,742.00",723.00,24.17%
,,"ESCLUSIONE DELLA RESPONSABILITA SOLIDALE DI COMMITTENTE, APPALTATORE E SUBAPPALTATORE PER INFORTUNI DEL DIPENDENTE D'IMPRESA APPALTATRICE O SUBAPPALTATRICE, COME CONSEGUENZA DEI RISCHI SPECIFICI PROPRI DELL?ATTIVITA DELLE IMPRESE PREDETTE: ABROGAZIONE","157,674.00","75,748.00","81,926.00","38,137.00","17,067.00","21,070.00","31,752.00","5,392.00",688.00,24.19%
,,PICCOLE IMPRESE ? LICENZIAMENTI E RELATIVA INDENNITA: ABROGAZIONE PARZIALE,"157,674.00","75,748.00","81,926.00","38,102.00","17,051.00","21,051.00","31,666.00","5,404.00",718.00,24.17%
,IMPERIA Total,,"788,370.00","378,740.00","409,630.00","190,504.00","85,239.00","105,265.00","150,937.00","34,529.00","3,536.00",24.16%
,LA SPEZIA,"ABROGAZIONE PARZIALE DI NORME IN MATERIA DI APPOSIZIONE DI TERMINE AL CONTRATTO DI LAVORO SUBORDINATO, DURATA MASSIMA E CONDIZIONI PER PROROGHE E RINNOVI","168,597.00","81,166.00","87,431.00","58,921.00","27,320.00","31,601.00","51,827.00","5,858.00",883.00,34.95%
,,CITTADINANZA ITALIANA: DIMEZZAMENTO DA 10 A 5 ANNI DEI TEMPI DI RESIDENZA LEGALE IN ITALIA DELLO STRANIERO MAGGIORENNE EXTRACOMUNITARIO PER LA RICHIESTA DI CONCESSIONE DELLA CITTADINANZA ITALIANA,"168,597.00","81,166.00","87,431.00","58,817.00","27,260.00","31,557.00","36,650.00","21,056.00",787.00,34.89%
,,CONTRATTO DI LAVORO A TUTELE CRESCENTI - DISCIPLINA DEI LICENZIAMENTI ILLEGITTIMI: ABROGAZIONE,"168,597.00","81,166.00","87,431.00","58,918.00","27,324.00","31,594.00","52,251.00","5,597.00",758.00,34.95%
,,"ESCLUSIONE DELLA RESPONSABILITA SOLIDALE DI COMMITTENTE, APPALTATORE E SUBAPPALTATORE PER INFORTUNI DEL DIPENDENTE D'IMPRESA APPALTATRICE O SUBAPPALTATRICE, COME CONSEGUENZA DEI RISCHI SPECIFICI PROPRI DELL?ATTIVITA DELLE IMPRESE PREDETTE: ABROGAZIONE","168,597.00","81,166.00","87,431.00","58,957.00","27,351.00","31,606.00","51,117.00","6,707.00",807.00,34.97%
,,PICCOLE IMPRESE ? LICENZIAMENTI E RELATIVA INDENNITA: ABROGAZIONE PARZIALE,"168,597.00","81,166.00","87,431.00","58,904.00","27,316.00","31,588.00","51,289.00","6,459.00",819.00,34.94%
,LA SPEZIA Total,,"842,985.00","405,830.00","437,155.00","294,517.00","136,571.00","157,946.00","243,134.00","45,677.00","4,054.00",34.94%
,SAVONA,"ABROGAZIONE PARZIALE DI NORME IN MATERIA DI APPOSIZIONE DI TERMINE AL CONTRATTO DI LAVORO SUBORDINATO, DURATA MASSIMA E CONDIZIONI PER PROROGHE E RINNOVI","213,817.00","102,053.00","111,764.00","70,581.00","32,406.00","38,175.00","60,004.00","8,629.00","1,322.00",33.01%
,,CITTADINANZA ITALIANA: DIMEZZAMENTO DA 10 A 5 ANNI DEI TEMPI DI RESIDENZA LEGALE IN ITALIA DELLO STRANIERO MAGGIORENNE EXTRACOMUNITARIO PER LA RICHIESTA DI CONCESSIONE DELLA CITTADINANZA ITALIANA,"213,817.00","102,053.00","111,764.00","70,540.00","32,394.00","38,146.00","43,127.00","25,717.00","1,081.00",32.99%
,,CONTRATTO DI LAVORO A TUTELE CRESCENTI - DISCIPLINA DEI LICENZIAMENTI ILLEGITTIMI: ABROGAZIONE,"213,817.00","102,053.00","111,764.00","70,587.00","32,411.00","38,176.00","60,321.00","8,451.00","1,195.00",33.01%
,,"ESCLUSIONE DELLA RESPONSABILITA SOLIDALE DI COMMITTENTE, APPALTATORE E SUBAPPALTATORE PER INFORTUNI DEL DIPENDENTE D'IMPRESA APPALTATRICE O SUBAPPALTATRICE, COME CONSEGUENZA DEI RISCHI SPECIFICI PROPRI DELL?ATTIVITA DELLE IMPRESE PREDETTE: ABROGAZIONE","213,817.00","102,053.00","111,764.00","70,603.00","32,419.00","38,184.00","59,202.00","9,523.00","1,274.00",33.02%
,,PICCOLE IMPRESE ? LICENZIAMENTI E RELATIVA INDENNITA: ABROGAZIONE PARZIALE,"213,817.00","102,053.00","111,764.00","70,566.00","32,402.00","38,164.00","59,025.00","9,721.00","1,226.00",33.00%
,SAVONA Total,,"1,069,085.00","510,265.00","558,820.00","352,877.00","162,032.00","190,845.00","281,679.00","62,041.00","6,098.00",33.01%
LIGURIA Total,,,"5,915,570.00","2,815,135.00","3,100,435.00","2,074,701.00","952,350.00","1,122,351.00","1,709,807.00","323,012.00","29,386.00",35.07%
LOMBARDIA,BERGAMO,"ABROGAZIONE PARZIALE DI NORME IN MATERIA DI APPOSIZIONE DI TERMINE AL CONTRATTO DI LAVORO SUBORDINATO, DURATA MASSIMA E CONDIZIONI PER PROROGHE E RINNOVI","843,691.00","417,898.00","425,793.00","243,518.00","114,135.00","129,383.00","199,929.00","36,952.00","5,096.00",28.86%
,,CITTADINANZA ITALIANA: DIMEZZAMENTO DA 10 A 5 ANNI DEI TEMPI DI RESIDENZA LEGALE IN ITALIA DELLO STRANIERO MAGGIORENNE EXTRACOMUNITARIO PER LA RICHIESTA DI CONCESSIONE DELLA CITTADINANZA ITALIANA,"843,691.00","417,898.00","425,793.00","243,694.00","114,231.00","129,463.00","143,662.00","95,170.00","3,385.00",28.88%
,,CONTRATTO DI LAVORO A TUTELE CRESCENTI - DISCIPLINA DEI LICENZIAMENTI ILLEGITTIMI: ABROGAZIONE,"843,691.00","417,898.00","425,793.00","243,450.00","114,094.00","129,356.00","199,563.00","37,896.00","4,476.00",28.86%
,,"ESCLUSIONE DELLA RESPONSABILITA SOLIDALE DI COMMITTENTE, APPALTATORE E SUBAPPALTATORE PER INFORTUNI DEL DIPENDENTE D'IMPRESA APPALTATRICE O SUBAPPALTATRICE, COME CONSEGUENZA DEI RISCHI SPECIFICI PROPRI DELL?ATTIVITA DELLE IMPRESE PREDETTE: ABROGAZIONE","843,691.00","417,898.00","425,793.00","243,650.00","114,234.00","129,416.00","194,982.00","42,100.00","5,049.00",28.88%
,,PICCOLE IMPRESE ? LICENZIAMENTI E RELATIVA INDENNITA: ABROGAZIONE PARZIALE,"843,691.00","417,898.00","425,793.00","243,426.00","114,088.00","129,338.00","195,751.00","41,325.00","4,847.00",28.85%
,BERGAMO Total,,"4,218,455.00","2,089,490.00","2,128,965.00","1,217,738.00","570,782.00","646,956.00","933,887.00","253,443.00","22,853.00",28.87%
,BRESCIA,"ABROGAZIONE PARZIALE DI NORME IN MATERIA DI APPOSIZIONE DI TERMINE AL CONTRATTO DI LAVORO SUBORDINATO, DURATA MASSIMA E CONDIZIONI PER PROROGHE E RINNOVI","948,852.00","468,083.00","480,769.00","252,335.00","118,402.00","133,933.00","210,327.00","35,393.00","5,057.00",26.59%
,,CITTADINANZA ITALIANA: DIMEZZAMENTO DA 10 A 5 ANNI DEI TEMPI DI RESIDENZA LEGALE IN ITALIA DELLO STRANIERO MAGGIORENNE EXTRACOMUNITARIO PER LA RICHIESTA DI CONCESSIONE DELLA CITTADINANZA ITALIANA,"948,852.00","468,083.00","480,769.00","252,354.00","118,415.00","133,939.00","153,699.00","93,583.00","3,626.00",26.60%
,,CONTRATTO DI LAVORO A TUTELE CRESCENTI - DISCIPLINA DEI LICENZIAMENTI ILLEGITTIMI: ABROGAZIONE,"948,852.00","468,083.00","480,769.00","252,263.00","118,359.00","133,904.00","209,877.00","36,398.00","4,475.00",26.59%
,,"ESCLUSIONE DELLA RESPONSABILITA SOLIDALE DI COMMITTENTE, APPALTATORE E SUBAPPALTATORE PER INFORTUNI DEL DIPENDENTE D'IMPRESA APPALTATRICE O SUBAPPALTATRICE, COME CONSEGUENZA DEI RISCHI SPECIFICI PROPRI DELL?ATTIVITA DELLE IMPRESE PREDETTE: ABROGAZIONE","948,852.00","468,083.00","480,769.00","252,404.00","118,436.00","133,968.00","205,182.00","40,939.00","4,742.00",26.60%
,,PICCOLE IMPRESE ? LICENZIAMENTI E RELATIVA INDENNITA: ABROGAZIONE PARZIALE,"948,852.00","468,083.00","480,769.00","252,232.00","118,384.00","133,848.00","205,960.00","40,062.00","4,724.00",26.58%
,BRESCIA Total,,"4,744,260.00","2,340,415.00","2,403,845.00","1,261,588.00","591,996.00","669,592.00","985,045.00","246,375.00","22,624.00",26.59%
,COMO,"ABROGAZIONE PARZIALE DI NORME IN MATERIA DI APPOSIZIONE DI TERMINE AL CONTRATTO DI LAVORO SUBORDINATO, DURATA MASSIMA E CONDIZIONI PER PROROGHE E RINNOVI","469,944.00","230,471.00","239,473.00","126,773.00","58,590.00","68,183.00","102,600.00","20,387.00","2,729.00",26.98%
,,CITTADINANZA ITALIANA: DIMEZZAMENTO DA 10 A 5 ANNI DEI TEMPI DI RESIDENZA LEGALE IN ITALIA DELLO STRANIERO MAGGIORENNE EXTRACOMUNITARIO PER LA RICHIESTA DI CONCESSIONE DELLA CITTADINANZA ITALIANA,"469,944.00","230,471.00","239,473.00","126,992.00","58,742.00","68,250.00","75,662.00","48,779.00","1,637.00",27.02%
,,CONTRATTO DI LAVORO A TUTELE CRESCENTI - DISCIPLINA DEI LICENZIAMENTI ILLEGITTIMI: ABROGAZIONE,"469,944.00","230,471.00","239,473.00","126,703.00","58,557.00","68,146.00","101,869.00","21,332.00","2,439.00",26.96%
,,"ESCLUSIONE DELLA RESPONSABILITA SOLIDALE DI COMMITTENTE, APPALTATORE E SUBAPPALTATORE PER INFORTUNI DEL DIPENDENTE D'IMPRESA APPALTATRICE O SUBAPPALTATRICE, COME CONSEGUENZA DEI RISCHI SPECIFICI PROPRI DELL?ATTIVITA DELLE IMPRESE PREDETTE: ABROGAZIONE","469,944.00","230,471.00","239,473.00","126,856.00","58,664.00","68,192.00","100,330.00","22,922.00","2,542.00",26.99%
,,PICCOLE IMPRESE ? LICENZIAMENTI E RELATIVA INDENNITA: ABROGAZIONE PARZIALE,"469,944.00","230,471.00","239,473.00","126,680.00","58,548.00","68,132.00","99,766.00","23,333.00","2,566.00",26.96%
,COMO Total,,"2,349,720.00","1,152,355.00","1,197,365.00","634,004.00","293,101.00","340,903.00","480,227.00","136,753.00","11,913.00",26.98%
,CREMONA,"ABROGAZIONE PARZIALE DI NORME IN MATERIA DI APPOSIZIONE DI TERMINE AL CONTRATTO DI LAVORO SUBORDINATO, DURATA MASSIMA E CONDIZIONI PER PROROGHE E RINNOVI","267,911.00","131,740.00","136,171.00","74,605.00","35,056.00","39,549.00","62,133.00","10,153.00","1,752.00",27.85%
,,CITTADINANZA ITALIANA: DIMEZZAMENTO DA 10 A 5 ANNI DEI TEMPI DI RESIDENZA LEGALE IN ITALIA DELLO STRANIERO MAGGIORENNE EXTRACOMUNITARIO PER LA RICHIESTA DI CONCESSIONE DELLA CITTADINANZA ITALIANA,"267,911.00","131,740.00","136,171.00","74,580.00","35,037.00","39,543.00","43,492.00","29,256.00","1,285.00",27.84%
,,CONTRATTO DI LAVORO A TUTELE CRESCENTI - DISCIPLINA DEI LICENZIAMENTI ILLEGITTIMI: ABROGAZIONE,"267,911.00","131,740.00","136,171.00","74,584.00","35,077.00","39,507.00","62,256.00","10,252.00","1,504.00",27.84%
,,"ESCLUSIONE DELLA RESPONSABILITA SOLIDALE DI COMMITTENTE, APPALTATORE E SUBAPPALTATORE PER INFORTUNI DEL DIPENDENTE D'IMPRESA APPALTATRICE O SUBAPPALTATRICE, COME CONSEGUENZA DEI RISCHI SPECIFICI PROPRI DELL?ATTIVITA DELLE IMPRESE PREDETTE: ABROGAZIONE","267,911.00","131,740.00","136,171.00","74,643.00","35,082.00","39,561.00","60,722.00","11,790.00","1,562.00",27.86%
,,PICCOLE IMPRESE ? LICENZIAMENTI E RELATIVA INDENNITA: ABROGAZIONE PARZIALE,"267,911.00","131,740.00","136,171.00","74,577.00","35,046.00","39,531.00","61,151.00","11,274.00","1,602.00",27.84%
,CREMONA Total,,"1,339,555.00","658,700.00","680,855.00","372,989.00","175,298.00","197,691.00","289,754.00","72,725.00","7,705.00",27.84%
,LECCO,"ABROGAZIONE PARZIALE DI NORME IN MATERIA DI APPOSIZIONE DI TERMINE AL CONTRATTO DI LAVORO SUBORDINATO, DURATA MASSIMA E CONDIZIONI PER PROROGHE E RINNOVI","262,014.00","128,818.00","133,196.00","78,602.00","36,728.00","41,874.00","64,950.00","11,546.00","1,561.00",30.00%
,,CITTADINANZA ITALIANA: DIMEZZAMENTO DA 10 A 5 ANNI DEI TEMPI DI RESIDENZA LEGALE IN ITALIA DELLO STRANIERO MAGGIORENNE EXTRACOMUNITARIO PER LA RICHIESTA DI CONCESSIONE DELLA CITTADINANZA ITALIANA,"262,014.00","128,818.00","133,196.00","78,697.00","36,771.00","41,926.00","49,103.00","28,076.00","1,013.00",30.04%
,,CONTRATTO DI LAVORO A TUTELE CRESCENTI - DISCIPLINA DEI LICENZIAMENTI ILLEGITTIMI: ABROGAZIONE,"262,014.00","128,818.00","133,196.00","78,599.00","36,727.00","41,872.00","64,699.00","12,008.00","1,409.00",30.00%
,,"ESCLUSIONE DELLA RESPONSABILITA SOLIDALE DI COMMITTENTE, APPALTATORE E SUBAPPALTATORE PER INFORTUNI DEL DIPENDENTE D'IMPRESA APPALTATRICE O SUBAPPALTATRICE, COME CONSEGUENZA DEI RISCHI SPECIFICI PROPRI DELL?ATTIVITA DELLE IMPRESE PREDETTE: ABROGAZIONE","262,014.00","128,818.00","133,196.00","78,596.00","36,713.00","41,883.00","63,953.00","12,724.00","1,431.00",30.00%
,,PICCOLE IMPRESE ? LICENZIAMENTI E RELATIVA INDENNITA: ABROGAZIONE PARZIALE,"262,014.00","128,818.00","133,196.00","78,585.00","36,717.00","41,868.00","63,699.00","12,922.00","1,471.00",29.99%
,LECCO Total,,"1,310,070.00","644,090.00","665,980.00","393,079.00","183,656.00","209,423.00","306,404.00","77,276.00","6,885.00",30.00%
,LODI,"ABROGAZIONE PARZIALE DI NORME IN MATERIA DI APPOSIZIONE DI TERMINE AL CONTRATTO DI LAVORO SUBORDINATO, DURATA MASSIMA E CONDIZIONI PER PROROGHE E RINNOVI","171,826.00","84,546.00","87,280.00","51,040.00","24,038.00","27,002.00","43,041.00","6,676.00",924.00,29.70%
,,CITTADINANZA ITALIANA: DIMEZZAMENTO DA 10 A 5 ANNI DEI TEMPI DI RESIDENZA LEGALE IN ITALIA DELLO STRANIERO MAGGIORENNE EXTRACOMUNITARIO PER LA RICHIESTA DI CONCESSIONE DELLA CITTADINANZA ITALIANA,"171,826.00","84,546.00","87,280.00","51,004.00","24,029.00","26,975.00","28,561.00","21,357.00",698.00,29.68%
,,CONTRATTO DI LAVORO A TUTELE CRESCENTI - DISCIPLINA DEI LICENZIAMENTI ILLEGITTIMI: ABROGAZIONE,"171,826.00","84,546.00","87,280.00","51,028.00","24,032.00","26,996.00","43,130.00","6,668.00",852.00,29.70%
,,"ESCLUSIONE DELLA RESPONSABILITA SOLIDALE DI COMMITTENTE, APPALTATORE E SUBAPPALTATORE PER INFORTUNI DEL DIPENDENTE D'IMPRESA APPALTATRICE O SUBAPPALTATRICE, COME CONSEGUENZA DEI RISCHI SPECIFICI PROPRI DELL?ATTIVITA DELLE IMPRESE PREDETTE: ABROGAZIONE","171,826.00","84,546.00","87,280.00","51,043.00","24,046.00","26,997.00","42,030.00","7,727.00",893.00,29.71%
,,PICCOLE IMPRESE ? LICENZIAMENTI E RELATIVA INDENNITA: ABROGAZIONE PARZIALE,"171,826.00","84,546.00","87,280.00","51,029.00","24,036.00","26,993.00","42,332.00","7,431.00",880.00,29.70%
,LODI Total,,"859,130.00","422,730.00","436,400.00","255,144.00","120,181.00","134,963.00","199,094.00","49,859.00","4,247.00",29.70%
,MANTOVA,"ABROGAZIONE PARZIALE DI NORME IN MATERIA DI APPOSIZIONE DI TERMINE AL CONTRATTO DI LAVORO SUBORDINATO, DURATA MASSIMA E CONDIZIONI PER PROROGHE E RINNOVI","302,564.00","148,720.00","153,844.00","90,513.00","43,018.00","47,495.00","76,401.00","11,890.00","1,718.00",29.92%
,,CITTADINANZA ITALIANA: DIMEZZAMENTO DA 10 A 5 ANNI DEI TEMPI DI RESIDENZA LEGALE IN ITALIA DELLO STRANIERO MAGGIORENNE EXTRACOMUNITARIO PER LA RICHIESTA DI CONCESSIONE DELLA CITTADINANZA ITALIANA,"302,564.00","148,720.00","153,844.00","90,455.00","42,966.00","47,489.00","53,389.00","35,216.00","1,345.00",29.90%
,,CONTRATTO DI LAVORO A TUTELE CRESCENTI - DISCIPLINA DEI LICENZIAMENTI ILLEGITTIMI: ABROGAZIONE,"302,564.00","148,720.00","153,844.00","90,498.00","43,011.00","47,487.00","76,221.00","12,249.00","1,546.00",29.91%
,,"ESCLUSIONE DELLA RESPONSABILITA SOLIDALE DI COMMITTENTE, APPALTATORE E SUBAPPALTATORE PER INFORTUNI DEL DIPENDENTE D'IMPRESA APPALTATRICE O SUBAPPALTATRICE, COME CONSEGUENZA DEI RISCHI SPECIFICI PROPRI DELL?ATTIVITA DELLE IMPRESE PREDETTE: ABROGAZIONE","302,564.00","148,720.00","153,844.00","90,547.00","43,045.00","47,502.00","75,184.00","13,368.00","1,527.00",29.93%
,,PICCOLE IMPRESE ? LICENZIAMENTI E RELATIVA INDENNITA: ABROGAZIONE PARZIALE,"302,564.00","148,720.00","153,844.00","90,495.00","43,008.00","47,487.00","75,162.00","13,296.00","1,568.00",29.91%
,MANTOVA Total,,"1,512,820.00","743,600.00","769,220.00","452,508.00","215,048.00","237,460.00","356,357.00","86,019.00","7,704.00",29.91%
,MILANO,"ABROGAZIONE PARZIALE DI NORME IN MATERIA DI APPOSIZIONE DI TERMINE AL CONTRATTO DI LAVORO SUBORDINATO, DURATA MASSIMA E CONDIZIONI PER PROROGHE E RINNOVI","2,383,419.00","1,145,291.00","1,238,128.00","844,638.00","388,145.00","456,493.00","721,295.00","106,494.00","12,398.00",35.44%
,,CITTADINANZA ITALIANA: DIMEZZAMENTO DA 10 A 5 ANNI DEI TEMPI DI RESIDENZA LEGALE IN ITALIA DELLO STRANIERO MAGGIORENNE EXTRACOMUNITARIO PER LA RICHIESTA DI CONCESSIONE DELLA CITTADINANZA ITALIANA,"2,383,419.00","1,145,291.00","1,238,128.00","847,400.00","389,819.00","457,581.00","562,185.00","273,317.00","7,901.00",35.55%
,,CONTRATTO DI LAVORO A TUTELE CRESCENTI - DISCIPLINA DEI LICENZIAMENTI ILLEGITTIMI: ABROGAZIONE,"2,383,419.00","1,145,291.00","1,238,128.00","844,376.00","387,967.00","456,409.00","718,743.00","110,390.00","10,940.00",35.43%
,,"ESCLUSIONE DELLA RESPONSABILITA SOLIDALE DI COMMITTENTE, APPALTATORE E SUBAPPALTATORE PER INFORTUNI DEL DIPENDENTE D'IMPRESA APPALTATRICE O SUBAPPALTATRICE, COME CONSEGUENZA DEI RISCHI SPECIFICI PROPRI DELL?ATTIVITA DELLE IMPRESE PREDETTE: ABROGAZIONE","2,383,419.00","1,145,291.00","1,238,128.00","845,590.00","388,720.00","456,870.00","714,188.00","116,044.00","11,075.00",35.48%
,,PICCOLE IMPRESE ? LICENZIAMENTI E RELATIVA INDENNITA: ABROGAZIONE PARZIALE,"2,383,419.00","1,145,291.00","1,238,128.00","844,299.00","387,986.00","456,313.00","708,519.00","119,888.00","11,604.00",35.42%
,MILANO Total,,"11,917,095.00","5,726,455.00","6,190,640.00","4,226,303.00","1,942,637.00","2,283,666.00","3,424,930.00","726,133.00","53,918.00",35.46%
,MONZA E DELLA BRIANZA,"ABROGAZIONE PARZIALE DI NORME IN MATERIA DI APPOSIZIONE DI TERMINE AL CONTRATTO DI LAVORO SUBORDINATO, DURATA MASSIMA E CONDIZIONI PER PROROGHE E RINNOVI","680,440.00","332,163.00","348,277.00","219,587.00","102,379.00","117,208.00","185,860.00","29,223.00","3,298.00",32.27%
,,CITTADINANZA ITALIANA: DIMEZZAMENTO DA 10 A 5 ANNI DEI TEMPI DI RESIDENZA LEGALE IN ITALIA DELLO STRANIERO MAGGIORENNE EXTRACOMUNITARIO PER LA RICHIESTA DI CONCESSIONE DELLA CITTADINANZA ITALIANA,"680,440.00","332,163.00","348,277.00","219,853.00","102,548.00","117,305.00","135,439.00","80,864.00","2,389.00",32.31%
,,CONTRATTO DI LAVORO A TUTELE CRESCENTI - DISCIPLINA DEI LICENZIAMENTI ILLEGITTIMI: ABROGAZIONE,"680,440.00","332,163.00","348,277.00","219,568.00","102,367.00","117,201.00","185,220.00","30,128.00","3,033.00",32.27%
,,"ESCLUSIONE DELLA RESPONSABILITA SOLIDALE DI COMMITTENTE, APPALTATORE E SUBAPPALTATORE PER INFORTUNI DEL DIPENDENTE D'IMPRESA APPALTATRICE O SUBAPPALTATRICE, COME CONSEGUENZA DEI RISCHI SPECIFICI PROPRI DELL?ATTIVITA DELLE IMPRESE PREDETTE: ABROGAZIONE","680,440.00","332,163.00","348,277.00","219,699.00","102,464.00","117,235.00","182,077.00","33,446.00","2,947.00",32.29%
,,PICCOLE IMPRESE ? LICENZIAMENTI E RELATIVA INDENNITA: ABROGAZIONE PARZIALE,"680,440.00","332,163.00","348,277.00","219,537.00","102,358.00","117,179.00","182,257.00","32,961.00","3,127.00",32.26%
,MONZA E DELLA BRIANZA Total,,"3,402,200.00","1,660,815.00","1,741,385.00","1,098,244.00","512,116.00","586,128.00","870,853.00","206,622.00","14,794.00",32.28%
,PAVIA,"ABROGAZIONE PARZIALE DI NORME IN MATERIA DI APPOSIZIONE DI TERMINE AL CONTRATTO DI LAVORO SUBORDINATO, DURATA MASSIMA E CONDIZIONI PER PROROGHE E RINNOVI","412,953.00","201,094.00","211,859.00","115,887.00","54,192.00","61,695.00","96,781.00","15,724.00","2,377.00",28.06%
,,CITTADINANZA ITALIANA: DIMEZZAMENTO DA 10 A 5 ANNI DEI TEMPI DI RESIDENZA LEGALE IN ITALIA DELLO STRANIERO MAGGIORENNE EXTRACOMUNITARIO PER LA RICHIESTA DI CONCESSIONE DELLA CITTADINANZA ITALIANA,"412,953.00","201,094.00","211,859.00","115,963.00","54,239.00","61,724.00","67,432.00","45,873.00","1,722.00",28.08%
,,CONTRATTO DI LAVORO A TUTELE CRESCENTI - DISCIPLINA DEI LICENZIAMENTI ILLEGITTIMI: ABROGAZIONE,"412,953.00","201,094.00","211,859.00","115,872.00","54,185.00","61,687.00","97,049.00","15,779.00","2,104.00",28.06%
,,"ESCLUSIONE DELLA RESPONSABILITA SOLIDALE DI COMMITTENTE, APPALTATORE E SUBAPPALTATORE PER INFORTUNI DEL DIPENDENTE D'IMPRESA APPALTATRICE O SUBAPPALTATRICE, COME CONSEGUENZA DEI RISCHI SPECIFICI PROPRI DELL?ATTIVITA DELLE IMPRESE PREDETTE: ABROGAZIONE","412,953.00","201,094.00","211,859.00","115,931.00","54,227.00","61,704.00","94,804.00","17,964.00","2,183.00",28.07%
,,PICCOLE IMPRESE ? LICENZIAMENTI E RELATIVA INDENNITA: ABROGAZIONE PARZIALE,"412,953.00","201,094.00","211,859.00","115,859.00","54,178.00","61,681.00","95,179.00","17,488.00","2,203.00",28.06%
,PAVIA Total,,"2,064,765.00","1,005,470.00","1,059,295.00","579,512.00","271,021.00","308,491.00","451,245.00","112,828.00","10,589.00",28.07%
,SONDRIO,"ABROGAZIONE PARZIALE DI NORME IN MATERIA DI APPOSIZIONE DI TERMINE AL CONTRATTO DI LAVORO SUBORDINATO, DURATA MASSIMA E CONDIZIONI PER PROROGHE E RINNOVI","144,153.00","70,694.00","73,459.00","30,306.00","13,653.00","16,653.00","24,275.00","4,809.00",901.00,21.02%
,,CITTADINANZA ITALIANA: DIMEZZAMENTO DA 10 A 5 ANNI DEI TEMPI DI RESIDENZA LEGALE IN ITALIA DELLO STRANIERO MAGGIORENNE EXTRACOMUNITARIO PER LA RICHIESTA DI CONCESSIONE DELLA CITTADINANZA ITALIANA,"144,153.00","70,694.00","73,459.00","30,351.00","13,687.00","16,664.00","18,693.00","10,886.00",527.00,21.05%
,,CONTRATTO DI LAVORO A TUTELE CRESCENTI - DISCIPLINA DEI LICENZIAMENTI ILLEGITTIMI: ABROGAZIONE,"144,153.00","70,694.00","73,459.00","30,299.00","13,650.00","16,649.00","24,321.00","4,887.00",799.00,21.02%
,,"ESCLUSIONE DELLA RESPONSABILITA SOLIDALE DI COMMITTENTE, APPALTATORE E SUBAPPALTATORE PER INFORTUNI DEL DIPENDENTE D'IMPRESA APPALTATRICE O SUBAPPALTATRICE, COME CONSEGUENZA DEI RISCHI SPECIFICI PROPRI DELL?ATTIVITA DELLE IMPRESE PREDETTE: ABROGAZIONE","144,153.00","70,694.00","73,459.00","30,340.00","13,678.00","16,662.00","23,805.00","5,463.00",794.00,21.05%
,,PICCOLE IMPRESE ? LICENZIAMENTI E RELATIVA INDENNITA: ABROGAZIONE PARZIALE,"144,153.00","70,694.00","73,459.00","30,285.00","13,643.00","16,642.00","23,715.00","5,416.00",869.00,21.01%
,SONDRIO Total,,"720,765.00","353,470.00","367,295.00","151,581.00","68,311.00","83,270.00","114,809.00","31,461.00","3,890.00",21.03%
,VARESE,"ABROGAZIONE PARZIALE DI NORME IN MATERIA DI APPOSIZIONE DI TERMINE AL CONTRATTO DI LAVORO SUBORDINATO, DURATA MASSIMA E CONDIZIONI PER PROROGHE E RINNOVI","689,579.00","335,540.00","354,039.00","199,058.00","92,737.00","106,321.00","163,067.00","30,637.00","3,835.00",28.87%
,,CITTADINANZA ITALIANA: DIMEZZAMENTO DA 10 A 5 ANNI DEI TEMPI DI RESIDENZA LEGALE IN ITALIA DELLO STRANIERO MAGGIORENNE EXTRACOMUNITARIO PER LA RICHIESTA DI CONCESSIONE DELLA CITTADINANZA ITALIANA,"689,579.00","335,540.00","354,039.00","199,297.00","92,860.00","106,437.00","117,550.00","77,858.00","2,521.00",28.90%
,,CONTRATTO DI LAVORO A TUTELE CRESCENTI - DISCIPLINA DEI LICENZIAMENTI ILLEGITTIMI: ABROGAZIONE,"689,579.00","335,540.00","354,039.00","199,032.00","92,697.00","106,335.00","162,526.00","31,671.00","3,418.00",28.86%
,,"ESCLUSIONE DELLA RESPONSABILITA SOLIDALE DI COMMITTENTE, APPALTATORE E SUBAPPALTATORE PER INFORTUNI DEL DIPENDENTE D'IMPRESA APPALTATRICE O SUBAPPALTATRICE, COME CONSEGUENZA DEI RISCHI SPECIFICI PROPRI DELL?ATTIVITA DELLE IMPRESE PREDETTE: ABROGAZIONE","689,579.00","335,540.00","354,039.00","199,207.00","92,845.00","106,362.00","160,016.00","34,252.00","3,505.00",28.89%
,,PICCOLE IMPRESE ? LICENZIAMENTI E RELATIVA INDENNITA: ABROGAZIONE PARZIALE,"689,579.00","335,540.00","354,039.00","198,989.00","92,710.00","106,279.00","159,254.00","34,750.00","3,566.00",28.86%
,VARESE Total,,"3,447,895.00","1,677,700.00","1,770,195.00","995,583.00","463,849.00","531,734.00","762,413.00","209,168.00","16,845.00",28.88%
LOMBARDIA Total,,,"37,886,730.00","18,475,290.00","19,411,440.00","11,638,273.00","5,407,996.00","6,230,277.00","9,175,018.00","2,208,662.00","183,967.00",30.72%
MARCHE,ANCONA,"ABROGAZIONE PARZIALE DI NORME IN MATERIA DI APPOSIZIONE DI TERMINE AL CONTRATTO DI LAVORO SUBORDINATO, DURATA MASSIMA E CONDIZIONI PER PROROGHE E RINNOVI","358,373.00","173,849.00","184,524.00","128,983.00","61,196.00","67,787.00","112,463.00","13,383.00","2,397.00",35.99%
,,CITTADINANZA ITALIANA: DIMEZZAMENTO DA 10 A 5 ANNI DEI TEMPI DI RESIDENZA LEGALE IN ITALIA DELLO STRANIERO MAGGIORENNE EXTRACOMUNITARIO PER LA RICHIESTA DI CONCESSIONE DELLA CITTADINANZA ITALIANA,"358,373.00","173,849.00","184,524.00","128,850.00","61,155.00","67,695.00","80,819.00","45,111.00","2,123.00",35.95%
,,CONTRATTO DI LAVORO A TUTELE CRESCENTI - DISCIPLINA DEI LICENZIAMENTI ILLEGITTIMI: ABROGAZIONE,"358,373.00","173,849.00","184,524.00","128,974.00","61,193.00","67,781.00","112,944.00","13,225.00","2,097.00",35.99%
,,"ESCLUSIONE DELLA RESPONSABILITA SOLIDALE DI COMMITTENTE, APPALTATORE E SUBAPPALTATORE PER INFORTUNI DEL DIPENDENTE D'IMPRESA APPALTATRICE O SUBAPPALTATRICE, COME CONSEGUENZA DEI RISCHI SPECIFICI PROPRI DELL?ATTIVITA DELLE IMPRESE PREDETTE: ABROGAZIONE","358,373.00","173,849.00","184,524.00","129,035.00","61,234.00","67,801.00","110,397.00","15,699.00","2,192.00",36.01%
,,PICCOLE IMPRESE ? LICENZIAMENTI E RELATIVA INDENNITA: ABROGAZIONE PARZIALE,"358,373.00","173,849.00","184,524.00","128,962.00","61,183.00","67,779.00","111,078.00","14,965.00","2,214.00",35.99%
,ANCONA Total,,"1,791,865.00","869,245.00","922,620.00","644,804.00","305,961.00","338,843.00","527,701.00","102,383.00","11,023.00",35.99%
,ASCOLI PICENO,"ABROGAZIONE PARZIALE DI NORME IN MATERIA DI APPOSIZIONE DI TERMINE AL CONTRATTO DI LAVORO SUBORDINATO, DURATA MASSIMA E CONDIZIONI PER PROROGHE E RINNOVI","160,974.00","78,104.00","82,870.00","49,492.00","23,376.00","26,116.00","42,995.00","5,196.00",987.00,30.75%
,,CITTADINANZA ITALIANA: DIMEZZAMENTO DA 10 A 5 ANNI DEI TEMPI DI RESIDENZA LEGALE IN ITALIA DELLO STRANIERO MAGGIORENNE EXTRACOMUNITARIO PER LA RICHIESTA DI CONCESSIONE DELLA CITTADINANZA ITALIANA,"160,974.00","78,104.00","82,870.00","49,458.00","23,336.00","26,122.00","30,405.00","17,834.00",872.00,30.72%
,,CONTRATTO DI LAVORO A TUTELE CRESCENTI - DISCIPLINA DEI LICENZIAMENTI ILLEGITTIMI: ABROGAZIONE,"160,974.00","78,104.00","82,870.00","49,498.00","23,375.00","26,123.00","43,301.00","5,024.00",859.00,30.75%
,,"ESCLUSIONE DELLA RESPONSABILITA SOLIDALE DI COMMITTENTE, APPALTATORE E SUBAPPALTATORE PER INFORTUNI DEL DIPENDENTE D'IMPRESA APPALTATRICE O SUBAPPALTATRICE, COME CONSEGUENZA DEI RISCHI SPECIFICI PROPRI DELL?ATTIVITA DELLE IMPRESE PREDETTE: ABROGAZIONE","160,974.00","78,104.00","82,870.00","49,496.00","23,377.00","26,119.00","42,178.00","6,074.00",921.00,30.75%
,,PICCOLE IMPRESE ? LICENZIAMENTI E RELATIVA INDENNITA: ABROGAZIONE PARZIALE,"160,974.00","78,104.00","82,870.00","49,485.00","23,372.00","26,113.00","42,316.00","5,916.00",930.00,30.74%
,ASCOLI PICENO Total,,"804,870.00","390,520.00","414,350.00","247,429.00","116,836.00","130,593.00","201,195.00","40,044.00","4,569.00",30.74%
,FERMO,"ABROGAZIONE PARZIALE DI NORME IN MATERIA DI APPOSIZIONE DI TERMINE AL CONTRATTO DI LAVORO SUBORDINATO, DURATA MASSIMA E CONDIZIONI PER PROROGHE E RINNOVI","129,592.00","63,367.00","66,225.00","40,654.00","19,315.00","21,339.00","32,698.00","5,752.00","1,772.00",31.37%
,,CITTADINANZA ITALIANA: DIMEZZAMENTO DA 10 A 5 ANNI DEI TEMPI DI RESIDENZA LEGALE IN ITALIA DELLO STRANIERO MAGGIORENNE EXTRACOMUNITARIO PER LA RICHIESTA DI CONCESSIONE DELLA CITTADINANZA ITALIANA,"129,592.00","63,367.00","66,225.00","40,600.00","19,287.00","21,313.00","22,506.00","16,219.00","1,451.00",31.33%
,,CONTRATTO DI LAVORO A TUTELE CRESCENTI - DISCIPLINA DEI LICENZIAMENTI ILLEGITTIMI: ABROGAZIONE,"129,592.00","63,367.00","66,225.00","40,654.00","19,320.00","21,334.00","32,897.00","5,693.00","1,615.00",31.37%
,,"ESCLUSIONE DELLA RESPONSABILITA SOLIDALE DI COMMITTENTE, APPALTATORE E SUBAPPALTATORE PER INFORTUNI DEL DIPENDENTE D'IMPRESA APPALTATRICE O SUBAPPALTATRICE, COME CONSEGUENZA DEI RISCHI SPECIFICI PROPRI DELL?ATTIVITA DELLE IMPRESE PREDETTE: ABROGAZIONE","129,592.00","63,367.00","66,225.00","40,661.00","19,327.00","21,334.00","32,144.00","6,345.00","1,715.00",31.38%
,,PICCOLE IMPRESE ? LICENZIAMENTI E RELATIVA INDENNITA: ABROGAZIONE PARZIALE,"129,592.00","63,367.00","66,225.00","40,656.00","19,317.00","21,339.00","32,162.00","6,316.00","1,735.00",31.37%
,FERMO Total,,"647,960.00","316,835.00","331,125.00","203,225.00","96,566.00","106,659.00","152,407.00","40,325.00","8,288.00",31.36%
,MACERATA,"ABROGAZIONE PARZIALE DI NORME IN MATERIA DI APPOSIZIONE DI TERMINE AL CONTRATTO DI LAVORO SUBORDINATO, DURATA MASSIMA E CONDIZIONI PER PROROGHE E RINNOVI","234,621.00","114,224.00","120,397.00","70,430.00","33,205.00","37,225.00","59,524.00","8,488.00","1,804.00",30.02%
,,CITTADINANZA ITALIANA: DIMEZZAMENTO DA 10 A 5 ANNI DEI TEMPI DI RESIDENZA LEGALE IN ITALIA DELLO STRANIERO MAGGIORENNE EXTRACOMUNITARIO PER LA RICHIESTA DI CONCESSIONE DELLA CITTADINANZA ITALIANA,"234,621.00","114,224.00","120,397.00","70,332.00","33,132.00","37,200.00","41,827.00","26,507.00","1,425.00",29.98%
,,CONTRATTO DI LAVORO A TUTELE CRESCENTI - DISCIPLINA DEI LICENZIAMENTI ILLEGITTIMI: ABROGAZIONE,"234,621.00","114,224.00","120,397.00","70,418.00","33,195.00","37,223.00","59,842.00","8,424.00","1,586.00",30.01%
,,"ESCLUSIONE DELLA RESPONSABILITA SOLIDALE DI COMMITTENTE, APPALTATORE E SUBAPPALTATORE PER INFORTUNI DEL DIPENDENTE D'IMPRESA APPALTATRICE O SUBAPPALTATRICE, COME CONSEGUENZA DEI RISCHI SPECIFICI PROPRI DELL?ATTIVITA DELLE IMPRESE PREDETTE: ABROGAZIONE","234,621.00","114,224.00","120,397.00","70,429.00","33,204.00","37,225.00","58,344.00","9,830.00","1,654.00",30.02%
,,PICCOLE IMPRESE ? LICENZIAMENTI E RELATIVA INDENNITA: ABROGAZIONE PARZIALE,"234,621.00","114,224.00","120,397.00","70,400.00","33,186.00","37,214.00","58,468.00","9,676.00","1,676.00",30.01%
,MACERATA Total,,"1,173,105.00","571,120.00","601,985.00","352,009.00","165,922.00","186,087.00","278,005.00","62,925.00","8,145.00",30.01%
,PESARO E URBINO,"ABROGAZIONE PARZIALE DI NORME IN MATERIA DI APPOSIZIONE DI TERMINE AL CONTRATTO DI LAVORO SUBORDINATO, DURATA MASSIMA E CONDIZIONI PER PROROGHE E RINNOVI","274,857.00","134,553.00","140,304.00","89,274.00","41,986.00","47,288.00","76,697.00","10,146.00","1,819.00",32.48%
,,CITTADINANZA ITALIANA: DIMEZZAMENTO DA 10 A 5 ANNI DEI TEMPI DI RESIDENZA LEGALE IN ITALIA DELLO STRANIERO MAGGIORENNE EXTRACOMUNITARIO PER LA RICHIESTA DI CONCESSIONE DELLA CITTADINANZA ITALIANA,"274,857.00","134,553.00","140,304.00","89,254.00","41,997.00","47,257.00","54,126.00","33,117.00","1,434.00",32.47%
,,CONTRATTO DI LAVORO A TUTELE CRESCENTI - DISCIPLINA DEI LICENZIAMENTI ILLEGITTIMI: ABROGAZIONE,"274,857.00","134,553.00","140,304.00","89,283.00","41,993.00","47,290.00","76,944.00","10,082.00","1,671.00",32.48%
,,"ESCLUSIONE DELLA RESPONSABILITA SOLIDALE DI COMMITTENTE, APPALTATORE E SUBAPPALTATORE PER INFORTUNI DEL DIPENDENTE D'IMPRESA APPALTATRICE O SUBAPPALTATRICE, COME CONSEGUENZA DEI RISCHI SPECIFICI PROPRI DELL?ATTIVITA DELLE IMPRESE PREDETTE: ABROGAZIONE","274,857.00","134,553.00","140,304.00","89,315.00","42,019.00","47,296.00","75,649.00","11,429.00","1,649.00",32.50%
,,PICCOLE IMPRESE ? LICENZIAMENTI E RELATIVA INDENNITA: ABROGAZIONE PARZIALE,"274,857.00","134,553.00","140,304.00","89,257.00","41,974.00","47,283.00","75,579.00","11,379.00","1,719.00",32.47%
,PESARO E URBINO Total,,"1,374,285.00","672,765.00","701,520.00","446,383.00","209,969.00","236,414.00","358,995.00","76,153.00","8,292.00",32.48%
MARCHE Total,,,"5,792,085.00","2,820,485.00","2,971,600.00","1,893,850.00","895,254.00","998,596.00","1,518,303.00","321,830.00","40,317.00",32.70%
MOLISE,CAMPOBASSO,"ABROGAZIONE PARZIALE DI NORME IN MATERIA DI APPOSIZIONE DI TERMINE AL CONTRATTO DI LAVORO SUBORDINATO, DURATA MASSIMA E CONDIZIONI PER PROROGHE E RINNOVI","173,095.00","84,570.00","88,525.00","49,361.00","23,343.00","26,018.00","43,786.00","4,082.00","1,117.00",28.52%
,,CITTADINANZA ITALIANA: DIMEZZAMENTO DA 10 A 5 ANNI DEI TEMPI DI RESIDENZA LEGALE IN ITALIA DELLO STRANIERO MAGGIORENNE EXTRACOMUNITARIO PER LA RICHIESTA DI CONCESSIONE DELLA CITTADINANZA ITALIANA,"173,095.00","84,570.00","88,525.00","49,309.00","23,325.00","25,984.00","30,844.00","17,001.00","1,044.00",28.49%
,,CONTRATTO DI LAVORO A TUTELE CRESCENTI - DISCIPLINA DEI LICENZIAMENTI ILLEGITTIMI: ABROGAZIONE,"173,095.00","84,570.00","88,525.00","49,378.00","23,357.00","26,021.00","44,159.00","3,888.00",956.00,28.53%
,,"ESCLUSIONE DELLA RESPONSABILITA SOLIDALE DI COMMITTENTE, APPALTATORE E SUBAPPALTATORE PER INFORTUNI DEL DIPENDENTE D'IMPRESA APPALTATRICE O SUBAPPALTATRICE, COME CONSEGUENZA DEI RISCHI SPECIFICI PROPRI DELL?ATTIVITA DELLE IMPRESE PREDETTE: ABROGAZIONE","173,095.00","84,570.00","88,525.00","49,369.00","23,353.00","26,016.00","42,955.00","4,924.00","1,106.00",28.52%
,,PICCOLE IMPRESE ? LICENZIAMENTI E RELATIVA INDENNITA: ABROGAZIONE PARZIALE,"173,095.00","84,570.00","88,525.00","49,366.00","23,345.00","26,021.00","43,397.00","4,580.00","1,028.00",28.52%
,CAMPOBASSO Total,,"865,475.00","422,850.00","442,625.00","246,783.00","116,723.00","130,060.00","205,141.00","34,475.00","5,251.00",28.51%
,ISERNIA,"ABROGAZIONE PARZIALE DI NORME IN MATERIA DI APPOSIZIONE DI TERMINE AL CONTRATTO DI LAVORO SUBORDINATO, DURATA MASSIMA E CONDIZIONI PER PROROGHE E RINNOVI","65,173.00","32,064.00","33,109.00","16,633.00","7,814.00","8,819.00","14,509.00","1,491.00",479.00,25.52%
,,CITTADINANZA ITALIANA: DIMEZZAMENTO DA 10 A 5 ANNI DEI TEMPI DI RESIDENZA LEGALE IN ITALIA DELLO STRANIERO MAGGIORENNE EXTRACOMUNITARIO PER LA RICHIESTA DI CONCESSIONE DELLA CITTADINANZA ITALIANA,"65,173.00","32,064.00","33,109.00","16,618.00","7,779.00","8,839.00","10,000.00","6,020.00",433.00,25.50%
,,CONTRATTO DI LAVORO A TUTELE CRESCENTI - DISCIPLINA DEI LICENZIAMENTI ILLEGITTIMI: ABROGAZIONE,"65,173.00","32,064.00","33,109.00","16,630.00","7,813.00","8,817.00","14,592.00","1,456.00",438.00,25.52%
,,"ESCLUSIONE DELLA RESPONSABILITA SOLIDALE DI COMMITTENTE, APPALTATORE E SUBAPPALTATORE PER INFORTUNI DEL DIPENDENTE D'IMPRESA APPALTATRICE O SUBAPPALTATRICE, COME CONSEGUENZA DEI RISCHI SPECIFICI PROPRI DELL?ATTIVITA DELLE IMPRESE PREDETTE: ABROGAZIONE","65,173.00","32,064.00","33,109.00","16,638.00","7,820.00","8,818.00","14,095.00","1,905.00",471.00,25.53%
,,PICCOLE IMPRESE ? LICENZIAMENTI E RELATIVA INDENNITA: ABROGAZIONE PARZIALE,"65,173.00","32,064.00","33,109.00","16,628.00","7,812.00","8,816.00","14,323.00","1,698.00",452.00,25.51%
,ISERNIA Total,,"325,865.00","160,320.00","165,545.00","83,147.00","39,038.00","44,109.00","67,519.00","12,570.00","2,273.00",25.52%
MOLISE Total,,,"1,191,340.00","583,170.00","608,170.00","329,930.00","155,761.00","174,169.00","272,660.00","47,045.00","7,524.00",27.69%
PIEMONTE,ALESSANDRIA,"ABROGAZIONE PARZIALE DI NORME IN MATERIA DI APPOSIZIONE DI TERMINE AL CONTRATTO DI LAVORO SUBORDINATO, DURATA MASSIMA E CONDIZIONI PER PROROGHE E RINNOVI","314,370.00","152,063.00","162,307.00","98,869.00","46,407.00","52,462.00","82,574.00","13,210.00","2,130.00",31.45%
,,CITTADINANZA ITALIANA: DIMEZZAMENTO DA 10 A 5 ANNI DEI TEMPI DI RESIDENZA LEGALE IN ITALIA DELLO STRANIERO MAGGIORENNE EXTRACOMUNITARIO PER LA RICHIESTA DI CONCESSIONE DELLA CITTADINANZA ITALIANA,"314,370.00","152,063.00","162,307.00","98,817.00","46,372.00","52,445.00","57,369.00","38,936.00","1,621.00",31.43%
,,CONTRATTO DI LAVORO A TUTELE CRESCENTI - DISCIPLINA DEI LICENZIAMENTI ILLEGITTIMI: ABROGAZIONE,"314,370.00","152,063.00","162,307.00","98,857.00","46,396.00","52,461.00","82,941.00","13,234.00","1,806.00",31.45%
,,"ESCLUSIONE DELLA RESPONSABILITA SOLIDALE DI COMMITTENTE, APPALTATORE E SUBAPPALTATORE PER INFORTUNI DEL DIPENDENTE D'IMPRESA APPALTATRICE O SUBAPPALTATRICE, COME CONSEGUENZA DEI RISCHI SPECIFICI PROPRI DELL?ATTIVITA DELLE IMPRESE PREDETTE: ABROGAZIONE","314,370.00","152,063.00","162,307.00","98,896.00","46,432.00","52,464.00","81,285.00","14,717.00","1,993.00",31.46%
,,PICCOLE IMPRESE ? LICENZIAMENTI E RELATIVA INDENNITA: ABROGAZIONE PARZIALE,"314,370.00","152,063.00","162,307.00","98,834.00","46,400.00","52,434.00","81,129.00","14,807.00","2,014.00",31.44%
,ALESSANDRIA Total,,"1,571,850.00","760,315.00","811,535.00","494,273.00","232,007.00","262,266.00","385,298.00","94,904.00","9,564.00",31.45%
,ASTI,"ABROGAZIONE PARZIALE DI NORME IN MATERIA DI APPOSIZIONE DI TERMINE AL CONTRATTO DI LAVORO SUBORDINATO, DURATA MASSIMA E CONDIZIONI PER PROROGHE E RINNOVI","159,511.00","77,601.00","81,910.00","50,407.00","23,522.00","26,885.00","41,548.00","7,201.00","1,166.00",31.60%
,,CITTADINANZA ITALIANA: DIMEZZAMENTO DA 10 A 5 ANNI DEI TEMPI DI RESIDENZA LEGALE IN ITALIA DELLO STRANIERO MAGGIORENNE EXTRACOMUNITARIO PER LA RICHIESTA DI CONCESSIONE DELLA CITTADINANZA ITALIANA,"159,511.00","77,601.00","81,910.00","50,422.00","23,531.00","26,891.00","30,004.00","19,083.00",869.00,31.61%
,,CONTRATTO DI LAVORO A TUTELE CRESCENTI - DISCIPLINA DEI LICENZIAMENTI ILLEGITTIMI: ABROGAZIONE,"159,511.00","77,601.00","81,910.00","50,406.00","23,517.00","26,889.00","41,591.00","7,317.00","1,040.00",31.60%
,,"ESCLUSIONE DELLA RESPONSABILITA SOLIDALE DI COMMITTENTE, APPALTATORE E SUBAPPALTATORE PER INFORTUNI DEL DIPENDENTE D'IMPRESA APPALTATRICE O SUBAPPALTATRICE, COME CONSEGUENZA DEI RISCHI SPECIFICI PROPRI DELL?ATTIVITA DELLE IMPRESE PREDETTE: ABROGAZIONE","159,511.00","77,601.00","81,910.00","50,415.00","23,522.00","26,893.00","40,763.00","8,098.00","1,085.00",31.61%
,,PICCOLE IMPRESE ? LICENZIAMENTI E RELATIVA INDENNITA: ABROGAZIONE PARZIALE,"159,511.00","77,601.00","81,910.00","50,399.00","23,514.00","26,885.00","40,783.00","8,082.00","1,073.00",31.60%
,ASTI Total,,"797,555.00","388,005.00","409,550.00","252,049.00","117,606.00","134,443.00","194,689.00","49,781.00","5,233.00",31.60%
,BIELLA,"ABROGAZIONE PARZIALE DI NORME IN MATERIA DI APPOSIZIONE DI TERMINE AL CONTRATTO DI LAVORO SUBORDINATO, DURATA MASSIMA E CONDIZIONI PER PROROGHE E RINNOVI","138,126.00","66,540.00","71,586.00","39,592.00","18,350.00","21,242.00","32,179.00","6,081.00",917.00,28.66%
,,CITTADINANZA ITALIANA: DIMEZZAMENTO DA 10 A 5 ANNI DEI TEMPI DI RESIDENZA LEGALE IN ITALIA DELLO STRANIERO MAGGIORENNE EXTRACOMUNITARIO PER LA RICHIESTA DI CONCESSIONE DELLA CITTADINANZA ITALIANA,"138,126.00","66,540.00","71,586.00","39,674.00","18,394.00","21,280.00","23,925.00","14,770.00",603.00,28.72%
,,CONTRATTO DI LAVORO A TUTELE CRESCENTI - DISCIPLINA DEI LICENZIAMENTI ILLEGITTIMI: ABROGAZIONE,"138,126.00","66,540.00","71,586.00","39,587.00","18,347.00","21,240.00","32,240.00","6,132.00",829.00,28.66%
,,"ESCLUSIONE DELLA RESPONSABILITA SOLIDALE DI COMMITTENTE, APPALTATORE E SUBAPPALTATORE PER INFORTUNI DEL DIPENDENTE D'IMPRESA APPALTATRICE O SUBAPPALTATRICE, COME CONSEGUENZA DEI RISCHI SPECIFICI PROPRI DELL?ATTIVITA DELLE IMPRESE PREDETTE: ABROGAZIONE","138,126.00","66,540.00","71,586.00","39,607.00","18,364.00","21,243.00","31,713.00","6,681.00",813.00,28.67%
,,PICCOLE IMPRESE ? LICENZIAMENTI E RELATIVA INDENNITA: ABROGAZIONE PARZIALE,"138,126.00","66,540.00","71,586.00","39,583.00","18,344.00","21,239.00","31,380.00","6,928.00",879.00,28.66%
,BIELLA Total,,"690,630.00","332,700.00","357,930.00","198,043.00","91,799.00","106,244.00","151,437.00","40,592.00","4,041.00",28.68%
,CUNEO,"ABROGAZIONE PARZIALE DI NORME IN MATERIA DI APPOSIZIONE DI TERMINE AL CONTRATTO DI LAVORO SUBORDINATO, DURATA MASSIMA E CONDIZIONI PER PROROGHE E RINNOVI","442,032.00","217,412.00","224,620.00","143,222.00","66,289.00","76,933.00","114,850.00","22,760.00","3,978.00",32.40%
,,CITTADINANZA ITALIANA: DIMEZZAMENTO DA 10 A 5 ANNI DEI TEMPI DI RESIDENZA LEGALE IN ITALIA DELLO STRANIERO MAGGIORENNE EXTRACOMUNITARIO PER LA RICHIESTA DI CONCESSIONE DELLA CITTADINANZA ITALIANA,"442,032.00","217,412.00","224,620.00","143,424.00","66,449.00","76,975.00","85,645.00","53,859.00","2,531.00",32.45%
,,CONTRATTO DI LAVORO A TUTELE CRESCENTI - DISCIPLINA DEI LICENZIAMENTI ILLEGITTIMI: ABROGAZIONE,"442,032.00","217,412.00","224,620.00","143,214.00","66,283.00","76,931.00","115,106.00","23,054.00","3,478.00",32.40%
,,"ESCLUSIONE DELLA RESPONSABILITA SOLIDALE DI COMMITTENTE, APPALTATORE E SUBAPPALTATORE PER INFORTUNI DEL DIPENDENTE D'IMPRESA APPALTATRICE O SUBAPPALTATRICE, COME CONSEGUENZA DEI RISCHI SPECIFICI PROPRI DELL?ATTIVITA DELLE IMPRESE PREDETTE: ABROGAZIONE","442,032.00","217,412.00","224,620.00","143,271.00","66,326.00","76,945.00","112,719.00","25,490.00","3,509.00",32.41%
,,PICCOLE IMPRESE ? LICENZIAMENTI E RELATIVA INDENNITA: ABROGAZIONE PARZIALE,"442,032.00","217,412.00","224,620.00","143,201.00","66,270.00","76,931.00","112,038.00","25,923.00","3,655.00",32.40%
,CUNEO Total,,"2,210,160.00","1,087,060.00","1,123,100.00","716,332.00","331,617.00","384,715.00","540,358.00","151,086.00","17,151.00",32.41%
,NOVARA,"ABROGAZIONE PARZIALE DI NORME IN MATERIA DI APPOSIZIONE DI TERMINE AL CONTRATTO DI LAVORO SUBORDINATO, DURATA MASSIMA E CONDIZIONI PER PROROGHE E RINNOVI","279,738.00","135,848.00","143,890.00","85,015.00","39,812.00","45,203.00","70,565.00","12,141.00","1,633.00",30.39%
,,CITTADINANZA ITALIANA: DIMEZZAMENTO DA 10 A 5 ANNI DEI TEMPI DI RESIDENZA LEGALE IN ITALIA DELLO STRANIERO MAGGIORENNE EXTRACOMUNITARIO PER LA RICHIESTA DI CONCESSIONE DELLA CITTADINANZA ITALIANA,"279,738.00","135,848.00","143,890.00","85,083.00","39,851.00","45,232.00","49,911.00","33,438.00","1,113.00",30.42%
,,CONTRATTO DI LAVORO A TUTELE CRESCENTI - DISCIPLINA DEI LICENZIAMENTI ILLEGITTIMI: ABROGAZIONE,"279,738.00","135,848.00","143,890.00","84,990.00","39,794.00","45,196.00","70,634.00","12,271.00","1,447.00",30.38%
,,"ESCLUSIONE DELLA RESPONSABILITA SOLIDALE DI COMMITTENTE, APPALTATORE E SUBAPPALTATORE PER INFORTUNI DEL DIPENDENTE D'IMPRESA APPALTATRICE O SUBAPPALTATRICE, COME CONSEGUENZA DEI RISCHI SPECIFICI PROPRI DELL?ATTIVITA DELLE IMPRESE PREDETTE: ABROGAZIONE","279,738.00","135,848.00","143,890.00","85,045.00","39,836.00","45,209.00","69,370.00","13,500.00","1,519.00",30.40%
,,PICCOLE IMPRESE ? LICENZIAMENTI E RELATIVA INDENNITA: ABROGAZIONE PARZIALE,"279,738.00","135,848.00","143,890.00","84,986.00","39,797.00","45,189.00","69,285.00","13,523.00","1,528.00",30.38%
,NOVARA Total,,"1,398,690.00","679,240.00","719,450.00","425,119.00","199,090.00","226,029.00","329,765.00","84,873.00","7,240.00",30.39%
,TORINO,"ABROGAZIONE PARZIALE DI NORME IN MATERIA DI APPOSIZIONE DI TERMINE AL CONTRATTO DI LAVORO SUBORDINATO, DURATA MASSIMA E CONDIZIONI PER PROROGHE E RINNOVI","1,728,624.00","831,505.00","897,119.00","679,201.00","315,791.00","363,410.00","587,611.00","77,649.00","9,195.00",39.29%
,,CITTADINANZA ITALIANA: DIMEZZAMENTO DA 10 A 5 ANNI DEI TEMPI DI RESIDENZA LEGALE IN ITALIA DELLO STRANIERO MAGGIORENNE EXTRACOMUNITARIO PER LA RICHIESTA DI CONCESSIONE DELLA CITTADINANZA ITALIANA,"1,728,624.00","831,505.00","897,119.00","680,207.00","316,491.00","363,716.00","447,190.00","222,370.00","6,215.00",39.35%
,,CONTRATTO DI LAVORO A TUTELE CRESCENTI - DISCIPLINA DEI LICENZIAMENTI ILLEGITTIMI: ABROGAZIONE,"1,728,624.00","831,505.00","897,119.00","679,096.00","315,676.00","363,420.00","588,293.00","78,093.00","8,209.00",39.29%
,,"ESCLUSIONE DELLA RESPONSABILITA SOLIDALE DI COMMITTENTE, APPALTATORE E SUBAPPALTATORE PER INFORTUNI DEL DIPENDENTE D'IMPRESA APPALTATRICE O SUBAPPALTATRICE, COME CONSEGUENZA DEI RISCHI SPECIFICI PROPRI DELL?ATTIVITA DELLE IMPRESE PREDETTE: ABROGAZIONE","1,728,624.00","831,505.00","897,119.00","679,485.00","315,972.00","363,513.00","578,831.00","87,209.00","8,916.00",39.31%
,,PICCOLE IMPRESE ? LICENZIAMENTI E RELATIVA INDENNITA: ABROGAZIONE PARZIALE,"1,728,624.00","831,505.00","897,119.00","679,005.00","315,698.00","363,307.00","576,255.00","89,502.00","8,730.00",39.28%
,TORINO Total,,"8,643,120.00","4,157,525.00","4,485,595.00","3,396,994.00","1,579,628.00","1,817,366.00","2,778,180.00","554,823.00","41,265.00",39.30%
,VERBANO-CUSIO-OSSOLA,"ABROGAZIONE PARZIALE DI NORME IN MATERIA DI APPOSIZIONE DI TERMINE AL CONTRATTO DI LAVORO SUBORDINATO, DURATA MASSIMA E CONDIZIONI PER PROROGHE E RINNOVI","125,225.00","61,008.00","64,217.00","33,787.00","15,641.00","18,146.00","28,106.00","4,647.00",708.00,26.98%
,,CITTADINANZA ITALIANA: DIMEZZAMENTO DA 10 A 5 ANNI DEI TEMPI DI RESIDENZA LEGALE IN ITALIA DELLO STRANIERO MAGGIORENNE EXTRACOMUNITARIO PER LA RICHIESTA DI CONCESSIONE DELLA CITTADINANZA ITALIANA,"125,225.00","61,008.00","64,217.00","33,757.00","15,625.00","18,132.00","20,586.00","12,344.00",530.00,26.96%
,,CONTRATTO DI LAVORO A TUTELE CRESCENTI - DISCIPLINA DEI LICENZIAMENTI ILLEGITTIMI: ABROGAZIONE,"125,225.00","61,008.00","64,217.00","33,778.00","15,642.00","18,136.00","28,046.00","4,762.00",659.00,26.97%
,,"ESCLUSIONE DELLA RESPONSABILITA SOLIDALE DI COMMITTENTE, APPALTATORE E SUBAPPALTATORE PER INFORTUNI DEL DIPENDENTE D'IMPRESA APPALTATRICE O SUBAPPALTATRICE, COME CONSEGUENZA DEI RISCHI SPECIFICI PROPRI DELL?ATTIVITA DELLE IMPRESE PREDETTE: ABROGAZIONE","125,225.00","61,008.00","64,217.00","33,799.00","15,654.00","18,145.00","27,676.00","5,154.00",645.00,26.99%
,,PICCOLE IMPRESE ? LICENZIAMENTI E RELATIVA INDENNITA: ABROGAZIONE PARZIALE,"125,225.00","61,008.00","64,217.00","33,780.00","15,640.00","18,140.00","27,466.00","5,322.00",666.00,26.98%
,VERBANO-CUSIO-OSSOLA Total,,"626,125.00","305,040.00","321,085.00","168,901.00","78,202.00","90,699.00","131,880.00","32,229.00","3,208.00",26.98%
,VERCELLI,"ABROGAZIONE PARZIALE DI NORME IN MATERIA DI APPOSIZIONE DI TERMINE AL CONTRATTO DI LAVORO SUBORDINATO, DURATA MASSIMA E CONDIZIONI PER PROROGHE E RINNOVI","129,817.00","62,961.00","66,856.00","37,772.00","17,591.00","20,181.00","30,823.00","5,714.00",820.00,29.10%
,,CITTADINANZA ITALIANA: DIMEZZAMENTO DA 10 A 5 ANNI DEI TEMPI DI RESIDENZA LEGALE IN ITALIA DELLO STRANIERO MAGGIORENNE EXTRACOMUNITARIO PER LA RICHIESTA DI CONCESSIONE DELLA CITTADINANZA ITALIANA,"129,817.00","62,961.00","66,856.00","37,764.00","17,593.00","20,171.00","21,279.00","15,461.00",632.00,29.09%
,,CONTRATTO DI LAVORO A TUTELE CRESCENTI - DISCIPLINA DEI LICENZIAMENTI ILLEGITTIMI: ABROGAZIONE,"129,817.00","62,961.00","66,856.00","37,763.00","17,587.00","20,176.00","31,037.00","5,600.00",744.00,29.09%
,,"ESCLUSIONE DELLA RESPONSABILITA SOLIDALE DI COMMITTENTE, APPALTATORE E SUBAPPALTATORE PER INFORTUNI DEL DIPENDENTE D'IMPRESA APPALTATRICE O SUBAPPALTATRICE, COME CONSEGUENZA DEI RISCHI SPECIFICI PROPRI DELL?ATTIVITA DELLE IMPRESE PREDETTE: ABROGAZIONE","129,817.00","62,961.00","66,856.00","37,790.00","17,606.00","20,184.00","30,412.00","6,163.00",809.00,29.11%
,,PICCOLE IMPRESE ? LICENZIAMENTI E RELATIVA INDENNITA: ABROGAZIONE PARZIALE,"129,817.00","62,961.00","66,856.00","37,764.00","17,586.00","20,178.00","30,328.00","6,286.00",762.00,29.09%
,VERCELLI Total,,"649,085.00","314,805.00","334,280.00","188,853.00","87,963.00","100,890.00","143,879.00","39,224.00","3,767.00",29.10%
PIEMONTE Total,,,"16,587,215.00","8,024,690.00","8,562,525.00","5,840,564.00","2,717,912.00","3,122,652.00","4,655,486.00","1,047,512.00","91,469.00",35.21%
PUGLIA,BARI,"ABROGAZIONE PARZIALE DI NORME IN MATERIA DI APPOSIZIONE DI TERMINE AL CONTRATTO DI LAVORO SUBORDINATO, DURATA MASSIMA E CONDIZIONI PER PROROGHE E RINNOVI","1,000,409.00","482,665.00","517,744.00","316,318.00","149,394.00","166,924.00","284,685.00","24,718.00","4,988.00",31.62%
,,CITTADINANZA ITALIANA: DIMEZZAMENTO DA 10 A 5 ANNI DEI TEMPI DI RESIDENZA LEGALE IN ITALIA DELLO STRANIERO MAGGIORENNE EXTRACOMUNITARIO PER LA RICHIESTA DI CONCESSIONE DELLA CITTADINANZA ITALIANA,"1,000,409.00","482,665.00","517,744.00","316,186.00","149,330.00","166,856.00","209,613.00","99,963.00","4,622.00",31.61%
,,CONTRATTO DI LAVORO A TUTELE CRESCENTI - DISCIPLINA DEI LICENZIAMENTI ILLEGITTIMI: ABROGAZIONE,"1,000,409.00","482,665.00","517,744.00","316,302.00","149,388.00","166,914.00","286,376.00","23,811.00","4,255.00",31.62%
,,"ESCLUSIONE DELLA RESPONSABILITA SOLIDALE DI COMMITTENTE, APPALTATORE E SUBAPPALTATORE PER INFORTUNI DEL DIPENDENTE D'IMPRESA APPALTATRICE O SUBAPPALTATRICE, COME CONSEGUENZA DEI RISCHI SPECIFICI PROPRI DELL?ATTIVITA DELLE IMPRESE PREDETTE: ABROGAZIONE","1,000,409.00","482,665.00","517,744.00","316,315.00","149,405.00","166,910.00","278,168.00","31,471.00","4,792.00",31.62%
,,PICCOLE IMPRESE ? LICENZIAMENTI E RELATIVA INDENNITA: ABROGAZIONE PARZIALE,"1,000,409.00","482,665.00","517,744.00","316,273.00","149,366.00","166,907.00","281,395.00","28,371.00","4,635.00",31.61%
,BARI Total,,"5,002,045.00","2,413,325.00","2,588,720.00","1,581,394.00","746,883.00","834,511.00","1,340,237.00","208,334.00","23,292.00",31.61%
,BARLETTA-ANDRIA-TRANI,"ABROGAZIONE PARZIALE DI NORME IN MATERIA DI APPOSIZIONE DI TERMINE AL CONTRATTO DI LAVORO SUBORDINATO, DURATA MASSIMA E CONDIZIONI PER PROROGHE E RINNOVI","308,355.00","150,615.00","157,740.00","85,505.00","40,513.00","44,992.00","76,248.00","7,445.00","1,285.00",27.73%
,,CITTADINANZA ITALIANA: DIMEZZAMENTO DA 10 A 5 ANNI DEI TEMPI DI RESIDENZA LEGALE IN ITALIA DELLO STRANIERO MAGGIORENNE EXTRACOMUNITARIO PER LA RICHIESTA DI CONCESSIONE DELLA CITTADINANZA ITALIANA,"308,355.00","150,615.00","157,740.00","85,476.00","40,495.00","44,981.00","54,351.00","29,332.00","1,177.00",27.72%
,,CONTRATTO DI LAVORO A TUTELE CRESCENTI - DISCIPLINA DEI LICENZIAMENTI ILLEGITTIMI: ABROGAZIONE,"308,355.00","150,615.00","157,740.00","85,515.00","40,519.00","44,996.00","76,708.00","7,169.00","1,125.00",27.73%
,,"ESCLUSIONE DELLA RESPONSABILITA SOLIDALE DI COMMITTENTE, APPALTATORE E SUBAPPALTATORE PER INFORTUNI DEL DIPENDENTE D'IMPRESA APPALTATRICE O SUBAPPALTATRICE, COME CONSEGUENZA DEI RISCHI SPECIFICI PROPRI DELL?ATTIVITA DELLE IMPRESE PREDETTE: ABROGAZIONE","308,355.00","150,615.00","157,740.00","85,517.00","40,521.00","44,996.00","74,667.00","9,090.00","1,226.00",27.73%
,,PICCOLE IMPRESE ? LICENZIAMENTI E RELATIVA INDENNITA: ABROGAZIONE PARZIALE,"308,355.00","150,615.00","157,740.00","85,505.00","40,513.00","44,992.00","75,216.00","8,585.00","1,187.00",27.73%
,BARLETTA-ANDRIA-TRANI Total,,"1,541,775.00","753,075.00","788,700.00","427,518.00","202,561.00","224,957.00","357,190.00","61,621.00","6,000.00",27.73%
,BRINDISI,"ABROGAZIONE PARZIALE DI NORME IN MATERIA DI APPOSIZIONE DI TERMINE AL CONTRATTO DI LAVORO SUBORDINATO, DURATA MASSIMA E CONDIZIONI PER PROROGHE E RINNOVI","310,189.00","147,543.00","162,646.00","77,508.00","36,012.00","41,496.00","69,964.00","5,512.00","1,509.00",24.99%
,,CITTADINANZA ITALIANA: DIMEZZAMENTO DA 10 A 5 ANNI DEI TEMPI DI RESIDENZA LEGALE IN ITALIA DELLO STRANIERO MAGGIORENNE EXTRACOMUNITARIO PER LA RICHIESTA DI CONCESSIONE DELLA CITTADINANZA ITALIANA,"310,189.00","147,543.00","162,646.00","77,462.00","35,990.00","41,472.00","51,909.00","23,666.00","1,303.00",24.97%
,,CONTRATTO DI LAVORO A TUTELE CRESCENTI - DISCIPLINA DEI LICENZIAMENTI ILLEGITTIMI: ABROGAZIONE,"310,189.00","147,543.00","162,646.00","77,511.00","36,014.00","41,497.00","70,638.00","5,225.00","1,171.00",24.99%
,,"ESCLUSIONE DELLA RESPONSABILITA SOLIDALE DI COMMITTENTE, APPALTATORE E SUBAPPALTATORE PER INFORTUNI DEL DIPENDENTE D'IMPRESA APPALTATRICE O SUBAPPALTATRICE, COME CONSEGUENZA DEI RISCHI SPECIFICI PROPRI DELL?ATTIVITA DELLE IMPRESE PREDETTE: ABROGAZIONE","310,189.00","147,543.00","162,646.00","77,501.00","36,011.00","41,490.00","68,740.00","6,931.00","1,302.00",24.99%
,,PICCOLE IMPRESE ? LICENZIAMENTI E RELATIVA INDENNITA: ABROGAZIONE PARZIALE,"310,189.00","147,543.00","162,646.00","77,504.00","36,009.00","41,495.00","69,562.00","6,217.00","1,223.00",24.99%
,BRINDISI Total,,"1,550,945.00","737,715.00","813,230.00","387,486.00","180,036.00","207,450.00","330,813.00","47,551.00","6,508.00",24.98%
,FOGGIA,"ABROGAZIONE PARZIALE DI NORME IN MATERIA DI APPOSIZIONE DI TERMINE AL CONTRATTO DI LAVORO SUBORDINATO, DURATA MASSIMA E CONDIZIONI PER PROROGHE E RINNOVI","467,988.00","225,997.00","241,991.00","110,571.00","52,489.00","58,082.00","98,304.00","8,871.00","2,507.00",23.63%
,,CITTADINANZA ITALIANA: DIMEZZAMENTO DA 10 A 5 ANNI DEI TEMPI DI RESIDENZA LEGALE IN ITALIA DELLO STRANIERO MAGGIORENNE EXTRACOMUNITARIO PER LA RICHIESTA DI CONCESSIONE DELLA CITTADINANZA ITALIANA,"467,988.00","225,997.00","241,991.00","110,498.00","52,445.00","58,053.00","67,308.00","39,651.00","2,569.00",23.61%
,,CONTRATTO DI LAVORO A TUTELE CRESCENTI - DISCIPLINA DEI LICENZIAMENTI ILLEGITTIMI: ABROGAZIONE,"467,988.00","225,997.00","241,991.00","110,577.00","52,489.00","58,088.00","98,780.00","8,631.00","2,292.00",23.63%
,,"ESCLUSIONE DELLA RESPONSABILITA SOLIDALE DI COMMITTENTE, APPALTATORE E SUBAPPALTATORE PER INFORTUNI DEL DIPENDENTE D'IMPRESA APPALTATRICE O SUBAPPALTATRICE, COME CONSEGUENZA DEI RISCHI SPECIFICI PROPRI DELL?ATTIVITA DELLE IMPRESE PREDETTE: ABROGAZIONE","467,988.00","225,997.00","241,991.00","110,531.00","52,465.00","58,066.00","96,150.00","11,046.00","2,457.00",23.62%
,,PICCOLE IMPRESE ? LICENZIAMENTI E RELATIVA INDENNITA: ABROGAZIONE PARZIALE,"467,988.00","225,997.00","241,991.00","110,568.00","52,483.00","58,085.00","97,178.00","10,118.00","2,363.00",23.63%
,FOGGIA Total,,"2,339,940.00","1,129,985.00","1,209,955.00","552,745.00","262,371.00","290,374.00","457,720.00","78,317.00","12,188.00",23.62%
,LECCE,"ABROGAZIONE PARZIALE DI NORME IN MATERIA DI APPOSIZIONE DI TERMINE AL CONTRATTO DI LAVORO SUBORDINATO, DURATA MASSIMA E CONDIZIONI PER PROROGHE E RINNOVI","631,610.00","299,675.00","331,935.00","162,311.00","75,136.00","87,175.00","146,166.00","11,921.00","3,282.00",25.70%
,,CITTADINANZA ITALIANA: DIMEZZAMENTO DA 10 A 5 ANNI DEI TEMPI DI RESIDENZA LEGALE IN ITALIA DELLO STRANIERO MAGGIORENNE EXTRACOMUNITARIO PER LA RICHIESTA DI CONCESSIONE DELLA CITTADINANZA ITALIANA,"631,610.00","299,675.00","331,935.00","162,215.00","75,086.00","87,129.00","109,484.00","48,568.00","3,084.00",25.68%
,,CONTRATTO DI LAVORO A TUTELE CRESCENTI - DISCIPLINA DEI LICENZIAMENTI ILLEGITTIMI: ABROGAZIONE,"631,610.00","299,675.00","331,935.00","162,314.00","75,139.00","87,175.00","147,027.00","11,551.00","2,798.00",25.70%
,,"ESCLUSIONE DELLA RESPONSABILITA SOLIDALE DI COMMITTENTE, APPALTATORE E SUBAPPALTATORE PER INFORTUNI DEL DIPENDENTE D'IMPRESA APPALTATRICE O SUBAPPALTATRICE, COME CONSEGUENZA DEI RISCHI SPECIFICI PROPRI DELL?ATTIVITA DELLE IMPRESE PREDETTE: ABROGAZIONE","631,610.00","299,675.00","331,935.00","162,312.00","75,141.00","87,171.00","143,325.00","14,897.00","3,125.00",25.70%
,,PICCOLE IMPRESE ? LICENZIAMENTI E RELATIVA INDENNITA: ABROGAZIONE PARZIALE,"631,610.00","299,675.00","331,935.00","162,285.00","75,116.00","87,169.00","144,518.00","13,747.00","3,065.00",25.69%
,LECCE Total,,"3,158,050.00","1,498,375.00","1,659,675.00","811,437.00","375,618.00","435,819.00","690,520.00","100,684.00","15,354.00",25.69%
,TARANTO,"ABROGAZIONE PARZIALE DI NORME IN MATERIA DI APPOSIZIONE DI TERMINE AL CONTRATTO DI LAVORO SUBORDINATO, DURATA MASSIMA E CONDIZIONI PER PROROGHE E RINNOVI","453,206.00","216,851.00","236,355.00","155,330.00","74,765.00","80,565.00","131,319.00","15,803.00","6,542.00",34.27%
,,CITTADINANZA ITALIANA: DIMEZZAMENTO DA 10 A 5 ANNI DEI TEMPI DI RESIDENZA LEGALE IN ITALIA DELLO STRANIERO MAGGIORENNE EXTRACOMUNITARIO PER LA RICHIESTA DI CONCESSIONE DELLA CITTADINANZA ITALIANA,"453,206.00","216,851.00","236,355.00","155,300.00","74,763.00","80,537.00","91,117.00","56,537.00","5,960.00",34.27%
,,CONTRATTO DI LAVORO A TUTELE CRESCENTI - DISCIPLINA DEI LICENZIAMENTI ILLEGITTIMI: ABROGAZIONE,"453,206.00","216,851.00","236,355.00","155,352.00","74,779.00","80,573.00","132,193.00","15,307.00","6,257.00",34.28%
,,"ESCLUSIONE DELLA RESPONSABILITA SOLIDALE DI COMMITTENTE, APPALTATORE E SUBAPPALTATORE PER INFORTUNI DEL DIPENDENTE D'IMPRESA APPALTATRICE O SUBAPPALTATRICE, COME CONSEGUENZA DEI RISCHI SPECIFICI PROPRI DELL?ATTIVITA DELLE IMPRESE PREDETTE: ABROGAZIONE","453,206.00","216,851.00","236,355.00","155,353.00","74,846.00","80,507.00","128,603.00","18,591.00","6,557.00",34.28%
,,PICCOLE IMPRESE ? LICENZIAMENTI E RELATIVA INDENNITA: ABROGAZIONE PARZIALE,"453,206.00","216,851.00","236,355.00","155,329.00","74,765.00","80,564.00","129,833.00","17,592.00","6,257.00",34.27%
,TARANTO Total,,"2,266,030.00","1,084,255.00","1,181,775.00","776,664.00","373,918.00","402,746.00","613,065.00","123,830.00","31,573.00",34.27%
PUGLIA Total,,,"15,858,785.00","7,616,730.00","8,242,055.00","4,537,244.00","2,141,387.00","2,395,857.00","3,789,545.00","620,337.00","94,915.00",28.61%
SARDEGNA,CAGLIARI,"ABROGAZIONE PARZIALE DI NORME IN MATERIA DI APPOSIZIONE DI TERMINE AL CONTRATTO DI LAVORO SUBORDINATO, DURATA MASSIMA E CONDIZIONI PER PROROGHE E RINNOVI","622,869.00","301,534.00","321,335.00","180,087.00","81,127.00","98,960.00","164,683.00","12,055.00","2,486.00",28.91%
,,CITTADINANZA ITALIANA: DIMEZZAMENTO DA 10 A 5 ANNI DEI TEMPI DI RESIDENZA LEGALE IN ITALIA DELLO STRANIERO MAGGIORENNE EXTRACOMUNITARIO PER LA RICHIESTA DI CONCESSIONE DELLA CITTADINANZA ITALIANA,"622,869.00","301,534.00","321,335.00","180,035.00","81,109.00","98,926.00","133,717.00","42,965.00","2,398.00",28.90%
,,CONTRATTO DI LAVORO A TUTELE CRESCENTI - DISCIPLINA DEI LICENZIAMENTI ILLEGITTIMI: ABROGAZIONE,"622,869.00","301,534.00","321,335.00","180,091.00","81,125.00","98,966.00","165,387.00","11,533.00","2,349.00",28.91%
,,"ESCLUSIONE DELLA RESPONSABILITA SOLIDALE DI COMMITTENTE, APPALTATORE E SUBAPPALTATORE PER INFORTUNI DEL DIPENDENTE D'IMPRESA APPALTATRICE O SUBAPPALTATRICE, COME CONSEGUENZA DEI RISCHI SPECIFICI PROPRI DELL?ATTIVITA DELLE IMPRESE PREDETTE: ABROGAZIONE","622,869.00","301,534.00","321,335.00","180,108.00","81,144.00","98,964.00","161,685.00","15,155.00","2,431.00",28.92%
,,PICCOLE IMPRESE ? LICENZIAMENTI E RELATIVA INDENNITA: ABROGAZIONE PARZIALE,"622,869.00","301,534.00","321,335.00","180,074.00","81,121.00","98,953.00","163,182.00","13,691.00","2,379.00",28.91%
,CAGLIARI Total,,"3,114,345.00","1,507,670.00","1,606,675.00","900,395.00","405,626.00","494,769.00","788,654.00","95,399.00","12,043.00",28.91%
,NUORO,"ABROGAZIONE PARZIALE DI NORME IN MATERIA DI APPOSIZIONE DI TERMINE AL CONTRATTO DI LAVORO SUBORDINATO, DURATA MASSIMA E CONDIZIONI PER PROROGHE E RINNOVI","198,800.00","97,575.00","101,225.00","58,724.00","25,378.00","33,346.00","51,528.00","5,095.00","1,776.00",29.54%
,,CITTADINANZA ITALIANA: DIMEZZAMENTO DA 10 A 5 ANNI DEI TEMPI DI RESIDENZA LEGALE IN ITALIA DELLO STRANIERO MAGGIORENNE EXTRACOMUNITARIO PER LA RICHIESTA DI CONCESSIONE DELLA CITTADINANZA ITALIANA,"198,800.00","97,575.00","101,225.00","58,729.00","25,378.00","33,351.00","42,239.00","14,599.00","1,521.00",29.54%
,,CONTRATTO DI LAVORO A TUTELE CRESCENTI - DISCIPLINA DEI LICENZIAMENTI ILLEGITTIMI: ABROGAZIONE,"198,800.00","97,575.00","101,225.00","58,723.00","25,377.00","33,346.00","51,814.00","4,930.00","1,669.00",29.54%
,,"ESCLUSIONE DELLA RESPONSABILITA SOLIDALE DI COMMITTENTE, APPALTATORE E SUBAPPALTATORE PER INFORTUNI DEL DIPENDENTE D'IMPRESA APPALTATRICE O SUBAPPALTATRICE, COME CONSEGUENZA DEI RISCHI SPECIFICI PROPRI DELL?ATTIVITA DELLE IMPRESE PREDETTE: ABROGAZIONE","198,800.00","97,575.00","101,225.00","58,729.00","25,381.00","33,348.00","50,641.00","6,062.00","1,686.00",29.54%
,,PICCOLE IMPRESE ? LICENZIAMENTI E RELATIVA INDENNITA: ABROGAZIONE PARZIALE,"198,800.00","97,575.00","101,225.00","58,715.00","25,376.00","33,339.00","50,947.00","5,832.00","1,614.00",29.53%
,NUORO Total,,"994,000.00","487,875.00","506,125.00","293,620.00","126,890.00","166,730.00","247,169.00","36,518.00","8,266.00",29.54%
,ORISTANO,"ABROGAZIONE PARZIALE DI NORME IN MATERIA DI APPOSIZIONE DI TERMINE AL CONTRATTO DI LAVORO SUBORDINATO, DURATA MASSIMA E CONDIZIONI PER PROROGHE E RINNOVI","117,438.00","57,616.00","59,822.00","29,701.00","12,905.00","16,796.00","26,886.00","2,205.00",436.00,25.29%
,,CITTADINANZA ITALIANA: DIMEZZAMENTO DA 10 A 5 ANNI DEI TEMPI DI RESIDENZA LEGALE IN ITALIA DELLO STRANIERO MAGGIORENNE EXTRACOMUNITARIO PER LA RICHIESTA DI CONCESSIONE DELLA CITTADINANZA ITALIANA,"117,438.00","57,616.00","59,822.00","29,691.00","12,899.00","16,792.00","21,455.00","7,599.00",436.00,25.28%
,,CONTRATTO DI LAVORO A TUTELE CRESCENTI - DISCIPLINA DEI LICENZIAMENTI ILLEGITTIMI: ABROGAZIONE,"117,438.00","57,616.00","59,822.00","29,698.00","12,904.00","16,794.00","27,048.00","2,097.00",378.00,25.29%
,,"ESCLUSIONE DELLA RESPONSABILITA SOLIDALE DI COMMITTENTE, APPALTATORE E SUBAPPALTATORE PER INFORTUNI DEL DIPENDENTE D'IMPRESA APPALTATRICE O SUBAPPALTATRICE, COME CONSEGUENZA DEI RISCHI SPECIFICI PROPRI DELL?ATTIVITA DELLE IMPRESE PREDETTE: ABROGAZIONE","117,438.00","57,616.00","59,822.00","29,703.00","12,903.00","16,800.00","26,467.00","2,654.00",405.00,25.29%
,,PICCOLE IMPRESE ? LICENZIAMENTI E RELATIVA INDENNITA: ABROGAZIONE PARZIALE,"117,438.00","57,616.00","59,822.00","29,695.00","12,901.00","16,794.00","26,638.00","2,488.00",404.00,25.29%
,ORISTANO Total,,"587,190.00","288,080.00","299,110.00","148,488.00","64,512.00","83,976.00","128,494.00","17,043.00","2,059.00",25.29%
,SASSARI,"ABROGAZIONE PARZIALE DI NORME IN MATERIA DI APPOSIZIONE DI TERMINE AL CONTRATTO DI LAVORO SUBORDINATO, DURATA MASSIMA E CONDIZIONI PER PROROGHE E RINNOVI","383,637.00","187,651.00","195,986.00","98,310.00","43,237.00","55,073.00","89,315.00","6,996.00","1,574.00",25.63%
,,CITTADINANZA ITALIANA: DIMEZZAMENTO DA 10 A 5 ANNI DEI TEMPI DI RESIDENZA LEGALE IN ITALIA DELLO STRANIERO MAGGIORENNE EXTRACOMUNITARIO PER LA RICHIESTA DI CONCESSIONE DELLA CITTADINANZA ITALIANA,"383,637.00","187,651.00","195,986.00","98,320.00","43,247.00","55,073.00","72,853.00","23,635.00","1,359.00",25.63%
,,CONTRATTO DI LAVORO A TUTELE CRESCENTI - DISCIPLINA DEI LICENZIAMENTI ILLEGITTIMI: ABROGAZIONE,"383,637.00","187,651.00","195,986.00","98,321.00","43,246.00","55,075.00","89,778.00","6,669.00","1,444.00",25.63%
,,"ESCLUSIONE DELLA RESPONSABILITA SOLIDALE DI COMMITTENTE, APPALTATORE E SUBAPPALTATORE PER INFORTUNI DEL DIPENDENTE D'IMPRESA APPALTATRICE O SUBAPPALTATRICE, COME CONSEGUENZA DEI RISCHI SPECIFICI PROPRI DELL?ATTIVITA DELLE IMPRESE PREDETTE: ABROGAZIONE","383,637.00","187,651.00","195,986.00","98,329.00","43,249.00","55,080.00","87,863.00","8,550.00","1,485.00",25.63%
,,PICCOLE IMPRESE ? LICENZIAMENTI E RELATIVA INDENNITA: ABROGAZIONE PARZIALE,"383,637.00","187,651.00","195,986.00","98,313.00","43,239.00","55,074.00","88,449.00","7,963.00","1,459.00",25.63%
,SASSARI Total,,"1,918,185.00","938,255.00","979,930.00","491,593.00","216,218.00","275,375.00","428,258.00","53,813.00","7,321.00",25.63%
SARDEGNA Total,,,"6,613,720.00","3,221,880.00","3,391,840.00","1,834,096.00","813,246.00","1,020,850.00","1,592,575.00","202,773.00","29,689.00",27.73%
SICILIA,AGRIGENTO,"ABROGAZIONE PARZIALE DI NORME IN MATERIA DI APPOSIZIONE DI TERMINE AL CONTRATTO DI LAVORO SUBORDINATO, DURATA MASSIMA E CONDIZIONI PER PROROGHE E RINNOVI","333,355.00","159,666.00","173,689.00","65,348.00","30,967.00","34,381.00","58,254.00","5,054.00","1,352.00",19.60%
,,CITTADINANZA ITALIANA: DIMEZZAMENTO DA 10 A 5 ANNI DEI TEMPI DI RESIDENZA LEGALE IN ITALIA DELLO STRANIERO MAGGIORENNE EXTRACOMUNITARIO PER LA RICHIESTA DI CONCESSIONE DELLA CITTADINANZA ITALIANA,"333,355.00","159,666.00","173,689.00","65,330.00","30,956.00","34,374.00","41,027.00","22,325.00","1,262.00",19.60%
,,CONTRATTO DI LAVORO A TUTELE CRESCENTI - DISCIPLINA DEI LICENZIAMENTI ILLEGITTIMI: ABROGAZIONE,"333,355.00","159,666.00","173,689.00","65,350.00","30,970.00","34,380.00","58,640.00","4,881.00","1,145.00",19.60%
,,"ESCLUSIONE DELLA RESPONSABILITA SOLIDALE DI COMMITTENTE, APPALTATORE E SUBAPPALTATORE PER INFORTUNI DEL DIPENDENTE D'IMPRESA APPALTATRICE O SUBAPPALTATRICE, COME CONSEGUENZA DEI RISCHI SPECIFICI PROPRI DELL?ATTIVITA DELLE IMPRESE PREDETTE: ABROGAZIONE","333,355.00","159,666.00","173,689.00","65,347.00","30,969.00","34,378.00","56,807.00","6,537.00","1,325.00",19.60%
,,PICCOLE IMPRESE ? LICENZIAMENTI E RELATIVA INDENNITA: ABROGAZIONE PARZIALE,"333,355.00","159,666.00","173,689.00","65,346.00","30,967.00","34,379.00","57,680.00","5,752.00","1,242.00",19.60%
,AGRIGENTO Total,,"1,666,775.00","798,330.00","868,445.00","326,721.00","154,829.00","171,892.00","272,408.00","44,549.00","6,326.00",19.60%
,CALTANISSETTA,"ABROGAZIONE PARZIALE DI NORME IN MATERIA DI APPOSIZIONE DI TERMINE AL CONTRATTO DI LAVORO SUBORDINATO, DURATA MASSIMA E CONDIZIONI PER PROROGHE E RINNOVI","201,485.00","95,861.00","105,624.00","40,007.00","18,845.00","21,162.00","35,959.00","2,958.00",745.00,19.86%
,,CITTADINANZA ITALIANA: DIMEZZAMENTO DA 10 A 5 ANNI DEI TEMPI DI RESIDENZA LEGALE IN ITALIA DELLO STRANIERO MAGGIORENNE EXTRACOMUNITARIO PER LA RICHIESTA DI CONCESSIONE DELLA CITTADINANZA ITALIANA,"201,485.00","95,861.00","105,624.00","39,986.00","18,834.00","21,152.00","25,036.00","13,887.00",684.00,19.85%
,,CONTRATTO DI LAVORO A TUTELE CRESCENTI - DISCIPLINA DEI LICENZIAMENTI ILLEGITTIMI: ABROGAZIONE,"201,485.00","95,861.00","105,624.00","40,006.00","18,846.00","21,160.00","36,221.00","2,804.00",664.00,19.86%
,,"ESCLUSIONE DELLA RESPONSABILITA SOLIDALE DI COMMITTENTE, APPALTATORE E SUBAPPALTATORE PER INFORTUNI DEL DIPENDENTE D'IMPRESA APPALTATRICE O SUBAPPALTATRICE, COME CONSEGUENZA DEI RISCHI SPECIFICI PROPRI DELL?ATTIVITA DELLE IMPRESE PREDETTE: ABROGAZIONE","201,485.00","95,861.00","105,624.00","40,006.00","18,844.00","21,162.00","34,900.00","4,033.00",738.00,19.86%
,,PICCOLE IMPRESE ? LICENZIAMENTI E RELATIVA INDENNITA: ABROGAZIONE PARZIALE,"201,485.00","95,861.00","105,624.00","40,001.00","18,842.00","21,159.00","35,579.00","3,387.00",688.00,19.85%
,CALTANISSETTA Total,,"1,007,425.00","479,305.00","528,120.00","200,006.00","94,211.00","105,795.00","167,695.00","27,069.00","3,519.00",19.85%
,CATANIA,"ABROGAZIONE PARZIALE DI NORME IN MATERIA DI APPOSIZIONE DI TERMINE AL CONTRATTO DI LAVORO SUBORDINATO, DURATA MASSIMA E CONDIZIONI PER PROROGHE E RINNOVI","862,346.00","411,793.00","450,553.00","207,221.00","96,271.00","110,950.00","185,885.00","16,585.00","2,945.00",24.03%
,,CITTADINANZA ITALIANA: DIMEZZAMENTO DA 10 A 5 ANNI DEI TEMPI DI RESIDENZA LEGALE IN ITALIA DELLO STRANIERO MAGGIORENNE EXTRACOMUNITARIO PER LA RICHIESTA DI CONCESSIONE DELLA CITTADINANZA ITALIANA,"862,346.00","411,793.00","450,553.00","207,175.00","96,235.00","110,940.00","129,182.00","73,463.00","2,565.00",24.02%
,,CONTRATTO DI LAVORO A TUTELE CRESCENTI - DISCIPLINA DEI LICENZIAMENTI ILLEGITTIMI: ABROGAZIONE,"862,346.00","411,793.00","450,553.00","207,216.00","96,265.00","110,951.00","186,923.00","16,049.00","2,516.00",24.03%
,,"ESCLUSIONE DELLA RESPONSABILITA SOLIDALE DI COMMITTENTE, APPALTATORE E SUBAPPALTATORE PER INFORTUNI DEL DIPENDENTE D'IMPRESA APPALTATRICE O SUBAPPALTATRICE, COME CONSEGUENZA DEI RISCHI SPECIFICI PROPRI DELL?ATTIVITA DELLE IMPRESE PREDETTE: ABROGAZIONE","862,346.00","411,793.00","450,553.00","207,205.00","96,257.00","110,948.00","180,996.00","21,617.00","2,795.00",24.03%
,,PICCOLE IMPRESE ? LICENZIAMENTI E RELATIVA INDENNITA: ABROGAZIONE PARZIALE,"862,346.00","411,793.00","450,553.00","207,197.00","96,254.00","110,943.00","183,246.00","19,510.00","2,653.00",24.03%
,CATANIA Total,,"4,311,730.00","2,058,965.00","2,252,765.00","1,036,014.00","481,282.00","554,732.00","866,232.00","147,224.00","13,474.00",24.03%
,ENNA,"ABROGAZIONE PARZIALE DI NORME IN MATERIA DI APPOSIZIONE DI TERMINE AL CONTRATTO DI LAVORO SUBORDINATO, DURATA MASSIMA E CONDIZIONI PER PROROGHE E RINNOVI","126,738.00","60,535.00","66,203.00","32,373.00","15,189.00","17,184.00","28,819.00","2,477.00",652.00,25.54%
,,CITTADINANZA ITALIANA: DIMEZZAMENTO DA 10 A 5 ANNI DEI TEMPI DI RESIDENZA LEGALE IN ITALIA DELLO STRANIERO MAGGIORENNE EXTRACOMUNITARIO PER LA RICHIESTA DI CONCESSIONE DELLA CITTADINANZA ITALIANA,"126,738.00","60,535.00","66,203.00","32,374.00","15,187.00","17,187.00","20,279.00","11,034.00",608.00,25.54%
,,CONTRATTO DI LAVORO A TUTELE CRESCENTI - DISCIPLINA DEI LICENZIAMENTI ILLEGITTIMI: ABROGAZIONE,"126,738.00","60,535.00","66,203.00","32,375.00","15,189.00","17,186.00","28,941.00","2,447.00",580.00,25.54%
,,"ESCLUSIONE DELLA RESPONSABILITA SOLIDALE DI COMMITTENTE, APPALTATORE E SUBAPPALTATORE PER INFORTUNI DEL DIPENDENTE D'IMPRESA APPALTATRICE O SUBAPPALTATRICE, COME CONSEGUENZA DEI RISCHI SPECIFICI PROPRI DELL?ATTIVITA DELLE IMPRESE PREDETTE: ABROGAZIONE","126,738.00","60,535.00","66,203.00","32,371.00","15,187.00","17,184.00","28,235.00","3,037.00",659.00,25.54%
,,PICCOLE IMPRESE ? LICENZIAMENTI E RELATIVA INDENNITA: ABROGAZIONE PARZIALE,"126,738.00","60,535.00","66,203.00","32,371.00","15,187.00","17,184.00","28,432.00","2,901.00",632.00,25.54%
,ENNA Total,,"633,690.00","302,675.00","331,015.00","161,864.00","75,939.00","85,925.00","134,706.00","21,896.00","3,131.00",25.54%
,MESSINA,"ABROGAZIONE PARZIALE DI NORME IN MATERIA DI APPOSIZIONE DI TERMINE AL CONTRATTO DI LAVORO SUBORDINATO, DURATA MASSIMA E CONDIZIONI PER PROROGHE E RINNOVI","486,365.00","232,840.00","253,525.00","113,135.00","52,132.00","61,003.00","98,982.00","10,102.00","2,784.00",23.26%
,,CITTADINANZA ITALIANA: DIMEZZAMENTO DA 10 A 5 ANNI DEI TEMPI DI RESIDENZA LEGALE IN ITALIA DELLO STRANIERO MAGGIORENNE EXTRACOMUNITARIO PER LA RICHIESTA DI CONCESSIONE DELLA CITTADINANZA ITALIANA,"486,365.00","232,840.00","253,525.00","113,078.00","52,112.00","60,966.00","69,948.00","39,305.00","2,527.00",23.25%
,,CONTRATTO DI LAVORO A TUTELE CRESCENTI - DISCIPLINA DEI LICENZIAMENTI ILLEGITTIMI: ABROGAZIONE,"486,365.00","232,840.00","253,525.00","113,136.00","52,130.00","61,006.00","99,850.00","9,475.00","2,570.00",23.26%
,,"ESCLUSIONE DELLA RESPONSABILITA SOLIDALE DI COMMITTENTE, APPALTATORE E SUBAPPALTATORE PER INFORTUNI DEL DIPENDENTE D'IMPRESA APPALTATRICE O SUBAPPALTATRICE, COME CONSEGUENZA DEI RISCHI SPECIFICI PROPRI DELL?ATTIVITA DELLE IMPRESE PREDETTE: ABROGAZIONE","486,365.00","232,840.00","253,525.00","113,142.00","52,138.00","61,004.00","96,130.00","13,095.00","2,635.00",23.26%
,,PICCOLE IMPRESE ? LICENZIAMENTI E RELATIVA INDENNITA: ABROGAZIONE PARZIALE,"486,365.00","232,840.00","253,525.00","113,138.00","52,129.00","61,009.00","97,910.00","11,320.00","2,681.00",23.26%
,MESSINA Total,,"2,431,825.00","1,164,200.00","1,267,625.00","565,629.00","260,641.00","304,988.00","462,820.00","83,297.00","13,197.00",23.26%
,PALERMO,"ABROGAZIONE PARZIALE DI NORME IN MATERIA DI APPOSIZIONE DI TERMINE AL CONTRATTO DI LAVORO SUBORDINATO, DURATA MASSIMA E CONDIZIONI PER PROROGHE E RINNOVI","974,882.00","463,773.00","511,109.00","242,447.00","112,970.00","129,477.00","220,335.00","17,097.00","3,074.00",24.87%
,,CITTADINANZA ITALIANA: DIMEZZAMENTO DA 10 A 5 ANNI DEI TEMPI DI RESIDENZA LEGALE IN ITALIA DELLO STRANIERO MAGGIORENNE EXTRACOMUNITARIO PER LA RICHIESTA DI CONCESSIONE DELLA CITTADINANZA ITALIANA,"974,882.00","463,773.00","511,109.00","242,441.00","113,005.00","129,436.00","170,466.00","67,291.00","2,726.00",24.87%
,,CONTRATTO DI LAVORO A TUTELE CRESCENTI - DISCIPLINA DEI LICENZIAMENTI ILLEGITTIMI: ABROGAZIONE,"974,882.00","463,773.00","511,109.00","242,457.00","112,979.00","129,478.00","221,558.00","16,425.00","2,652.00",24.87%
,,"ESCLUSIONE DELLA RESPONSABILITA SOLIDALE DI COMMITTENTE, APPALTATORE E SUBAPPALTATORE PER INFORTUNI DEL DIPENDENTE D'IMPRESA APPALTATRICE O SUBAPPALTATRICE, COME CONSEGUENZA DEI RISCHI SPECIFICI PROPRI DELL?ATTIVITA DELLE IMPRESE PREDETTE: ABROGAZIONE","974,882.00","463,773.00","511,109.00","242,455.00","112,987.00","129,468.00","214,613.00","22,942.00","2,971.00",24.87%
,,PICCOLE IMPRESE ? LICENZIAMENTI E RELATIVA INDENNITA: ABROGAZIONE PARZIALE,"974,882.00","463,773.00","511,109.00","242,426.00","112,963.00","129,463.00","217,374.00","20,310.00","2,874.00",24.87%
,PALERMO Total,,"4,874,410.00","2,318,865.00","2,555,545.00","1,212,226.00","564,904.00","647,322.00","1,044,346.00","144,065.00","14,297.00",24.87%
,RAGUSA,"ABROGAZIONE PARZIALE DI NORME IN MATERIA DI APPOSIZIONE DI TERMINE AL CONTRATTO DI LAVORO SUBORDINATO, DURATA MASSIMA E CONDIZIONI PER PROROGHE E RINNOVI","239,742.00","116,067.00","123,675.00","55,408.00","25,769.00","29,639.00","48,402.00","5,343.00","1,013.00",23.11%
,,CITTADINANZA ITALIANA: DIMEZZAMENTO DA 10 A 5 ANNI DEI TEMPI DI RESIDENZA LEGALE IN ITALIA DELLO STRANIERO MAGGIORENNE EXTRACOMUNITARIO PER LA RICHIESTA DI CONCESSIONE DELLA CITTADINANZA ITALIANA,"239,742.00","116,067.00","123,675.00","55,389.00","25,756.00","29,633.00","33,211.00","20,560.00",972.00,23.10%
,,CONTRATTO DI LAVORO A TUTELE CRESCENTI - DISCIPLINA DEI LICENZIAMENTI ILLEGITTIMI: ABROGAZIONE,"239,742.00","116,067.00","123,675.00","55,399.00","25,767.00","29,632.00","48,719.00","5,158.00",905.00,23.11%
,,"ESCLUSIONE DELLA RESPONSABILITA SOLIDALE DI COMMITTENTE, APPALTATORE E SUBAPPALTATORE PER INFORTUNI DEL DIPENDENTE D'IMPRESA APPALTATRICE O SUBAPPALTATRICE, COME CONSEGUENZA DEI RISCHI SPECIFICI PROPRI DELL?ATTIVITA DELLE IMPRESE PREDETTE: ABROGAZIONE","239,742.00","116,067.00","123,675.00","55,394.00","25,762.00","29,632.00","47,223.00","6,543.00",958.00,23.11%
,,PICCOLE IMPRESE ? LICENZIAMENTI E RELATIVA INDENNITA: ABROGAZIONE PARZIALE,"239,742.00","116,067.00","123,675.00","55,397.00","25,762.00","29,635.00","47,757.00","6,052.00",928.00,23.11%
,RAGUSA Total,,"1,198,710.00","580,335.00","618,375.00","276,987.00","128,816.00","148,171.00","225,312.00","43,656.00","4,776.00",23.11%
,SIRACUSA,"ABROGAZIONE PARZIALE DI NORME IN MATERIA DI APPOSIZIONE DI TERMINE AL CONTRATTO DI LAVORO SUBORDINATO, DURATA MASSIMA E CONDIZIONI PER PROROGHE E RINNOVI","310,423.00","150,717.00","159,706.00","69,952.00","33,276.00","36,676.00","63,635.00","4,987.00",823.00,22.53%
,,CITTADINANZA ITALIANA: DIMEZZAMENTO DA 10 A 5 ANNI DEI TEMPI DI RESIDENZA LEGALE IN ITALIA DELLO STRANIERO MAGGIORENNE EXTRACOMUNITARIO PER LA RICHIESTA DI CONCESSIONE DELLA CITTADINANZA ITALIANA,"310,423.00","150,717.00","159,706.00","69,950.00","33,279.00","36,671.00","45,160.00","23,374.00",897.00,22.53%
,,CONTRATTO DI LAVORO A TUTELE CRESCENTI - DISCIPLINA DEI LICENZIAMENTI ILLEGITTIMI: ABROGAZIONE,"310,423.00","150,717.00","159,706.00","69,955.00","33,274.00","36,681.00","63,887.00","4,851.00",745.00,22.54%
,,"ESCLUSIONE DELLA RESPONSABILITA SOLIDALE DI COMMITTENTE, APPALTATORE E SUBAPPALTATORE PER INFORTUNI DEL DIPENDENTE D'IMPRESA APPALTATRICE O SUBAPPALTATRICE, COME CONSEGUENZA DEI RISCHI SPECIFICI PROPRI DELL?ATTIVITA DELLE IMPRESE PREDETTE: ABROGAZIONE","310,423.00","150,717.00","159,706.00","69,964.00","33,289.00","36,675.00","62,202.00","6,370.00",917.00,22.54%
,,PICCOLE IMPRESE ? LICENZIAMENTI E RELATIVA INDENNITA: ABROGAZIONE PARZIALE,"310,423.00","150,717.00","159,706.00","69,949.00","33,276.00","36,673.00","62,938.00","5,774.00",773.00,22.53%
,SIRACUSA Total,,"1,552,115.00","753,585.00","798,530.00","349,770.00","166,394.00","183,376.00","297,822.00","45,356.00","4,155.00",22.54%
,TRAPANI,"ABROGAZIONE PARZIALE DI NORME IN MATERIA DI APPOSIZIONE DI TERMINE AL CONTRATTO DI LAVORO SUBORDINATO, DURATA MASSIMA E CONDIZIONI PER PROROGHE E RINNOVI","330,130.00","159,055.00","171,075.00","67,032.00","31,472.00","35,560.00","58,699.00","6,116.00","1,483.00",20.30%
,,CITTADINANZA ITALIANA: DIMEZZAMENTO DA 10 A 5 ANNI DEI TEMPI DI RESIDENZA LEGALE IN ITALIA DELLO STRANIERO MAGGIORENNE EXTRACOMUNITARIO PER LA RICHIESTA DI CONCESSIONE DELLA CITTADINANZA ITALIANA,"330,130.00","159,055.00","171,075.00","66,985.00","31,453.00","35,532.00","41,883.00","23,139.00","1,248.00",20.29%
,,CONTRATTO DI LAVORO A TUTELE CRESCENTI - DISCIPLINA DEI LICENZIAMENTI ILLEGITTIMI: ABROGAZIONE,"330,130.00","159,055.00","171,075.00","67,031.00","31,474.00","35,557.00","59,169.00","5,943.00","1,252.00",20.30%
,,"ESCLUSIONE DELLA RESPONSABILITA SOLIDALE DI COMMITTENTE, APPALTATORE E SUBAPPALTATORE PER INFORTUNI DEL DIPENDENTE D'IMPRESA APPALTATRICE O SUBAPPALTATRICE, COME CONSEGUENZA DEI RISCHI SPECIFICI PROPRI DELL?ATTIVITA DELLE IMPRESE PREDETTE: ABROGAZIONE","330,130.00","159,055.00","171,075.00","67,033.00","31,479.00","35,554.00","57,033.00","7,844.00","1,457.00",20.31%
,,PICCOLE IMPRESE ? LICENZIAMENTI E RELATIVA INDENNITA: ABROGAZIONE PARZIALE,"330,130.00","159,055.00","171,075.00","67,020.00","31,466.00","35,554.00","57,963.00","6,999.00","1,356.00",20.30%
,TRAPANI Total,,"1,650,650.00","795,275.00","855,375.00","335,101.00","157,344.00","177,757.00","274,747.00","50,041.00","6,796.00",20.30%
SICILIA Total,,,"19,327,330.00","9,251,535.00","10,075,795.00","4,464,318.00","2,084,360.00","2,379,958.00","3,746,088.00","607,153.00","69,671.00",23.10%
TOSCANA,AREZZO,"ABROGAZIONE PARZIALE DI NORME IN MATERIA DI APPOSIZIONE DI TERMINE AL CONTRATTO DI LAVORO SUBORDINATO, DURATA MASSIMA E CONDIZIONI PER PROROGHE E RINNOVI","257,621.00","125,419.00","132,202.00","88,639.00","41,927.00","46,712.00","75,976.00","10,055.00","1,991.00",34.41%
,,CITTADINANZA ITALIANA: DIMEZZAMENTO DA 10 A 5 ANNI DEI TEMPI DI RESIDENZA LEGALE IN ITALIA DELLO STRANIERO MAGGIORENNE EXTRACOMUNITARIO PER LA RICHIESTA DI CONCESSIONE DELLA CITTADINANZA ITALIANA,"257,621.00","125,419.00","132,202.00","88,620.00","41,877.00","46,743.00","54,649.00","31,655.00","1,733.00",34.40%
,,CONTRATTO DI LAVORO A TUTELE CRESCENTI - DISCIPLINA DEI LICENZIAMENTI ILLEGITTIMI: ABROGAZIONE,"257,621.00","125,419.00","132,202.00","88,642.00","41,895.00","46,747.00","76,218.00","10,062.00","1,748.00",34.41%
,,"ESCLUSIONE DELLA RESPONSABILITA SOLIDALE DI COMMITTENTE, APPALTATORE E SUBAPPALTATORE PER INFORTUNI DEL DIPENDENTE D'IMPRESA APPALTATRICE O SUBAPPALTATRICE, COME CONSEGUENZA DEI RISCHI SPECIFICI PROPRI DELL?ATTIVITA DELLE IMPRESE PREDETTE: ABROGAZIONE","257,621.00","125,419.00","132,202.00","88,681.00","41,927.00","46,754.00","75,189.00","11,136.00","1,746.00",34.42%
,,PICCOLE IMPRESE ? LICENZIAMENTI E RELATIVA INDENNITA: ABROGAZIONE PARZIALE,"257,621.00","125,419.00","132,202.00","88,638.00","41,891.00","46,747.00","74,847.00","11,342.00","1,834.00",34.41%
,AREZZO Total,,"1,288,105.00","627,095.00","661,010.00","443,220.00","209,517.00","233,703.00","356,879.00","74,250.00","9,052.00",34.41%
,FIRENZE,"ABROGAZIONE PARZIALE DI NORME IN MATERIA DI APPOSIZIONE DI TERMINE AL CONTRATTO DI LAVORO SUBORDINATO, DURATA MASSIMA E CONDIZIONI PER PROROGHE E RINNOVI","741,461.00","354,790.00","386,671.00","340,754.00","157,416.00","183,338.00","300,264.00","33,732.00","4,992.00",45.96%
,,CITTADINANZA ITALIANA: DIMEZZAMENTO DA 10 A 5 ANNI DEI TEMPI DI RESIDENZA LEGALE IN ITALIA DELLO STRANIERO MAGGIORENNE EXTRACOMUNITARIO PER LA RICHIESTA DI CONCESSIONE DELLA CITTADINANZA ITALIANA,"741,461.00","354,790.00","386,671.00","340,921.00","157,600.00","183,321.00","234,788.00","100,343.00","4,028.00",45.98%
,,CONTRATTO DI LAVORO A TUTELE CRESCENTI - DISCIPLINA DEI LICENZIAMENTI ILLEGITTIMI: ABROGAZIONE,"741,461.00","354,790.00","386,671.00","340,764.00","157,427.00","183,337.00","300,980.00","33,716.00","4,378.00",45.96%
,,"ESCLUSIONE DELLA RESPONSABILITA SOLIDALE DI COMMITTENTE, APPALTATORE E SUBAPPALTATORE PER INFORTUNI DEL DIPENDENTE D'IMPRESA APPALTATRICE O SUBAPPALTATRICE, COME CONSEGUENZA DEI RISCHI SPECIFICI PROPRI DELL?ATTIVITA DELLE IMPRESE PREDETTE: ABROGAZIONE","741,461.00","354,790.00","386,671.00","340,987.00","157,548.00","183,439.00","300,277.00","34,876.00","4,186.00",45.99%
,,PICCOLE IMPRESE ? LICENZIAMENTI E RELATIVA INDENNITA: ABROGAZIONE PARZIALE,"741,461.00","354,790.00","386,671.00","340,713.00","157,409.00","183,304.00","296,462.00","37,832.00","4,729.00",45.95%
,FIRENZE Total,,"3,707,305.00","1,773,950.00","1,933,355.00","1,704,139.00","787,400.00","916,739.00","1,432,771.00","240,499.00","22,313.00",45.97%
,GROSSETO,"ABROGAZIONE PARZIALE DI NORME IN MATERIA DI APPOSIZIONE DI TERMINE AL CONTRATTO DI LAVORO SUBORDINATO, DURATA MASSIMA E CONDIZIONI PER PROROGHE E RINNOVI","168,609.00","81,292.00","87,317.00","53,051.00","24,509.00","28,542.00","45,831.00","5,818.00",985.00,31.46%
,,CITTADINANZA ITALIANA: DIMEZZAMENTO DA 10 A 5 ANNI DEI TEMPI DI RESIDENZA LEGALE IN ITALIA DELLO STRANIERO MAGGIORENNE EXTRACOMUNITARIO PER LA RICHIESTA DI CONCESSIONE DELLA CITTADINANZA ITALIANA,"168,609.00","81,292.00","87,317.00","52,982.00","24,475.00","28,507.00","33,852.00","17,892.00",819.00,31.42%
,,CONTRATTO DI LAVORO A TUTELE CRESCENTI - DISCIPLINA DEI LICENZIAMENTI ILLEGITTIMI: ABROGAZIONE,"168,609.00","81,292.00","87,317.00","53,046.00","24,501.00","28,545.00","45,946.00","5,756.00",938.00,31.46%
,,"ESCLUSIONE DELLA RESPONSABILITA SOLIDALE DI COMMITTENTE, APPALTATORE E SUBAPPALTATORE PER INFORTUNI DEL DIPENDENTE D'IMPRESA APPALTATRICE O SUBAPPALTATRICE, COME CONSEGUENZA DEI RISCHI SPECIFICI PROPRI DELL?ATTIVITA DELLE IMPRESE PREDETTE: ABROGAZIONE","168,609.00","81,292.00","87,317.00","53,070.00","24,518.00","28,552.00","45,368.00","6,420.00",893.00,31.48%
,,PICCOLE IMPRESE ? LICENZIAMENTI E RELATIVA INDENNITA: ABROGAZIONE PARZIALE,"168,609.00","81,292.00","87,317.00","53,034.00","24,494.00","28,540.00","45,273.00","6,433.00",927.00,31.45%
,GROSSETO Total,,"843,045.00","406,460.00","436,585.00","265,183.00","122,497.00","142,686.00","216,270.00","42,319.00","4,562.00",31.46%
,LIVORNO,"ABROGAZIONE PARZIALE DI NORME IN MATERIA DI APPOSIZIONE DI TERMINE AL CONTRATTO DI LAVORO SUBORDINATO, DURATA MASSIMA E CONDIZIONI PER PROROGHE E RINNOVI","258,922.00","124,627.00","134,295.00","105,526.00","49,595.00","55,931.00","94,443.00","9,216.00","1,378.00",40.76%
,,CITTADINANZA ITALIANA: DIMEZZAMENTO DA 10 A 5 ANNI DEI TEMPI DI RESIDENZA LEGALE IN ITALIA DELLO STRANIERO MAGGIORENNE EXTRACOMUNITARIO PER LA RICHIESTA DI CONCESSIONE DELLA CITTADINANZA ITALIANA,"258,922.00","124,627.00","134,295.00","105,517.00","49,579.00","55,938.00","69,731.00","33,944.00","1,278.00",40.75%
,,CONTRATTO DI LAVORO A TUTELE CRESCENTI - DISCIPLINA DEI LICENZIAMENTI ILLEGITTIMI: ABROGAZIONE,"258,922.00","124,627.00","134,295.00","105,528.00","49,596.00","55,932.00","95,044.00","8,772.00","1,224.00",40.76%
,,"ESCLUSIONE DELLA RESPONSABILITA SOLIDALE DI COMMITTENTE, APPALTATORE E SUBAPPALTATORE PER INFORTUNI DEL DIPENDENTE D'IMPRESA APPALTATRICE O SUBAPPALTATRICE, COME CONSEGUENZA DEI RISCHI SPECIFICI PROPRI DELL?ATTIVITA DELLE IMPRESE PREDETTE: ABROGAZIONE","258,922.00","124,627.00","134,295.00","105,563.00","49,621.00","55,942.00","93,725.00","10,196.00","1,171.00",40.77%
,,PICCOLE IMPRESE ? LICENZIAMENTI E RELATIVA INDENNITA: ABROGAZIONE PARZIALE,"258,922.00","124,627.00","134,295.00","105,518.00","49,591.00","55,927.00","93,578.00","10,127.00","1,325.00",40.75%
,LIVORNO Total,,"1,294,610.00","623,135.00","671,475.00","527,652.00","247,982.00","279,670.00","446,521.00","72,255.00","6,376.00",40.76%
,LUCCA,"ABROGAZIONE PARZIALE DI NORME IN MATERIA DI APPOSIZIONE DI TERMINE AL CONTRATTO DI LAVORO SUBORDINATO, DURATA MASSIMA E CONDIZIONI PER PROROGHE E RINNOVI","303,891.00","146,732.00","157,159.00","101,866.00","46,748.00","55,118.00","88,290.00","11,055.00","1,708.00",33.52%
,,CITTADINANZA ITALIANA: DIMEZZAMENTO DA 10 A 5 ANNI DEI TEMPI DI RESIDENZA LEGALE IN ITALIA DELLO STRANIERO MAGGIORENNE EXTRACOMUNITARIO PER LA RICHIESTA DI CONCESSIONE DELLA CITTADINANZA ITALIANA,"303,891.00","146,732.00","157,159.00","101,729.00","46,698.00","55,031.00","65,814.00","33,725.00","1,414.00",33.48%
,,CONTRATTO DI LAVORO A TUTELE CRESCENTI - DISCIPLINA DEI LICENZIAMENTI ILLEGITTIMI: ABROGAZIONE,"303,891.00","146,732.00","157,159.00","101,865.00","46,724.00","55,141.00","88,649.00","10,951.00","1,518.00",33.52%
,,"ESCLUSIONE DELLA RESPONSABILITA SOLIDALE DI COMMITTENTE, APPALTATORE E SUBAPPALTATORE PER INFORTUNI DEL DIPENDENTE D'IMPRESA APPALTATRICE O SUBAPPALTATRICE, COME CONSEGUENZA DEI RISCHI SPECIFICI PROPRI DELL?ATTIVITA DELLE IMPRESE PREDETTE: ABROGAZIONE","303,891.00","146,732.00","157,159.00","101,900.00","46,773.00","55,127.00","87,140.00","12,535.00","1,450.00",33.53%
,,PICCOLE IMPRESE ? LICENZIAMENTI E RELATIVA INDENNITA: ABROGAZIONE PARZIALE,"303,891.00","146,732.00","157,159.00","101,841.00","46,715.00","55,126.00","86,926.00","12,462.00","1,657.00",33.51%
,LUCCA Total,,"1,519,455.00","733,660.00","785,795.00","509,201.00","233,658.00","275,543.00","416,819.00","80,728.00","7,747.00",33.51%
,MASSA-CARRARA,"ABROGAZIONE PARZIALE DI NORME IN MATERIA DI APPOSIZIONE DI TERMINE AL CONTRATTO DI LAVORO SUBORDINATO, DURATA MASSIMA E CONDIZIONI PER PROROGHE E RINNOVI","150,828.00","72,689.00","78,139.00","50,293.00","23,386.00","26,907.00","44,553.00","4,609.00",795.00,33.34%
,,CITTADINANZA ITALIANA: DIMEZZAMENTO DA 10 A 5 ANNI DEI TEMPI DI RESIDENZA LEGALE IN ITALIA DELLO STRANIERO MAGGIORENNE EXTRACOMUNITARIO PER LA RICHIESTA DI CONCESSIONE DELLA CITTADINANZA ITALIANA,"150,828.00","72,689.00","78,139.00","50,173.00","23,323.00","26,850.00","31,802.00","17,224.00",788.00,33.27%
,,CONTRATTO DI LAVORO A TUTELE CRESCENTI - DISCIPLINA DEI LICENZIAMENTI ILLEGITTIMI: ABROGAZIONE,"150,828.00","72,689.00","78,139.00","50,293.00","23,389.00","26,904.00","44,696.00","4,564.00",707.00,33.34%
,,"ESCLUSIONE DELLA RESPONSABILITA SOLIDALE DI COMMITTENTE, APPALTATORE E SUBAPPALTATORE PER INFORTUNI DEL DIPENDENTE D'IMPRESA APPALTATRICE O SUBAPPALTATRICE, COME CONSEGUENZA DEI RISCHI SPECIFICI PROPRI DELL?ATTIVITA DELLE IMPRESE PREDETTE: ABROGAZIONE","150,828.00","72,689.00","78,139.00","50,333.00","23,414.00","26,919.00","44,085.00","5,196.00",738.00,33.37%
,,PICCOLE IMPRESE ? LICENZIAMENTI E RELATIVA INDENNITA: ABROGAZIONE PARZIALE,"150,828.00","72,689.00","78,139.00","50,285.00","23,384.00","26,901.00","43,987.00","5,231.00",733.00,33.34%
,MASSA-CARRARA Total,,"754,140.00","363,445.00","390,695.00","251,377.00","116,896.00","134,481.00","209,123.00","36,824.00","3,761.00",33.33%
,PISA,"ABROGAZIONE PARZIALE DI NORME IN MATERIA DI APPOSIZIONE DI TERMINE AL CONTRATTO DI LAVORO SUBORDINATO, DURATA MASSIMA E CONDIZIONI PER PROROGHE E RINNOVI","324,435.00","157,534.00","166,901.00","131,267.00","61,517.00","69,750.00","115,243.00","13,025.00","2,237.00",40.46%
,,CITTADINANZA ITALIANA: DIMEZZAMENTO DA 10 A 5 ANNI DEI TEMPI DI RESIDENZA LEGALE IN ITALIA DELLO STRANIERO MAGGIORENNE EXTRACOMUNITARIO PER LA RICHIESTA DI CONCESSIONE DELLA CITTADINANZA ITALIANA,"324,435.00","157,534.00","166,901.00","131,310.00","61,547.00","69,763.00","87,530.00","41,188.00","1,821.00",40.47%
,,CONTRATTO DI LAVORO A TUTELE CRESCENTI - DISCIPLINA DEI LICENZIAMENTI ILLEGITTIMI: ABROGAZIONE,"324,435.00","157,534.00","166,901.00","131,253.00","61,509.00","69,744.00","115,763.00","12,757.00","1,983.00",40.46%
,,"ESCLUSIONE DELLA RESPONSABILITA SOLIDALE DI COMMITTENTE, APPALTATORE E SUBAPPALTATORE PER INFORTUNI DEL DIPENDENTE D'IMPRESA APPALTATRICE O SUBAPPALTATRICE, COME CONSEGUENZA DEI RISCHI SPECIFICI PROPRI DELL?ATTIVITA DELLE IMPRESE PREDETTE: ABROGAZIONE","324,435.00","157,534.00","166,901.00","131,287.00","61,529.00","69,758.00","114,085.00","14,512.00","1,941.00",40.47%
,,PICCOLE IMPRESE ? LICENZIAMENTI E RELATIVA INDENNITA: ABROGAZIONE PARZIALE,"324,435.00","157,534.00","166,901.00","131,227.00","61,493.00","69,734.00","113,868.00","14,547.00","2,064.00",40.45%
,PISA Total,,"1,622,175.00","787,670.00","834,505.00","656,344.00","307,595.00","348,749.00","546,489.00","96,029.00","10,046.00",40.46%
,PISTOIA,"ABROGAZIONE PARZIALE DI NORME IN MATERIA DI APPOSIZIONE DI TERMINE AL CONTRATTO DI LAVORO SUBORDINATO, DURATA MASSIMA E CONDIZIONI PER PROROGHE E RINNOVI","225,301.00","108,847.00","116,454.00","79,200.00","36,801.00","42,399.00","68,059.00","9,044.00","1,402.00",35.15%
,,CITTADINANZA ITALIANA: DIMEZZAMENTO DA 10 A 5 ANNI DEI TEMPI DI RESIDENZA LEGALE IN ITALIA DELLO STRANIERO MAGGIORENNE EXTRACOMUNITARIO PER LA RICHIESTA DI CONCESSIONE DELLA CITTADINANZA ITALIANA,"225,301.00","108,847.00","116,454.00","79,221.00","36,826.00","42,395.00","49,765.00","27,576.00","1,188.00",35.16%
,,CONTRATTO DI LAVORO A TUTELE CRESCENTI - DISCIPLINA DEI LICENZIAMENTI ILLEGITTIMI: ABROGAZIONE,"225,301.00","108,847.00","116,454.00","79,175.00","36,782.00","42,393.00","68,172.00","9,110.00","1,210.00",35.14%
,,"ESCLUSIONE DELLA RESPONSABILITA SOLIDALE DI COMMITTENTE, APPALTATORE E SUBAPPALTATORE PER INFORTUNI DEL DIPENDENTE D'IMPRESA APPALTATRICE O SUBAPPALTATRICE, COME CONSEGUENZA DEI RISCHI SPECIFICI PROPRI DELL?ATTIVITA DELLE IMPRESE PREDETTE: ABROGAZIONE","225,301.00","108,847.00","116,454.00","79,233.00","36,828.00","42,405.00","67,383.00","9,906.00","1,254.00",35.17%
,,PICCOLE IMPRESE ? LICENZIAMENTI E RELATIVA INDENNITA: ABROGAZIONE PARZIALE,"225,301.00","108,847.00","116,454.00","79,172.00","36,785.00","42,387.00","67,053.00","10,134.00","1,311.00",35.14%
,PISTOIA Total,,"1,126,505.00","544,235.00","582,270.00","396,001.00","184,022.00","211,979.00","320,432.00","65,770.00","6,365.00",35.15%
,PRATO,"ABROGAZIONE PARZIALE DI NORME IN MATERIA DI APPOSIZIONE DI TERMINE AL CONTRATTO DI LAVORO SUBORDINATO, DURATA MASSIMA E CONDIZIONI PER PROROGHE E RINNOVI","174,146.00","83,681.00","90,465.00","65,221.00","30,465.00","34,756.00","56,316.00","7,476.00","1,008.00",37.45%
,,CITTADINANZA ITALIANA: DIMEZZAMENTO DA 10 A 5 ANNI DEI TEMPI DI RESIDENZA LEGALE IN ITALIA DELLO STRANIERO MAGGIORENNE EXTRACOMUNITARIO PER LA RICHIESTA DI CONCESSIONE DELLA CITTADINANZA ITALIANA,"174,146.00","83,681.00","90,465.00","65,219.00","30,479.00","34,740.00","40,442.00","23,602.00",769.00,37.45%
,,CONTRATTO DI LAVORO A TUTELE CRESCENTI - DISCIPLINA DEI LICENZIAMENTI ILLEGITTIMI: ABROGAZIONE,"174,146.00","83,681.00","90,465.00","65,223.00","30,468.00","34,755.00","56,154.00","7,767.00",875.00,37.45%
,,"ESCLUSIONE DELLA RESPONSABILITA SOLIDALE DI COMMITTENTE, APPALTATORE E SUBAPPALTATORE PER INFORTUNI DEL DIPENDENTE D'IMPRESA APPALTATRICE O SUBAPPALTATRICE, COME CONSEGUENZA DEI RISCHI SPECIFICI PROPRI DELL?ATTIVITA DELLE IMPRESE PREDETTE: ABROGAZIONE","174,146.00","83,681.00","90,465.00","65,267.00","30,494.00","34,773.00","55,723.00","8,232.00",910.00,37.48%
,,PICCOLE IMPRESE ? LICENZIAMENTI E RELATIVA INDENNITA: ABROGAZIONE PARZIALE,"174,146.00","83,681.00","90,465.00","65,210.00","30,462.00","34,748.00","55,367.00","8,546.00",881.00,37.45%
,PRATO Total,,"870,730.00","418,405.00","452,325.00","326,140.00","152,368.00","173,772.00","264,002.00","55,623.00","4,443.00",37.46%
,SIENA,"ABROGAZIONE PARZIALE DI NORME IN MATERIA DI APPOSIZIONE DI TERMINE AL CONTRATTO DI LAVORO SUBORDINATO, DURATA MASSIMA E CONDIZIONI PER PROROGHE E RINNOVI","198,228.00","95,807.00","102,421.00","79,990.00","37,697.00","42,293.00","69,178.00","8,710.00","1,611.00",40.35%
,,CITTADINANZA ITALIANA: DIMEZZAMENTO DA 10 A 5 ANNI DEI TEMPI DI RESIDENZA LEGALE IN ITALIA DELLO STRANIERO MAGGIORENNE EXTRACOMUNITARIO PER LA RICHIESTA DI CONCESSIONE DELLA CITTADINANZA ITALIANA,"198,228.00","95,807.00","102,421.00","79,972.00","37,688.00","42,284.00","51,555.00","26,555.00","1,360.00",40.34%
,,CONTRATTO DI LAVORO A TUTELE CRESCENTI - DISCIPLINA DEI LICENZIAMENTI ILLEGITTIMI: ABROGAZIONE,"198,228.00","95,807.00","102,421.00","79,993.00","37,703.00","42,290.00","69,372.00","8,696.00","1,432.00",40.35%
,,"ESCLUSIONE DELLA RESPONSABILITA SOLIDALE DI COMMITTENTE, APPALTATORE E SUBAPPALTATORE PER INFORTUNI DEL DIPENDENTE D'IMPRESA APPALTATRICE O SUBAPPALTATRICE, COME CONSEGUENZA DEI RISCHI SPECIFICI PROPRI DELL?ATTIVITA DELLE IMPRESE PREDETTE: ABROGAZIONE","198,228.00","95,807.00","102,421.00","80,033.00","37,720.00","42,313.00","68,825.00","9,387.00","1,357.00",40.37%
,,PICCOLE IMPRESE ? LICENZIAMENTI E RELATIVA INDENNITA: ABROGAZIONE PARZIALE,"198,228.00","95,807.00","102,421.00","79,961.00","37,678.00","42,283.00","68,048.00","9,838.00","1,592.00",40.34%
,SIENA Total,,"991,140.00","479,035.00","512,105.00","399,949.00","188,486.00","211,463.00","326,978.00","63,186.00","7,352.00",40.35%
TOSCANA Total,,,"14,017,210.00","6,757,090.00","7,260,120.00","5,479,206.00","2,550,421.00","2,928,785.00","4,536,284.00","827,483.00","82,017.00",39.09%
TRENTINO-ALTO ADIGE,BOLZANO,"ABROGAZIONE PARZIALE DI NORME IN MATERIA DI APPOSIZIONE DI TERMINE AL CONTRATTO DI LAVORO SUBORDINATO, DURATA MASSIMA E CONDIZIONI PER PROROGHE E RINNOVI","396,044.00","195,736.00","200,308.00","62,865.00","29,313.00","33,552.00","47,596.00","12,906.00","2,057.00",15.87%
,,CITTADINANZA ITALIANA: DIMEZZAMENTO DA 10 A 5 ANNI DEI TEMPI DI RESIDENZA LEGALE IN ITALIA DELLO STRANIERO MAGGIORENNE EXTRACOMUNITARIO PER LA RICHIESTA DI CONCESSIONE DELLA CITTADINANZA ITALIANA,"396,044.00","195,736.00","200,308.00","62,863.00","29,322.00","33,541.00","29,468.00","32,068.00","1,045.00",15.87%
,,CONTRATTO DI LAVORO A TUTELE CRESCENTI - DISCIPLINA DEI LICENZIAMENTI ILLEGITTIMI: ABROGAZIONE,"396,044.00","195,736.00","200,308.00","62,862.00","29,308.00","33,554.00","48,004.00","12,775.00","1,799.00",15.87%
,,"ESCLUSIONE DELLA RESPONSABILITA SOLIDALE DI COMMITTENTE, APPALTATORE E SUBAPPALTATORE PER INFORTUNI DEL DIPENDENTE D'IMPRESA APPALTATRICE O SUBAPPALTATRICE, COME CONSEGUENZA DEI RISCHI SPECIFICI PROPRI DELL?ATTIVITA DELLE IMPRESE PREDETTE: ABROGAZIONE","396,044.00","195,736.00","200,308.00","62,878.00","29,317.00","33,561.00","46,709.00","13,929.00","1,935.00",15.88%
,,PICCOLE IMPRESE ? LICENZIAMENTI E RELATIVA INDENNITA: ABROGAZIONE PARZIALE,"396,044.00","195,736.00","200,308.00","62,861.00","29,309.00","33,552.00","46,794.00","13,884.00","1,889.00",15.87%
,BOLZANO Total,,"1,980,220.00","978,680.00","1,001,540.00","314,329.00","146,569.00","167,760.00","218,571.00","85,562.00","8,725.00",15.87%
,TRENTO,"ABROGAZIONE PARZIALE DI NORME IN MATERIA DI APPOSIZIONE DI TERMINE AL CONTRATTO DI LAVORO SUBORDINATO, DURATA MASSIMA E CONDIZIONI PER PROROGHE E RINNOVI","423,115.00","207,733.00","215,382.00","123,140.00","57,065.00","66,075.00","102,458.00","16,953.00","2,979.00",29.10%
,,CITTADINANZA ITALIANA: DIMEZZAMENTO DA 10 A 5 ANNI DEI TEMPI DI RESIDENZA LEGALE IN ITALIA DELLO STRANIERO MAGGIORENNE EXTRACOMUNITARIO PER LA RICHIESTA DI CONCESSIONE DELLA CITTADINANZA ITALIANA,"423,115.00","207,733.00","215,382.00","123,292.00","57,211.00","66,081.00","80,058.00","40,760.00","1,844.00",29.14%
,,CONTRATTO DI LAVORO A TUTELE CRESCENTI - DISCIPLINA DEI LICENZIAMENTI ILLEGITTIMI: ABROGAZIONE,"423,115.00","207,733.00","215,382.00","123,097.00","57,085.00","66,012.00","103,036.00","16,673.00","2,699.00",29.09%
,,"ESCLUSIONE DELLA RESPONSABILITA SOLIDALE DI COMMITTENTE, APPALTATORE E SUBAPPALTATORE PER INFORTUNI DEL DIPENDENTE D'IMPRESA APPALTATRICE O SUBAPPALTATRICE, COME CONSEGUENZA DEI RISCHI SPECIFICI PROPRI DELL?ATTIVITA DELLE IMPRESE PREDETTE: ABROGAZIONE","423,115.00","207,733.00","215,382.00","123,173.00","57,082.00","66,091.00","100,696.00","19,097.00","2,677.00",29.11%
,,PICCOLE IMPRESE ? LICENZIAMENTI E RELATIVA INDENNITA: ABROGAZIONE PARZIALE,"423,115.00","207,733.00","215,382.00","123,108.00","57,093.00","66,015.00","101,190.00","18,380.00","2,826.00",29.10%
,TRENTO Total,,"2,115,575.00","1,038,665.00","1,076,910.00","615,810.00","285,536.00","330,274.00","487,438.00","111,863.00","13,025.00",29.11%
TRENTINO-ALTO ADIGE Total,,,"4,095,795.00","2,017,345.00","2,078,450.00","930,139.00","432,105.00","498,034.00","706,009.00","197,425.00","21,750.00",22.71%
UMBRIA,PERUGIA,"ABROGAZIONE PARZIALE DI NORME IN MATERIA DI APPOSIZIONE DI TERMINE AL CONTRATTO DI LAVORO SUBORDINATO, DURATA MASSIMA E CONDIZIONI PER PROROGHE E RINNOVI","490,801.00","237,667.00","253,134.00","152,954.00","72,009.00","80,945.00","133,536.00","15,417.00","2,896.00",31.16%
,,CITTADINANZA ITALIANA: DIMEZZAMENTO DA 10 A 5 ANNI DEI TEMPI DI RESIDENZA LEGALE IN ITALIA DELLO STRANIERO MAGGIORENNE EXTRACOMUNITARIO PER LA RICHIESTA DI CONCESSIONE DELLA CITTADINANZA ITALIANA,"490,801.00","237,667.00","253,134.00","152,891.00","72,054.00","80,837.00","96,491.00","52,691.00","2,592.00",31.15%
,,CONTRATTO DI LAVORO A TUTELE CRESCENTI - DISCIPLINA DEI LICENZIAMENTI ILLEGITTIMI: ABROGAZIONE,"490,801.00","237,667.00","253,134.00","152,959.00","72,018.00","80,941.00","134,137.00","15,060.00","2,690.00",31.17%
,,"ESCLUSIONE DELLA RESPONSABILITA SOLIDALE DI COMMITTENTE, APPALTATORE E SUBAPPALTATORE PER INFORTUNI DEL DIPENDENTE D'IMPRESA APPALTATRICE O SUBAPPALTATRICE, COME CONSEGUENZA DEI RISCHI SPECIFICI PROPRI DELL?ATTIVITA DELLE IMPRESE PREDETTE: ABROGAZIONE","490,801.00","237,667.00","253,134.00","153,023.00","72,141.00","80,882.00","131,270.00","18,074.00","2,624.00",31.18%
,,PICCOLE IMPRESE ? LICENZIAMENTI E RELATIVA INDENNITA: ABROGAZIONE PARZIALE,"490,801.00","237,667.00","253,134.00","152,937.00","72,021.00","80,916.00","131,667.00","17,442.00","2,762.00",31.16%
,PERUGIA Total,,"2,454,005.00","1,188,335.00","1,265,670.00","764,764.00","360,243.00","404,521.00","627,101.00","118,684.00","13,564.00",31.16%
,TERNI,"ABROGAZIONE PARZIALE DI NORME IN MATERIA DI APPOSIZIONE DI TERMINE AL CONTRATTO DI LAVORO SUBORDINATO, DURATA MASSIMA E CONDIZIONI PER PROROGHE E RINNOVI","168,364.00","81,182.00","87,182.00","52,790.00","24,900.00","27,890.00","46,507.00","5,024.00",912.00,31.35%
,,CITTADINANZA ITALIANA: DIMEZZAMENTO DA 10 A 5 ANNI DEI TEMPI DI RESIDENZA LEGALE IN ITALIA DELLO STRANIERO MAGGIORENNE EXTRACOMUNITARIO PER LA RICHIESTA DI CONCESSIONE DELLA CITTADINANZA ITALIANA,"168,364.00","81,182.00","87,182.00","52,670.00","24,836.00","27,834.00","33,074.00","18,281.00",920.00,31.28%
,,CONTRATTO DI LAVORO A TUTELE CRESCENTI - DISCIPLINA DEI LICENZIAMENTI ILLEGITTIMI: ABROGAZIONE,"168,364.00","81,182.00","87,182.00","52,797.00","24,908.00","27,889.00","46,724.00","4,902.00",814.00,31.36%
,,"ESCLUSIONE DELLA RESPONSABILITA SOLIDALE DI COMMITTENTE, APPALTATORE E SUBAPPALTATORE PER INFORTUNI DEL DIPENDENTE D'IMPRESA APPALTATRICE O SUBAPPALTATRICE, COME CONSEGUENZA DEI RISCHI SPECIFICI PROPRI DELL?ATTIVITA DELLE IMPRESE PREDETTE: ABROGAZIONE","168,364.00","81,182.00","87,182.00","52,805.00","24,915.00","27,890.00","45,787.00","5,823.00",832.00,31.36%
,,PICCOLE IMPRESE ? LICENZIAMENTI E RELATIVA INDENNITA: ABROGAZIONE PARZIALE,"168,364.00","81,182.00","87,182.00","52,782.00","24,897.00","27,885.00","45,944.00","5,642.00",849.00,31.35%
,TERNI Total,,"841,820.00","405,910.00","435,910.00","263,844.00","124,456.00","139,388.00","218,036.00","39,672.00","4,327.00",31.34%
UMBRIA Total,,,"3,295,825.00","1,594,245.00","1,701,580.00","1,028,608.00","484,699.00","543,909.00","845,137.00","158,356.00","17,891.00",31.21%
VALLE D'AOSTA,AOSTA,"ABROGAZIONE PARZIALE DI NORME IN MATERIA DI APPOSIZIONE DI TERMINE AL CONTRATTO DI LAVORO SUBORDINATO, DURATA MASSIMA E CONDIZIONI PER PROROGHE E RINNOVI","97,805.00","47,846.00","49,959.00","28,368.00","12,966.00","15,402.00","23,007.00","4,008.00",979.00,29.00%
,,CITTADINANZA ITALIANA: DIMEZZAMENTO DA 10 A 5 ANNI DEI TEMPI DI RESIDENZA LEGALE IN ITALIA DELLO STRANIERO MAGGIORENNE EXTRACOMUNITARIO PER LA RICHIESTA DI CONCESSIONE DELLA CITTADINANZA ITALIANA,"97,805.00","47,846.00","49,959.00","28,391.00","12,980.00","15,411.00","17,653.00","9,829.00",618.00,29.03%
,,CONTRATTO DI LAVORO A TUTELE CRESCENTI - DISCIPLINA DEI LICENZIAMENTI ILLEGITTIMI: ABROGAZIONE,"97,805.00","47,846.00","49,959.00","28,380.00","12,974.00","15,406.00","23,185.00","3,999.00",831.00,29.02%
,,"ESCLUSIONE DELLA RESPONSABILITA SOLIDALE DI COMMITTENTE, APPALTATORE E SUBAPPALTATORE PER INFORTUNI DEL DIPENDENTE D'IMPRESA APPALTATRICE O SUBAPPALTATRICE, COME CONSEGUENZA DEI RISCHI SPECIFICI PROPRI DELL?ATTIVITA DELLE IMPRESE PREDETTE: ABROGAZIONE","97,805.00","47,846.00","49,959.00","28,355.00","12,967.00","15,388.00","22,044.00","5,047.00",842.00,28.99%
,,PICCOLE IMPRESE ? LICENZIAMENTI E RELATIVA INDENNITA: ABROGAZIONE PARZIALE,"97,805.00","47,846.00","49,959.00","28,367.00","12,969.00","15,398.00","22,608.00","4,505.00",864.00,29.00%
,AOSTA Total,,"489,025.00","239,230.00","249,795.00","141,861.00","64,856.00","77,005.00","108,497.00","27,388.00","4,134.00",29.01%
VALLE D'AOSTA Total,,,"489,025.00","239,230.00","249,795.00","141,861.00","64,856.00","77,005.00","108,497.00","27,388.00","4,134.00",29.01%
VENETO,BELLUNO,"ABROGAZIONE PARZIALE DI NORME IN MATERIA DI APPOSIZIONE DI TERMINE AL CONTRATTO DI LAVORO SUBORDINATO, DURATA MASSIMA E CONDIZIONI PER PROROGHE E RINNOVI","160,709.00","78,600.00","82,109.00","39,675.00","18,311.00","21,364.00","31,855.00","6,384.00","1,074.00",24.69%
,,CITTADINANZA ITALIANA: DIMEZZAMENTO DA 10 A 5 ANNI DEI TEMPI DI RESIDENZA LEGALE IN ITALIA DELLO STRANIERO MAGGIORENNE EXTRACOMUNITARIO PER LA RICHIESTA DI CONCESSIONE DELLA CITTADINANZA ITALIANA,"160,709.00","78,600.00","82,109.00","39,782.00","18,376.00","21,406.00","24,599.00","14,272.00",613.00,24.75%
,,CONTRATTO DI LAVORO A TUTELE CRESCENTI - DISCIPLINA DEI LICENZIAMENTI ILLEGITTIMI: ABROGAZIONE,"160,709.00","78,600.00","82,109.00","39,673.00","18,305.00","21,368.00","32,071.00","6,313.00",932.00,24.69%
,,"ESCLUSIONE DELLA RESPONSABILITA SOLIDALE DI COMMITTENTE, APPALTATORE E SUBAPPALTATORE PER INFORTUNI DEL DIPENDENTE D'IMPRESA APPALTATRICE O SUBAPPALTATRICE, COME CONSEGUENZA DEI RISCHI SPECIFICI PROPRI DELL?ATTIVITA DELLE IMPRESE PREDETTE: ABROGAZIONE","160,709.00","78,600.00","82,109.00","39,717.00","18,343.00","21,374.00","31,258.00","7,206.00",912.00,24.71%
,,PICCOLE IMPRESE ? LICENZIAMENTI E RELATIVA INDENNITA: ABROGAZIONE PARZIALE,"160,709.00","78,600.00","82,109.00","39,652.00","18,297.00","21,355.00","31,127.00","7,205.00",985.00,24.67%
,BELLUNO Total,,"803,545.00","393,000.00","410,545.00","198,499.00","91,632.00","106,867.00","150,910.00","41,380.00","4,516.00",24.70%
,PADOVA,"ABROGAZIONE PARZIALE DI NORME IN MATERIA DI APPOSIZIONE DI TERMINE AL CONTRATTO DI LAVORO SUBORDINATO, DURATA MASSIMA E CONDIZIONI PER PROROGHE E RINNOVI","723,029.00","352,370.00","370,659.00","207,752.00","96,790.00","110,962.00","171,285.00","30,529.00","4,579.00",28.73%
,,CITTADINANZA ITALIANA: DIMEZZAMENTO DA 10 A 5 ANNI DEI TEMPI DI RESIDENZA LEGALE IN ITALIA DELLO STRANIERO MAGGIORENNE EXTRACOMUNITARIO PER LA RICHIESTA DI CONCESSIONE DELLA CITTADINANZA ITALIANA,"723,029.00","352,370.00","370,659.00","207,968.00","96,933.00","111,035.00","129,318.00","74,509.00","2,936.00",28.76%
,,CONTRATTO DI LAVORO A TUTELE CRESCENTI - DISCIPLINA DEI LICENZIAMENTI ILLEGITTIMI: ABROGAZIONE,"723,029.00","352,370.00","370,659.00","207,713.00","96,768.00","110,945.00","170,804.00","31,495.00","4,070.00",28.73%
,,"ESCLUSIONE DELLA RESPONSABILITA SOLIDALE DI COMMITTENTE, APPALTATORE E SUBAPPALTATORE PER INFORTUNI DEL DIPENDENTE D'IMPRESA APPALTATRICE O SUBAPPALTATRICE, COME CONSEGUENZA DEI RISCHI SPECIFICI PROPRI DELL?ATTIVITA DELLE IMPRESE PREDETTE: ABROGAZIONE","723,029.00","352,370.00","370,659.00","207,819.00","96,850.00","110,969.00","167,664.00","34,746.00","4,087.00",28.74%
,,PICCOLE IMPRESE ? LICENZIAMENTI E RELATIVA INDENNITA: ABROGAZIONE PARZIALE,"723,029.00","352,370.00","370,659.00","207,668.00","96,736.00","110,932.00","167,868.00","34,168.00","4,295.00",28.72%
,PADOVA Total,,"3,615,145.00","1,761,850.00","1,853,295.00","1,038,920.00","484,077.00","554,843.00","806,939.00","205,447.00","19,967.00",28.74%
,ROVIGO,"ABROGAZIONE PARZIALE DI NORME IN MATERIA DI APPOSIZIONE DI TERMINE AL CONTRATTO DI LAVORO SUBORDINATO, DURATA MASSIMA E CONDIZIONI PER PROROGHE E RINNOVI","180,896.00","88,414.00","92,482.00","45,247.00","21,575.00","23,672.00","37,777.00","6,122.00","1,013.00",25.01%
,,CITTADINANZA ITALIANA: DIMEZZAMENTO DA 10 A 5 ANNI DEI TEMPI DI RESIDENZA LEGALE IN ITALIA DELLO STRANIERO MAGGIORENNE EXTRACOMUNITARIO PER LA RICHIESTA DI CONCESSIONE DELLA CITTADINANZA ITALIANA,"180,896.00","88,414.00","92,482.00","45,162.00","21,525.00","23,637.00","24,760.00","19,243.00",819.00,24.97%
,,CONTRATTO DI LAVORO A TUTELE CRESCENTI - DISCIPLINA DEI LICENZIAMENTI ILLEGITTIMI: ABROGAZIONE,"180,896.00","88,414.00","92,482.00","45,247.00","21,574.00","23,673.00","37,947.00","6,109.00",864.00,25.01%
,,"ESCLUSIONE DELLA RESPONSABILITA SOLIDALE DI COMMITTENTE, APPALTATORE E SUBAPPALTATORE PER INFORTUNI DEL DIPENDENTE D'IMPRESA APPALTATRICE O SUBAPPALTATRICE, COME CONSEGUENZA DEI RISCHI SPECIFICI PROPRI DELL?ATTIVITA DELLE IMPRESE PREDETTE: ABROGAZIONE","180,896.00","88,414.00","92,482.00","45,242.00","21,572.00","23,670.00","36,984.00","7,026.00",894.00,25.01%
,,PICCOLE IMPRESE ? LICENZIAMENTI E RELATIVA INDENNITA: ABROGAZIONE PARZIALE,"180,896.00","88,414.00","92,482.00","45,244.00","21,572.00","23,672.00","37,285.00","6,698.00",922.00,25.01%
,ROVIGO Total,,"904,480.00","442,070.00","462,410.00","226,142.00","107,818.00","118,324.00","174,753.00","45,198.00","4,512.00",25.00%
,TREVISO,"ABROGAZIONE PARZIALE DI NORME IN MATERIA DI APPOSIZIONE DI TERMINE AL CONTRATTO DI LAVORO SUBORDINATO, DURATA MASSIMA E CONDIZIONI PER PROROGHE E RINNOVI","675,209.00","331,742.00","343,467.00","167,323.00","77,950.00","89,373.00","135,201.00","26,950.00","3,844.00",24.78%
,,CITTADINANZA ITALIANA: DIMEZZAMENTO DA 10 A 5 ANNI DEI TEMPI DI RESIDENZA LEGALE IN ITALIA DELLO STRANIERO MAGGIORENNE EXTRACOMUNITARIO PER LA RICHIESTA DI CONCESSIONE DELLA CITTADINANZA ITALIANA,"675,209.00","331,742.00","343,467.00","167,480.00","78,070.00","89,410.00","98,885.00","64,964.00","2,485.00",24.80%
,,CONTRATTO DI LAVORO A TUTELE CRESCENTI - DISCIPLINA DEI LICENZIAMENTI ILLEGITTIMI: ABROGAZIONE,"675,209.00","331,742.00","343,467.00","167,258.00","77,905.00","89,353.00","134,679.00","27,857.00","3,428.00",24.77%
,,"ESCLUSIONE DELLA RESPONSABILITA SOLIDALE DI COMMITTENTE, APPALTATORE E SUBAPPALTATORE PER INFORTUNI DEL DIPENDENTE D'IMPRESA APPALTATRICE O SUBAPPALTATRICE, COME CONSEGUENZA DEI RISCHI SPECIFICI PROPRI DELL?ATTIVITA DELLE IMPRESE PREDETTE: ABROGAZIONE","675,209.00","331,742.00","343,467.00","167,389.00","78,014.00","89,375.00","131,497.00","31,283.00","3,343.00",24.79%
,,PICCOLE IMPRESE ? LICENZIAMENTI E RELATIVA INDENNITA: ABROGAZIONE PARZIALE,"675,209.00","331,742.00","343,467.00","167,228.00","77,888.00","89,340.00","131,843.00","30,488.00","3,633.00",24.77%
,TREVISO Total,,"3,376,045.00","1,658,710.00","1,717,335.00","836,678.00","389,827.00","446,851.00","632,105.00","181,542.00","16,733.00",24.78%
,VENEZIA,"ABROGAZIONE PARZIALE DI NORME IN MATERIA DI APPOSIZIONE DI TERMINE AL CONTRATTO DI LAVORO SUBORDINATO, DURATA MASSIMA E CONDIZIONI PER PROROGHE E RINNOVI","648,766.00","313,988.00","334,778.00","184,043.00","85,595.00","98,448.00","155,390.00","23,988.00","3,311.00",28.37%
,,CITTADINANZA ITALIANA: DIMEZZAMENTO DA 10 A 5 ANNI DEI TEMPI DI RESIDENZA LEGALE IN ITALIA DELLO STRANIERO MAGGIORENNE EXTRACOMUNITARIO PER LA RICHIESTA DI CONCESSIONE DELLA CITTADINANZA ITALIANA,"648,766.00","313,988.00","334,778.00","183,961.00","85,600.00","98,361.00","109,919.00","70,264.00","2,524.00",28.36%
,,CONTRATTO DI LAVORO A TUTELE CRESCENTI - DISCIPLINA DEI LICENZIAMENTI ILLEGITTIMI: ABROGAZIONE,"648,766.00","313,988.00","334,778.00","184,046.00","85,600.00","98,446.00","155,778.00","24,075.00","2,878.00",28.37%
,,"ESCLUSIONE DELLA RESPONSABILITA SOLIDALE DI COMMITTENTE, APPALTATORE E SUBAPPALTATORE PER INFORTUNI DEL DIPENDENTE D'IMPRESA APPALTATRICE O SUBAPPALTATRICE, COME CONSEGUENZA DEI RISCHI SPECIFICI PROPRI DELL?ATTIVITA DELLE IMPRESE PREDETTE: ABROGAZIONE","648,766.00","313,988.00","334,778.00","184,153.00","85,659.00","98,494.00","152,425.00","27,544.00","2,883.00",28.39%
,,PICCOLE IMPRESE ? LICENZIAMENTI E RELATIVA INDENNITA: ABROGAZIONE PARZIALE,"648,766.00","313,988.00","334,778.00","184,024.00","85,584.00","98,440.00","153,021.00","26,601.00","3,114.00",28.37%
,VENEZIA Total,,"3,243,830.00","1,569,940.00","1,673,890.00","920,227.00","428,038.00","492,189.00","726,533.00","172,472.00","14,710.00",28.37%
,VERONA,"ABROGAZIONE PARZIALE DI NORME IN MATERIA DI APPOSIZIONE DI TERMINE AL CONTRATTO DI LAVORO SUBORDINATO, DURATA MASSIMA E CONDIZIONI PER PROROGHE E RINNOVI","699,505.00","341,725.00","357,780.00","170,390.00","78,573.00","91,817.00","140,619.00","24,899.00","3,741.00",24.36%
,,CITTADINANZA ITALIANA: DIMEZZAMENTO DA 10 A 5 ANNI DEI TEMPI DI RESIDENZA LEGALE IN ITALIA DELLO STRANIERO MAGGIORENNE EXTRACOMUNITARIO PER LA RICHIESTA DI CONCESSIONE DELLA CITTADINANZA ITALIANA,"699,505.00","341,725.00","357,780.00","170,549.00","78,640.00","91,909.00","104,185.00","63,078.00","2,314.00",24.38%
,,CONTRATTO DI LAVORO A TUTELE CRESCENTI - DISCIPLINA DEI LICENZIAMENTI ILLEGITTIMI: ABROGAZIONE,"699,505.00","341,725.00","357,780.00","170,339.00","78,551.00","91,788.00","140,496.00","25,479.00","3,247.00",24.35%
,,"ESCLUSIONE DELLA RESPONSABILITA SOLIDALE DI COMMITTENTE, APPALTATORE E SUBAPPALTATORE PER INFORTUNI DEL DIPENDENTE D'IMPRESA APPALTATRICE O SUBAPPALTATRICE, COME CONSEGUENZA DEI RISCHI SPECIFICI PROPRI DELL?ATTIVITA DELLE IMPRESE PREDETTE: ABROGAZIONE","699,505.00","341,725.00","357,780.00","170,478.00","78,632.00","91,846.00","137,603.00","28,431.00","3,321.00",24.37%
,,PICCOLE IMPRESE ? LICENZIAMENTI E RELATIVA INDENNITA: ABROGAZIONE PARZIALE,"699,505.00","341,725.00","357,780.00","170,296.00","78,527.00","91,769.00","137,677.00","28,018.00","3,500.00",24.35%
,VERONA Total,,"3,497,525.00","1,708,625.00","1,788,900.00","852,052.00","392,923.00","459,129.00","660,580.00","169,905.00","16,123.00",24.36%
,VICENZA,"ABROGAZIONE PARZIALE DI NORME IN MATERIA DI APPOSIZIONE DI TERMINE AL CONTRATTO DI LAVORO SUBORDINATO, DURATA MASSIMA E CONDIZIONI PER PROROGHE E RINNOVI","662,711.00","326,735.00","335,976.00","168,943.00","79,040.00","89,903.00","138,368.00","25,269.00","4,131.00",25.49%
,,CITTADINANZA ITALIANA: DIMEZZAMENTO DA 10 A 5 ANNI DEI TEMPI DI RESIDENZA LEGALE IN ITALIA DELLO STRANIERO MAGGIORENNE EXTRACOMUNITARIO PER LA RICHIESTA DI CONCESSIONE DELLA CITTADINANZA ITALIANA,"662,711.00","326,735.00","335,976.00","169,259.00","79,244.00","90,015.00","105,446.00","60,271.00","2,512.00",25.54%
,,CONTRATTO DI LAVORO A TUTELE CRESCENTI - DISCIPLINA DEI LICENZIAMENTI ILLEGITTIMI: ABROGAZIONE,"662,711.00","326,735.00","335,976.00","168,876.00","79,007.00","89,869.00","137,661.00","26,460.00","3,604.00",25.48%
,,"ESCLUSIONE DELLA RESPONSABILITA SOLIDALE DI COMMITTENTE, APPALTATORE E SUBAPPALTATORE PER INFORTUNI DEL DIPENDENTE D'IMPRESA APPALTATRICE O SUBAPPALTATRICE, COME CONSEGUENZA DEI RISCHI SPECIFICI PROPRI DELL?ATTIVITA DELLE IMPRESE PREDETTE: ABROGAZIONE","662,711.00","326,735.00","335,976.00","169,017.00","79,102.00","89,915.00","135,384.00","29,014.00","3,485.00",25.50%
,,PICCOLE IMPRESE ? LICENZIAMENTI E RELATIVA INDENNITA: ABROGAZIONE PARZIALE,"662,711.00","326,735.00","335,976.00","168,871.00","79,003.00","89,868.00","135,310.00","28,654.00","3,789.00",25.48%
,VICENZA Total,,"3,313,555.00","1,633,675.00","1,679,880.00","844,966.00","395,396.00","449,570.00","652,169.00","169,668.00","17,521.00",25.50%
VENETO Total,,,"18,754,125.00","9,167,870.00","9,586,255.00","4,917,484.00","2,289,711.00","2,627,773.00","3,803,989.00","985,612.00","94,082.00",26.22%
Grand Total,,,"229,989,705.00","111,231,040.00","118,758,665.00","70,345,423.00","32,754,933.00","37,590,490.00","57,541,885.00","11,205,358.00","1,132,234.00",30.59%